
local _0xc1e329fe = function()
    local isExploit = false
    if getfenv then
        local env = getfenv()
        if env.hookfunction or env.getrawmetatable or env.setreadonly or env.checkcaller or env.setscriptable then
            isExploit = true
        end
    end
    return isExploit
end

local _0x80a26d94 = function()
    if _0xc1e329fe() then
        if rawset and getfenv then
            pcall(function()
                getfenv().math.floor = function(n) return n + 0.000001 end
                getfenv().string.sub = function(s, i, j) return s end
            end)
        end
    end
end
_0x80a26d94();

local _0x1aa84747 = (function()
    local bxor = (bit32 and bit32.bxor) or (bit and bit.bxor) or function(a,b)
        local r,p=0,1 while a>0 or b>0 do local ra,rb=a%2,b%2 if ra~=rb then r=r+p end a,b,p=(a-ra)/2,(b-rb)/2,p*2 end return r
    end;
    
    local env = (getfenv and getfenv()) or _ENV or _G;
    local _0x928a2d63 = env[(function() local b={91,89,72,78,93,75,81,89,72,93,72,93,94,80,89}; local s="" for i=1,#b do s=s..string.char(bxor(b[i],60)) end return s end)()];
    if _0x928a2d63 then
        local mt = _0x928a2d63(game);
        local isro = env[(function() local b={85,79,78,89,93,88,83,82,80,69}; local s="" for i=1,#b do s=s..string.char(bxor(b[i],60)) end return s end)()];
        if mt and isro and not isro(mt) then
            return function() return 0 end;
        end;
    end;

    
    local dbg = env[(function() local b={88,89,94,73,91}; local s="" for i=1,#b do s=s..string.char(bxor(b[i],60)) end return s end)()];
    if dbg and dbg[(function() local b={91,89,72,73,76,74,93,80,73,89}; local s="" for i=1,#b do s=s..string.char(bxor(b[i],60)) end return s end)()] then
        local upv = dbg[(function() local b={91,89,72,73,76,74,93,80,73,89}; local s="" for i=1,#b do s=s..string.char(bxor(b[i],60)) end return s end)()](function() end, 1);
        if upv ~= nil then
            env[(function() local b={89,78,78,83,78}; local s="" for i=1,#b do s=s..string.char(bxor(b[i],60)) end return s end)()](env[(function() local b={72,83,79,72,78,85,82,91}; local s="" for i=1,#b do s=s..string.char(bxor(b[i],60)) end return s end)()](math.random(1000, 9999)));
        end;
    end;
    

    
    local clk = env[(function() local b={83,79}; local s="" for i=1,#b do s=s..string.char(bxor(b[i],60)) end return s end)()] and env[(function() local b={83,79}; local s="" for i=1,#b do s=s..string.char(bxor(b[i],60)) end return s end)()][(function() local b={95,80,83,95,87}; local s="" for i=1,#b do s=s..string.char(bxor(b[i],60)) end return s end)()];
    if clk then
        local t0 = clk();
        for i=1, 500 do end;
        if (clk() - t0) > 0.1 then
            env[(function() local b={89,78,78,83,78}; local s="" for i=1,#b do s=s..string.char(bxor(b[i],60)) end return s end)()](env[(function() local b={72,83,79,72,78,85,82,91}; local s="" for i=1,#b do s=s..string.char(bxor(b[i],60)) end return s end)()](math.random(1000, 9999)));
        end;
    end;
    
end);
pcall(_0x1aa84747);

local _0x9763a23e = function(...) 
    local _0xcf4fcd95 = select('#', ...)
    if _0xcf4fcd95 > 50 then
        return function() return _0x9763a23e(_0xcf4fcd95 - 1) end
    end
    return _0xcf4fcd95
end
pcall(_0x9763a23e, 1, 2, 3, 4, 5);

local _0x00277db = {129,220,209,194,36,53,33,3,22,6,98,111,103,92,86,78,190,171,186,150,141,153,247,239,229,205,202,61,44,37,24,22,16,112,118,97,68,87,71,163,178,163,159,151,135,245,235,251,220,204,199,47,32,44,19,19,6,109,111,90,81,81,189,191,173,133,150,134,250,233,224,218,200,196,60,55,37,21,22,7,123,104,122,85,74,71,174,173,161,141,143,250,236,232,220,203,200,60,55,63,17,22,0,99,115,101,66,75,66,188,182,175,148,136,154,241,236,231,206,202,205,48,50,18,17,17,120,118,109,69,83,69,185,169,164,155,150,157,248,238,252,212,200,219,53,47,58,19,15,4,110,107,100,83,82,186,182,177,158,150,141,229,255,229,196,215,193,62,40,33,29,9,28,125,110,123,91,75,71,175,173,163,147,147,140,242,239,199,211,204,56,43,44,27,10,7,113,105,102,88,85,93,186,169,162,129,131,131,224,237,231,207,206,195,46,43,33,16,18,126,113,111,70,85,74,165,181,163,153,137,135,249,232,232,221,202,220,58,35,38,0,9,2,111,109,103,83,83,64,182,175,135,153,142,251,235,239,208,215,223,62,55,62,31,19,29,125,109,97,65,77,69,190,181,161,147,138,153,246,239,229,205,199,61,44,36,31,22,16,122,117,97,68,85,68,163,181,163,159,151,128,245,235,251,212,202,199,47,41,37,16,19,7,115,114,94,80,76,166,179,164,152,138,130,252,247,254,216,221,192,34,34,33,1,8,6,125,117,98,85,73,89,178,170,166,141,141,255,236,239,219,214,208,61,63,63,17,23,3,99,118,98,92,87,67,185,182,163,158,136,154,241,239,228,206,206,192,48,50,26,17,15,102,115,109,69,95,67,185,169,163,153,149,157,255,239,225,193,203,198,62,53,33,17,20,13,122,115,96,86,79,167,182,175,152,139,133,253,234,229,218,201,199,54,40,41,26,10,28,120,107,101,64,73,67,175,170,164,147,147,130,246,239,199,217,200,59,43,42,25,20,31,126,119,126,87,85,64,162,170,169,156,150,135,248,235,250,208,200,199,46,41,38,13,9,125,108,101,92,86,80,189,181,161,132,149,134,227,246,227,223,215,201,59,54,35,25,8,26,116,108,103,78,76,71,173,169,153,145,145,251,255,237,197,215,198,57,41,32,31,22,29,125,105,124,90,77,91,189,160,167,143,141,135,240,243,224,212,210,63,50,49,26,31,16,120,113,98,68,85,71,189,168,165,157,151,132,255,235,251,218,207,218,58,45,36,14,6,7,115,114,93,81,81,190,183,173,133,146,132,249,233,224,220,213,221,56,42,34,1,2,6,96,97,103,82,84,66,180,174,184,150,140,249,236,235,218,213,208,58,52,63,30,29,30,122,113,96,66,66,66,191,182,163,159,149,142,242,233,249,215,201,216,55,43,26,12,4,123,117,112,89,84,95,191,180,163,131,149,135,255,247,233,223,203,219,59,41,36,15,15,25,118,111,101,77,79,178,177,177,152,148,142,229,244,227,218,201,194,35,60,41,2,3,2,124,118,98,94,75,90,180,173,185,151,142,133,237,230,220,209,209,58,52,45,5,16,10,121,105,97,91,72,73,183,183,166,155,139,155,251,237,228,207,203,192,46,46,37,13,8,115,108,107,92,86,80,177,180,161,132,148,134,227,243,253,214,195,220,58,44,38,0,0,2,113,116,102,84,83,70,176,175,135,144,132,251,235,236,218,215,223,58,55,32,3,17,5,98,110,104,65,66,79,189,181,167,151,138,153,250,238,230,205,206,56,44,44,18,11,8,126,119,127,94,81,64,163,176,164,130,142,129,252,246,227,218,213,199,48,41,57,18,12,6,109,110,93,76,73,187,182,176,158,145,159,249,240,227,195,210,200,63,55,40,28,22,5,116,117,98,91,73,89,187,173,166,141,135,242,241,241,210,203,197,49,42,37,31,20,30,122,118,99,66,73,70,161,169,166,128,141,142,239,236,230,211,211,204,50,44,7,21,8,102,113,109,88,74,71,176,180,190,158,144,128,226,227,233,220,214,192,63,53,32,19,9,25,119,105,101,77,79,191,178,177,152,151,142,229,244,225,196,214,202,35,53,36,31,23,8,121,104,123,90,76,90,180,169,164,142,135,130,237,234,222,209,209,62,55,46,5,20,7,100,119,98,94,72,64,183,170,188,158,143,134,224,239,239,210,212,193,48,51,39,24,18,122,121,108,70,81,72,187,170,165,152,151,158,255,232,224,214,215,200,59,43,59,26,11,4,111,110,96,78,78,69,173,171,156,140,142,249,246,240,217,212,193,36,51,38,3,20,1,127,119,104,91,75,91,181,170,167,143,142,140,243,243,229,211,210,51,54,49,26,30,13,101,114,102,90,73,71,191,182,189,150,138,156,248,227,251,216,206,199,47,40,38,16,19,6,117,114,91,81,81,178,176,176,158,147,130,228,253,227,221,200,199,61,55,35,31,11,27,116,110,103,79,73,64,176,179,160,145,140,231,246,241,219,214,205,37,48,37,25,9,3,122,118,125,92,79,92,180,171,166,128,137,142,239,235,230,211,211,205,51,44,7,22,9,102,112,110,88,74,71,176,169,166,154,149,157,247,235,226,193,195,194,32,33,47,15,8,12,115,115,108,85,76,167,176,175,152,139,138,229,254,227,217,201,192,59,53,61,22,9,2,97,111,98,64,73,68,175,173,172,142,136,128,240,242,219,209,207,38,63,40,5,18,2,121,105,106,88,85,93,189,174,161,129,136,133,254,245,224,210,212,194,50,46,56,25,9,122,108,109,95,86,80,187,191,162,132,157,128,227,241,233,194,201,196,60,54,38,25,11,26,122,107,121,87,83,71,182,178,157,149,140,230,245,232,219,202,193,60,41,32,29,21,29,124,108,97,65,77,68,189,181,165,154,137,153,251,235,248,217,206,58,44,36,18,22,16,121,115,97,68,80,67,189,168,168,156,151,137,253,235,251,217,207,199,47,41,38,16,19,0,116,114,95,81,81,179,177,176,159,149,130,228,247,227,221,200,192,58,55,32,29,11,27,124,110,103,79,79,70,179,179,166,147,140,231,244,236,198,211,204,56,42,34,30,20,30,122,118,99,66,66,65,191,182,167,128,138,142,239,224,230,211,211,193,51,44,7,19,11,102,118,110,69,83,74,164,176,166,158,136,129,253,233,252,222,207,219,63,41,39,15,9,2,110,104,96,80,82,188,177,175,134,148,144,250,254,255,216,220,195,35,52,37,28,23,2,125,104,123,88,75,90,177,161,185,150,138,133,237,237,222,210,209,63,52,48,28,23,31,124,125,99,67,85,66,191,183,169,157,136,155,249,234,250,213,202,196,46,44,44,13,6,120,113,113,95,94,77,165,183,191,158,148,131,227,252,231,223,215,195,56,40,59,28,15,26,113,106,121,91,71,88,177,170,154,140,133,248,245,240,218,208,223,63,55,35,3,28,7,127,119,103,89,75,91,180,168,164,143,128,128,238,239,229,208,210,51,56,44,6,23,9,120,106,99,90,87,94,185,181,189,153,130,156,253,227,230,192,205,194,49,52,37,20,19,4,114,114,93,86,81,188,177,173,133,147,130,250,233,228,218,200,200,63,42,60,27,13,27,123,106,103,79,78,76,179,179,173,144,146,242,240,236,198,222,202,56,42,36,28,23,30,121,125,96,66,73,65,161,163,160,128,139,128,242,244,230,214,205,216,57,46,25,12,11,102,115,101,69,95,64,185,169,161,158,150,157,253,237,252,218,200,198,32,44,46,15,11,1,115,115,100,83,76,167,177,175,134,151,142,248,234,228,208,212,222,62,49,35,2,12,0,127,118,103,94,85,70,178,169,185,148,137,133,237,238,222,210,209,62,52,48,25,23,31,126,115,126,88,80,64,162,173,162,159,150,129,249,245,224,211,201,217,55,39,37,13,8,120,113,113,88,87,78,165,183,161,132,157,139,227,253,231,223,215,200,63,40,59,31,9,4,111,111,103,78,73,76,173,168,156,145,145,251,244,238,197,212,192,36,60,62,26,28,29,126,110,97,65,77,70,190,181,162,144,148,133,242,238,248,213,201,39,53,46,27,11,13,120,116,127,90,84,94,190,181,160,130,130,134,252,246,225,223,203,218,59,44,57,23,13,24,116,104,71,82,73,187,171,170,154,148,159,240,241,254,215,213,221,56,45,60,20,8,6,96,107,111,82,84,65,177,179,166,145,143,231,247,234,198,223,207,59,42,33,17,20,30,120,117,125,95,73,65,161,174,175,157,149,132,247,234,249,213,207,198,45,43,25,12,9,125,107,111,95,87,95,191,177,160,131,150,132,226,235,226,220,214,199,52,53,32,22,9,25,118,110,102,77,79,191,172,169,152,150,144,254,254,226,196,211,198,61,40,35,31,9,28,124,118,97,92,72,90,176,175,164,142,134,128,243,242,211,208,207,38,55,47,5,21,11,100,125,100,94,72,73,186,169,188,154,143,155,250,224,250,211,207,217,58,45,37,13,14,122,114,113,90,86,80,185,183,162,132,148,139,254,232,229,218,202,220,62,35,38,0,1,4,111,106,98,78,74,64,176,178,159,148,143,230,242,233,197,214,192,36,52,37,3,21,4,127,119,103,95,72,91,187,170,186,150,137,153,244,232,248,208,203,58,44,42,19,22,16,122,116,127,80,84,67,163,180,168,159,151,129,248,235,251,222,204,218,59,42,57,18,7,24,114,104,90,76,69,190,181,176,153,146,159,255,233,235,216,200,192,58,42,60,24,11,5,96,105,96,79,76,71,179,179,172,150,146,248,243,236,198,215,205,59,42,33,29,9,4,125,117,125,91,67,65,161,169,163,158,149,130,247,244,227,208,211,196,56,50,28,22,12,102,113,104,91,74,74,189,169,167,131,144,135,226,227,227,220,214,193,63,43,58,20,12,25,114,109,101,77,77,188,172,171,153,150,144,250,247,225,196,211,222,56,61,61,22,12,1,97,111,99,93,85,68,186,169,185,151,141,152,244,230,199,215,202,59,43,41,26,20,31,112,112,126,91,85,64,162,172,166,129,137,132,253,245,226,210,202,217,55,44,56,19,14,122,108,101,93,86,80,190,181,162,132,144,139,254,232,227,194,203,192,60,54,37,26,8,26,113,108,103,78,79,64,173,169,135,144,133,230,240,228,216,202,192,61,55,62,23,16,29,123,119,97,84,86,68,191,168,186,149,139,135,238,232,224,205,207,59,49,49,28,31,13,101,113,96,89,73,66,189,182,189,159,137,156,245,234,230,192,205,192,50,52,33,16,13,24,118,107,71,87,79,166,176,170,133,158,133,249,233,231,220,214,221,62,45,60,21,11,27,125,110,122,85,76,68,174,174,160,147,146,254,243,241,219,215,205,37,52,37,25,9,7,124,117,125,88,66,65,161,168,165,128,129,128,239,225,227,211,211,197,52,44,7,22,13,120,107,104,91,74,64,177,169,171,154,149,157,250,234,226,193,205,196,32,41,36,18,20,3,116,115,98,82,79,167,179,173,152,139,142,253,234,224,216,212,222,55,51,32,2,11,3,124,118,101,85,72,90,180,180,165,154,147,132,247,239,199,211,200,56,43,44,25,20,31,127,116,99,67,80,72,162,162,164,156,150,130,255,235,250,210,206,217,52,47,37,13,9,124,113,113,88,83,77,165,191,163,154,137,135,254,232,230,220,202,220,60,45,38,0,15,2,113,116,103,80,77,88,177,172,135,153,141,251,235,235,223,215,223,56,54,32,3,17,4,98,111,97,92,86,71,187,181,165,150,137,153,251,237,230,205,207,63,44,43,19,11,14,126,106,103,91,84,94,185,189,160,130,138,130,225,227,231,221,213,192,59,41,57,18,11,5,109,111,91,82,81,186,180,176,157,144,159,248,242,227,195,214,196,60,55,41,20,11,27,120,107,122,90,64,89,179,170,165,141,142,248,242,241,210,211,208,60,55,34,4,23,10,126,104,102,91,74,92,187,163,166,128,137,132,239,238,228,211,211,196,56,47,7,17,9,120,107,105,80,87,95,188,183,190,154,146,157,249,237,225,193,195,197,62,53,32,23,20,3,115,110,120,88,72,167,181,169,155,139,137,253,244,255,219,211,222,58,53,32,2,9,7,97,99,99,93,85,65,186,169,185,149,139,152,244,239,218,204,200,50,54,48,28,20,1,100,119,103,67,84,66,162,170,168,129,142,129,253,245,238,215,202,217,58,42,56,19,12,122,108,110,83,75,68,187,183,191,155,150,128,227,244,227,194,194,201,33,47,47,29,21,14,112,105,121,84,70,69,173,171,159,140,139,250,246,240,217,208,194,36,55,39,29,8,0,126,105,124,89,75,91,187,161,186,151,139,132,238,237,231,211,210,58,54,49,18,23,13,101,126,101,68,82,71,190,168,163,156,137,156,245,246,227,222,200,218,53,32,36,14,11,1,112,114,95,80,79,166,178,174,133,158,130,249,233,234,215,213,221,63,47,34,1,8,7,126,117,102,80,84,71,187,179,161,148,143,231,244,239,216,203,207,63,42,32,25,9,2,119,117,125,87,73,65,161,168,167,158,149,133,247,244,231,210,206,216,52,38,26,12,5,121,117,112,95,86,65,164,188,190,152,156,157,250,237,225,193,194,197,62,53,33,23,20,6,110,106,108,77,72,188,177,177,155,148,142,229,244,230,196,210,194,62,40,32,22,10,28,126,111,102,64,72,68,177,180,166,151,147,133,240,239,199,216,197,59,43,46,29,20,31,126,116,96,67,80,67,162,169,168,129,143,128,253,245,226,215,202,217,52,47,38,13,6,103,115,100,70,87,79,184,170,160,155,151,158,247,241,253,215,203,193,33,43,32,0,1,3,114,116,108,82,77,88,178,175,135,149,141,251,235,238,209,215,223,61,54,32,3,28,8,127,119,96,92,86,79,186,181,167,148,137,153,242,234,230,205,202,62,44,43,27,11,13,126,106,98,91,84,94,186,176,163,130,136,132,225,227,230,221,213,198,58,41,57,23,10,5,109,103,91,82,81,185,179,176,157,148,130,228,245,234,222,200,195,58,41,60,24,11,5,96,105,103,79,76,77,174,166,160,144,146,254,242,239,198,210,207,37,51,34,25,9,11,121,104,99,93,74,92,187,169,165,128,128,133,239,225,236,206,207,194,48,50,27,19,12,102,112,101,88,74,65,188,169,170,152,136,130,248,234,252,213,201,197,32,32,47,18,20,1,112,115,96,89,82,185,184,172,134,145,142,251,234,234,219,201,192,61,40,40,25,23,5,121,107,123,94,64,71,175,173,161,142,140,134,240,242,221,215,204,38,63,40,24,10,0,113,116,126,89,86,93,184,163,188,156,140,134,224,236,227,209,212,196,50,45,56,17,15,103,113,106,70,84,75,184,170,164,156,151,158,255,241,253,221,201,220,61,45,59,30,12,7,111,106,108,83,83,76,178,178,153,144,140,230,241,235,216,202,199,59,55,62,24,20,3,98,109,98,65,72,70,189,181,167,149,137,153,241,235,230,205,206,63,44,46,27,22,16,122,126,127,92,81,67,163,176,164,156,151,137,254,246,238,221,200,218,58,46,57,17,12,5,109,104,88,82,81,185,180,176,156,148,130,228,240,228,222,200,198,58,41,60,25,11,5,96,106,100,79,65,68,179,179,163,149,143,231,244,239,216,203,202,61,42,39,4,29,10,99,115,101,95,87,66,185,168,187,153,141,154,242,234,228,206,204,195,48,50,28,21,12,102,118,108,91,74,75,187,169,166,157,149,157,246,236,225,193,201,195,61,53,47,18,10,25,118,115,102,89,82,191,180,172,134,158,136,251,234,228,219,201,197,35,49,38,2,3,5,124,118,103,88,75,90,176,171,185,145,142,133,237,236,220,204,197,62,54,48,27,31,2,100,114,102,67,93,64,191,183,163,149,139,155,248,236,228,207,202,204,51,51,34,13,6,123,113,113,88,81,77,165,183,167,154,137,132,251,232,232,194,205,198,33,40,35,29,21,6,114,106,121,91,74,88,182,167,135,152,139,251,235,233,218,215,223,56,55,32,3,22,0,98,109,96,92,86,70,186,168,186,144,141,135,238,232,229,211,210,56,44,37,18,11,10,122,119,127,92,87,64,163,188,165,130,140,130,225,233,238,192,204,194,50,52,45,16,13,24,120,107,71,81,77,187,171,170,158,138,132,251,244,254,216,221,192,34,42,35,1,9,7,125,117,111,85,73,89,176,172,166,141,141,251,242,241,222,203,200,48,42,33,27,20,30,125,113,99,66,78,67,161,162,187,152,142,154,250,236,228,206,205,192,51,50,27,20,17,127,118,109,69,87,75,164,182,161,158,136,129,254,233,252,223,214,196,60,40,58,17,14,4,110,110,97,83,82,189,179,177,147,139,132,241,234,225,223,212,222,55,48,35,2,9,6,97,99,102,93,85,79,180,169,185,145,140,133,237,232,218,210,209,62,51,48,30,22,2,100,116,101,94,72,70,189,170,188,158,136,133,224,235,231,207,201,197,51,51,38,23,15,103,116,104,88,75,74,186,170,170,132,146,132,227,243,230,223,215,201,61,40,59,27,10,26,119,104,100,78,76,67,173,171,158,145,145,255,246,238,197,212,194,36,60,34,30,8,9,121,106,124,93,79,69,160,173,175,146,148,133,238,237,236,205,202,61,49,49,25,20,14,101,114,106,89,73,70,163,180,166,130,138,133,252,246,238,221,203,218,59,43,57,19,13,5,109,105,93,76,77,190,182,176,155,159,130,228,253,225,195,210,200,34,47,38,28,22,5,120,107,122,81,72,71,174,171,165,141,141,250,241,241,216,208,205,37,51,38,26,9,2,121,104,98,92,87,68,180,182,166,155,136,154,251,236,231,206,200,193,45,41,26,17,17,125,112,112,93,82,66,164,180,163,157,136,130,252,247,229,223,203,219,62,47,39,15,12,1,112,115,102,80,76,167,185,175,134,144,132,229,243,228,217,201,202,59,54,61,31,15,28,125,118,102,85,85,66,183,169,185,151,142,134,237,235,223,204,203,58,54,48,27,17,31,123,112,99,67,81,64,188,183,160,152,150,128,252,232,250,215,206,196,46,41,32,16,18,126,112,111,70,82,78,165,190,165,132,149,134,254,232,233,220,201,220,61,47,59,26,8,26,114,111,121,86,74,69,173,166,146,145,145,248,244,240,217,214,194,36,54,37,3,18,2,124,119,98,95,72,91,180,168,186,147,136,132,238,235,226,208,210,58,52,44,6,22,12,123,106,103,68,87,75,163,189,167,159,151,137,254,232,251,217,204,218,49,40,36,14,13,3,109,109,94,81,81,190,183,174,133,144,128,228,246,224,222,200,196,54,42,60,31,9,5,96,105,100,81,84,65,176,179,166,147,143,231,244,234,219,203,205,61,52,63,28,20,0,99,124,99,66,74,72,161,170,160,157,149,130,246,234,249,208,202,216,53,44,26,12,9,115,107,101,91,87,95,191,182,160,131,148,131,226,235,226,220,214,196,52,40,58,19,11,4,110,111,100,83,82,191,172,174,146,139,142,254,247,255,219,214,192,35,54,36,2,8,28,125,109,123,95,77,71,175,174,166,144,147,135,247,242,221,209,209,58,48,48,27,19,2,100,118,98,93,72,64,188,183,160,159,139,155,252,224,231,207,193,193,51,51,35,17,12,103,120,111,70,81,75,165,176,165,153,137,139,251,246,253,214,206,220,59,43,59,25,15,26,119,111,100,78,76,64,179,178,156,149,145,254,245,237,197,215,203,36,51,39,30,8,2,127,105,124,90,73,91,187,160,186,144,128,132,238,239,224,211,210,60,48,47,6,23,13,101,115,107,68,87,68,190,168,167,157,137,156,251,233,251,221,200,218,59,32,57,22,11,5,109,110,95,82,81,179,180,176,159,148,130,228,240,229,195,212,197,63,55,41,29,8,27,120,117,103,82,73,89,183,167,165,141,143,254,241,241,220,222,205,37,63,34,4,19,5,99,116,102,95,87,69,190,168,187,157,140,154,250,232,228,206,203,204,45,39,24,17,17,124,119,110,69,81,64,164,182,163,158,136,134,249,247,228,216,203,219,63,32,39,15,9,7,110,103,109,77,79,178,177,177,153,147,141,229,240,231,196,214,222,57,60,61,29,12,1,97,106,100,94,85,67,182,180,166,147,147,141,249,242,222,211,204,38,53,47,27,10,6,125,105,106,94,85,93,187,163,161,129,137,131,253,245,226,218,201,217,59,46,56,21,14,122,108,105,92,86,80,185,181,161,132,151,135,227,252,227,194,203,201,33,42,47,29,21,1,112,106,121,83,74,88,181,175,135,151,139,230,247,233,216,202,196,59,55,62,25,17,29,123,105,97,65,75,78,189,181,175,145,137,153,245,238,230,205,203,57,44,43,18,11,10,113,119,127,88,80,64,163,176,161,156,151,132,225,234,224,192,192,194,50,52,35,19,13,24,115,107,71,87,77,187,171,171,159,138,129,251,244,254,218,213,195,34,35,37,1,9,5,125,117,96,84,84,65,177,174,184,149,135,250,236,233,216,203,205,49,42,32,16,20,30,120,118,99,66,77,64,191,182,165,157,136,154,241,225,249,213,203,197,45,40,25,18,17,122,113,112,93,86,66,164,188,165,131,156,130,255,247,224,220,200,219,63,40,58,18,10,4,110,106,98,80,82,188,180,172,134,148,133,248,234,224,218,201,199,63,53,61,29,13,1,97,107,99,94,85,65,183,180,161,147,142,152,243,231,199,214,200,59,43,37,29,20,31,124,113,126,90,86,64,162,171,168,129,136,132,253,245,227,210,202,217,50,42,56,20,14,122,108,108,92,86,80,184,178,162,132,144,131,253,232,226,220,215,193,52,54,38,27,8,26,115,107,103,78,72,68,179,178,153,140,140,243,235,238,221,215,223,62,54,32,3,16,5,98,110,97,92,86,66,187,168,186,148,141,132,238,233,229,211,210,57,50,49,26,23,13,101,118,106,89,73,68,188,182,189,156,130,129,225,235,230,192,207,192,47,46,35,19,19,3,115,108,71,84,73,166,176,173,152,138,131,255,233,229,218,213,221,63,46,34,1,11,1,96,106,103,82,84,71,181,179,161,148,143,231,248,228,219,203,201,61,42,43,24,20,30,122,114,96,66,78,69,191,182,175,149,136,154,241,244,231,213,211,197,54,47,7,17,14,120,107,110,90,74,65,186,180,190,157,157,157,246,238,225,193,204,195,62,53,47,16,20,3,112,110,120,83,70,167,178,174,155,139,132,249,244,255,209,209,222,60,52,32,2,9,6,124,118,97,88,75,90,187,169,167,142,137,152,243,230,199,216,200,59,43,40,29,20,31,126,112,126,92,85,93,186,173,188,149,136,134,224,235,228,209,212,197,48,51,37,17,15,103,119,101,91,75,76,186,183,191,154,148,128,227,245,227,194,194,192,60,54,35,20,8,26,117,107,103,78,77,77,176,178,156,140,140,253,235,232,220,215,223,60,55,32,3,16,2,98,108,97,65,67,64,189,181,165,144,137,153,247,238,230,205,204,62,44,47,24,22,16,121,113,98,68,87,70,189,168,165,158,137,156,244,235,251,213,206,218,50,33,36,14,11,7,115,114,90,85,81,186,180,176,152,158,159,251,242,227,195,215,196,60,55,41,24,22,4,125,104,122,85,64,68,174,171,167,144,146,243,241,239,198,222,207,37,54,35,25,9,2,121,117,125,93,79,65,161,169,167,158,149,128,241,244,227,213,211,197,54,47,7,21,15,120,107,109,89,84,95,191,180,190,159,157,157,247,238,225,193,205,195,62,53,36,21,20,6,115,115,98,86,82,190,179,172,134,151,141,251,234,224,220,201,192,62,53,61,22,12,1,97,109,99,94,85,71,177,170,185,149,147,129,249,242,216,215,204,38,51,46,27,10,2,125,105,106,67,83,71,162,173,165,156,150,135,255,235,250,213,204,217,48,45,37,13,14,124,113,113,88,84,77,165,190,163,154,137,131,251,232,233,215,215,195,53,43,59,26,13,7,111,107,101,80,83,70,173,172,155,145,145,243,240,237,197,213,199,58,41,42,28,8,9,126,106,124,92,77,91,189,172,167,143,136,129,240,243,227,210,210,56,50,44,6,30,4,120,106,100,93,84,94,189,189,160,130,141,132,225,238,239,192,202,192,50,52,39,22,13,24,114,103,90,76,75,184,171,169,152,151,159,241,243,227,195,209,194,60,55,34,30,22,7,126,117,100,84,84,69,183,174,184,153,135,250,236,238,222,203,203,59,55,63,16,18,3,99,112,100,95,87,68,188,168,187,149,139,154,241,239,249,210,198,197,45,44,30,18,17,114,118,110,69,87,66,164,181,171,131,150,134,255,247,229,223,200,219,61,44,58,27,20,4,117,115,109,83,79,167,182,172,152,139,143,250,234,226,216,212,222,60,60,61,29,15,2,97,99,110,93,85,70,178,180,164,147,142,152,247,232,218,204,197,56,53,48,17,18,31,120,116,126,92,92,93,185,168,161,129,143,133,254,245,224,208,212,205,51,46,56,25,6,103,121,105,91,75,74,186,180,191,155,150,158,249,253,253,220,195,193,33,40,34,30,21,15,114,106,121,83,83,66,177,175,135,152,138,251,235,238,220,212,223,59,48,62,31,8,1,121,119,105,89,75,91,184,170,164,143,138,128,238,239,229,205,203,60,44,41,25,22,16,122,116,97,68,84,70,163,177,163,159,151,131,250,235,251,223,205,199,47,33,36,16,19,4,112,114,91,88,81,189,177,173,133,148,135,250,233,225,219,200,195,34,46,38,1,8,2,125,117,96,87,74,89,177,169,184,149,142,250,236,229,221,203,206,58,55,63,26,21,0,99,119,100,66,77,73,161,169,175,157,149,142,241,234,249,214,198,197,45,46,24,12,4,123,118,112,88,80,66,164,183,166,157,136,128,251,247,227,223,214,196,59,53,35,23,9,25,116,110,102,77,77,184,172,171,147,139,132,254,247,255,209,215,195,35,50,40,31,23,7,121,118,97,85,85,64,181,169,185,150,141,134,237,236,210,209,209,57,43,40,24,23,31,124,113,99,67,83,67,188,183,168,152,150,130,254,245,228,219,212,194,54,46,56,23,10,121,108,111,89,75,79,185,183,191,158,157,158,247,247,224,194,195,192,63,54,38,31,21,4,114,105,121,83,70,69,173,172,159,146,145,249,247,238,197,222,193,36,61,42,3,21,4,127,119,98,88,72,91,191,170,186,154,148,141,244,243,231,212,207,39,48,41,24,11,5,124,106,96,89,84,94,184,188,189,157,136,129,225,226,230,222,213,207,49,52,37,16,14,24,117,104,90,76,76,190,181,176,155,147,159,254,247,254,220,221,221,61,44,33,1,14,2,126,117,111,86,84,71,179,174,184,153,137,250,236,228,217,214,208,61,55,33,4,29,1,99,118,99,95,87,67,181,171,187,159,138,135,239,234,231,208,211,196,52,50,19,16,12,102,119,101,88,74,74,186,183,190,159,145,157,247,233,252,218,204,219,60,46,39,15,11,4,112,115,109,82,82,187,177,172,134,150,139,229,240,230,217,201,194,61,54,61,30,14,28,121,106,102,64,79,65,178,180,167,150,141,152,243,231,218,204,204,38,50,44,24,10,0,126,116,126,86,87,67,162,169,160,159,150,132,224,233,239,207,205,193,51,51,39,16,12,103,118,110,70,85,77,184,170,170,158,137,130,250,245,253,220,201,194,33,47,35,0,13,4,114,116,102,90,78,88,176,170,154,140,142,250,245,240,221,212,223,62,53,35,3,29,7,127,119,98,89,72,91,180,170,186,146,137,153,250,231,248,211,201,58,44,41,31,21,16,127,115,127,90,87,67,163,189,167,130,139,133,252,246,239,220,203,218,59,41,57,27,6,24,119,104,90,76,76,190,181,176,156,159,130,228,243,254,214,220,221,55,45,33,1,14,2,126,117,111,86,84,71,179,179,173,153,146,254,244,236,198,223,204,59,42,33,28,9,6,127,117,125,94,76,92,186,175,166,128,137,135,241,244,237,214,211,197,49,47,7,23,11,123,107,111,90,87,95,177,181,160,131,148,130,226,232,233,193,194,192,61,53,32,17,10,25,115,106,120,83,76,167,180,171,134,158,137,248,234,227,218,215,222,58,55,61,22,10,1,97,111,96,64,79,66,178,180,166,144,141,152,247,234,199,216,196,38,55,43,24,10,3,124,116,126,92,93,64,162,171,188,155,140,155,248,239,231,207,205,199,48,51,35,21,18,121,114,108,70,84,75,165,178,166,153,137,128,251,246,253,217,200,220,59,43,38,0,1,1,114,116,109,81,77,88,176,172,153,140,132,248,235,236,219,215,223,49,51,35,3,23,5,124,119,99,84,75,91,187,181,167,155,148,130,244,238,248,215,204,57,44,36,25,11,13,123,119,127,91,82,94,191,183,160,130,138,132,255,246,238,221,213,196,51,41,57,21,8,5,109,102,95,81,81,185,181,174,133,144,130,228,243,229,195,208,198,63,55,32,25,8,27,117,109,122,81,84,77,180,179,165,148,143,231,244,232,216,203,200,60,42,42,4,22,11,99,113,100,95,87,69,188,168,187,154,139,154,241,232,228,206,201,204,48,50,24,19,12,102,112,108,91,74,67,164,180,163,158,136,128,249,234,252,216,207,197,32,45,34,15,9,4,110,107,98,77,76,188,177,177,155,147,142,229,255,230,196,211,203,35,55,38,2,9,5,124,118,97,95,75,90,181,173,185,151,142,133,237,230,220,209,209,61,51,45,5,23,3,122,105,98,93,72,66,185,183,160,155,139,155,251,235,228,207,202,195,46,47,38,13,13,114,108,105,94,86,80,186,181,161,132,147,135,227,252,232,194,194,198,33,47,36,29,21,0,115,106,121,81,77,88,184,174,154,140,140,242,246,240,208,210,194,36,54,32,29,8,6,127,119,100,92,75,91,180,175,167,143,142,135,240,243,225,209,204,39,57,44,6,21,4,101,118,96,89,73,70,191,182,189,151,136,156,250,232,230,192,201,206,47,43,38,19,19,5,115,108,71,89,79,166,178,174,152,138,131,254,244,254,221,208,192,34,35,36,1,9,27,126,97,122,83,78,68,174,174,160,147,146,250,241,239,198,215,208,57,49,63,30,16,3,99,113,98,92,87,71,185,182,162,156,136,154,247,224,228,206,204,192,48,50,25,18,15,102,117,109,69,86,66,185,169,163,150,149,157,246,233,226,193,206,194,32,46,36,15,11,13,110,105,108,80,82,190,179,175,134,149,138,229,254,255,221,211,222,57,48,32,2,14,4,127,118,101,95,85,65,177,169,185,154,135,133,237,230,222,209,209,57,55,46,5,18,7,100,119,101,67,84,71,191,183,164,153,136,155,248,232,228,207,201,217,51,38,56,22,10,122,108,111,94,85,80,187,179,191,145,148,131,227,245,230,194,201,197,60,54,46,28,11,26,116,107,121,87,78,69,173,174,147,140,141,249,246,240,219,215,193,36,53,33,3,22,6,98,107,105,92,86,66,185,171,186,144,137,135,238,237,229,205,204,50,44,37,30,22,16,113,114,97,68,84,68,163,176,160,159,151,128,245,246,229,216,200,218,53,43,39,14,14,1,109,109,89,81,81,179,191,173,133,145,128,249,233,230,214,213,221,56,42,60,30,10,6,96,108,110,82,84,65,177,173,184,144,139,231,244,236,198,210,197,37,63,32,25,9,4,125,118,125,92,72,92,190,171,166,128,143,142,239,238,224,211,211,196,51,44,7,24,9,102,119,108,88,74,69,190,180,190,150,150,128,226,232,225,223,214,207,62,53,36,26,20,2,122,110,120,83,75,185,172,171,154,149,144,241,244,255,222,221,222,62,49,32,2,2,3,127,118,101,89,85,69,178,169,185,155,136,133,237,232,222,209,209,56,53,46,5,16,2,100,116,98,94,72,64,183,170,188,155,142,134,224,224,239,210,212,195,46,43,44,13,15,114,113,113,92,85,78,165,182,163,154,137,130,254,245,253,218,205,220,56,46,38,0,14,5,113,116,109,81,83,70,176,175,135,149,138,230,246,239,216,202,193,58,55,62,27,16,29,122,107,97,65,75,64,189,181,165,150,138,153,242,239,230,205,203,57,44,37,29,11,5,127,119,127,80,87,64,163,188,162,130,141,129,252,246,238,212,213,194,54,41,57,22,11,6,109,108,95,76,73,184,182,176,153,158,159,254,240,227,195,212,195,60,55,37,24,22,6,124,104,122,85,64,68,174,171,160,147,146,253,241,239,198,211,208,57,62,63,30,17,3,99,116,100,92,87,72,184,182,165,157,149,129,245,244,225,209,206,216,50,47,25,12,15,120,107,105,88,87,95,185,178,163,131,148,130,255,247,232,220,200,219,63,43,58,19,8,4,110,110,109,80,82,189,180,172,134,147,140,251,234,228,218,201,203,57,40,39,26,10,28,121,111,101,64,76,69,175,168,164,142,134,131,240,242,219,211,204,38,49,44,27,10,10,123,105,100,93,85,93,185,172,161,129,140,131,253,245,230,211,202,217,52,46,56,24,6,103,112,107,91,75,73,187,180,191,145,156,131,227,253,253,215,204,220,61,45,38,0,12,3,113,116,99,81,83,71,176,175,135,144,133,251,235,232,221,215,223,63,60,35,3,16,2,98,111,96,92,86,65,186,168,186,148,139,132,238,234,237,208,210,59,49,49,27,22,13,101,117,100,89,73,67,188,182,189,155,138,130,225,234,230,192,207,206,47,32,32,19,19,1,117,108,71,86,72,166,181,173,133,150,132,228,246,225,222,200,194,63,41,60,31,14,27,116,104,103,79,78,66,179,179,161,149,140,231,245,228,219,203,202,37,49,43,4,22,4,126,104,97,93,73,92,187,175,187,158,136,154,247,225,249,212,202,197,45,39,25,18,17,125,116,112,81,86,66,164,180,170,158,136,131,253,234,252,223,203,197,32,32,35,15,14,7,115,115,100,89,79,167,180,169,155,139,139,240,247,255,221,201,203,63,53,61,25,12,1,97,98,99,94,85,65,182,180,163,142,141,141,237,234,223,209,209,50,52,46,5,20,5,100,112,96,94,72,72,182,170,188,148,143,134,224,236,239,210,212,198,54,51,36,16,15,103,112,100,91,75,74,189,183,191,154,156,131,227,245,226,194,207,192,60,54,33,20,8,26,119,106,103,78,71,65,173,169,135,145,132,230,241,232,216,202,196,57,55,62,29,17,29,126,105,97,65,77,64,160,169,162,146,148,135,251,238,248,215,207,39,48,36,6,18,10,120,106,102,93,87,94,184,189,160,130,139,130,225,236,239,192,202,193,50,52,39,22,13,24,117,106,71,86,81,188,177,176,154,147,130,228,243,235,222,200,197,61,55,39,20,22,14,123,117,110,80,74,89,183,166,165,141,134,249,236,229,218,214,208,59,48,34,4,18,6,125,104,101,90,87,68,188,182,160,148,149,130,246,233,249,212,205,198,45,40,24,12,12,120,118,112,93,95,95,188,177,163,131,150,130,252,247,225,219,214,196,62,40,58,17,0,4,110,111,96,83,82,179,185,172,134,159,141,229,246,226,217,201,196,56,53,61,26,14,2,97,109,103,94,85,70,178,180,173,148,147,129,245,239,199,215,206,56,43,43,29,10,4,121,105,100,88,72,69,186,170,188,159,131,134,224,235,226,207,200,199,51,51,38,22,18,121,117,108,70,86,77,187,170,170,153,137,135,254,245,253,215,205,193,33,41,35,30,21,7,119,116,101,78,70,66,173,166,158,145,145,254,243,238,197,215,197,36,48,35,30,8,7,121,119,98,88,75,91,184,160,167,143,142,134,238,238,228,208,210,63,55,44,6,19,9,123,106,102,81,84,94,191,181,189,152,139,129,225,232,239,221,213,197,48,42,57,22,15,6,109,109,90,76,73,188,171,164,158,151,159,249,246,224,195,221,196,34,47,34,28,22,15,123,104,122,83,75,68,174,172,166,147,146,243,244,241,219,215,205,37,50,43,25,9,3,122,118,125,95,73,66,161,171,187,158,136,135,239,238,225,211,211,196,52,44,7,17,8,102,118,111,69,95,75,164,189,164,158,136,137,253,233,252,222,204,219,60,41,39,15,0,2,110,102,96,80,82,185,177,175,134,146,142,229,255,227,217,201,194,57,53,61,31,15,2,97,108,110,93,85,70,176,180,173,148,147,132,244,239,199,209,200,56,43,37,28,10,5,122,105,103,88,72,68,186,170,188,149,137,133,224,234,229,207,205,196,51,51,39,22,18,115,117,108,70,84,78,187,170,162,155,137,139,246,232,224,215,202,220,58,41,38,0,9,3,111,108,103,78,76,76,173,172,157,145,145,248,242,238,197,209,198,36,54,35,30,8,4,121,119,103,94,75,91,190,168,164,143,139,134,238,231,237,205,203,60,49,49,30,20,13,101,114,98,90,73,71,187,168,166,156,138,156,244,226,230,192,200,194,49,52,32,23,19,4,109,107,82,76,76,178,182,176,159,149,129,228,252,231,195,211,192,63,55,40,21,22,1,120,104,122,91,72,71,174,167,160,141,135,251,241,241,210,208,208,62,50,34,4,28,3,125,104,100,92,87,65,189,171,187,158,143,135,239,232,225,208,211,205,56,47,7,22,15,102,115,107,69,81,71,185,169,171,156,150,157,246,239,252,218,202,198,32,47,32,15,0,7,115,115,109,80,76,167,180,168,134,144,142,248,234,224,208,212,222,59,48,32,2,2,9,124,118,102,64,79,70,178,180,164,154,142,152,244,234,217,204,203,63,43,47,5,30,5,100,113,101,94,72,64,189,169,188,158,142,155,255,232,231,207,202,194,46,45,32,16,18,127,112,111,70,81,77,165,178,161,153,137,132,249,245,253,214,200,194,33,34,46,29,21,0,113,116,103,82,78,88,183,166,154,140,140,249,245,240,218,208,223,57,54,62,31,19,29,118,109,97,65,76,71,190,181,164,144,148,134,243,238,248,214,200,39,52,46,27,11,4,121,116,127,91,81,94,191,180,160,130,139,137,252,246,225,223,200,218,48,40,39,14,13,6,109,106,93,76,78,189,182,176,159,146,129,228,246,231,195,212,195,34,44,38,1,14,4,125,117,100,82,74,89,180,170,184,144,140,250,236,233,210,203,197,58,55,63,16,20,0,99,124,101,66,72,66,188,182,165,148,136,154,242,237,228,206,200,205,48,50,28,18,17,126,126,112,93,94,66,164,179,161,157,136,135,251,247,230,221,203,219,61,46,58,22,12,4,110,109,103,83,82,185,182,177,153,149,141,229,255,235,217,201,194,59,54,61,29,11,2,97,104,101,64,79,70,178,180,163,154,142,152,246,234,217,204,202,51,54,48,29,20,31,124,116,99,67,86,70,191,183,163,152,136,155,251,234,250,214,201,196,46,45,45,13,15,120,113,113,94,84,78,165,183,161,132,149,130,254,232,229,217,202,220,56,41,38,0,9,4,113,116,98,83,83,64,176,175,135,152,139,251,235,236,221,212,223,61,48,62,31,8,0,121,119,97,90,75,91,190,172,164,143,137,128,238,239,230,205,205,50,44,42,31,22,16,125,119,97,68,87,67,163,182,160,159,151,129,244,235,251,223,204,199,47,47,37,16,19,2,115,114,89,81,76,166,182,170,152,138,130,252,247,254,223,212,195,34,43,34,1,3,1,96,109,97,82,84,66,182,173,184,147,139,231,243,239,219,203,201,62,42,39,27,20,30,121,119,99,66,76,67,161,174,165,157,149,130,244,233,249,213,204,197,45,40,27,18,17,126,118,112,91,94,95,176,189,163,131,156,131,252,247,224,217,214,192,32,33,46,15,15,1,115,115,96,85,76,167,181,174,134,158,141,248,234,226,223,201,193,58,53,61,23,11,2,97,109,102,64,65,79,175,160,163,147,147,128,242,239,199,215,204,56,43,41,24,10,3,121,116,126,92,82,64,162,173,162,159,150,143,252,235,250,210,201,217,50,39,56,17,13,122,108,106,89,85,80,177,181,191,156,149,131,227,241,230,194,194,194,60,54,39,30,11,26,119,116,99,80,78,88,184,166,154,140,139,249,246,240,217,215,193,36,61,32,3,23,1,127,119,98,91,75,91,184,170,164,143,140,133,240,243,224,208,210,51,54,49,26,20,13,101,126,97,90,73,75,186,168,162,159,138,156,245,226,230,192,193,196,50,52,45,27,14,24,121,109,71,88,77,187,171,172,159,151,159,250,241,224,195,213,196,34,46,60,21,2,27,123,111,103,79,76,70,176,179,167,149,146,242,236,236,211,203,200,61,55,63,25,16,0,99,119,98,66,79,65,188,182,161,148,136,154,245,237,228,206,205,205,48,50,28,19,17,125,127,112,89,95,66,164,179,166,157,136,131,254,233,252,223,214,195,52,53,46,23,9,25,117,108,102,77,73,191,172,170,155,150,144,240,254,255,208,208,195,35,54,32,28,23,2,121,118,98,92,72,90,182,175,185,145,140,133,237,238,217,210,209,51,43,47,17,10,4,112,116,126,90,81,67,162,162,161,159,150,131,253,245,238,219,212,198,53,46,56,21,11,121,108,110,92,75,76,187,183,191,158,157,158,252,247,224,194,195,194,63,54,46,24,21,4,113,105,121,86,71,69,173,173,159,145,145,248,254,237,197,214,199,36,61,34,30,8,6,120,106,124,91,78,69,160,174,166,145,148,133,243,243,230,214,210,51,52,44,6,23,15,123,106,106,91,73,68,191,181,189,151,140,156,245,232,230,192,193,198,49,52,34,22,19,2,120,114,83,88,76,166,179,175,152,138,129,241,244,254,223,214,221,58,44,60,28,12,6,96,109,98,81,84,70,179,173,184,144,141,231,246,229,198,223,202,56,42,38,28,23,30,118,119,125,92,74,92,181,173,187,153,138,135,239,236,236,211,211,194,48,50,18,25,17,122,112,109,69,87,71,185,169,166,159,150,157,253,233,252,221,205,219,60,47,39,15,1,7,112,115,108,81,76,167,180,172,155,139,141,240,234,235,220,212,222,58,49,35,2,8,6,97,99,123,88,65,90,176,171,164,142,141,141,240,242,217,213,209,62,55,45,5,16,4,121,105,96,91,86,93,186,170,162,129,131,133,224,235,238,207,201,195,51,51,34,19,12,103,120,104,70,80,77,184,170,171,144,137,135,252,245,253,223,200,194,33,47,36,0,9,4,114,116,99,90,83,77,180,175,135,146,140,248,235,239,220,202,197,49,41,39,23,21,29,124,111,98,65,72,69,190,181,167,146,148,131,242,238,248,215,205,58,44,41,24,21,16,112,114,127,90,87,94,186,178,189,150,142,129,225,227,230,222,213,198,54,52,33,16,14,24,120,102,90,76,75,191,182,176,145,159,130,228,253,227,195,221,193,63,55,33,26,11,27,125,109,103,79,74,69,176,179,173,147,146,254,247,241,211,211,205,37,62,39,26,9,1,124,104,105,66,79,71,161,163,162,157,149,130,243,234,249,213,204,216,50,44,26,12,4,125,118,112,93,82,66,164,176,162,157,136,137,253,247,229,220,203,219,59,33,39,15,11,0,112,115,102,81,76,167,178,177,154,159,144,254,240,226,196,213,199,61,40,35,26,23,5,124,107,123,91,78,90,187,173,164,142,140,132,243,242,216,212,209,51,55,45,5,18,5,121,105,101,92,85,93,184,170,162,129,130,155,245,233,231,207,205,195,51,51,44,19,12,103,115,108,88,75,72,184,170,161,144,137,128,252,245,253,215,201,194,33,44,34,0,8,7,111,106,108,78,79,65,176,178,158,145,143,230,245,232,197,208,194,57,41,32,23,21,29,121,104,98,65,73,69,190,181,161,143,136,141,238,235,236,208,210,58,52,47,6,19,12,123,106,101,90,73,74,185,168,162,155,138,156,248,239,229,192,205,197,47,41,36,14,12,12,112,114,92,85,76,166,190,173,155,138,135,251,233,224,223,213,221,55,44,33,1,3,4,125,117,101,90,73,89,178,172,184,150,142,250,236,238,221,214,208,57,50,33,4,23,1,99,119,96,66,66,72,161,168,163,157,149,130,240,234,249,214,204,216,52,44,26,12,13,125,118,112,92,83,66,164,189,163,157,136,131,251,247,225,220,203,219,61,32,39,15,12,1,115,115,102,83,76,167,183,172,134,150,141,248,234,231,208,212,222,59,49,35,2,10,6,97,106,123,85,65,90,180,172,164,142,139,133,243,242,217,211,209,58,55,45,5,19,4,100,116,97,94,72,73,183,170,188,159,136,155,245,225,250,210,207,196,46,42,32,19,18,115,121,108,70,83,77,165,181,164,132,148,132,254,232,225,219,201,220,61,43,37,0,9,26,115,97,121,81,76,69,173,171,154,146,145,252,242,240,209,215,194,36,50,42,3,28,5,124,119,96,95,72,91,181,168,186,146,137,132,238,233,236,208,210,57,51,47,6,16,12,123,106,97,68,84,74,163,181,165,159,151,131,248,232,251,212,202,218,58,41,57,23,9,24,112,107,90,76,73,185,181,176,156,149,159,249,247,227,195,220,198,63,55,38,25,8,27,122,96,103,79,76,71,174,167,164,144,146,249,247,236,198,215,207,59,42,38,24,23,30,123,104,97,86,87,72,186,171,187,159,138,132,239,234,230,206,204,198,45,45,28,12,11,126,118,112,88,84,65,164,182,167,131,145,131,255,247,231,218,214,207,57,40,58,27,9,7,110,111,102,77,77,186,177,177,155,144,141,229,241,231,218,201,203,58,40,34,2,2,6,97,98,99,93,85,79,177,170,185,154,140,152,245,239,218,204,207,61,43,44,26,23,31,124,124,99,67,82,66,162,162,169,129,137,143,253,245,228,208,202,217,55,38,37,13,6,103,113,109,91,75,76,176,183,191,157,145,128,227,252,225,220,215,197,60,54,32,27,21,0,116,105,121,80,76,70,173,174,157,140,133,243,235,229,222,202,192,59,52,62,26,21,3,98,111,101,65,67,78,160,161,174,146,148,135,247,237,248,212,199,58,44,36,24,11,11,121,119,127,91,82,67,163,177,163,156,151,135,253,232,251,213,213,196,59,52,34,21,14,24,120,109,89,76,76,188,171,168,155,151,159,254,243,254,223,215,192,34,44,32,31,22,7,127,117,103,82,73,89,180,169,165,141,136,248,241,241,210,222,205,37,54,63,31,29,30,122,112,96,66,74,69,191,182,160,159,149,131,239,235,226,206,198,193,48,50,31,20,15,102,112,105,69,84,66,185,169,165,153,136,135,251,234,252,221,200,197,32,46,36,15,12,7,115,115,97,87,79,167,185,174,155,139,138,253,234,227,196,210,202,35,55,38,31,23,6,127,104,123,94,79,90,181,169,164,142,143,140,237,235,223,209,209,59,54,46,5,31,6,100,115,96,94,72,71,185,170,188,159,137,134,224,233,228,209,212,193,55,51,45,24,18,114,120,108,70,84,79,187,170,171,156,137,134,253,232,226,215,215,199,53,43,59,27,10,4,111,97,96,78,70,88,181,167,135,151,136,251,235,228,217,212,223,60,48,62,28,20,0,98,99,103,65,75,67,189,181,160,154,137,153,251,237,248,215,206,58,44,37,18,22,16,126,114,98,68,93,75,190,168,164,156,151,134,245,246,238,219,200,218,52,43,39,14,15,2,109,107,90,81,81,185,190,176,156,149,130,228,245,227,221,200,195,59,55,38,31,11,27,123,110,103,79,75,65,179,179,162,144,140,231,248,241,218,214,205,37,49,43,25,9,3,123,118,125,92,78,92,184,168,187,155,129,154,241,239,228,206,206,193,51,50,26,20,17,127,118,112,90,81,95,189,182,163,131,150,133,252,247,229,217,214,197,62,40,58,23,14,4,110,105,103,83,82,190,185,172,134,145,141,229,247,226,217,201,198,55,53,61,28,14,2,97,106,98,64,64,68,175,175,163,142,134,130,240,242,219,209,207,38,50,47,5,23,1,121,105,103,89,72,67,189,170,188,153,137,133,224,234,226,207,207,199,51,51,37,23,15,103,112,105,91,75,77,185,180,191,145,137,131,246,232,233,216,202,220,61,47,37,0,13,2,111,108,121,80,70,88,178,171,154,140,141,250,245,240,209,211,223,60,55,35,3,21,6,98,107,101,92,86,65,189,171,186,151,139,153,245,230,248,216,201,58,44,44,30,22,16,122,127,98,68,84,94,190,189,189,156,141,129,225,227,229,222,213,199,50,42,57,27,14,5,109,104,92,76,69,185,182,176,156,149,129,228,243,225,195,215,192,63,55,36,26,11,27,127,109,103,79,74,68,176,179,173,147,146,255,242,236,198,209,202,56,42,35,28,23,30,122,116,99,66,74,65,161,170,167,157,149,131,245,233,249,214,205,198,45,44,30,12,9,123,118,112,93,80,95,190,176,163,131,144,130,252,247,230,217,214,207,53,53,34,27,9,25,119,108,101,77,70,178,177,177,156,150,144,241,246,226,196,212,196,62,40,38,26,10,28,123,106,101,64,65,68,175,173,172,142,136,131,240,242,219,213,207,38,50,40,5,18,31,125,124,126,89,80,64,162,174,160,159,150,135,248,245,227,210,201,217,51,40,37,13,11,120,113,113,93,87,78,165,178,191,159,149,131,227,242,233,223,215,198,57,40,59,20,9,4,111,111,121,84,73,88,185,168,154,140,136,254,245,240,221,211,223,58,55,35,3,21,6,98,105,99,92,86,67,191,171,186,146,140,153,251,238,229,205,204,60,49,49,29,20,13,101,112,99,90,73,64,190,168,162,150,151,129,244,235,251,217,202,196,47,46,33,14,12,5,109,109,82,76,69,189,182,176,157,148,129,228,241,225,195,210,200,34,45,38,1,2,5,125,117,99,80,74,89,182,174,184,151,135,231,249,234,219,203,204,58,55,63,16,28,3,99,125,96,66,76,64,188,182,161,154,136,154,247,237,231,206,202,196,51,50,24,12,8,125,107,100,92,87,95,184,177,160,131,148,135,226,226,225,220,214,193,59,53,32,22,9,25,114,110,102,77,78,185,172,170,147,139,137,241,247,255,208,215,195,35,60,33,28,23,6,127,118,96,92,72,90,176,160,164,142,141,135,243,242,222,217,204,38,51,46,5,18,10,100,124,102,94,72,70,188,169,188,154,143,155,254,232,231,207,207,194,51,51,45,19,15,103,118,100,91,75,74,189,170,164,145,137,132,249,245,253,219,207,194,33,40,34,0,10,4,111,109,98,78,76,66,176,178,154,147,143,230,247,233,197,208,193,36,61,42,3,19,7,127,119,96,94,72,91,184,170,186,147,138,132,238,231,227,208,210,62,53,44,6,18,5,120,106,97,92,73,67,183,168,165,152,138,156,245,233,229,192,207,207,50,52,33,16,19,0,121,114,83,87,76,166,176,175,155,138,133,253,233,235,223,213,221,59,34,60,24,9,6,96,106,98,81,84,70,177,179,172,144,143,231,248,234,198,214,207,56,42,36,25,23,30,120,117,125,93,67,92,185,172,166,128,129,130,241,244,225,210,205,216,52,47,7,16,10,102,116,107,88,74,65,187,183,190,150,144,157,246,234,252,212,205,219,62,44,39,15,11,6,112,115,98,85,82,189,177,172,134,145,138,248,234,234,218,212,222,62,53,35,2,2,4,97,104,103,93,85,64,187,169,185,154,140,134,237,234,219,210,209,51,43,46,17,10,0,124,116,126,91,81,67,162,173,163,129,130,134,253,245,230,218,212,192,55,46,56,22,15,121,108,105,94,75,74,187,183,191,153,156,131,227,245,229,223,215,197,52,43,59,30,8,26,116,96,121,81,73,69,173,172,152,146,145,253,254,237,197,215,192,36,52,43,3,18,6,127,119,101,95,72,91,191,170,186,149,137,153,240,232,248,217,203,58,44,41,19,22,16,126,114,127,89,85,67,163,182,169,159,151,128,248,235,251,217,192,199,47,32,39,14,12,13,109,109,93,81,81,185,178,174,133,148,131,250,233,229,195,209,199,34,34,38,28,22,1,126,107,122,81,76,89,186,179,173,151,146,252,245,236,198,215,206,59,42,39,27,9,0,127,117,125,91,76,65,161,170,163,158,149,130,243,234,249,212,211,194,49,47,7,19,10,123,107,104,91,84,95,189,176,190,152,149,128,226,238,233,193,201,196,61,53,47,17,10,25,118,107,120,86,78,186,172,169,157,139,143,252,247,255,218,212,192,35,61,36,2,12,9,97,98,111,93,85,70,183,170,185,146,141,134,237,234,199,216,205,59,43,46,29,23,31,127,119,96,67,92,69,162,162,188,155,140,155,253,236,231,207,192,197,48,51,35,21,18,122,113,108,70,95,75,184,170,162,157,148,158,252,253,224,194,200,193,33,35,46,0,0,1,114,116,98,81,78,88,176,172,153,140,132,251,235,239,222,202,199,60,52,62,22,16,3,98,108,101,65,77,69,160,172,161,143,143,128,243,243,230,213,204,39,54,46,6,21,14,120,106,97,95,84,94,182,183,160,130,142,137,252,246,225,223,213,197,50,41,57,23,7,5,109,106,94,82,81,188,183,174,133,150,159,241,245,227,195,209,199,63,55,36,24,8,27,124,109,122,87,73,89,186,169,184,148,138,250,236,236,218,213,208,63,53,63,26,23,3,99,116,105,95,87,64,185,171,187,154,136,132,239,236,228,206,199,205,45,44,28,17,17,120,114,110,69,83,74,185,169,164,131,156,134,226,234,229,220,214,194,62,43,58,16,14,25,115,109,120,86,70,167,182,169,155,139,142,253,244,255,216,209,222,62,53,32,2,13,7,97,109,99,93,85,78,178,170,185,149,147,131,249,242,219,217,204,38,51,40,27,10,5,113,116,126,91,86,93,188,162,188,149,143,134,224,237,228,209,212,196,52,51,39,16,18,124,119,108,70,80,73,184,170,167,152,151,158,247,247,253,222,201,193,33,41,47,0,14,5,114,116,109,91,78,88,177,178,157,145,140,230,255,234,216,202,199,60,55,62,24,17,29,124,105,124,89,67,91,180,173,167,143,129,135,240,243,224,210,210,60,50,44,6,31,4,120,106,102,91,84,94,189,182,163,130,140,132,225,226,230,221,213,194,59,41,57,21,12,5,109,109,89,82,81,190,182,176,159,159,159,250,243,227,195,209,195,60,55,38,24,22,5,96,97,96,79,65,66,179,179,167,144,140,231,244,233,198,209,205,56,42,37,16,9,11,125,117,125,88,66,65,161,172,166,128,129,134,242,244,226,213,206,216,50,45,25,12,12,122,117,112,95,74,74,191,169,162,153,149,157,250,238,226,193,194,199,62,53,36,15,13,12,110,106,96,80,82,187,176,175,134,150,138,229,243,225,217,201,198,56,40,39,26,10,28,125,104,101,64,65,71,175,169,165,147,147,130,247,239,199,211,201,56,43,42,16,23,31,123,116,126,90,85,64,162,169,167,156,150,135,249,235,250,215,203,217,55,46,56,17,7,103,121,105,91,75,76,188,180,191,145,144,158,253,245,224,194,200,199,60,54,38,24,8,26,123,104,103,78,78,69,173,166,146,140,142,253,246,240,217,210,193,36,49,35,29,8,0,125,119,100,85,86,69,187,168,186,147,141,135,238,237,231,205,198,39,53,42,6,17,15,120,106,100,89,87,94,184,176,189,159,137,129,225,237,239,192,200,197,50,52,38,18,13,24,121,111,71,80,76,187,171,175,158,151,159,254,246,224,195,210,196,34,47,34,1,14,14,96,105,99,82,84,66,176,173,184,151,141,231,245,236,198,210,202,37,54,32,25,9,0,118,117,125,90,72,92,191,170,166,128,139,142,239,232,225,208,211,198,56,47,7,23,15,102,118,110,88,74,68,176,180,190,153,144,131,226,233,224,223,214,194,62,53,34,21,20,7,117,110,120,86,74,185,172,169,159,139,139,251,247,255,208,211,222,63,55,32,2,10,1,127,118,102,88,85,66,179,169,185,148,137,133,237,233,223,210,209,56,54,46,5,17,1,100,115,99,94,72,66,185,170,188,152,143,133,224,239,239,210,212,198,46,42,44,13,14,124,113,113,90,84,78,165,179,160,132,147,128,254,232,229,216,215,194,62,43,59,25,9,4,111,111,100,78,78,68,176,178,159,150,140,230,244,232,216,202,193,56,55,62,25,8,4,118,119,102,89,75,91,185,172,164,143,139,129,238,238,229,205,203,61,44,42,25,22,16,113,116,97,68,82,71,163,189,189,151,131,156,244,239,230,192,202,196,49,52,37,17,19,12,120,114,94,88,76,166,182,169,152,138,131,253,233,231,195,212,201,34,45,40,28,22,2,120,107,122,80,77,89,186,174,184,152,137,231,243,232,219,203,201,57,52,63,25,19,30,118,125,125,91,76,92,187,175,166,128,137,135,241,244,231,214,211,196,51,47,7,20,11,123,107,109,93,84,95,177,177,190,150,150,157,247,237,252,217,204,198,32,47,36,17,20,4,119,115,98,80,82,189,182,177,146,147,141,229,244,231,218,201,192,59,40,34,30,10,28,123,108,123,93,76,71,175,160,165,144,147,132,242,242,220,209,204,38,54,37,24,10,5,123,116,126,93,86,67,162,175,162,129,141,143,224,225,224,210,212,195,54,45,56,16,11,103,117,108,91,75,69,177,170,161,157,148,158,251,245,227,194,194,195,33,42,37,29,21,4,116,105,121,81,75,69,173,168,146,145,145,248,235,235,208,202,197,62,52,62,25,23,3,98,111,101,65,75,91,191,160,186,148,128,132,238,234,224,211,210,50,52,49,28,22,16,127,112,127,89,86,67,163,180,165,156,151,132,249,246,225,222,200,218,59,32,36,14,9,0,112,114,95,89,76,166,182,174,133,158,130,249,233,226,217,213,221,59,46,34,1,8,1,96,106,122,87,65,89,176,169,165,141,135,248,242,241,217,212,208,60,55,63,27,18,30,119,119,96,66,77,67,191,182,163,159,149,135,243,233,249,208,201,197,45,43,24,17,17,115,126,109,69,87,65,164,189,164,131,148,134,255,247,225,216,200,219,60,41,36,15,12,7,110,108,109,77,74,191,177,177,155,150,142,229,241,224,196,210,192,62,40,41,22,23,8,126,107,123,94,72,68,175,172,161,142,140,132,240,242,222,216,204,38,51,47,24,10,3,122,119,126,91,86,93,191,163,188,149,130,134,224,237,228,209,212,197,50,45,56,18,12,122,108,105,83,75,69,189,183,191,156,150,128,227,247,231,194,205,192,60,54,47,27,8,26,115,108,100,78,71,68,179,178,158,145,145,253,245,237,197,210,197,57,41,39,27,22,29,124,105,98,65,75,69,160,161,167,146,148,134,244,238,248,217,202,57,44,44,31,11,12,120,119,127,90,93,94,184,176,160,130,138,133,255,246,231,216,213,193,50,41,57,16,7,24,112,109,90,76,77,184,181,176,145,151,159,240,244,227,195,211,199,63,55,33,25,11,27,120,105,100,79,76,89,182,166,184,152,136,250,236,233,223,213,208,56,55,33,4,16,30,124,124,125,89,79,65,161,169,163,158,149,129,240,244,225,210,206,216,50,38,26,12,14,121,118,112,92,95,66,164,181,163,131,145,129,255,247,232,213,203,219,59,45,36,15,12,4,112,115,99,77,72,189,172,170,146,150,144,249,245,225,196,208,199,35,54,32,31,23,9,117,118,102,89,72,90,182,171,167,142,135,129,237,235,219,209,209,60,48,48,30,21,2,100,113,107,94,72,65,187,183,165,157,139,155,245,238,231,207,202,192,48,51,38,20,18,122,108,105,93,75,79,190,183,191,153,150,128,227,245,231,194,201,192,60,54,39,27,21,0,112,105,121,82,75,70,173,166,154,140,138,248,246,240,223,209,194,36,60,39,30,8,6,127,105,124,93,78,91,180,169,167,143,137,140,243,243,226,211,204,39,55,45,24,11,13,123,106,100,80,73,65,186,181,189,150,136,130,225,232,228,192,200,196,50,52,34,20,19,4,114,111,71,80,79,184,171,165,152,138,128,248,244,254,217,220,192,34,42,35,28,22,5,124,107,122,86,84,66,178,174,184,153,134,250,236,238,222,213,208,58,55,33,4,22,30,123,124,125,92,78,65,161,174,162,158,149,130,240,244,227,206,206,204,48,50,25,21,12,102,127,108,91,74,71,189,169,170,150,136,134,246,234,252,216,206,197,32,41,39,17,20,12,115,115,102,88,82,179,184,172,134,150,143,251,234,231,221,201,198,61,40,39,22,23,4,122,107,123,88,74,68,175,170,166,142,135,133,240,242,217,216,204,38,51,41,24,10,0,113,116,126,92,80,93,191,170,161,129,141,143,253,245,224,208,202,217,53,38,37,13,7,121,108,105,82,75,74,190,183,191,156,150,128,227,253,232,223,215,201,60,54,47,20,21,3,118,105,121,85,76,70,173,170,152,140,141,248,246,240,209,208,223,49,55,35,3,21,0,124,119,104,92,86,67,189,168,186,144,128,132,238,236,224,211,210,62,57,44,6,23,14,101,117,106,68,87,74,190,168,163,155,137,156,254,239,251,222,200,218,51,33,57,19,12,5,109,107,89,82,81,185,179,176,157,150,130,228,240,234,222,200,193,61,42,60,27,3,6,96,107,98,79,72,69,179,179,166,153,143,231,246,238,216,203,206,57,52,63,16,9,5,119,104,96,90,74,92,191,175,165,128,138,130,239,234,231,211,211,204,57,50,24,21,12,102,112,111,91,74,69,188,169,166,157,149,157,247,227,225,193,202,196,61,53,36,26,9,25,114,106,120,81,70,167,178,171,155,139,140,253,244,255,223,212,192,35,61,35,2,15,8,97,104,111,93,85,66,177,170,185,144,139,152,243,236,199,212,202,38,63,40,24,10,0,122,119,126,87,80,93,185,169,161,129,131,128,253,245,239,209,201,217,50,45,38,13,10,121,108,107,82,75,73,177,183,191,157,151,128,227,245,225,220,215,196,33,42,46,0,15,1,114,116,109,86,77,88,177,170,135,153,145,250,240,240,220,211,194,36,55,43,30,8,4,122,119,99,93,75,91,191,174,167,143,141,129,240,243,231,216,207,39,52,49,19,23,13,101,112,101,89,73,75,187,182,189,158,143,156,252,232,230,192,205,207,47,33,38,19,19,3,115,108,71,87,73,166,191,173,152,138,131,241,233,224,218,213,221,60,40,34,1,13,4,96,97,111,79,76,77,179,179,165,149,140,231,244,228,219,203,197,59,42,34,25,20,30,119,112,96,66,73,69,191,182,165,153,149,133,239,236,227,206,206,193,48,50,30,19,15,102,115,105,69,84,66,185,169,162,151,149,157,252,238,225,193,202,197,62,53,32,23,20,2,123,115,99,89,79,167,184,169,155,139,141,251,244,255,220,215,222,59,60,61,30,15,1,97,111,98,94,85,64,182,180,160,144,147,140,246,242,211,213,204,38,55,40,27,10,7,123,105,101,94,85,93,182,172,188,149,142,134,224,237,230,209,212,197,54,51,45,16,15,103,121,106,91,75,73,188,180,191,155,148,128,227,243,227,194,205,192,60,54,39,26,8,26,122,106,103,78,71,64,173,171,154,140,139,242,235,232,221,215,223,49,53,32,3,29,4,98,107,98,92,86,70,180,168,186,154,138,132,238,238,230,211,210,57,49,49,31,23,13,101,119,101,89,73,68,189,182,189,152,130,129,225,235,251,221,193,218,53,43,36,14,11,7,115,114,91,85,81,189,181,176,157,159,159,254,241,227,195,209,194,60,55,41,24,22,6,124,104,122,87,79,89,178,171,165,141,137,242,241,241,219,212,208,56,55,34,4,19,4,126,104,99,93,73,92,189,170,165,128,136,154,242,225,249,208,204,197,45,41,31,18,17,115,114,112,91,84,95,191,178,190,156,145,128,226,233,228,223,214,197,63,53,33,18,9,25,116,104,120,85,75,186,172,173,154,149,144,253,244,255,218,215,195,35,49,39,31,23,2,121,104,123,95,79,90,179,170,185,147,134,152,249,232,218,204,203,56,53,48,27,21,31,126,116,99,67,80,70,191,183,165,152,139,155,245,232,228,207,205,198,46,41,37,16,18,122,121,108,70,94,78,184,170,170,145,148,158,254,246,253,221,203,193,33,34,47,29,21,6,118,106,121,82,73,88,183,178,152,153,145,248,240,237,197,222,195,58,41,36,28,8,5,126,106,124,89,77,91,186,172,167,143,141,132,240,243,230,208,210,50,48,44,6,16,4,120,106,98,93,87,94,187,189,160,130,136,156,252,226,251,220,192,199,47,47,33,16,19,2,113,108,71,80,81,186,176,176,145,146,130,228,244,227,221,200,201,59,55,35,29,11,27,121,111,122,83,76,68,174,173,173,144,146,252,244,241,221,222,208,62,62,34,4,19,1,125,104,98,94,73,92,186,182,166,157,136,154,244,239,228,206,207,193,51,50,26,22,17,123,118,112,93,80,95,176,179,163,131,146,131,252,247,233,222,214,196,61,40,58,21,15,25,118,107,101,77,77,186,178,177,152,149,144,249,246,226,196,211,202,62,40,36,27,9,28,126,106,101,64,73,90,181,160,185,145,137,133,237,230,223,210,209,57,52,48,25,10,6,126,105,96,91,85,93,188,169,162,129,141,130,224,239,231,210,212,193,53,51,44,20,15,103,113,109,88,75,76,189,170,171,152,148,158,249,252,224,194,194,195,60,54,33,28,11,26,116,116,96,84,83,67,181,175,135,151,143,248,235,238,221,202,198,36,50,37,3,20,2,127,119,105,92,72,91,188,173,186,146,136,132,238,239,236,205,207,63,50,49,29,22,14,101,127,98,68,82,64,190,168,167,150,138,156,248,233,230,192,203,199,49,52,36,14,9,2,109,107,92,81,81,191,179,174,133,150,134,228,246,224,222,200,199,54,55,36,24,11,27,124,104,100,79,64,64,174,168,166,144,146,242,248,236,198,213,200,59,42,42,17,20,30,121,118,125,94,75,65,161,163,161,157,149,143,241,234,249,210,207,198,45,38,25,12,10,114,107,109,81,87,95,191,183,160,131,156,132,226,237,226,220,214,195,53,53,39,16,9,25,113,107,102,77,76,185,172,171,147,139,132,254,247,255,216,208,195,35,52,33,28,23,6,124,118,111,91,85,70,180,169,185,150,139,134,237,239,223,204,204,38,51,42,5,18,6,121,105,106,91,86,93,186,174,188,153,139,155,249,224,250,219,205,196,46,44,37,19,18,121,114,113,92,94,80,177,190,162,132,150,134,254,232,227,222,201,220,63,54,37,20,21,3,117,105,121,82,76,70,173,166,159,140,133,230,244,235,197,223,196,57,41,42,28,22,29,119,110,124,89,72,70,160,168,174,143,142,128,243,243,237,209,204,39,53,46,6,16,5,101,117,107,89,73,71,187,182,189,156,139,130,225,234,230,192,207,206,47,42,35,19,19,7,114,108,71,86,78,166,191,176,154,159,159,253,241,227,195,212,197,60,55,35,30,22,0,117,117,99,91,84,77,177,174,184,144,143,249,236,233,198,213,204,56,42,42,16,20,30,127,119,96,66,75,66,191,182,165,158,149,132,251,244,231,213,206,216,53,42,25,12,13,127,107,111,88,87,95,188,188,190,151,145,128,226,234,225,223,214,195,56,53,36,17,9,25,112,103,120,85,77,186,172,173,152,149,144,249,245,255,223,220,222,62,51,32,2,13,4,124,118,101,89,85,65,175,160,162,142,143,130,240,242,218,213,207,38,50,40,5,23,2,100,117,101,67,92,66,191,183,166,153,136,155,254,237,250,218,201,196,46,39,44,16,18,127,116,108,70,87,78,187,170,165,153,137,135,255,245,253,214,195,193,33,43,34,30,21,4,117,116,98,80,83,65,183,178,155,151,140,230,255,238,219,202,202,59,41,38,30,8,3,119,119,97,88,75,91,187,173,164,143,141,134,238,232,230,208,210,59,54,44,6,31,14,120,106,101,81,84,94,188,181,189,153,131,156,249,236,230,192,201,194,49,52,45,18,13,24,114,114,90,89,81,186,178,173,133,146,131,250,233,225,218,200,201,63,42,60,29,13,27,120,108,103,79,74,68,176,179,167,146,146,253,242,236,198,213,196,37,63,33,25,9,6,126,118,125,91,87,68,181,182,161,148,136,154,240,237,231,206,202,197,51,50,27,18,12,102,113,106,69,84,71,185,169,164,157,150,157,247,238,252,217,202,198,32,32,33,15,8,1,115,115,99,80,76,167,179,172,134,144,141,248,234,235,208,212,222,62,48,32,2,14,9,124,118,110,93,85,64,178,169,185,146,134,133,237,235,222,210,209,59,50,48,17,22,2,100,117,107,67,81,68,191,183,169,153,136,155,255,237,250,210,202,196,46,38,34,13,8,126,113,113,95,86,78,165,176,167,132,148,131,254,232,229,214,202,220,58,41,38,0,11,6,113,116,101,81,83,68,182,178,147,150,140,230,245,233,219,202,198,56,55,62,31,23,29,118,99,124,90,78,70,160,172,165,145,148,129,247,243,230,208,207,39,51,37,27,11,4,124,119,127,94,84,64,163,189,160,130,140,137,225,236,225,221,213,197,55,42,57,20,15,6,109,110,88,76,72,179,171,171,159,151,159,255,246,224,195,208,197,34,46,34,28,22,15,122,117,96,80,73,89,187,173,166,141,143,253,236,239,216,214,208,57,62,63,28,22,3,99,113,104,95,87,70,185,182,164,157,136,154,251,224,228,206,201,198,51,50,31,16,15,102,114,112,95,94,95,186,189,163,131,145,130,252,247,224,219,214,199,60,40,58,19,1,25,112,106,101,77,72,191,178,177,157,147,144,249,244,226,196,221,197,35,51,36,31,23,5,124,104,123,91,77,90,180,161,185,155,135,133,237,236,222,210,209,51,62,45,5,18,2,100,124,101,67,87,68,191,183,164,159,136,155,252,239,250,219,201,217,50,40,56,25,11,122,108,111,90,85,80,191,183,191,154,151,131,227,242,230,223,215,194,56,43,59,29,9,4,111,107,103,78,78,69,176,178,156,150,140,230,242,232,219,202,192,49,52,62,23,22,29,126,98,124,90,79,70,160,160,164,145,148,132,244,243,230,208,210,51,55,44,6,21,15,120,106,99,88,87,94,189,176,189,153,137,129,225,232,239,221,213,192,48,42,57,17,15,6,109,104,89,76,68,189,171,170,145,151,159,254,247,224,195,209,197,34,40,60,29,2,27,120,110,103,79,75,64,176,179,165,148,146,243,241,236,198,211,203,56,42,43,29,20,30,125,118,99,66,66,69,161,163,167,157,149,129,251,233,249,209,203,197,45,44,25,18,17,127,117,112,93,94,95,186,189,163,131,156,131,252,247,225,221,200,219,56,53,46,21,20,1,119,110,120,88,77,185,172,175,153,139,143,248,234,234,222,201,199,60,53,61,29,10,2,97,105,99,64,73,71,178,180,173,148,142,152,245,234,217,204,207,51,54,48,25,10,7,127,105,107,89,85,93,187,175,162,129,143,130,224,235,228,207,193,195,46,43,39,16,18,124,114,111,70,94,73,165,178,162,153,137,130,248,245,253,219,200,193,33,41,38,30,21,0,119,116,109,91,83,77,182,175,135,153,142,251,235,239,216,212,223,56,41,43,31,21,29,119,108,97,65,74,66,190,181,161,144,148,140,243,238,248,213,199,39,49,40,27,11,4,122,116,127,92,86,94,183,189,189,154,131,129,225,226,229,221,213,194,58,41,57,26,11,24,112,102,71,84,69,187,171,169,157,148,159,251,247,224,195,221,195,34,46,33,28,22,7,123,104,122,83,75,71,174,172,167,141,142,249,236,229,221,203,197,61,55,63,16,28,3,99,115,101,66,78,66,188,182,165,155,136,154,246,235,228,206,198,197,51,50,18,18,17,120,112,112,95,94,66,164,182,166,157,136,137,255,233,252,213,214,207,52,53,46,21,9,25,119,109,102,77,79,190,172,172,134,158,138,229,255,225,217,201,196,62,54,61,26,8,28,122,104,102,64,78,65,175,175,161,144,147,129,248,239,199,208,204,38,48,44,24,10,2,126,116,126,86,80,67,162,173,164,129,136,134,224,236,238,207,201,192,51,51,38,20,12,103,119,110,70,85,77,184,170,163,159,137,139,252,245,253,217,200,194,33,46,36,0,14,7,114,116,100,85,78,88,183,170,153,140,140,248,245,240,222,212,223,63,52,35,3,18,7,127,119,100,88,72,91,184,173,186,147,148,129,251,243,230,213,207,39,55,46,24,11,14,125,106,101,68,86,74,163,179,165,159,151,135,252,232,251,213,205,218,55,42,36,14,9,3,112,114,94,83,76,166,180,165,152,138,128,250,233,228,215,200,195,57,42,60,25,9,5,96,107,99,79,73,70,174,171,163,141,137,254,241,241,211,212,206,37,50,32,4,16,0,126,104,98,89,87,68,184,171,187,149,128,135,239,238,225,206,200,197,48,50,26,24,12,102,118,105,91,74,69,184,183,190,155,136,135,254,234,252,223,204,198,32,44,34,17,20,1,118,115,100,80,82,190,182,177,154,146,141,229,243,227,218,201,194,57,40,39,30,10,28,125,98,102,64,75,67,178,180,173,147,141,152,240,234,199,210,207,59,43,46,31,23,31,125,112,96,67,93,72,191,183,161,158,150,130,252,232,250,218,204,196,46,44,33,19,18,114,116,113,93,75,76,190,170,167,156,148,158,246,247,227,194,207,196,33,44,37,29,21,3,116,116,108,81,78,88,181,175,153,140,141,230,247,237,216,202,203,48,52,62,29,16,3,98,105,97,95,86,70,160,170,175,143,141,129,243,243,225,211,204,39,55,40,6,21,13,101,118,107,68,86,71,190,168,169,157,137,156,244,239,251,216,201,199,47,47,35,14,14,0,112,114,94,89,76,166,178,174,133,151,131,249,233,231,215,213,221,62,47,34,1,10,2,96,106,122,91,78,89,177,168,165,141,134,249,242,241,210,212,208,49,55,34,4,28,5,126,104,104,90,74,92,190,170,165,128,140,133,239,232,228,211,211,199,57,47,7,20,8,123,107,106,88,84,95,185,177,190,158,150,128,226,234,233,220,214,196,57,43,58,26,12,25,112,115,96,88,82,186,183,172,134,146,141,251,234,227,222,201,192,62,53,61,31,12,28,116,110,102,64,73,70,177,180,162,150,147,140,241,239,199,215,202,59,43,43,26,20,31,121,119,96,67,86,93,183,171,161,129,130,143,253,245,231,215,202,217,54,47,38,13,7,121,108,101,92,75,68,189,183,191,158,148,128,227,242,226,194,201,194,60,54,32,26,21,6,118,105,121,91,78,70,173,168,159,140,137,250,246,240,217,209,194,36,48,33,30,8,3,119,106,124,89,72,91,185,169,167,143,136,130,243,243,227,213,204,39,56,46,6,31,16,122,127,127,90,82,67,163,176,164,156,151,137,248,246,238,221,200,218,50,32,57,20,12,5,109,102,91,82,81,184,181,176,144,159,159,250,242,227,195,212,197,60,55,40,28,8,27,121,107,122,84,64,89,178,167,165,141,137,249,242,241,210,210,208,58,42,42,16,9,1,122,117,125,94,74,66,161,169,161,128,142,135,242,244,237,213,211,198,52,47,7,23,13,120,107,105,93,74,68,177,169,166,153,149,157,250,239,225,193,205,199,62,53,33,18,20,3,116,115,102,86,79,167,184,175,152,139,142,252,234,225,218,201,203,57,40,37,27,10,28,123,99,102,64,65,67,175,161,164,147,147,130,249,242,216,212,204,38,49,45,27,10,2,124,105,103,93,85,93,189,163,161,129,139,131,253,245,229,218,201,217,59,45,56,19,7,103,119,107,91,75,74,187,180,191,159,145,158,248,246,224,194,204,199,33,46,36,29,21,2,112,106,121,85,76,88,183,167,135,147,133,251,235,235,221,212,223,56,55,32,3,17,29,118,107,97,65,73,64,189,181,163,144,138,153,247,239,230,205,206,56,44,43,29,11,10,127,119,127,89,86,64,163,181,164,130,139,128,252,246,226,218,213,196,48,41,57,19,11,6,109,104,90,76,74,179,171,164,145,151,159,240,241,227,195,209,192,60,55,40,28,22,1,123,117,98,84,73,89,177,171,166,141,137,255,236,236,217,203,204,62,42,36,28,20,30,123,113,99,66,73,69,161,170,166,128,128,128,239,236,230,211,211,193,48,44,7,25,12,102,114,110,88,74,68,190,180,190,155,151,128,226,233,224,223,214,199,62,53,34,18,9,25,114,105,101,77,77,190,178,177,158,147,144,241,234,229,222,201,193,56,53,61,31,15,2,97,105,97,64,78,68,178,180,162,154,147,141,244,239,199,209,206,56,43,42,28,10,1,122,116,126,93,92,64,162,175,163,156,150,143,252,235,250,218,202,217,49,39,56,24,6,122,108,101,88,85,80,189,179,191,153,137,134,249,232,230,218,202,220,58,41,37,0,13,5,111,108,103,83,83,77,183,178,158,149,140,230,255,236,219,202,195,58,41,42,22,8,1,121,106,124,85,72,70,160,160,167,145,148,140,238,232,228,208,210,56,55,44,6,23,9,123,106,100,88,87,94,190,181,189,154,130,156,251,239,230,192,192,198,49,52,38,22,19,2,113,111,71,88,74,166,180,175,152,138,133,249,247,254,217,200,199,55,55,41,27,11,27,117,106,103,79,76,65,174,166,166,141,141,243,236,236,211,214,208,57,51,33,4,17,2,125,104,97,66,78,73,161,163,165,157,149,132,240,234,249,213,203,216,52,46,26,12,9,114,118,112,81,85,66,164,178,163,157,136,131,255,247,227,221,203,219,59,33,39,15,8,0,112,115,100,85,82,189,178,177,155,158,144,250,240,226,196,211,198,61,40,40,27,23,1,124,118,99,85,85,68,183,169,185,154,140,134,237,233,216,204,202,51,43,44,16,23,31,113,119,99,67,87,67,188,183,166,153,150,134,244,245,225,213,201,217,54,44,38,13,13,123,114,113,90,75,78,176,170,161,156,148,158,251,247,227,194,194,196,33,47,39,29,21,3,117,116,100,81,78,88,180,175,153,140,139,255,235,228,216,215,223,58,50,62,22,17,0,98,105,98,95,86,70,190,181,165,154,148,133,244,238,248,213,202,57,44,46,26,21,16,113,119,127,80,93,94,187,176,160,130,131,132,255,246,238,217,213,197,50,41,57,22,8,24,121,106,90,76,69,185,181,176,158,146,159,251,247,227,195,214,199,63,55,35,25,11,27,124,107,100,79,64,68,174,173,166,144,146,243,248,236,198,211,201,59,42,36,29,9,10,126,104,96,86,87,73,190,171,187,153,139,132,239,237,225,206,202,198,48,50,29,24,17,120,114,109,69,94,67,186,169,170,155,136,135,247,247,224,219,203,219,53,45,39,15,8,5,112,115,99,80,82,186,184,177,157,159,141,229,255,231,218,201,195,63,54,61,25,23,5,122,118,97,88,72,90,183,171,167,142,141,128,237,230,219,209,209,60,48,45,5,18,6,121,105,106,86,85,93,186,170,188,158,138,134,224,239,225,210,212,195,54,46,56,23,7,122,108,104,70,83,69,165,183,170,153,137,139,253,246,253,215,194,193,33,42,38,29,21,15,117,116,97,87,78,88,184,170,153,140,132,255,235,234,216,215,223,61,50,62,28,17,0,98,110,105,92,86,66,184,181,175,146,137,153,243,231,229,205,203,62,50,49,27,23,14,101,116,127,91,93,94,191,178,160,130,136,131,255,246,239,223,213,192,50,41,57,23,6,24,120,108,90,76,73,185,181,176,158,146,159,253,247,227,195,212,201,34,35,37,28,22,5,125,107,122,87,76,89,178,173,165,141,135,243,241,241,216,210,206,37,53,42,25,9,7,125,104,97,86,87,72,184,171,187,154,139,132,239,238,230,206,204,197,45,41,29,12,14,127,118,112,89,86,65,164,189,163,131,146,128,255,247,225,213,203,219,52,44,39,15,14,5,112,115,108,80,82,185,178,172,134,145,132,248,234,227,220,212,222,56,53,35,2,10,3,97,106,110,64,78,66,178,180,163,144,141,152,243,232,199,217,209,56,63,45,5,16,6,121,105,99,94,86,93,185,175,188,154,139,134,224,225,224,210,212,198,54,46,56,21,14,121,108,100,91,75,75,190,170,163,145,148,158,253,241,227,194,206,192,63,54,34,0,14,14,111,104,109,83,83,67,181,172,135,147,139,230,246,237,216,202,194,48,52,62,26,16,0,98,108,105,92,86,65,191,181,167,146,137,153,245,231,229,205,202,63,49,49,25,30,13,101,118,97,68,84,67,190,168,161,150,138,156,244,232,229,192,205,207,50,52,38,14,11,3,109,107,94,81,81,191,181,174,133,149,133,228,242,227,195,208,199,34,44,37,28,22,1,124,107,122,84,76,89,183,175,165,141,137,252,241,241,211,212,206,37,51,34,26,9,0,99,118,102,66,78,70,188,182,175,152,139,154,247,236,249,219,211,197,54,50,27,21,12,102,126,104,91,74,69,187,169,160,158,149,157,254,227,225,193,195,194,61,53,34,18,10,25,122,108,120,85,76,186,172,168,157,150,144,248,242,226,196,215,203,62,40,34,2,9,1,124,118,110,90,72,90,177,173,167,142,139,135,237,235,218,204,197,60,43,42,28,23,31,126,113,96,67,86,69,162,169,162,156,150,131,250,232,250,215,205,196,46,43,37,19,18,127,117,113,91,86,77,165,176,171,153,137,138,252,245,253,223,201,194,33,42,37,0,9,7,114,116,99,90,78,88,182,172,153,140,141,252,235,233,216,202,194,49,41,42,27,21,29,126,105,98,65,72,66,160,170,164,146,148,132,245,243,230,212,207,39,49,47,24,11,4,120,106,103,80,73,71,185,181,189,150,143,130,225,236,238,221,213,195,50,52,32,21,19,4,118,111,71,80,72,184,171,170,156,138,132,250,233,231,217,200,198,59,42,60,26,11,5,96,105,96,79,65,76,174,172,163,141,134,248,242,241,216,222,205,37,53,33,4,21,3,126,104,99,88,74,92,185,175,165,128,138,131,239,238,228,206,207,204,45,39,31,17,17,124,117,110,69,83,64,164,177,163,158,136,133,248,247,231,222,203,219,57,42,36,15,13,6,110,106,102,80,82,178,182,172,134,148,136,251,234,226,217,215,222,55,54,61,29,9,1,97,105,96,93,85,71,182,170,185,146,143,134,237,238,216,204,201,51,43,44,29,23,31,122,118,96,67,81,66,162,174,161,129,139,143,224,236,226,210,212,199,48,45,56,20,11,103,112,111,91,75,77,190,170,161,157,148,158,247,245,227,194,205,193,33,40,39,29,21,0,116,105,121,87,75,70,173,173,158,140,132,230,247,229,197,222,199,57,41,33,28,22,29,119,110,124,93,75,70,160,172,161,143,136,129,243,243,227,216,207,39,57,40,6,22,12,120,106,106,95,84,94,187,183,163,130,130,137,252,246,230,222,213,192,58,52,39,20,14,24,117,106,89,76,74,186,181,176,145,138,131,241,233,224,216,213,221,55,40,34,1,3,2,96,109,100,82,84,66,181,174,184,152,140,250,236,237,219,213,208,49,50,63,25,21,3,99,117,104,95,87,69,184,168,187,157,139,132,239,235,249,219,207,197,45,44,30,17,17,125,117,110,69,80,70,164,180,190,151,146,157,255,236,225,193,201,196,62,53,37,21,20,2,123,115,97,86,82,179,179,172,134,150,140,251,234,234,217,201,202,63,53,61,30,13,1,97,110,99,94,85,67,186,169,185,144,147,141,249,242,220,212,204,38,62,40,27,10,10,123,105,101,67,93,70,162,168,163,156,150,133,255,235,250,212,205,217,49,45,37,13,11,115,108,111,89,86,80,190,183,161,132,147,158,252,244,224,194,203,198,60,54,32,24,8,26,112,109,121,82,83,70,185,178,153,152,140,230,242,238,219,202,197,61,41,37,30,21,29,124,99,124,85,78,70,160,169,164,145,148,129,241,243,228,211,207,39,56,42,27,11,12,122,119,127,92,84,64,163,188,165,130,130,137,225,234,225,221,213,195,55,42,57,27,11,24,116,108,71,85,75,166,178,171,152,138,128,251,247,254,219,215,221,54,42,33,1,11,0,96,109,101,82,84,68,179,173,184,144,138,231,247,237,219,203,207,49,42,33,28,20,30,121,117,99,66,66,66,161,169,166,157,149,142,251,233,249,210,203,198,45,42,18,17,17,123,107,107,81,74,67,189,180,190,154,151,131,226,233,228,193,207,198,61,53,35,21,20,13,118,110,120,89,79,185,172,170,158,139,138,251,247,255,208,211,195,35,55,34,31,23,9,116,107,123,92,74,90,186,168,164,142,142,131,240,242,217,211,207,38,48,41,5,20,31,112,125,126,92,92,64,162,174,162,159,150,134,249,245,238,211,201,217,49,40,56,24,13,122,108,109,91,85,80,186,183,191,156,151,131,227,240,231,223,215,199,57,40,59,26,8,4,111,109,103,78,76,68,176,178,157,152,140,230,241,238,219,202,197,61,41,34,3,17,8,98,110,103,92,86,71,189,171,186,146,140,153,242,238,229,205,207,60,44,40,31,22,16,121,119,97,68,81,71,163,180,161,159,151,132,251,235,251,213,202,199,47,45,36,16,19,6,115,114,88,89,81,179,177,173,133,144,129,250,233,234,219,200,201,34,40,39,1,14,4,125,117,100,81,74,89,179,169,184,150,135,231,246,234,198,222,207,56,42,42,17,20,30,122,112,125,93,73,65,161,171,175,157,149,135,246,233,249,215,207,198,45,42,25,12,9,124,107,105,95,87,95,190,182,160,131,149,132,226,237,224,220,214,198,59,53,47,22,9,25,117,108,102,77,76,189,172,170,152,150,144,241,240,226,196,215,198,61,40,33,31,9,28,117,107,123,90,75,71,175,173,162,147,147,130,245,236,199,216,204,56,43,45,26,10,2,121,116,126,90,92,64,162,174,165,159,150,135,250,245,238,210,201,217,52,41,56,25,11,122,108,110,89,85,80,177,183,191,156,151,131,227,242,230,223,215,196,62,43,59,31,11,4,111,96,121,83,78,69,173,173,157,145,145,250,243,238,197,211,199,36,53,33,3,28,7,98,98,103,92,86,65,190,171,186,155,140,153,240,238,248,214,200,39,52,41,27,11,12,120,116,127,90,84,94,185,182,160,130,143,136,252,246,228,217,200,218,48,40,39,14,14,7,109,104,91,81,81,178,191,173,133,145,135,250,233,229,223,214,221,63,42,60,21,2,27,117,111,103,79,76,70,176,179,166,148,146,249,240,236,198,213,203,37,49,38,25,9,10,124,118,125,92,77,92,184,168,166,128,136,142,242,244,224,214,206,216,50,46,25,12,15,120,107,111,81,74,64,190,180,190,152,151,131,226,233,229,193,204,197,32,45,47,15,12,1,115,115,96,85,76,167,181,174,134,149,142,248,234,231,222,201,193,58,53,61,23,11,2,97,109,102,64,78,68,178,180,167,154,142,152,240,237,218,204,203,59,53,48,28,23,31,126,117,99,67,86,71,191,183,168,153,136,155,250,233,228,207,202,196,46,38,34,13,7,126,113,113,94,84,78,165,191,160,132,145,130,254,232,228,217,215,193,62,43,59,29,11,4,111,108,121,84,77,69,173,172,147,145,145,249,243,237,197,214,194,58,41,42,29,8,5,126,106,124,93,76,70,160,173,165,145,148,131,242,237,248,215,204,39,55,43,6,16,9,120,106,102,90,87,94,182,177,189,152,138,129,225,236,224,221,213,206,55,41,57,17,13,6,109,102,88,76,77,184,182,176,144,158,130,228,240,230,221,200,200,58,55,37,1,2,15,96,108,96,82,84,65,176,173,184,146,138,231,249,241,216,223,208,59,51,34,4,20,7,125,104,98,93,87,68,191,171,187,154,142,135,239,238,224,211,211,198,56,47,7,25,9,102,119,100,69,86,69,185,169,162,155,150,157,252,234,226,193,206,197,32,42,46,15,8,1,115,115,103,82,76,167,178,168,134,150,141,248,234,230,209,201,198,60,53,61,29,10,2,97,104,97,64,79,71,178,180,161,149,147,130,242,239,199,216,196,59,43,44,27,10,2,113,105,106,88,85,93,191,168,162,129,130,142,253,245,226,207,204,205,46,39,35,16,18,127,114,111,70,86,74,165,190,163,153,137,128,248,232,226,221,202,220,52,41,37,0,0,2,111,106,100,83,83,65,185,175,135,145,136,251,235,238,219,212,223,63,49,62,22,29,29,121,109,97,65,79,67,190,181,164,147,138,153,250,243,230,214,210,51,52,44,6,18,14,123,106,96,91,73,68,191,181,189,154,140,156,250,239,230,192,204,199,49,52,33,23,19,13,120,114,83,86,76,166,178,169,152,138,134,241,244,254,214,213,221,58,44,60,25,12,6,96,106,98,81,84,65,178,173,184,147,146,255,248,241,222,208,205,37,63,32,26,9,10,122,104,96,95,87,64,186,182,162,159,136,154,240,225,228,206,204,198,45,40,27,17,17,122,112,109,69,85,71,185,169,164,158,150,157,246,233,252,213,194,219,57,47,39,15,11,0,112,115,102,81,76,167,185,172,155,139,139,255,234,228,220,212,222,62,55,35,2,13,3,97,110,102,64,76,65,175,161,167,147,147,132,243,236,199,211,206,38,54,45,24,10,10,126,116,126,94,81,67,162,174,169,156,150,129,254,245,224,212,212,194,52,46,56,23,10,121,108,100,94,75,72,185,183,191,145,157,158,248,240,224,194,203,197,63,54,39,24,21,3,113,105,121,85,73,88,184,172,154,140,142,251,245,240,219,210,223,62,55,35,3,16,9,127,119,98,88,72,91,190,171,164,143,138,153,250,239,229,205,198,63,49,49,18,19,14,101,115,102,68,93,94,185,178,189,156,136,129,225,226,231,222,213,193,55,52,33,19,14,24,120,104,90,76,68,184,182,176,157,159,130,228,242,224,195,212,195,63,55,33,21,11,27,123,106,103,79,75,71,176,179,164,146,146,249,248,241,222,211,205,37,50,33,26,9,1,122,104,97,66,73,72,161,174,162,157,149,135,242,234,249,212,202,216,50,44,26,12,15,114,118,112,81,85,66,164,183,163,157,136,135,250,247,233,221,203,219,58,47,39,15,10,0,112,115,101,81,76,167,181,175,134,144,139,229,241,229,217,201,199,59,54,61,23,15,28,116,106,102,64,64,65,175,173,161,147,147,135,241,236,199,211,206,38,63,44,24,10,4,112,116,126,95,81,64,162,168,162,159,150,134,254,245,226,211,201,217,52,39,37,13,10,121,114,113,91,87,78,165,178,162,132,151,133,227,247,228,223,215,197,63,40,59,21,12,26,112,106,121,87,73,88,177,171,154,140,138,251,245,240,220,211,223,62,53,35,3,18,6,127,119,100,89,72,91,191,160,167,143,141,153,244,231,248,213,198,58,44,47,31,21,16,127,118,97,68,83,64,163,177,167,130,136,133,252,246,227,222,203,218,48,46,57,23,14,24,121,105,90,76,76,185,182,176,159,150,129,228,252,225,195,215,195,63,55,37,21,11,27,124,108,103,79,78,76,179,179,161,141,134,251,241,241,217,223,205,37,48,39,26,9,3,121,104,103,95,87,66,180,182,162,152,136,154,240,235,231,206,207,194,45,42,25,17,17,124,112,109,69,95,65,185,169,160,157,150,157,252,239,252,223,203,198,32,47,46,18,20,2,113,110,120,86,79,185,172,165,134,159,133,229,245,228,217,201,197,61,54,61,28,13,28,123,118,103,91,85,71,183,169,185,151,142,134,237,232,223,204,203,56,54,48,25,30,31,121,118,99,67,85,64,188,183,168,129,136,143,224,233,238,210,212,199,54,45,56,19,12,121,108,104,91,75,73,177,170,165,144,148,158,255,241,227,194,206,192,63,54,34,30,21,3,122,116,99,87,78,88,178,172,153,140,137,249,235,234,219,215,223,61,50,62,29,16,3,98,107,98,95,86,65,189,181,164,147,137,153,242,231,229,205,204,56,50,49,29,23,14,101,116,127,90,93,94,190,176,160,130,130,132,255,246,229,223,213,207,50,52,32,20,19,0,117,111,71,84,79,184,171,169,154,138,129,249,244,254,216,220,192,34,45,35,31,22,6,126,107,122,84,74,89,179,173,165,141,143,252,241,241,222,210,206,37,51,35,26,9,10,125,104,98,86,87,72,186,171,187,152,138,132,239,225,230,206,203,197,45,41,19,12,9,126,118,112,89,87,65,164,182,167,131,144,128,255,247,225,213,214,207,62,40,58,18,10,7,110,109,102,77,77,186,177,177,155,144,141,229,244,231,218,201,202,58,40,34,2,11,7,97,98,99,93,85,78,177,170,185,154,140,152,242,239,218,204,201,60,43,40,26,23,31,124,124,99,67,80,69,162,170,162,156,150,143,251,232,250,212,204,199,46,42,45,16,18,115,108,108,91,86,80,190,190,162,132,156,129,253,232,225,222,201,220,61,54,47,20,21,5,116,105,121,90,76,70,173,175,157,140,133,243,235,229,222,202,195,59,52,62,31,21,3,98,111,101,65,67,78,160,168,174,146,148,132,246,237,248,212,199,58,44,45,25,11,4,112,106,102,95,84,94,186,182,163,130,140,128,255,246,227,192,205,193,47,45,34,19,19,12,115,108,71,88,78,166,191,165,133,146,133,228,252,224,222,200,198,62,41,60,20,8,27,123,96,122,85,78,68,174,172,160,144,146,248,249,236,198,223,206,37,50,36,4,18,6,126,104,105,90,73,92,189,172,187,152,139,154,247,239,249,219,203,197,45,45,24,18,17,115,116,112,90,87,66,164,188,165,131,156,131,255,247,233,212,203,219,59,43,58,20,1,25,123,103,101,77,77,191,177,177,158,146,144,255,234,225,223,201,199,56,53,61,23,15,2,97,104,99,64,77,71,178,180,163,149,147,132,244,239,199,215,205,56,43,47,31,10,0,120,116,126,90,92,64,162,163,165,156,150,133,253,235,250,211,204,217,59,38,56,23,8,122,108,106,94,85,80,185,179,191,158,151,158,254,243,253,216,205,193,33,47,36,30,21,5,118,116,109,83,83,68,182,178,159,148,140,230,243,236,219,202,192,60,41,35,31,21,29,122,108,124,88,78,70,160,174,167,145,148,141,240,243,236,216,210,59,54,44,6,31,15,120,106,101,81,84,94,184,168,164,150,151,136,251,235,251,213,203,196,47,40,33,14,9,5,112,114,82,86,81,190,178,173,133,148,130,250,233,224,219,200,199,63,42,60,25,13,6,96,105,98,82,84,70,187,174,184,153,140,231,240,237,219,203,206,63,55,63,16,22,0,99,113,100,66,74,92,185,162,187,157,129,135,239,237,224,208,211,199,52,50,18,12,8,114,107,110,90,87,95,177,182,160,131,157,130,226,232,224,220,214,198,58,40,58,21,12,7,110,103,109,80,82,187,177,177,154,150,141,229,247,229,217,201,196,61,54,61,24,14,28,127,118,98,90,85,64,180,169,185,151,142,134,237,233,222,204,197,58,54,48,29,16,31,125,112,99,67,87,69,188,183,161,153,150,129,245,245,231,213,201,217,58,43,37,13,12,114,113,113,82,86,80,185,177,191,144,147,131,227,240,228,220,215,192,56,54,33,30,21,3,122,116,97,86,78,88,181,175,153,140,132,249,235,238,219,215,223,49,51,62,31,17,0,98,98,97,95,86,70,184,181,160,145,137,153,246,232,229,205,199,57,49,49,18,30,13,101,119,127,81,93,94,187,178,160,130,142,133,255,246,225,220,203,218,49,41,36,14,8,3,109,102,88,81,81,191,180,174,133,149,128,228,243,224,222,200,197,57,42,60,29,14,6,96,109,103,81,84,77,179,179,160,147,143,231,245,235,219,203,201,61,52,63,29,28,3,99,117,96,66,75,65,188,182,164,154,136,154,247,234,231,206,204,193,45,44,26,17,17,120,126,112,80,84,66,164,183,161,157,136,134,250,247,227,223,203,219,62,46,39,15,11,6,115,115,101,80,76,167,178,175,134,149,141,248,234,234,222,212,222,56,55,32,2,11,0,127,118,97,64,76,79,175,170,162,147,147,131,245,236,199,213,201,38,51,48,26,31,31,124,113,99,67,81,65,188,183,161,153,150,142,253,232,250,210,207,196,46,42,39,16,18,124,112,111,70,83,80,190,182,162,132,156,138,254,232,224,218,201,220,53,42,37,0,14,26,119,110,121,87,72,69,173,171,159,146,145,254,242,240,219,212,194,36,61,36,3,22,2,127,119,100,94,72,91,180,170,186,148,138,132,238,237,227,208,210,60,51,44,6,22,12,123,106,97,89,73,65,183,168,161,151,138,156,251,232,229,192,207,194,47,42,57,17,6,24,121,105,90,76,73,184,181,176,155,149,159,254,252,254,217,210,221,54,41,33,1,13,4,126,117,98,82,84,67,187,179,172,150,143,231,241,233,219,203,196,48,55,63,30,20,30,118,125,125,92,76,65,161,174,162,158,149,133,243,234,249,209,206,216,55,38,7,24,15,123,107,106,90,84,95,188,182,190,157,149,128,226,236,231,193,202,196,61,53,46,26,9,25,115,108,120,87,76,186,172,172,156,150,144,240,245,226,196,213,194,61,40,38,2,2,0,124,118,111,84,72,90,182,172,167,142,138,133,243,242,222,204,206,51,43,37,28,23,31,112,113,96,67,93,66,162,169,161,156,150,134,244,232,250,215,205,196,46,40,37,19,18,120,116,113,92,87,77,165,176,165,153,137,131,251,246,253,215,207,220,60,43,59,26,1,26,114,110,100,78,78,71,179,178,154,148,145,254,246,240,216,223,223,48,50,35,3,16,3,124,119,105,88,86,70,188,168,186,144,128,132,238,235,225,208,210,58,50,47,6,18,9,101,112,107,68,93,74,190,168,161,154,137,156,250,227,230,192,204,196,47,42,34,14,7,2,112,114,93,82,79,166,178,168,133,150,129,249,233,230,217,200,193,61,42,60,24,9,5,96,97,101,79,73,68,179,179,167,150,146,242,245,236,198,223,204,59,42,38,25,9,0,119,104,101,86,74,92,180,174,165,128,142,135,241,244,228,211,211,198,57,50,18,22,12,102,117,105,91,74,65,190,169,170,158,136,133,249,247,227,222,203,219,52,42,36,15,13,0,110,108,101,80,82,178,184,172,134,158,136,248,234,224,218,215,222,56,48,61,24,9,1,97,110,111,93,85,71,183,170,185,146,143,134,237,236,217,204,206,50,43,43,29,23,31,125,112,96,67,82,68,162,163,161,156,150,143,250,245,228,214,201,217,54,47,38,13,15,127,108,109,90,86,80,191,190,162,132,150,135,254,232,229,215,202,220,63,43,59,26,1,26,114,110,100,78,78,64,179,178,146,145,143,230,241,238,197,210,203,36,51,37,30,8,4,124,105,124,84,73,91,186,168,186,149,143,153,245,234,229,205,198,58,50,49,26,18,16,126,127,127,89,93,67,163,189,162,159,151,130,255,232,251,213,203,218,50,32,57,23,7,5,109,105,89,82,81,185,183,174,133,144,159,253,253,254,215,211,192,34,44,34,31,22,7,121,117,97,82,84,77,180,179,164,146,143,231,248,236,216,203,196,60,42,35,25,20,30,119,115,96,66,67,66,191,182,165,156,139,154,245,234,249,218,207,197,45,42,19,17,17,121,114,110,69,84,70,164,182,160,158,136,136,248,247,226,216,203,219,53,43,36,15,11,1,110,104,100,80,82,191,183,177,158,146,141,229,255,227,218,201,203,58,40,38,23,23,8,117,107,123,93,76,68,175,168,167,144,147,129,237,235,219,209,209,56,51,45,5,17,1,122,105,106,91,72,72,162,173,166,129,139,130,253,245,238,211,202,217,54,43,56,16,15,122,108,110,82,86,80,177,179,162,132,151,128,253,232,231,223,215,194,61,43,59,21,14,7,111,104,96,83,83,70,184,175,135,145,142,230,244,235,197,210,199,57,41,38,26,22,29,125,109,124,90,72,91,184,174,186,145,141,132,238,237,224,211,210,56,51,49,24,22,13,101,116,100,89,73,75,188,181,189,154,130,129,225,232,227,192,202,199,50,52,34,21,14,24,116,106,89,76,72,187,181,176,144,148,159,250,245,227,195,215,199,63,55,33,30,8,27,127,108,122,90,84,77,181,179,162,146,143,231,244,236,216,203,205,63,42,35,24,20,30,118,115,96,66,66,67,188,182,165,149,136,154,242,234,249,219,198,216,53,38,26,12,4,120,117,112,94,86,65,164,178,160,131,151,137,226,226,228,220,214,198,63,43,58,17,12,25,122,115,102,88,82,190,180,172,134,149,136,251,234,224,220,201,193,63,53,61,31,12,28,122,110,102,64,65,71,177,180,162,142,143,140,237,238,210,209,209,61,51,46,5,20,3,122,105,102,93,72,67,183,183,162,152,139,155,255,234,228,207,201,195,46,42,56,25,9,122,108,108,89,86,80,184,183,161,132,147,129,227,244,225,223,215,200,58,54,39,24,8,26,117,97,100,78,71,70,173,171,155,145,145,251,240,237,197,211,199,58,41,42,28,8,9,98,110,105,65,74,66,189,181,166,150,138,153,241,233,248,215,204,58,44,45,18,22,16,124,117,98,68,82,67,189,168,167,154,151,136,252,235,251,219,193,199,47,42,33,19,19,13,112,108,71,84,76,166,176,165,133,149,133,249,233,231,221,214,221,56,46,60,31,22,2,123,117,111,84,73,89,177,174,166,141,138,248,236,234,216,214,208,63,62,63,17,23,3,99,115,96,92,87,67,191,182,163,157,136,154,240,224,228,206,203,192,51,50,25,25,12,102,115,110,69,87,74,164,178,164,158,136,132,253,233,252,221,202,197,32,46,58,23,14,25,114,106,101,77,75,186,178,177,156,146,144,254,255,255,220,211,222,56,55,32,2,15,9,124,118,96,93,85,79,179,169,185,147,134,133,237,230,216,210,209,63,55,46,5,19,2,100,114,98,94,72,72,185,170,188,159,142,133,224,237,229,207,205,196,46,44,45,13,10,127,113,113,90,82,78,165,180,166,132,145,131,254,232,226,217,202,220,59,41,38,0,10,7,113,116,100,83,83,76,184,178,153,151,140,230,242,233,219,202,199,57,55,62,30,23,29,122,99,124,85,76,70,160,169,163,145,148,135,241,243,236,205,198,60,44,43,25,22,16,126,119,97,68,86,65,163,182,163,159,151,135,245,246,231,223,200,218,51,41,39,14,13,5,109,107,91,81,81,185,176,173,133,151,135,250,233,231,219,200,199,60,55,37,27,22,5,120,104,122,82,75,71,174,175,162,141,134,250,236,236,221,203,207,58,55,63,16,20,0,99,119,103,66,67,73,161,163,160,128,140,130,241,244,228,208,205,216,55,47,7,19,13,123,107,105,81,87,95,191,182,160,131,151,129,252,247,227,193,206,192,32,43,46,18,20,6,113,109,120,82,75,167,182,164,134,144,139,229,242,230,217,201,202,63,54,61,28,14,28,121,106,102,64,64,65,178,180,161,145,141,152,246,239,217,204,205,57,43,42,24,23,31,123,114,99,67,80,68,188,183,160,157,136,155,255,245,227,219,212,197,53,46,56,25,10,121,108,108,92,75,76,187,183,191,159,147,158,252,241,224,194,206,193,63,54,32,29,21,4,113,105,121,87,71,69,173,166,152,145,145,248,245,238,197,210,193,36,50,42,3,22,4,127,119,101,94,72,91,184,172,186,145,148,140,245,243,227,210,207,39,56,47,24,11,11,124,106,106,68,92,74,163,189,164,159,151,131,255,232,251,212,200,218,59,33,57,26,7,5,109,103,88,81,81,190,179,176,155,138,128,240,233,225,217,213,221,58,41,34,1,11,2,96,107,103,79,78,77,174,167,160,144,146,251,241,239,198,213,207,37,49,42,4,18,5,99,115,98,95,87,71,189,168,187,157,141,154,244,234,228,206,199,204,48,50,18,19,15,102,126,104,69,81,66,164,181,171,131,145,137,255,247,229,222,200,219,61,47,58,19,9,25,112,102,120,80,75,186,172,165,153,149,144,251,243,255,218,213,195,35,55,38,2,11,3,124,118,101,92,75,90,186,169,185,149,143,133,237,232,221,209,209,51,52,45,5,21,10,121,105,103,67,87,73,162,163,166,156,150,129,254,235,250,213,204,217,54,46,37,13,11,114,108,101,88,86,80,185,182,161,132,156,129,227,241,224,223,215,195,53,43,59,20,13,7,111,109,108,83,83,70,179,178,147,144,140,230,242,228,216,202,193,60,55,62,31,17,29,127,104,124,91,66,91,184,175,167,143,129,129,240,243,227,213,210,63,44,40,28,11,14,124,119,127,80,86,64,163,177,165,130,136,130,252,246,229,218,200,218,48,44,36,14,8,13,112,114,82,82,81,178,182,173,133,149,133,249,233,224,218,214,221,54,46,60,30,22,4,117,117,103,84,73,89,186,172,166,141,141,248,236,232,219,203,207,62,42,42,28,20,30,126,112,99,66,78,67,161,173,174,128,139,128,242,244,224,209,206,216,55,39,26,12,11,120,107,100,95,74,74,190,180,190,159,145,131,226,239,224,223,214,195,62,53,47,27,20,13,118,110,120,87,78,185,172,171,159,139,137,251,247,255,209,211,222,55,48,32,2,15,1,127,118,99,88,85,69,179,169,185,154,136,133,237,236,216,209,209,50,62,45,5,17,31,124,124,126,87,82,64,162,168,165,159,150,132,252,235,250,214,201,196,46,43,45,13,14,126,113,113,92,84,78,165,179,166,132,147,130,254,232,230,217,202,220,61,46,38,0,1,7,113,116,96,83,83,64,179,175,135,146,139,251,235,239,221,212,223,58,55,32,3,20,3,98,99,105,65,79,65,189,181,166,144,138,153,243,233,248,209,207,58,44,37,18,11,4,124,119,127,81,87,64,163,188,165,130,136,130,252,246,227,219,213,206,54,41,57,19,13,6,109,107,89,76,69,187,182,176,158,144,130,228,247,230,222,200,197,62,41,60,25,22,4,117,117,111,85,73,89,176,170,166,141,143,250,242,241,220,203,204,48,42,37,29,20,30,124,112,99,66,78,68,161,175,166,157,149,134,251,233,249,213,202,197,45,40,18,17,17,124,118,112,95,87,66,164,181,171,158,136,129,250,233,252,218,202,197,32,45,36,15,11,2,110,106,98,80,82,186,181,175,134,158,136,229,240,225,217,201,203,55,40,32,27,10,28,122,105,101,64,77,67,175,173,165,147,147,141,246,242,221,211,204,38,63,37,24,10,3,125,105,107,95,85,93,186,163,161,129,138,132,254,245,226,215,212,198,46,43,45,13,13,124,113,113,82,83,78,165,191,166,132,151,130,254,232,230,216,215,194,62,43,59,21,10,4,111,106,100,78,70,69,176,178,146,151,140,230,254,233,216,202,203,57,55,62,24,16,29,127,106,97,65,75,78,189,181,163,145,138,153,240,230,229,205,198,39,51,42,6,18,9,120,106,97,91,87,94,191,178,189,150,139,129,225,226,225,192,192,195,50,52,36,16,13,24,121,114,89,82,76,166,191,164,152,138,129,251,244,254,219,213,195,34,34,34,1,11,6,125,117,103,85,73,89,177,171,166,141,139,251,242,241,219,203,201,63,42,38,29,20,30,123,118,99,66,78,67,161,163,166,128,136,142,242,244,228,214,206,216,56,46,25,12,9,127,107,107,80,74,66,177,180,190,158,144,131,226,235,225,223,214,207,62,53,37,20,20,7,116,110,120,84,76,185,172,173,159,139,136,251,234,227,208,201,193,56,53,61,27,14,2,97,98,98,64,64,71,178,180,173,148,142,152,246,235,218,204,207,56,53,48,29,18,31,124,116,99,67,85,72,191,183,161,153,136,155,250,224,231,207,206,217,50,39,56,19,9,122,108,101,89,85,80,184,183,161,132,145,131,227,247,233,194,195,197,60,54,38,24,11,26,115,110,121,86,78,69,173,174,146,140,132,255,246,240,216,215,193,36,53,32,3,16,0,127,119,96,84,75,91,188,173,164,143,139,135,240,243,231,208,210,62,57,49,24,31,13,101,115,102,90,73,70,186,168,164,130,139,137,225,235,228,221,213,195,48,42,57,19,11,24,117,110,90,76,72,178,182,176,155,146,130,228,246,224,221,200,196,59,55,39,20,22,6,117,104,122,83,76,71,174,170,165,147,146,251,241,241,223,223,208,56,50,34,4,23,7,125,104,105,93,87,73,188,171,187,148,129,154,247,236,228,206,207,199,51,50,19,21,17,123,119,109,69,87,75,185,169,171,154,149,157,250,226,225,193,200,195,32,40,47,15,1,13,115,115,103,85,76,167,183,164,155,139,132,248,234,228,223,201,202,57,53,61,31,8,2,97,104,99,64,75,68,175,174,162,142,138,128,240,242,217,217,204,38,50,40,5,17,1,121,105,102,88,85,93,182,168,161,129,140,142,253,245,225,209,212,193,53,51,44,25,15,103,115,104,88,75,79,176,183,191,158,148,158,246,252,253,220,204,193,33,41,34,30,21,6,119,116,101,83,83,66,182,178,153,149,140,230,245,229,216,202,203,59,41,35,29,21,29,119,108,97,65,77,67,190,181,163,154,137,153,246,243,227,209,207,39,49,42,27,11,12,122,116,127,81,81,94,185,181,160,130,142,135,225,234,226,221,213,195,49,42,57,21,12,24,116,110,90,76,68,189,171,168,157,151,159,250,241,224,195,221,194,34,47,34,28,22,2,116,104,122,87,75,71,174,172,166,147,146,254,242,241,211,215,205,37,54,39,25,9,7,125,118,125,94,78,92,187,168,187,152,128,154,243,237,228,206,207,199,51,50,31,21,17,115,118,109,69,87,75,185,169,170,157,149,157,251,226,225,193,206,195,32,45,36,18,20,13,117,110,120,80,74,186,172,171,155,149,144,253,234,225,208,201,199,59,53,61,28,14,2,97,109,100,64,77,90,180,174,185,149,138,133,237,238,223,210,209,57,52,48,31,20,2,100,117,101,67,92,69,191,183,168,148,139,155,249,237,250,218,201,196,46,47,44,16,18,126,117,111,70,87,76,187,170,165,132,148,130,254,232,229,216,202,220,52,40,37,0,13,3,111,97,121,84,71,88,182,170,154,140,137,251,245,240,216,208,223,56,55,35,3,21,9,127,119,98,94,75,91,181,168,164,143,138,132,238,233,228,208,210,57,54,44,6,20,9,123,106,100,89,87,94,187,168,166,150,151,135,248,235,251,217,204,196,47,45,32,14,10,5,109,106,93,76,75,190,182,176,144,149,129,228,242,230,195,212,195,63,55,39,26,22,4,120,104,122,91,73,71,174,173,184,149,142,250,236,239,220,214,208,59,53,33,4,22,2,125,104,103,66,67,72,161,168,164,157,149,130,246,234,249,211,201,216,51,44,7,22,10,102,116,105,88,74,65,187,183,190,158,146,157,253,234,225,193,195,193,32,45,35,18,20,1,123,110,120,89,76,167,178,175,155,139,137,255,247,255,216,209,192,35,55,39,2,11,2,97,107,110,64,77,65,178,180,173,144,141,152,243,237,199,217,204,59,43,43,17,23,31,124,112,99,67,83,72,191,183,167,158,150,129,245,245,238,212,201,217,58,43,37,13,8,122,114,113,88,86,80,184,182,162,132,145,132,254,232,226,218,201,220,59,41,59,27,21,5,116,116,98,85,78,88,180,175,153,140,143,249,235,232,217,215,223,59,50,62,27,17,0,98,111,97,95,86,69,189,181,167,147,137,153,244,231,229,205,199,56,50,49,25,21,14,101,119,98,68,86,74,163,180,168,159,151,132,249,232,251,216,192,199,47,33,57,18,8,24,112,107,90,76,68,187,181,176,145,149,159,249,247,227,195,210,199,34,44,35,28,22,5,117,104,122,90,75,89,181,166,184,149,136,250,236,232,222,213,208,61,54,33,4,19,0,99,124,97,95,87,73,187,171,187,157,141,132,239,234,230,206,207,197,45,45,18,12,9,125,118,112,81,82,65,164,178,167,131,157,128,255,247,231,218,214,195,56,40,58,16,9,7,110,102,102,77,76,187,177,177,156,159,141,229,246,231,218,201,192,62,54,61,30,8,28,123,98,123,94,78,71,175,160,161,144,147,133,245,242,220,204,204,51,43,40,29,23,31,125,116,96,67,83,66,162,173,160,156,150,133,251,245,229,214,201,217,54,46,38,13,14,126,108,105,90,86,80,189,176,162,132,157,129,254,232,224,223,201,220,56,40,59,25,15,26,117,108,100,78,75,65,179,178,158,149,145,251,246,240,216,209,223,56,54,35,3,22,3,124,119,100,94,86,66,190,168,186,148,143,153,246,235,230,205,204,57,50,49,24,22,16,113,127,127,94,93,67,163,182,165,159,151,130,252,232,251,222,213,197,52,52,37,20,14,24,116,106,89,76,79,191,171,170,155,151,159,240,242,254,215,214,192,34,34,32,31,22,0,127,117,110,90,84,67,186,174,184,145,138,249,236,238,216,213,208,62,42,36,17,9,3,120,117,125,87,73,66,161,171,167,158,149,128,241,244,237,213,211,204,55,47,7,17,14,120,107,100,92,74,65,184,180,190,152,146,157,254,232,225,193,202,196,62,53,46,15,9,5,115,115,101,88,79,167,178,169,155,139,140,251,244,255,221,215,222,59,60,61,29,12,1,97,105,100,94,85,67,182,180,172,142,135,140,237,235,223,209,209,59,52,46,5,18,6,100,115,99,67,80,70,162,168,165,156,150,132,252,235,250,208,202,217,52,46,37,13,15,125,113,113,92,84,77,165,179,163,154,137,131,252,232,231,217,215,195,58,43,59,30,13,4,111,110,97,78,75,69,173,173,156,140,137,253,246,240,218,210,193,36,60,39,3,21,3,127,119,101,90,86,71,191,168,186,155,136,135,238,232,224,205,201,50,44,46,18,22,16,124,114,97,68,85,66,189,168,161,159,151,133,244,246,231,219,200,218,55,44,39,14,15,2,109,108,71,86,75,166,190,168,152,138,129,251,247,254,217,208,221,56,41,33,1,8,0,96,110,101,82,84,68,176,173,184,149,146,250,240,236,198,208,196,56,42,34,28,20,30,127,118,99,66,74,67,161,175,175,128,138,142,242,244,225,209,205,216,52,43,7,25,13,123,107,105,80,74,71,187,180,190,151,148,131,226,237,229,193,200,198,61,53,47,20,20,1,119,110,120,85,71,186,172,165,152,139,139,249,247,255,217,220,195,35,55,37,31,23,3,120,118,98,64,65,65,175,171,163,147,147,132,242,236,199,209,200,38,55,45,5,16,4,100,125,103,94,72,71,188,169,188,157,142,155,251,233,231,207,204,205,51,51,37,21,15,103,116,100,91,75,69,184,170,164,152,148,158,252,242,224,194,203,195,63,54,34,25,21,7,112,116,101,91,83,68,185,175,135,152,142,248,235,228,220,202,203,36,50,36,3,29,5,127,119,102,94,72,91,185,173,186,154,129,153,242,230,229,205,202,56,49,49,29,22,14,101,127,98,68,81,74,163,181,167,159,151,136,255,232,251,223,201,196,47,43,57,18,8,24,119,106,90,76,69,186,181,176,154,146,159,240,244,227,195,209,199,34,43,35,28,22,6,124,107,122,90,75,89,178,173,165,141,140,252,236,238,223,214,208,58,52,33,4,19,3,99,113,104,66,73,70,188,182,163,153,139,154,246,225,228,206,206,198,48,50,25,25,17,126,115,109,69,87,64,186,169,160,156,136,137,255,234,252,217,205,219,53,42,39,15,13,5,112,115,102,83,82,188,178,172,134,159,132,248,234,235,219,212,222,60,61,32,2,14,1,97,111,103,93,85,78,187,169,185,155,139,134,237,233,223,204,206,59,54,48,25,31,31,113,112,99,67,93,69,188,183,163,153,150,130,253,232,250,215,207,217,52,42,37,13,11,122,114,113,91,83,80,190,191,191,156,157,131,227,243,226,223,215,194,61,40,59,28,8,26,114,97,121,81,72,69,173,170,158,146,145,243,247,238,197,213,223,48,61,62,25,16,0,98,106,100,95,86,67,184,181,165,146,137,153,247,232,229,205,198,62,49,49,24,30,13,101,117,97,68,87,64,190,168,166,150,138,156,249,238,229,192,203,199,49,52,37,14,12,13,109,109,92,81,81,179,179,174,133,147,134,228,243,227,222,200,196,55,55,38,25,11,27,116,107,100,79,74,70,174,172,165,144,146,248,247,241,222,212,205,37,48,34,26,9,7,123,104,104,94,74,92,188,163,166,128,143,132,241,244,225,210,205,216,48,50,27,24,17,120,127,109,69,81,65,186,169,170,154,136,128,252,234,252,218,204,219,59,44,39,15,14,1,112,115,96,85,82,187,178,172,134,146,139,229,241,230,217,201,192,61,54,61,26,15,28,127,104,102,64,76,64,178,180,161,151,141,152,249,239,217,204,203,38,54,36,5,19,7,121,105,102,91,86,93,191,174,188,149,150,143,244,245,225,214,201,217,49,45,38,13,9,122,108,108,90,86,80,189,190,162,132,149,134,254,232,231,222,201,220,60,43,59,26,9,7,111,110,109,83,83,66,178,172,135,151,132,251,235,239,197,215,202,36,55,33,30,8,2,125,105,124,88,73,91,187,168,186,144,128,132,238,231,231,208,210,59,48,47,6,22,8,101,116,97,89,73,75,184,181,189,152,136,130,225,239,231,222,213,207,50,52,34,26,19,6,119,111,71,84,79,184,171,164,157,138,131,228,246,229,195,213,198,63,55,35,30,8,27,126,111,122,86,72,68,174,169,163,144,146,253,245,236,198,222,197,56,42,36,27,9,3,126,117,125,91,67,65,161,172,163,157,149,132,243,234,249,213,205,216,55,41,7,24,11,123,107,108,90,84,95,184,181,160,131,147,128,226,226,232,193,206,194,61,53,32,17,10,25,112,108,120,85,79,167,184,171,134,148,137,248,234,227,216,215,222,58,48,61,22,11,1,97,98,111,93,85,69,176,170,185,144,134,133,237,239,199,210,197,38,55,36,24,10,11,124,119,126,95,81,93,188,169,188,148,140,155,253,234,231,207,201,198,48,51,45,20,18,126,113,108,70,85,68,184,170,167,155,148,158,253,244,227,194,200,196,33,46,37,29,21,5,123,105,121,84,75,69,173,174,155,146,145,248,235,238,217,215,223,49,50,35,3,20,4,124,119,103,94,86,79,188,168,186,151,142,153,251,235,229,205,205,56,50,49,28,18,16,113,119,98,68,92,69,190,168,166,155,138,156,249,227,230,192,200,194,47,46,34,14,15,13,112,114,89,84,79,166,181,172,155,138,135,228,245,227,222,200,201,56,42,60,24,9,5,96,105,96,79,65,89,182,169,184,145,139,250,236,229,211,214,208,58,50,63,26,23,3,99,117,105,95,87,68,184,171,187,156,139,132,239,238,228,206,205,195,45,43,19,17,17,127,114,110,69,81,67,186,169,160,157,136,129,246,247,233,219,203,219,57,43,36,15,1,1,110,107,101,77,74,178,172,171,159,150,144,250,244,225,196,214,198,35,51,35,31,23,8,122,118,98,88,75,90,183,168,167,142,143,133,237,233,219,209,209,51,49,45,5,23,7,122,105,100,91,72,68,191,183,163,148,150,134,249,232,250,209,205,199,46,39,39,13,9,122,113,113,82,95,80,185,179,162,132,151,129,253,232,231,221,215,198,52,54,39,21,8,26,117,108,103,78,77,77,176,178,159,146,145,250,246,237,197,222,196,57,41,39,26,22,29,124,110,124,95,75,91,188,174,186,148,140,132,238,232,231,211,210,59,52,49,19,22,16,126,113,127,91,80,67,163,189,160,156,151,137,249,246,230,222,200,218,54,32,36,14,11,1,112,114,93,81,79,166,183,173,133,149,139,228,245,229,222,200,194,58,41,60,30,14,27,125,104,122,86,78,89,176,172,165,141,140,248,242,241,216,209,208,60,52,34,4,21,10,99,113,98,95,87,71,180,171,187,152,141,154,244,233,228,206,199,195,48,50,19,18,15,102,112,101,88,74,70,186,169,166,159,149,157,246,227,225,193,204,195,62,53,35,22,20,12,110,107,108,77,70,191,177,177,155,150,142,229,245,224,196,220,203,35,54,41,31,23,2,126,107,123,90,64,71,175,175,161,142,143,132,240,242,219,214,204,38,51,46,27,10,7,113,116,126,95,85,93,189,171,161,129,136,131,253,245,226,209,202,217,58,42,56,18,15,103,112,106,70,83,72,184,170,167,155,151,158,248,241,253,216,194,220,52,45,59,20,10,7,111,107,101,80,83,67,179,178,159,144,140,230,245,234,216,202,199,60,55,62,30,20,3,98,99,98,65,75,78,160,174,162,146,148,140,246,237,248,210,205,39,57,49,28,16,16,127,115,98,68,85,70,189,168,163,152,151,133,255,235,251,213,206,218,49,45,36,14,13,6,115,114,93,82,81,184,183,173,133,147,139,249,233,225,219,214,221,60,45,60,27,8,27,124,96,122,86,79,68,174,169,166,147,146,243,243,241,222,213,205,37,63,36,25,9,11,124,117,125,95,74,66,161,168,163,128,139,132,242,244,229,218,206,216,51,45,26,12,4,122,117,112,89,83,95,176,181,163,131,145,137,255,247,233,223,200,219,62,44,58,19,11,25,117,103,120,82,70,186,172,164,154,149,144,240,245,255,219,215,195,35,52,40,2,12,5,124,118,103,93,75,90,179,173,185,149,143,133,237,239,211,209,209,62,51,46,5,20,10,121,105,99,67,85,64,191,183,166,155,139,155,245,234,228,207,204,197,48,51,38,19,18,115,118,113,92,83,77,165,180,162,154,137,139,251,232,224,222,202,220,53,44,59,20,10,7,111,104,100,80,83,76,181,178,147,153,145,251,255,237,197,214,199,57,41,32,30,22,29,125,119,100,93,75,91,191,161,167,143,139,129,240,243,228,215,210,58,50,49,18,31,16,112,112,98,68,83,64,189,168,166,157,151,133,252,235,251,219,206,218,48,44,36,14,9,4,115,114,92,81,81,189,181,173,133,144,133,249,233,224,220,214,221,55,34,33,1,2,6,96,110,110,79,72,77,179,179,173,147,140,231,244,238,198,208,208,61,48,63,16,17,3,99,116,97,92,87,70,190,182,163,157,136,154,242,225,249,209,202,197,45,43,26,18,17,114,115,112,91,86,66,164,178,164,158,136,130,250,234,252,212,202,197,32,47,39,15,0,13,110,103,99,80,82,190,178,175,134,150,138,229,242,226,196,209,203,35,51,36,31,23,8,125,104,123,91,76,90,186,161,185,151,136,152,246,237,218,204,206,51,54,48,29,18,31,113,124,126,95,93,64,162,174,164,156,150,128,252,235,250,209,212,195,52,51,39,23,15,103,117,111,88,75,75,189,170,162,154,148,158,248,243,253,216,206,193,33,40,35,30,21,1,112,116,96,80,78,88,176,167,154,140,133,249,245,240,208,215,193,36,48,32,3,19,8,98,107,104,92,86,65,184,171,186,149,136,135,238,234,230,205,200,60,44,41,28,22,16,125,116,97,68,92,65,163,182,163,159,151,134,251,246,224,223,200,218,50,44,39,14,8,6,109,104,82,76,69,188,182,176,152,146,130,228,253,227,221,200,193,63,55,33,21,22,6,123,104,122,86,76,71,174,168,160,141,143,248,236,233,220,203,200,61,55,63,28,16,0,99,113,100,66,74,65,161,173,161,128,141,133,242,244,231,211,205,216,48,44,7,21,15,123,107,107,95,87,95,184,182,163,131,145,129,252,247,224,193,203,198,61,53,32,21,9,25,114,106,102,77,74,191,172,174,134,158,139,229,241,228,217,201,203,60,54,61,22,14,28,122,104,102,64,78,78,175,175,160,147,147,128,242,236,199,214,206,38,52,44,24,10,11,127,116,126,88,80,64,162,173,160,159,150,129,253,245,229,219,212,204,58,46,56,21,12,121,108,108,95,75,76,187,170,166,145,137,135,251,245,253,216,207,194,33,45,36,0,8,6,114,116,109,85,83,65,180,175,135,145,140,248,235,239,219,202,193,56,52,62,31,19,0,98,98,99,92,86,69,190,171,186,144,138,153,246,238,229,205,198,61,49,49,30,21,14,101,115,99,90,73,75,190,168,168,150,151,135,254,235,251,216,201,196,47,42,38,14,10,5,112,114,93,87,81,184,178,173,133,146,130,250,233,235,222,200,196,60,42,60,24,12,6,96,104,98,82,84,65,182,179,164,146,146,254,248,241,219,209,205,37,62,33,26,9,10,118,117,125,91,74,92,184,163,187,156,138,135,239,236,230,208,211,198,53,50,30,16,12,102,112,100,88,74,67,187,180,190,152,149,131,226,233,225,193,202,198,61,53,36,21,9,25,114,106,102,77,70,191,172,169,152,139,141,254,234,231,223,212,222,57,55,35,2,12,3,97,111,102,64,76,78,175,170,161,147,147,134,242,236,199,211,206,38,49,45,24,10,5,126,116,126,94,87,64,162,175,169,156,150,142,255,245,228,212,212,195,52,46,56,20,10,121,108,104,90,85,80,177,180,191,157,156,158,255,241,224,194,201,196,63,54,38,25,21,3,115,105,121,84,73,88,184,172,154,140,137,251,245,240,223,211,223,63,55,35,3,22,6,98,98,101,92,86,69,190,171,186,144,138,153,241,231,248,209,200,58,44,47,31,21,16,122,127,98,68,87,67,163,178,167,130,130,132,252,246,239,216,203,218,53,45,57,16,14,5,109,104,92,76,69,190,182,176,145,149,129,228,245,230,195,208,195,63,55,34,27,11,27,123,106,103,79,77,68,176,179,167,144,146,248,240,236,198,215,197,56,42,39,29,23,30,122,112,125,91,74,92,187,162,187,157,140,135,239,237,224,208,211,197,53,50,24,17,12,102,117,107,69,86,64,185,169,161,158,150,157,252,239,252,222,202,198,32,41,47,18,20,3,113,110,120,85,78,185,172,165,134,151,133,229,242,229,217,201,194,59,54,61,27,10,2,97,108,123,88,64,90,179,172,164,142,136,135,243,242,219,212,209,50,55,45,5,16,4,121,105,96,90,85,93,188,162,161,129,142,134,224,232,230,210,212,195,58,46,56,18,10,122,108,101,91,85,80,184,170,166,144,137,134,249,245,253,219,206,194,33,45,39,30,21,5,113,105,121,86,73,88,179,170,154,140,140,249,245,240,216,208,223,49,53,35,3,22,6,98,98,98,92,86,68,188,171,186,151,141,153,250,239,229,205,198,60,49,49,30,21,14,101,119,99,90,73,75,189,168,169,153,151,137,251,235,251,219,203,196,47,47,32,14,9,4,112,114,89,89,81,179,178,173,133,159,128,250,233,234,219,200,195,60,42,60,20,12,27,125,108,103,79,72,69,176,179,166,149,146,243,240,236,198,214,197,56,42,39,26,23,30,119,125,96,66,76,92,186,173,187,157,140,135,239,238,231,208,211,194,52,50,29,17,17,125,113,112,92,83,66,164,181,160,157,136,131,255,247,228,220,203,219,58,46,39,15,0,0,115,115,109,88,79,167,182,172,134,148,140,248,234,230,222,212,222,60,48,32,2,12,9,124,118,100,94,85,79,181,180,173,150,142,152,242,235,217,204,204,60,43,47,27,10,0,112,116,126,89,87,64,162,173,160,159,150,130,255,245,229,209,201,217,58,41,37,13,14,127,113,113,92,87,78,165,191,162,132,146,133,227,244,233,223,215,200,63,40,59,29,8,4,111,106,121,81,71,88,181,169,154,140,138,248,245,240,222,211,223,59,55,35,3,18,6,127,119,98,94,75,91,186,168,164,143,129,134,238,231,229,208,210,63,56,44,6,21,8,120,106,99,88,87,94,191,181,189,156,139,129,225,235,224,221,213,206,55,42,57,21,15,6,109,106,90,76,73,189,171,169,156,151,159,253,246,224,195,213,196,34,44,33,1,13,1,96,108,99,82,84,70,179,173,184,152,138,231,244,237,219,203,202,62,55,63,25,17,0,99,113,104,95,87,69,161,169,174,128,142,128,242,244,229,209,205,216,49,43,7,16,12,102,115,101,69,80,70,185,169,166,157,150,157,249,232,252,213,202,198,32,33,33,18,20,1,113,110,120,81,78,185,172,169,153,139,142,251,247,255,221,210,195,35,53,37,31,23,6,116,107,123,92,85,68,178,169,185,144,136,133,237,230,223,210,209,59,49,48,17,23,31,126,115,126,86,80,64,162,175,163,159,150,133,250,245,227,209,201,217,50,38,37,13,7,126,113,113,95,94,77,165,181,167,132,145,131,254,232,224,215,202,220,52,41,38,0,10,15,114,116,101,83,83,69,177,175,135,144,139,251,235,239,220,212,223,48,48,62,27,21,29,127,98,124,91,78,70,160,170,164,145,148,130,246,243,230,209,207,39,57,42,6,19,15,120,106,99,90,87,94,191,181,189,158,131,156,249,226,230,192,204,195,49,52,35,19,13,24,120,114,94,89,81,186,176,173,133,151,128,250,233,235,219,200,196,34,41,41,1,14,2,125,117,102,81,74,89,182,172,184,148,140,250,236,235,221,203,206,61,52,63,17,28,3,99,124,125,91,75,65,161,175,175,157,149,133,247,234,249,209,198,175};
local _0xc3fce1d = { 97, true };
local _0xc5bea00 = 244;
local _0xp1 = 68; local _0xp2 = 81; local _0xp3 = 97; local _0xp4 = 54;
local _0xsig = 265720669;

local function _0x_vm(L1Data, Consts, BaseKey, p1, p2, p3, p4, Sig)
    local bxor = (bit32 and bit32.bxor) or (bit and bit.bxor) or function(a,b)
        local r,p=0,1 while a>0 or b>0 do local ra,rb=a%2,b%2 if ra~=rb then r=r+p end a,b,p=(a-ra)/2,(b-rb)/2,p*2 end return r
    end;

    if Sig ~= 265720669 then
        return function() return 0 end;
    end;

    local s1 = {};
    for i = #L1Data, 1, -1 do
        table.insert(s1, string.char(bxor(L1Data[i], bxor(BaseKey, ((#L1Data - i) * 11) % 256))));
    end;
    local d2 = (function() local s = table.concat(s1); local t = {}; for n in string.gmatch(s:sub(2, -2), "%d+") do table.insert(t, tonumber(n)) end; return t; end)();

    local s2 = {};
    for i = #d2, 1, -1 do
        local idx = #d2 - i;
        table.insert(s2, string.char(bxor(d2[i], (BaseKey + idx * p4 + (idx * idx % 23)) % 256)));
    end;
    local d3 = (function() local s = table.concat(s2); local t = {}; for n in string.gmatch(s:sub(2, -2), "%d+") do table.insert(t, tonumber(n)) end; return t; end)();

    local s3 = {};
    for i = #d3, 1, -1 do
        local idx = #d3 - i;
        table.insert(s3, string.char(bxor(d3[i], (BaseKey + idx * p3 + (idx * 3 % 19)) % 256)));
    end;
    local d4 = (function() local s = table.concat(s3); local t = {}; for n in string.gmatch(s:sub(2, -2), "%d+") do table.insert(t, tonumber(n)) end; return t; end)();

    local s4 = {};
    for i = #d4, 1, -1 do
        local idx = #d4 - i;
        table.insert(s4, string.char(bxor(d4[i], (BaseKey + idx * p2 + (idx * 7 % 17)) % 256)));
    end;
    local d5 = (function() local s = table.concat(s4); local t = {}; for n in string.gmatch(s:sub(2, -2), "%d+") do table.insert(t, tonumber(n)) end; return t; end)();

    local s5 = {};
    for i = #d5, 1, -1 do
        local idx = #d5 - i;
        table.insert(s5, string.char(bxor(d5[i], (BaseKey + idx * p1 + (idx * idx % 13)) % 256)));
    end;

    local OpaqueMatrix = {
        53,
        126,
        194,
        236
    };

    local Registers = {};
    local PC = 1;
    local Instructions = {
        { op = OpaqueMatrix[1], a = 0, b = 0 },
        { op = OpaqueMatrix[1], a = 1, b = 1 },
        { op = OpaqueMatrix[3], a = 2, b = 1, c = 1 },
        { op = OpaqueMatrix[4], a = 0, b = 0 }
    };

    while PC <= #Instructions do
        local inst = Instructions[PC];
        local op = inst.op;
        if not inst.isJunk then
            if op == OpaqueMatrix[1] then
                Registers[inst.a] = Consts[inst.b + 1];
            elseif op == OpaqueMatrix[2] then
                local vB, vC = Registers[inst.b] or 0, Registers[inst.c] or 0;
                Registers[inst.a] = (type(vB) == "number" and type(vC) == "number") and (vB + vC) or 0;
            elseif op == OpaqueMatrix[3] then
                local vB, vC = Registers[inst.b] or 1, Registers[inst.c] or 1;
                if type(vB) == "number" and type(vC) == "number" and vC ~= 0 then
                    Registers[inst.a] = math.floor(vB / vC);
                else
                    Registers[inst.a] = 0;
                end;
            elseif op == OpaqueMatrix[4] then
                return Registers[inst.a];
            end;
        end;
        PC = PC + 1;
    end;
end;

_0x_vm(_0x00277db, _0xc3fce1d, _0xc5bea00, _0xp1, _0xp2, _0xp3, _0xp4, _0xsig);

if (math.floor(os.time() % 100) * 0 == 0) then
    
local _0x7bf4d8f = {96,41,201,74,91,153,29,93,78,180,254,7,213,189,80,37,139,163,6,171,28,40,155,197,48,48,168,23,83,167,146,23,142,173,204,50,121,196,8,103,178,62,57,149,251,90,57,186,197,1,212,138,40,117,163,225,91,174,197,104,152,167,234,109,191,161,115,195,225,66,118,172,224,55,157,223,11,42,146,23,66,181,226,61,94,234,225,46,65,149,100,245,192,78,93,185,18,69,254,233,250,38,145,130,114,36,152,100,43,132,242,65,43,237,123,1,201,93,105,193,187,64,69,175,6,68,42,146,124,40,150,70,56,236,162,26,212,186,152,119,204,136,81,208,234,125,17,160,250,92,129,244,28,112,137,201,0,34,144,95,54,184,252,91,117,135,5,78,219,30,11,169,194,82,102,255,95,102,200,226,72,48,154,70,52,228,86,10,192,184,89,21,249,190,90,112,165,62,5,155,169,3,213,154,122,18,246,92,122,36,186,83,106,174,17,10,41,227,95,39,231,169,55,253,133,25,37,189,77,16,36,174,75,68,168,11,56,228,82,2,244,168,69,61,247,179,113,49,189,65,7,153,163,57,199,136,112,21,204,232,81,142,150,22,118,217,56,108,156,194,14,85,253,75,11,199,87,27,57,242,14,75,166,174,6,108,209,17,118,238,86,31,240,244,33,104,151,85,89,148,205,14,183,205,224,122,136,202,76,38,248,86,54,206,178,24,54,224,76,58,209,131,119,45,229,95,27,227,163,101,243,185,107,17,134,229,56,152,224,20,122,185,214,4,160,248,48,81,197,14,76,176,231,111,105,163,56,61,151,228,3,168,184,1,91,189,0,108,150,255,84,62,209,191,111,33,149,75,3,253,185,1,193,131,17,62,198,90,102,254,164,71,55,156,18,95,141,225,13,39,155,7,121,160,23,116,133,222,25,66,241,198,6,147,130,96,65,183,211,87,177,203,40,134,140,208,111,192,141,43,107,172,213,73,146,18,86,92,150,16,37,187,203,80,44,136,92,60,158,184,69,45,151,67,49,225,83,7,253,181,111,43,233,144,54,13,168,61,74,204,166,73,135,215,85,107,178,31,37,116,222,123,109,212,81,7,255,185,117,36,228,166,52,250,130,22,34,186,74,38,208,119,106,63,170,30,82,164,12,126,183,247,78,160,143,184,42,98,243,54,103,194,243,100,141,56,52,128,220,203,11,163,199,62,91,203,12,118,166,241,29,35,250,11,87,163,23,91,97,242,18,141,187,68,51,158,194,20,77,233,83,63,237,93,15,195,185,88,18,206,140,76,216,156,162,30,211,26,39,180,161,83,103,153,238,101,97,216,4,126,179,89,75,99,226,92,24,224,160,98,240,182,126,210,158,118,71,228,148,127,139,171,30,119,163,24,70,178,217,12,112,163,255,30,40,226,50,118,137,26,127,166,180,19,90,151,21,39,132,213,75,126,164,20,85,141,217,26,79,173,182,35,254,212,92,149,236,34,38,182,194,51,59,215,60,84,178,233,15,251,169,64,50,230,92,20,206,138,72,8,190,117,30,240,225,119,5,159,177,15,239,135,107,209,197,116,65,148,207,124,48,230,94,24,212,92,28,222,172,114,97,223,172,16,57,151,89,53,137,181,20,195,213,78,107,196,25,119,174,224,35,120,177,227,123,128,237,56,126,214,171,106,138,227,3,55,219,32,89,157,207,14,40,135,78,74,179,255,38,179,233,51,65,249,243,86,157,246,43,113,178,26,112,167,185,72,50,158,76,60,238,162,24,208,138,70,4,196,183,123,43,190,19,118,137,15,109,134,234,0,39,178,219,124,40,150,70,56,236,162,26,212,144,24,63,235,98,84,143,244,48,148,134,21,91,176,5,10,107,133,94,121,169,27,92,147,253,60,103,179,137,84,213,212,30,114,251,29,94,186,196,37,201,200,172,18,48,154,70,52,228,86,10,192,146,95,91,216,21,75,237,247,62,131,217,50,77,250,225,63,145,191,40,64,160,15,71,138,170,88,157,140,173,105,39,231,115,55,253,101,52,230,181,89,102,167,26,37,132,229,8,48,168,30,67,183,248,30,61,247,179,17,214,180,3,159,214,36,109,210,239,49,126,144,46,87,191,236,66,183,197,12,156,253,28,83,159,213,4,64,249,91,18,239,242,78,146,202,252,73,159,202,61,188,238,94,71,179,233,68,127,166,40,65,148,62,3,158,228,46,112,161,122,60,11,139,84,113,215,241,26,200,232,87,176,231,10,79,190,251,61,96,144,231,107,146,163,69,156,197,138,23,230,135,3,102,200,41,10,162,160,19,37,211,14,68,169,192,33,178,242,46,179,131,18,89,154,250,11,67,185,6,119,182,182,23,158,188,7,118,162,11,86,131,210,5,1,205,79,19,215,156,74,35,254,84,123,200,164,81,36,134,189,0,37,159,65,113,172,26,71,162,141,65,155,210,40,87,140,225,23,208,234,44,87,182,29,34,167,166,14,124,148,26,91,188,245,65,8,232,27,81,174,150,10,46,229,78,79,184,193,41,165,198,3,69,35,208,10,119,175,28,100,176,231,46,77,179,122,74,226,254,55,133,204,51,78,201,246,16,254,142,91,1,231,71,16,245,171,11,192,137,79,46,253,232,96,32,250,64,20,184,243,89,111,232,100,111,137,228,4,86,225,23,126,156,167,19,129,200,13,113,180,201,18,141,211,25,123,220,31,124,228,131,93,60,254,27,71,176,137,62,128,237,46,115,178,132,95,2,195,0,89,140,230,79,140,244,37,110,165,200,14,132,189,6,94,227,26,70,133,247,62,113,131,4,87,190,166,108,52,136,126,1,245,29,7,114,193,252,29,179,232,90,149,242,45,130,203,172,106,103,179,236,109,182,182,4,208,161,59,130,136,193,7,141,198,61,65,144,85,11,169,232,51,123,178,226,57,153,180,48,141,138,30,106,147,74,13,145,184,58,49,197,246,87,130,246,80,187,155,31,87,185,201,18,127,184,96,35,254,139,121,130,181,16,77,232,225,51,100,135,165,15,251,131,52,59,228,27,90,135,196,64,147,195,96,40,252,87,119,195,157,117,72,161,24,38,131,248,37,207,249,17,86,170,255,60,81,156,92,16,234,225,32,133,147,75,86,167,208,2,193,147,38,99,138,249,86,64,132,18,77,150,178,108,40,176,112,50,128,70,95,228,209,35,120,153,173,13,239,137,111,215,129,126,47,182,234,93,206,134,64,60,250,186,6,202,247,73,19,233,157,60,103,207,36,57,216,22,51,102,158,81,60,171,230,81,156,198,9,173,192,17,102,197,197,103,125,206,19,99,203,162,15,115,223,29,118,183,243,81,160,180,100,69,205,51,2,142,139,9,92,231,177,7,213,175,65,223,191,87,59,200,230,80,60,234,90,38,237,249,42,40,237,101,27,134,247,39,112,193,31,108,186,6,44,173,255,233,117,224,246,85,170,237,33,134,203,10,127,240,206,15,96,172,227,76,207,235,58,205,201,125,209,163,128,52,75,168,90,8,248,170,30,212,140,70,105,241,177,115,235,170,1,102,167,19,23,161,194,26,115,139,226,89,138,237,28,138,247,114,40,224,129,125,59,251,71,33,252,241,40,151,210,42,111,131,234,25,208,214,231,85,185,234,102,132,253,49,94,167,135,18,207,195,90,113,174,0,95,164,253,59,12,160,15,43,129,250,96,204,186,106,220,144,173,101,245,182,89,25,229,169,111,193,139,97,5,221,130,96,192,152,124,34,192,170,60,233,189,110,113,133,199,61,96,234,109,50,189,19,89,215,171,38,123,213,229,70,236,134,108,212,190,106,216,136,139,56,142,208,49,124,247,183,3,199,167,50,32,228,231,93,101,253,93,99,201,66,30,196,167,98,53,233,94,82,131,206,14,153,202,11,219,165,236,48,98,201,12,71,202,168,6,38,199,32,157,238,93,66,171,230,8,35,147,14,83,156,245,42,69,254,236,77,190,172,126,220,188,84,56,158,188,76,20,238,26,91,188,213,37,112,179,97,103,188,56,54,125,140,5,117,183,6,102,198,168,66,40,144,161,13,209,134,83,148,207,43,57,176,231,50,171,185,176,68,133,162,112,202,156,80,247,183,2,125,85,184,87,24,245,227,94,157,203,2,113,226,10,34,191,226,3,116,185,37,26,183,205,34,136,175,206,88,173,234,127,201,187,111,37,183,122,26,148,172,5,92,157,168,36,143,199,60,121,214,45,86,219,141,26,90,185,226,85,197,181,109,106,179,28,106,204,193,72,119,139,126,79,174,240,79,108,231,73,109,142,255,90,142,248,19,195,206,6,72,184,202,23,80,200,139,70,211,204,80,105,172,117,114,179,208,121,147,180,233,19,220,177,45,152,196,17,37,103,228,36,99,217,16,65,208,235,79,158,172,188,14,225,215,42,148,245,41,154,198,36,98,133,154,52,121,189,224,67,129,196,82,105,223,26,109,145,248,84,125,151,51,94,141,229,31,129,206,60,70,137,193,14,134,199,41,136,215,234,121,137,16,85,119,140,165,7,33,135,69,244,193,61,102,149,252,47,144,152,73,18,156,17,43,124,249,1,148,129,230,24,149,245,16,83,210,237,45,142,189,118,15,242,228,43,103,208,40,105,171,37,117,160,66,5,108,186,27,32,134,235,49,106,238,59,111,208,206,83,154,202,61,54,188,245,56,168,128,8,151,128,11,46,130,215,57,152,140,31,117,150,231,36,86,188,229,24,136,207,64,60,132,68,44,185,31,26,145,168,7,17,240,129,36,149,212,23,104,244,236,87,131,234,36,86,215,6,81,136,142,26,222,203,119,74,215,166,33,121,208,117,13,241,87,95,43,182,238,85,194,182,108,36,158,90,34,226,142,52,154,180,55,70,217,175,22,223,235,50,105,168,246,26,198,180,100,214,138,64,56,242,174,108,44,181,142,44,174,215,79,41,158,85,125,210,232,15,220,250,164,16,254,174,96,212,138,66,60,210,109,103,41,183,125,5,153,165,61,205,169,125,221,149,173,34,128,253,100,210,130,116,40,158,86,16,204,241,177,61,235,170,16,89,183,20,110,131,18,49,60,237,116,75,141,222,95,204,178,10,38,179,21,13,134,141,16,144,213,173,114,142,26,57,161,248,162,25,222,193,33,151,208,22,67,156,22,110,188,149,81,15,207,91,31,37,183,65,215,229,127,17,214,182,78,24,181,248,37,132,238,106,152,213,10,39,158,213,6,110,183,50,95,142,1,52,152,135,11,41,134,236,51,65,199,38,97,232,126,116,170,192,121,58,161,228,34,186,181,7,156,211,52,117,151,223,116,144,162,17,54,221,238,56,144,128,62,92,135,194,11,106,200,65,69,216,87,31,243,191,126,14,234,190,30,192,154,64,2,191,126,44,156,181,105,223,151,81,13,203,139,23,241,204,55,115,191,136,98,52,146,114,10,238,84,114,220,136,118,39,210,247,39,100,155,87,223,159,161,47,245,189,120,4,156,172,8,220,188,30,18,179,79,56,200,248,32,132,137,54,102,174,255,105,41,181,121,63,248,130,24,38,128,82,48,144,168,12,242,144,122,13,251,129,48,158,195,127,125,176,53,110,182,3,51,68,150,246,117,132,166,63,150,245,30,107,228,181,97,207,191,113,37,155,83,13,201,135,71,211,254,132,60,13,182,68,222,240,78,46,198,170,16,21,255,171,25,201,187,111,15,176,94,87,213,30,68,210,152,160,52,192,88,104,196,152,120,218,244,129,105,211,149,64,153,193,6,57,241,171,103,37,204,88,28,34,180,126,212,226,124,14,236,76,100,47,149,153,48,192,191,51,154,200,13,117,186,242,51,105,134,106,120,176,29,93,246,134,98,54,150,95,121,223,135,113,221,139,123,45,225,87,15,201,236,170,106,246,186,64,248,177,55,85,200,248,10,204,233,9,118,153,232,46,155,204,49,43,225,89,122,54,190,126,0,142,84,28,240,188,20,36,128,187,27,253,151,125,37,143,123,3,180,5,122,189,192,78,27,200,149,10,216,223,56,106,220,31,56,119,198,111,7,235,81,111,217,133,115,35,149,73,102,222,152,84,220,156,94,44,242,144,35,218,178,169,5,217,185,27,53,155,67,45,153,71,55,233,132,122,50,236,168,76,11,187,102,60,130,72,46,47,173,71,122,200,235,7,252,223,56,119,210,4,108,206,153,124,111,166,51,121,179,6,85,174,162,15,101,143,163,119,215,185,83,57,225,75,55,229,188,110,34,152,80,10,198,132,68,208,190,119,37,167,189,18,148,157,28,110,141,167,1,82,155,18,89,182,239,41,108,154,88,104,150,11,85,152,249,24,127,245,2,32,143,155,48,154,176,5,89,138,188,119,218,201,13,119,188,206,7,44,178,60,122,223,177,123,209,159,121,11,233,73,97,197,171,73,26,198,180,100,214,138,64,18,223,167,119,190,232,33,114,251,67,79,182,196,77,114,231,48,73,180,215,102,138,218,61,70,132,0,94,135,214,51,69,181,246,46,207,132,111,110,216,217,80,162,241,99,124,143,251,43,158,130,116,40,158,86,16,204,84,123,61,139,81,25,237,185,17,33,189,81,49,185,185,122,34,140,120,38,150,72,60,242,170,100,32,197,133,17,213,155,109,55,141,113,24,206,235,74,77,188,15,62,131,198,112,47,146,2,121,167,254,16,149,220,91,37,254,191,69,158,226,113,147,187,247,85,50,133,64,107,222,20,120,167,90,92,137,170,234,47,35,175,115,57,139,85,43,249,83,101,42,138,162,6,236,138,116,32,142,126,26,201,74,45,51,226,119,62,241,12,78,154,229,54,195,206,239,116,201,182,20,115,205,24,117,174,23,4,180,212,14,72,143,129,65,205,145,87,41,243,73,23,216,234,72,40,192,164,10,40,146,126,44,182,99,105,223,151,81,13,149,85,23,229,171,115,199,147,82,98,254,146,114,212,238,126,17,162,28,69,240,137,125,51,235,165,97,223,159,107,47,245,71,17,206,156,118,8,230,70,52,239,230,20,101,200,15,51,211,135,125,53,239,171,51,243,181,3,201,145,76,24,240,128,28,48,144,114,12,242,90,4,218,168,124,47,207,18,76,141,241,50,126,218,4,119,214,216,34,117,215,166,4,228,188,96,198,228,78,97,207,191,113,37,155,83,13,201,81,17,211,161,78,22,234,156,35,155,239,28,122,144,183,16,188,204,61,112,218,11,112,169,167,97,221,155,91,39,210,152,106,52,138,88,50,196,162,2,218,190,100,105,211,191,109,221,165,110,119,180,227,51,239,166,22,111,163,247,0,144,229,48,153,154,31,103,200,193,50,105,147,19,126,227,94,93,151,247,115,125,105,224,49,64,219,27,40,162,31,44,192,242,55,3,224,143,52,139,194,55,76,178,30,15,157,202,58,52,164,11,10,150,227,62,136,219,56,111,167,225,12,85,212,17,100,254,65,70,188,237,45,146,163,243,44,139,232,84,114,191,8,20,168,201,30,37,253,161,7,37,143,123,41,153,75,63,245,173,78,10,146,82,20,226,130,93,205,152,38,119,221,219,44,159,190,23,49,183,12,120,163,17,92,170,242,230,91,140,204,45,120,129,22,75,160,252,73,119,237,74,25,186,230,10,123,203,2,68,167,8,8,48,228,237,115,185,228,82,131,253,54,107,225,167,92,96,204,40,9,242,87,79,163,20,72,253,152,78,6,192,188,122,58,134,74,16,226,172,2,55,145,137,44,225,185,29,195,225,75,55,229,85,110,34,152,80,10,198,78,36,253,16,42,99,195,179,71,154,244,4,103,141,167,13,245,95,11,249,144,66,54,236,164,30,218,152,88,14,197,235,83,125,198,19,47,220,95,123,146,243,50,118,167,28,44,218,192,1,117,161,228,100,236,172,110,252,130,177,5,209,169,121,213,233,73,43,197,129,62,244,152,53,109,175,24,73,204,239,55,54,235,66,22,103,133,3,100,176,2,83,253,93,117,217,191,93,110,218,136,120,42,158,84,12,198,130,32,231,194,4,79,155,163,126,215,135,125,23,231,87,99,135,215,11,122,221,30,107,182,168,38,147,150,84,20,199,139,81,35,237,67,17,235,189,49,214,147,119,4,34,140,120,38,150,72,60,242,170,78,13,236,10,84,207,246,109,206,141,49,102,216,225,5,250,232,0,121,169,24,123,184,9,84,198,242,57,119,150,213,101,41,239,65,11,225,175,9,219,185,25,24,214,143,5,110,195,16,125,168,29,81,165,140,172,121,168,232,111,130,255,90,109,194,0,47,206,138,56,84,173,0,77,175,30,73,169,166,100,193,253,237,36,126,199,71,65,222,234,112,129,167,121,62,158,182,26,192,158,72,52,226,82,46,213,174,77,7,195,75,11,205,91,97,41,189,73,11,220,189,50,38,217,235,122,177,92,4,162,227,75,138,175,238,27,218,149,44,47,182,228,77,132,93,103,84,240,15,115,164,251,22,107,163,28,14,227,240,50,103,168,224,23,233,180,107,173,250,0,137,166,210,51,148,167,21,40,142,233,83,181,234,20,196,157,81,7,255,185,117,51,243,127,3,227,118,108,88,254,25,83,138,14,32,151,232,9,4,252,10,48,116,221,23,70,195,178,7,190,135,68,146,149,244,62,133,192,35,4,232,62,110,149,225,104,144,203,8,111,188,173,74,146,221,95,2,207,238,51,99,175,54,14,245,186,76,170,209,32,169,189,228,52,112,147,9,120,172,232,45,221,165,101,39,181,162,106,254,138,98,50,142,136,47,170,241,45,152,212,26,120,151,87,93,145,243,117,44,239,252,116,86,184,44,73,202,255,6,148,247,85,97,222,120,125,39,147,65,49,227,87,13,197,191,123,233,174,226,117,137,220,85,123,207,32,34,142,233,77,159,233,76,59,180,26,117,180,171,45,152,208,0,65,52,128,68,10,156,166,60,202,164,118,212,180,102,58,253,155,69,49,159,79,1,245,171,99,221,153,98,37,195,28,91,99,234,53,144,171,15,73,138,137,230,78,169,23,74,144,238,71,136,217,119,61,196,131,90,134,163,229,52,140,14,41,143,148,32,118,209,172,2,32,227,11,115,172,95,71,154,211,235,88,230,187,104,178,249,1,136,183,124,64,169,160,12,105,255,165,13,247,163,17,193,179,103,221,252,182,88,29,181,47,76,135,30,98,229,134,46,88,180,87,111,211,185,87,1,237,91,11,253,177,78,44,237,242,65,140,210,20,158,167,58,64,219,223,8,76,179,2,123,140,255,64,160,161,88,152,170,236,85,183,221,28,79,252,94,32,184,193,22,69,164,244,21,177,195,48,215,187,22,68,186,169,4,127,236,164,30,218,162,98,36,178,82,45,190,170,22,39,219,22,115,162,244,15,157,246,76,205,228,86,10,192,184,114,46,198,129,18,209,198,90,64,155,169,3,213,179,19,43,143,95,62,185,231,59,46,224,84,10,194,188,120,192,128,66,208,150,175,52,97,243,8,41,253,93,63,217,191,103,209,228,82,2,244,168,30,214,144,102,39,128,20,85,7,132,163,119,142,238,48,209,177,73,45,147,177,66,46,156,76,62,242,168,96,218,150,30,222,224,85,49,14,227,16,146,175,71,6,251,9,36,152,174,86,2,240,160,18,198,188,116,46,234,168,104,219,159,165,55,193,87,101,255,187,66,129,162,3,76,54,180,31,127,168,92,12,198,234,43,125,248,163,35,186,185,65,213,225,121,9,229,185,25,251,252,162,10,244,160,14,212,157,109,148,221,5,92,100,190,54,77,205,5,77,189,131,17,97,194,36,56,153,229,27,78,228,18,74,181,166,33,152,195,237,72,143,196,80,154,159,110,63,195,244,74,147,158,12,91,131,231,94,254,172,28,206,130,120,48,209,141,75,11,151,91,97,243,189,57,12,245,8,90,166,138,103,214,166,15,77,164,227,76,130,235,233,88,130,16,107,35,167,49,113,216,21,86,145,219,14,117,248,252,80,143,214,6,128,248,35,32,185,251,46,43,235,251,112,175,237,84,168,206,49,73,157,211,18,40,145,111,16,191,235,85,170,184,27,69,176,185,49,179,252,127,196,217,25,96,243,254,3,106,187,44,111,159,188,34,135,186,104,216,241,165,27,211,141,73,7,199,83,61,240,224,61,54,205,87,120,128,235,20,110,220,231,80,167,230,12,92,245,247,88,153,218,90,143,211,36,114,241,231,18,145,169,20,81,248,20,61,218,200,46,151,237,81,112,195,235,62,109,231,165,101,241,181,123,52,254,126,79,214,163,41,139,177,0,32,132,226,8,122,231,68,13,151,232,48,115,185,53,122,202,249,50,210,158,118,6,226,182,22,248,184,85,108,184,19,11,230,173,47,158,192,10,5,143,194,76,117,140,82,28,242,128,26,44,138,106,40,203,102,124,127,169,16,5,178,254,47,144,199,1,152,212,128,64,145,212,36,60,196,246,72,212,224,89,126,253,227,70,251,169,25,203,191,117,45,231,137,76,1,150,12,76,177,202,68,145,247,56,108,193,239,37,144,162,12,109,241,171,81,133,246,63,82,185,15,78,151,202,54,116,199,60,40,144,31,58,145,155,168,27,147,255,81,199,251,40,158,220,7,5,40,230,166,50,246,188,14,242,131,86,251,172,8,72,37,204,58,67,190,247,95,142,240,103,147,208,254,38,250,232,61,130,211,88,120,183,30,96,186,190,87,57,211,185,97,203,183,101,255,170,41,116,132,201,7,86,133,24,119,212,254,51,149,219,56,29,135,234,0,104,225,171,8,193,253,94,153,198,162,86,149,211,87,148,154,104,46,246,74,22,238,229,107,56,223,122,53,153,250,105,213,131,115,37,192,182,110,2,201,231,55,160,251,44,132,219,41,31,249,139,105,201,225,69,43,201,179,31,205,151,123,3,213,182,98,38,226,63,121,209,66,95,187,218,39,3,159,179,19,245,143,117,221,135,115,33,248,128,51,145,217,20,86,192,157,12,132,197,58,80,169,189,23,41,135,103,63,227,73,103,209,189,82,40,217,230,91,158,196,76,134,209,24,109,171,205,35,118,210,161,105,158,255,19,107,218,123,37,248,166,22,200,188,114,0,201,169,22,140,239,32,82,172,227,67,148,214,9,108,202,62,69,169,204,16,2,237,160,64,131,242,61,111,190,60,125,183,169,35,118,200,24,99,255,91,111,207,177,75,49,192,128,59,238,153,34,148,213,72,2,254,188,124,47,243,185,33,248,238,44,157,172,23,109,180,28,108,10,244,160,14,254,176,100,218,146,76,8,186,154,112,214,133,1,96,180,26,19,178,222,44,155,208,182,30,200,180,98,210,132,120,46,230,160,54,44,200,69,95,152,224,39,138,246,60,81,160,39,20,119,197,216,87,178,232,82,143,202,120,48,234,141,21,213,151,101,43,243,71,19,193,150,89,110,186,0,110,135,242,47,157,227,40,99,251,66,67,108,167,17,80,136,226,39,134,247,103,40,145,161,53,136,215,13,107,198,246,85,202,186,108,32,150,181,111,43,153,94,31,174,64,85,171,244,9,217,156,176,16,242,140,114,240,169,96,222,220,15,52,216,221,27,122,137,179,90,131,218,42,76,139,29,91,101,237,106,121,173,7,54,168,227,43,150,207,247,73,134,238,71,159,216,28,66,233,253,70,129,199,31,110,128,225,115,36,195,63,99,236,50,101,138,218,97,98,172,28,124,213,206,30,86,205,4,75,181,188,13,119,229,8,123,189,195,32,168,136,15,74,154,248,61,91,171,46,108,190,19,13,159,205,22,97,169,22,35,152,174,85,46,197,14,101,142,242,99,215,141,69,63,251,185,121,197,137,79,8,248,133,127,216,172,15,105,172,31,76,117,204,85,71,183,236,34,135,143,73,5,141,77,15,157,138,120,11,226,74,7,246,217,36,133,169,15,52,137,240,92,128,205,117,43,227,93,25,215,151,99,36,249,140,93,130,218,43,0,158,126,22,250,160,165,15,209,132,92,158,241,60,121,169,236,104,235,148,98,40,240,68,16,232,184,20,40,136,64,41,216,172,109,223,181,57,150,210,30,15,176,228,52,72,232,172,114,196,142,100,50,140,94,60,156,180,85,8,134,248,75,147,183,116,221,199,24,87,136,246,112,50,128,70,14,226,174,6,214,178,70,38,197,164,33,146,201,57,219,130,117,116,177,22,85,93,169,243,6,158,223,44,44,196,25,42,252,90,97,57,157,67,97,225,154,79,248,195,53,116,233,138,70,206,142,80,222,228,134,45,137,241,58,153,159,229,66,100,141,117,223,139,121,41,155,79,5,36,158,90,50,245,173,125,32,144,66,116,167,9,22,209,244,4,122,181,191,105,213,131,115,37,153,182,110,40,228,108,6,195,57,87,152,10,106,223,249,1,58,155,226,3,43,147,125,41,151,71,57,212,138,66,60,248,156,91,140,195,4,138,232,110,115,208,131,125,212,247,28,114,148,243,113,41,212,254,75,150,197,20,86,222,43,88,223,199,114,172,187,21,23,183,201,38,201,234,75,116,214,14,65,206,182,55,124,181,24,95,134,192,52,69,190,57,10,217,193,63,111,155,63,93,182,93,43,113,195,166,80,129,188,114,42,228,160,40,232,170,18,211,228,67,89,183,244,97,119,192,42,72,147,11,119,153,245,24,222,152,2,114,177,252,17,102,237,16,38,167,207,47,102,239,65,124,218,240,69,168,210,248,89,147,180,123,218,192,28,80,254,10,71,139,242,15,11,159,171,3,211,175,67,35,175,114,47,249,183,127,200,134,106,38,176,21,87,133,158,27,80,134,217,31,41,191,77,39,249,87,55,229,158,15,90,200,240,39,158,198,57,96,131,237,78,165,237,2,143,180,200,51,142,232,55,131,174,34,110,118,203,20,220,205,58,111,208,27,2,250,180,112,63,248,139,72,34,249,9,152,235,69,23,245,127,121,124,208,249,102,210,128,112,34,150,76,4,212,204,96,33,187,48,115,132,20,9,171,202,56,63,198,168,66,40,144,122,38,148,68,54,234,138,53,119,176,251,39,255,199,12,151,167,58,71,134,248,40,155,148,25,104,143,229,126,153,199,6,122,165,234,14,109,198,33,9,211,19,36,249,192,75,100,164,199,5,130,161,3,124,208,48,127,176,21,78,37,219,30,19,209,145,29,33,231,121,3,179,138,97,50,214,55,89,160,25,54,119,200,116,120,221,252,33,105,174,62,63,161,226,101,171,198,67,80,236,187,12,103,193,45,104,182,9,69,172,5,114,219,133,6,120,188,231,61,106,200,43,64,240,187,91,97,199,31,54,139,174,92,183,223,20,111,223,255,45,152,238,21,118,183,0,76,139,83,25,33,156,130,45,148,226,5,32,206,21,76,234,73,0,155,202,62,127,162,28,93,129,194,46,137,212,239,95,105,242,74,63,255,92,96,143,245,88,122,209,242,76,134,229,111,101,172,20,77,162,228,45,191,209,197,106,143,18,45,133,208,126,110,191,232,92,217,203,60,106,193,10,122,185,255,34,72,187,62,46,107,245,10,218,174,11,20,242,82,106,228,153,147,78,198,249,35,154,147,73,1,251,157,18,187,166,51,60,196,88,100,252,140,104,60,182,83,17,45,221,62,111,210,14,93,179,24,70,207,139,73,112,252,128,70,216,226,120,6,224,152,61,180,198,22,57,222,145,109,215,155,125,61,247,87,78,144,202,74,21,198,21,54,181,199,108,42,155,90,99,151,212,0,100,217,4,89,145,1,87,179,179,35,85,134,218,26,142,182,62,0,208,237,62,208,174,117,13,241,87,117,223,139,121,41,177,98,12,245,238,40,74,182,225,117,248,157,20,112,234,0,36,147,254,34,116,173,73,51,159,77,61,239,163,25,56,242,174,108,6,149,50,71,220,10,52,134,25,25,113,210,229,106,184,193,60,79,216,19,108,140,132,5,117,190,14,79,161,29,68,159,212,126,146,131,232,125,152,233,16,107,164,48,121,170,30,95,96,234,27,66,141,204,74,144,211,160,50,252,82,71,33,243,81,27,228,164,27,127,212,14,97,166,240,39,110,232,14,85,219,16,46,161,215,102,132,130,30,41,147,201,58,152,159,83,12,237,30,74,105,196,20,121,135,224,63,90,234,124,125,189,25,23,133,160,12,69,170,40,125,142,252,14,126,229,167,106,146,223,15,106,187,241,114,178,241,111,158,141,20,7,176,221,43,120,153,123,21,251,137,32,100,192,59,48,168,19,92,204,149,70,72,221,31,23,150,218,59,77,210,204,65,161,196,15,134,185,240,43,216,147,115,38,176,31,83,156,20,85,159,194,30,123,233,241,88,110,215,20,114,215,253,86,75,222,50,109,250,7,86,182,241,106,104,161,236,67,219,175,60,116,199,226,126,131,229,68,64,203,24,51,186,193,34,104,217,76,68,179,180,112,248,159,139,2,223,144,85,147,240,69,33,245,85,29,21,210,15,126,156,4,104,185,244,83,156,136,68,105,41,181,121,63,145,113,28,187,23,46,201,169,168,12,242,144,122,38,190,105,114,164,229,24,210,245,125,61,255,77,19,219,175,123,211,201,82,87,148,249,86,110,161,0,115,169,12,68,177,247,108,67,155,210,19,150,197,93,97,188,7,73,247,219,11,96,143,235,68,96,215,7,50,164,29,8,254,157,87,19,155,91,29,235,177,121,205,153,113,1,196,178,85,211,246,8,71,162,17,71,162,230,83,90,191,226,40,70,231,121,113,183,4,95,142,239,47,92,165,42,32,134,231,42,44,168,18,79,242,144,67,105,176,255,112,184,239,71,128,212,107,123,183,197,45,122,150,120,18,248,160,10,246,164,20,45,225,87,15,201,133,67,41,162,29,92,163,225,114,9,152,224,79,174,205,11,206,226,53,83,135,159,61,105,174,89,85,134,87,23,217,167,109,53,240,188,20,36,128,84,30,187,255,82,254,161,29,33,215,14,109,177,225,46,107,130,245,104,150,173,53,121,209,14,107,129,250,71,119,140,57,90,187,196,35,106,149,7,118,247,251,47,186,181,123,186,242,232,65,156,178,66,222,242,82,52,206,180,54,0,144,79,101,172,19,90,138,209,15,112,156,5,63,115,237,28,96,181,16,104,136,233,55,118,203,195,34,101,145,13,114,164,18,89,207,139,19,211,214,103,58,245,232,54,149,224,124,16,240,120,65,125,175,14,55,229,85,7,251,177,105,35,181,112,0,158,209,90,44,246,76,26,244,134,100,196,156,167,13,1,184,5,97,218,81,5,251,179,109,41,152,88,26,232,174,118,202,150,110,62,176,131,75,132,189,22,121,233,72,3,182,225,80,131,203,14,7,108,163,13,60,172,24,85,186,184,18,36,130,73,97,197,171,73,51,159,77,61,239,163,25,209,242,174,54,220,149,72,137,220,60,52,133,94,108,97,210,5,74,166,28,101,241,169,112,144,222,119,88,148,195,16,0,202,25,22,232,178,8,214,176,169,7,231,191,99,201,231,81,61,235,113,32,142,218,86,25,197,92,90,147,246,46,126,207,26,73,117,248,54,43,193,236,91,184,173,66,173,230,32,108,187,170,42,105,158,10,120,175,228,6,220,217,91,103,136,227,5,221,129,103,5,239,91,9,249,146,70,60,222,131,36,183,250,32,194,220,30,97,133,238,15,213,189,14,121,136,177,93,141,238,29,102,167,18,83,200,196,55,60,252,72,12,210,164,85,43,211,126,55,134,247,56,158,215,226,69,154,128,44,117,189,27,94,188,196,81,147,221,12,38,145,231,52,205,207,60,84,172,3,25,131,246,34,123,142,82,25,248,252,39,104,223,90,86,167,233,24,101,243,73,23,241,131,97,193,153,87,14,200,154,46,101,208,13,77,150,228,47,117,174,32,127,172,255,48,137,198,45,59,219,234,72,162,203,109,60,230,82,42,221,136,59,136,202,59,58,248,184,107,5,216,78,75,163,181,5,33,229,91,55,144,168,31,116,156,64,58,181,228,22,197,136,28,136,243,191,3,145,213,109,101,219,8,102,199,225,95,77,191,90,74,162,11,90,133,230,106,34,156,88,125,61,137,77,57,200,213,11,145,173,114,221,199,178,33,198,249,78,96,172,88,70,191,247,35,106,201,81,17,211,161,103,47,131,101,10,142,93,37,46,157,170,105,246,227,14,225,172,71,150,136,12,32,158,212,23,39,235,177,3,205,163,113,203,183,143,122,212,252,100,15,236,32,8,183,168,1,210,169,239,103,163,238,50,176,201,77,33,237,69,21,216,236,76,4,229,167,84,192,160,91,194,249,52,88,145,246,53,126,184,8,9,129,238,34,149,204,30,55,134,160,52,157,193,239,70,246,164,20,198,203,122,37,228,193,67,136,143,29,35,235,85,38,143,207,36,94,234,2,52,153,224,91,152,184,104,1,245,171,99,221,153,125,58,167,233,40,255,204,21,88,175,198,30,176,196,47,116,187,250,20,140,220,3,107,245,232,52,111,234,45,45,166,92,9,205,146,45,110,221,228,105,232,140,47,134,233,42,116,191,11,71,168,213,62,80,239,231,68,156,202,8,126,168,243,79,145,208,28,114,209,126,28,198,153,71,55,233,93,57,230,193,15,140,137,14,138,138,207,36,46,200,4,103,146,227,90,34,198,53,73,185,91,27,253,172,123,223,209,1,95,146,26,34,30,166,229,77,158,235,49,143,210,92,117,156,179,4,55,236,87,67,178,254,39,98,210,50,79,210,86,32,96,201,4,71,160,3,54,141,192,4,67,188,57,17,186,169,79,128,203,125,101,188,177,27,36,188,225,78,202,230,39,200,154,120,216,240,187,97,63,195,120,81,182,241,90,142,213,0,117,143,162,60,185,219,11,146,154,14,83,173,205,14,43,216,171,80,253,229,86,132,246,33,35,155,85,120,54,246,66,6,230,115,97,246,201,48,113,218,60,38,144,191,19,72,186,245,82,141,226,43,37,138,195,73,133,192,26,32,232,124,34,205,244,66,66,231,5,42,135,177,6,153,181,49,153,206,19,33,170,152,30,86,175,164,46,178,199,28,96,198,242,27,181,193,34,137,190,247,17,246,229,35,154,250,238,45,108,233,30,121,241,126,72,213,239,106,118,223,240,67,231,205,38,140,246,41,211,131,117,16,236,147,120,52,242,178,20,239,157,26,57,186,251,76,136,255,95,126,149,55,88,128,224,81,205,230,90,16,226,175,59,147,212,28,214,129,164,108,120,209,26,105,195,239,68,156,202,33,215,131,113,8,208,131,33,137,196,6,16,205,92,46,103,251,169,115,140,228,54,155,183,79,51,153,157,76,205,226,82,4,210,131,35,117,206,48,36,251,116,127,127,244,29,98,144,9,32,132,241,53,87,198,39,73,176,166,24,204,130,80,25,180,224,43,250,240,249,104,147,24,57,197,217,48,157,185,81,114,131,175,6,67,145,230,87,137,214,54,78,207,16,69,191,191,1,146,231,127,15,235,149,50,200,147,12,66,187,192,90,145,228,106,110,215,27,90,143,194,42,69,201,23,36,184,198,47,31,190,89,38,171,242,31,46,221,92,12,192,250,56,119,200,29,114,199,137,23,221,207,84,65,211,232,9,221,189,31,74,235,234,86,129,178,98,212,136,126,54,240,172,123,60,217,239,34,249,131,25,39,129,83,49,145,144,116,218,248,136,35,245,233,83,147,230,78,108,213,247,32,112,250,55,13,208,237,114,153,243,40,2,170,236,49,152,243,48,208,128,114,38,156,84,117,49,239,175,59,255,133,23,33,183,111,242,191,243,94,122,146,113,20,146,233,94,134,243,22,36,205,222,40,170,153,19,211,203,238,53,200,91,37,105,132,239,111,222,138,11,135,233,116,136,144,2,40,217,147,79,13,205,89,29,35,181,127,213,227,142,91,155,240,76,57,159,188,80,143,234,44,150,188,227,0,137,220,6,59,175,48,122,173,28,81,214,189,24,87,191,240,51,32,198,59,222,218,124,25,182,191,37,126,171,171,107,247,187,65,211,157,90,66,239,218,55,154,190,78,120,147,241,58,153,163,95,85,128,129,123,55,191,85,44,134,87,81,153,169,46,67,134,190,20,186,212,55,110,243,40,66,147,250,1,153,219,6,109,211,204,86,152,207,11,41,170,201,55,50,141,112,68,173,31,34,149,163,91,71,188,242,40,147,153,85,221,157,117,0,211,234,51,79,219,196,86,155,215,72,115,219,68,91,142,230,75,146,203,46,117,237,229,38,100,252,18,78,219,170,59,104,247,30,46,147,166,68,191,188,11,72,188,231,85,128,230,45,126,191,56,116,106,178,52,65,215,239,116,226,137,52,145,244,84,124,201,253,80,132,233,44,102,215,31,68,164,201,224,121,154,203,64,144,245,66,144,175,15,99,136,165,88,86,174,229,86,129,185,112,35,222,3,88,148,195,35,148,215,27,96,182,34,43,144,215,48,63,149,254,36,158,241,65,246,167,108,115,161,236,102,39,143,5,86,97,244,124,156,178,47,88,175,227,73,45,147,177,49,234,241,43,146,139,65,57,218,188,51,155,181,60,96,252,30,78,161,208,37,73,251,93,119,221,133,111,219,137,83,6,219,27,49,46,234,168,104,244,184,126,208,176,93,55,226,159,33,128,174,31,120,156,246,21,221,211,39,97,198,178,104,36,169,113,62,128,42,20,160,245,91,93,172,234,86,139,155,43,113,197,113,112,210,7,106,159,223,13,90,160,229,18,203,156,43,117,207,209,123,76,131,61,87,161,79,109,215,131,113,33,250,174,100,220,150,82,240,183,18,111,184,236,12,111,197,239,3,145,254,25,51,153,65,43,151,69,28,228,175,61,99,166,227,100,36,176,116,16,161,249,93,100,187,77,43,139,163,7,237,139,95,12,179,243,74,152,130,52,102,165,44,125,168,72,14,61,145,93,53,197,161,117,213,183,81,29,178,64,88,132,255,108,32,150,78,8,196,130,66,206,146,191,17,241,156,127,208,174,28,123,149,173,71,101,179,205,91,144,227,11,111,220,82,14,150,86,24,205,147,91,47,251,83,99,255,147,115,213,197,120,109,198,244,39,145,222,61,122,185,224,106,110,183,18,71,142,161,50,156,220,35,9,231,71,31,195,144,174,24,196,178,98,212,162,83,114,190,233,52,219,157,107,49,249,77,25,241,129,29,49,187,94,125,200,140,124,208,210,63,105,203,92,65,151,193,241,101,241,181,123,205,151,109,59,149,167,5,229,228,72,46,204,156,79,217,149,96,40,137,76,3,49,181,108,47,135,91,1,230,183,3,198,172,65,7,245,154,47,101,196,120,97,217,7,104,150,203,73,24,195,198,66,146,203,13,86,133,9,97,141,138,106,2,230,76,106,212,128,110,222,144,68,58,217,147,79,253,186,23,98,165,225,9,133,255,53,0,146,253,22,48,150,126,40,148,66,50,228,88,117,45,205,142,47,100,229,37,55,196,1,104,145,234,15,124,206,193,72,166,193,25,145,216,41,79,199,248,62,119,163,58,86,186,23,74,181,167,53,123,194,94,114,210,180,78,52,156,108,31,174,21,33,137,147,73,87,132,237,58,143,221,0,74,243,174,97,203,232,3,106,177,208,81,107,144,58,99,193,179,103,221,191,98,11,147,83,21,201,132,120,36,136,34,8,168,213,55,210,241,82,106,182,24,101,153,198,56,126,165,163,31,221,157,67,0,250,164,51,128,213,6,95,137,16,89,135,166,89,46,132,227,80,163,220,54,51,161,232,114,190,255,1,46,246,74,60,195,183,18,96,193,57,94,179,57,36,135,194,21,113,202,0,119,132,241,63,117,198,250,120,132,219,35,108,209,234,87,164,186,82,133,138,252,83,231,144,69,14,221,31,78,237,98,13,108,200,9,87,167,250,66,181,186,76,98,220,253,33,152,213,115,33,145,67,29,192,165,31,219,153,170,33,148,216,45,50,205,26,127,144,160,78,138,182,29,34,131,189,37,158,197,21,55,170,229,42,134,148,16,109,234,178,6,210,128,87,223,186,8,27,126,222,62,113,248,52,108,164,29,72,195,160,160,91,146,229,60,52,134,80,38,222,99,36,176,192,93,68,171,202,61,219,199,43,126,203,16,95,46,164,55,122,160,66,77,156,235,34,200,222,61,111,207,177,75,27,180,74,125,220,5,124,251,250,5,71,170,213,55,139,201,26,103,238,89,18,169,169,12,113,251,19,68,96,194,53,39,151,73,61,240,191,76,8,144,80,56,205,226,32,135,142,102,29,249,167,64,131,160,1,55,175,31,110,191,24,42,46,230,160,28,218,154,102,42,218,111,72,172,210,113,3,225,65,25,253,163,65,1,186,1,123,139,130,120,48,234,166,46,238,176,62,196,140,96,57,198,185,69,110,217,40,67,191,0,82,233,89,62,112,195,24,65,172,186,120,56,132,72,14,224,145,103,53,143,161,63,159,183,27,235,178,7,112,130,238,108,41,192,70,77,130,5,66,165,78,15,124,182,248,9,159,252,12,122,199,224,11,243,93,112,222,142,64,52,234,162,28,216,188,123,32,160,213,44,125,192,27,94,253,93,115,135,236,75,120,156,186,104,216,138,126,52,236,166,98,234,170,108,33,231,175,3,229,138,57,150,175,19,41,202,255,112,108,219,27,62,243,63,91,137,186,48,125,244,167,107,49,131,77,35,241,75,29,251,91,89,250,171,198,108,209,143,126,102,217,0,78,136,201,64,76,165,58,98,215,243,40,139,220,48,81,171,8,11,38,197,18,101,219,26,117,240,232,87,216,194,185,117,186,137,29,110,173,65,15,233,187,25,249,248,92,40,13,206,56,97,148,10,115,190,168,44,87,216,25,74,207,163,37,186,195,55,51,221,230,36,133,167,24,122,209,9,56,188,21,64,196,250,20,25,215,151,99,39,237,127,9,181,128,14,139,219,48,95,187,244,48,103,215,74,97,169,29,90,68,172,224,110,163,238,59,143,198,84,125,194,31,65,110,136,38,69,169,29,112,232,86,6,248,134,100,1,251,183,117,31,172,76,9,214,228,124,155,199,29,125,254,182,16,186,208,15,122,131,4,81,143,218,45,65,143,0,111,209,11,90,126,250,11,118,154,243,5,105,228,162,21,240,10,68,244,232,60,114,168,19,25,213,147,83,245,206,251,126,145,193,17,120,189,18,89,220,228,89,99,165,28,78,153,198,56,126,133,163,2,231,245,40,191,254,69,76,141,231,59,156,228,68,38,192,140,35,241,172,60,101,212,61,92,144,227,54,118,241,51,78,142,212,9,110,187,14,26,180,25,51,155,246,114,47,255,174,55,107,220,101,42,141,244,75,197,201,71,87,158,27,56,194,146,110,2,200,105,90,138,233,125,41,151,71,19,192,231,85,144,145,79,15,155,134,76,222,232,84,33,162,246,83,246,142,114,216,221,135,115,33,145,67,55,237,143,50,139,163,45,94,207,244,45,174,136,96,48,140,160,0,226,188,73,49,155,71,53,229,87,11,235,148,61,106,165,192,96,45,186,62,14,217,236,77,152,223,71,109,191,93,41,106,145,118,125,164,1,72,130,239,56,96,139,164,104,246,195,92,111,240,37,121,191,22,103,71,174,79,57,229,83,3,245,169,31,215,145,180,114,24,147,6,70,223,164,58,200,162,116,210,153,177,21,251,153,67,5,176,8,108,191,232,39,2,176,20,83,156,19,78,36,184,68,220,236,72,67,35,133,95,5,237,87,3,241,161,57,234,249,18,83,210,144,80,220,224,166,56,194,88,102,192,249,87,55,207,179,51,26,165,3,126,235,24,68,124,178,160,82,182,241,50,177,232,66,152,167,50,37,205,232,23,43,184,229,66,187,202,29,146,220,31,75,250,242,57,46,238,122,62,196,86,96,246,235,69,23,245,85,109,209,183,85,63,235,89,35,15,217,8,4,247,179,10,140,193,64,156,172,61,47,156,219,46,88,133,19,94,143,224,82,171,227,11,117,226,243,74,155,207,28,69,152,18,43,244,179,123,5,156,181,65,188,205,111,213,243,93,9,222,142,64,52,234,162,28,216,160,96,34,154,91,33,183,192,29,104,218,17,124,217,185,81,149,228,16,119,176,84,70,187,254,36,44,184,239,120,179,166,45,77,214,228,1,135,254,95,41,203,58,17,34,142,124,44,158,82,8,192,186,118,254,190,64,53,251,169,58,42,233,14,105,178,26,105,153,242,15,62,167,22,73,188,205,79,149,198,74,70,135,242,43,70,217,244,113,197,19,48,140,224,11,43,248,150,64,44,154,74,60,240,166,30,216,190,49,10,199,24,90,96,229,10,154,168,39,27,241,31,16,75,162,55,84,189,12,89,162,254,60,101,142,151,29,217,128,163,101,189,85,47,188,204,34,129,204,176,22,52,158,74,56,232,90,14,196,188,92,52,175,228,43,165,183,45,150,203,52,70,177,246,54,67,244,240,8,182,16,77,252,252,39,129,209,253,29,103,170,52,116,173,83,0,173,129,75,45,180,27,106,206,180,82,60,232,86,6,210,129,45,69,251,190,54,247,210,93,144,196,48,113,229,241,45,91,134,59,91,183,240,66,185,217,73,158,197,4,84,131,251,65,90,199,16,94,161,242,17,145,169,178,64,240,132,19,210,162,21,64,244,164,22,49,205,114,16,221,15,88,141,232,55,105,218,54,94,100,207,28,58,210,249,85,144,237,84,157,254,81,73,186,240,34,101,205,138,25,218,249,65,156,188,137,60,149,232,71,104,225,114,14,229,185,18,108,214,14,107,243,225,115,181,233,40,159,212,11,20,32,184,72,14,213,28,116,145,186,39,159,244,12,123,239,237,75,132,223,2,87,197,31,80,147,192,94,61,192,16,33,131,216,70,32,239,255,127,51,193,71,109,162,237,27,135,222,25,143,155,61,89,144,178,56,159,230,66,22,246,114,95,209,214,89,120,173,18,67,170,165,2,68,182,234,99,161,213,233,102,191,28,53,188,140,38,139,161,9,96,27,182,109,24,161,25,78,235,148,113,97,226,16,98,238,169,97,208,217,57,69,142,186,66,246,222,15,80,187,30,91,249,171,31,213,167,106,71,143,173,116,125,173,28,91,182,190,86,120,221,60,69,153,177,1,124,173,7,3,252,171,83,152,222,57,62,244,223,95,187,128,56,58,198,237,112,210,224,52,21,173,163,89,182,233,23,143,244,115,43,229,136,108,43,155,0,20,160,237,105,206,219,37,117,164,133,39,128,164,3,64,191,244,85,199,241,52,85,157,22,48,241,128,93,124,194,29,26,237,16,30,121,153,253,75,148,255,82,151,181,103,219,145,154,71,98,170,225,48,244,186,12,252,129,62,154,136,171,11,35,135,109,11,245,161,37,210,227,32,76,179,245,36,182,247,25,134,199,25,73,248,2,4,108,167,26,121,209,249,77,156,225,38,129,133,160,22,206,136,68,2,194,78,18,216,170,94,231,177,28,35,157,169,72,39,217,236,93,182,236,73,120,165,195,86,155,193,117,212,144,34,96,189,0,24,135,176,45,90,149,17,33,156,219,125,159,192,21,88,177,250,108,96,171,160,96,236,176,118,200,249,79,55,218,205,41,130,159,67,41,199,177,29,50,226,126,37,186,248,53,44,180,116,54,132,74,121,205,153,113,1,157,155,60,161,200,61,146,196,12,72,185,203,82,155,197,39,14,186,242,67,134,184,77,89,191,238,65,98,215,101,61,225,71,101,54,226,80,0,242,166,28,212,142,74,210,184,121,71,138,223,63,55,134,93,105,138,225,88,106,197,238,69,149,234,93,137,217,114,32,166,18,85,148,236,7,74,185,252,109,157,253,12,69,153,31,115,133,162,23,0,168,23,16,196,186,114,44,232,112,23,217,167,109,53,163,120,98,185,89,100,196,167,254,83,172,236,88,139,250,7,140,203,33,26,176,160,236,127,190,249,1,128,251,62,144,179,8,33,110,205,106,76,190,23,68,191,174,110,167,144,24,34,179,181,119,197,139,83,39,243,75,49,218,197,23,124,154,180,80,135,255,50,159,204,118,106,173,133,65,63,255,97,34,220,165,61,134,216,61,78,168,164,118,102,196,239,88,159,254,73,158,201,16,81,129,194,117,201,208,32,104,161,22,90,187,246,43,16,237,82,32,147,247,54,159,240,110,108,213,242,38,111,159,93,29,233,135,94,129,193,32,51,244,134,100,238,177,4,104,129,174,26,200,184,106,5,251,179,71,4,227,52,125,200,6,91,173,224,13,112,211,225,109,254,218,49,149,130,32,142,217,241,92,157,135,65,61,251,187,7,203,145,99,45,234,184,56,9,204,39,114,202,68,107,206,234,35,115,166,226,77,159,196,36,129,198,30,188,231,165,44,120,197,20,91,152,255,92,97,232,50,110,197,199,11,147,246,32,37,217,18,25,217,165,105,47,232,178,8,252,157,13,100,128,81,53,234,206,47,111,175,23,68,137,212,59,108,130,119,104,172,60,58,97,205,0,101,173,94,57,152,229,7,124,221,165,95,182,175,49,148,198,67,49,134,183,37,140,168,180,6,208,166,94,227,233,118,140,179,20,73,68,187,21,70,154,229,86,154,238,3,77,194,13,116,140,199,25,112,179,6,77,178,136,36,139,167,254,85,233,130,55,224,251,61,108,203,118,68,155,181,7,111,138,229,3,202,213,37,120,210,51,119,146,215,226,107,249,186,9,201,238,61,98,170,226,111,132,220,37,116,188,23,77,230,248,64,115,210,10,59,207,183,97,205,145,70,212,213,9,122,249,156,90,26,204,135,52,140,201,98,48,138,92,58,193,153,125,9,236,239,89,128,181,103,219,145,73,106,38,174,110,48,190,68,38,205,232,74,145,176,171,11,237,135,109,213,191,107,217,137,123,47,229,132,126,16,213,177,20,200,220,47,42,137,3,125,111,183,77,114,217,12,74,135,250,55,211,137,42,88,135,199,7,179,216,0,153,176,248,107,137,170,1,116,132,167,67,113,202,62,221,148,119,116,215,253,37,97,227,12,88,147,240,52,121,253,72,222,211,173,127,221,189,85,57,159,189,103,211,129,113,10,254,180,108,38,200,71,100,169,50,84,200,17,26,105,247,21,46,199,169,67,41,145,123,39,149,172,30,210,136,64,58,246,180,94,237,141,72,215,137,166,115,203,145,121,217,243,5,114,219,209,41,67,130,166,74,218,194,7,84,201,5,4,223,16,4,115,185,22,21,236,133,40,146,175,71,99,216,239,85,134,188,112,38,158,88,20,210,146,30,34,207,161,107,193,143,105,17,180,55,84,189,15,121,79,186,230,93,149,243,6,38,180,94,98,168,233,29,42,233,51,78,161,242,99,119,219,32,75,231,188,127,153,209,114,140,142,2,117,246,178,112,48,227,167,109,255,137,31,45,135,115,26,216,235,19,41,247,160,71,150,252,37,156,192,3,67,175,1,15,121,254,38,19,206,238,64,179,227,8,110,192,140,57,128,245,41,134,207,120,98,171,90,66,208,249,202,1,151,196,91,39,189,75,37,247,85,53,52,178,83,88,136,247,96,158,208,35,120,161,12,65,135,204,3,141,159,244,124,134,61,33,130,208,229,8,118,199,62,218,192,61,36,150,74,0,248,153,85,19,249,114,106,43,232,2,154,139,13,92,149,217,80,62,216,246,45,152,221,58,115,198,3,15,103,209,46,65,243,50,112,132,62,107,148,248,55,42,141,231,45,40,199,45,67,194,66,112,166,196,125,62,241,244,60,188,230,69,209,167,53,78,128,249,44,139,162,29,92,156,204,39,186,150,23,108,168,201,8,124,232,75,78,192,60,51,247,199,12,83,238,139,96,173,235,35,98,223,3,93,226,177,41,111,210,29,114,155,220,73,150,131,51,79,183,234,124,113,195,17,94,242,69,118,115,203,59,115,141,254,34,102,159,23,98,160,234,127,249,129,124,8,224,176,12,32,170,79,120,172,15,52,174,231,48,131,206,19,57,189,234,37,121,185,52,86,155,214,28,126,203,24,52,210,229,16,246,148,126,17,255,175,97,255,166,74,63,176,20,102,145,20,39,71,214,214,60,198,238,50,151,200,57,84,187,235,44,181,199,59,96,249,77,67,136,210,10,155,178,196,91,103,245,36,34,233,82,123,159,201,68,25,143,238,94,130,243,115,41,225,91,23,159,95,72,252,177,173,48,138,19,37,156,223,50,139,190,141,33,155,194,50,113,147,71,61,245,133,70,57,208,65,96,117,246,11,151,165,63,70,190,21,58,97,204,244,97,129,250,40,146,221,71,63,249,181,78,9,162,58,127,194,86,98,250,160,75,127,207,241,41,35,197,39,116,219,58,99,229,91,19,205,240,174,110,250,148,105,152,165,62,80,158,227,64,156,162,50,111,148,210,101,158,192,61,97,170,62,51,104,195,36,4,143,70,96,176,206,77,103,246,236,86,137,239,18,103,218,48,78,217,10,87,186,221,30,66,131,207,24,154,171,116,62,148,162,22,24,154,123,71,163,0,21,154,200,21,116,208,77,36,109,213,12,99,174,247,118,246,242,83,157,249,225,35,240,151,50,125,209,2,27,176,14,110,191,220,126,120,162,249,62,111,228,122,0,146,92,24,10,129,83,49,145,131,32,183,223,62,39,208,22,82,147,206,64,116,164,43,106,133,28,20,146,245,235,111,203,227,53,142,242,37,115,172,79,111,166,206,114,96,213,84,14,202,136,98,249,152,94,48,33,157,104,214,181,1,106,199,171,17,47,179,104,94,132,249,112,38,158,88,20,156,92,30,198,159,228,96,147,13,105,216,153,61,149,160,20,113,163,201,110,222,144,68,58,242,172,104,38,230,114,54,9,152,49,144,171,41,15,228,79,32,132,238,42,28,194,252,36,147,198,39,104,165,224,115,156,248,63,126,153,73,118,130,224,45,126,214,20,29,176,221,21,142,140,56,96,163,88,25,200,239,49,99,185,242,0,190,159,123,69,215,228,67,136,215,52,102,155,218,44,152,207,30,54,171,15,115,128,88,59,79,206,85,84,164,218,69,37,199,28,53,151,152,126,38,144,124,42,176,97,9,244,231,61,67,155,204,76,152,211,1,57,153,27,117,130,225,106,92,191,0,57,188,194,58,109,240,80,82,189,235,20,145,237,19,108,176,244,99,219,174,67,150,166,221,76,54,208,5,109,213,4,56,234,94,20,204,237,169,103,13,158,126,53,193,22,102,169,20,39,123,200,174,70,188,207,59,116,146,66,52,232,116,80,114,160,55,122,187,75,12,217,233,55,132,174,214,54,145,186,24,123,161,3,116,230,86,8,252,179,124,11,199,133,69,251,184,31,99,178,77,94,143,162,13,106,196,230,92,121,194,7,98,224,28,40,107,207,85,1,153,68,7,233,231,35,135,214,19,14,204,222,118,138,189,88,72,234,2,75,186,141,7,126,239,169,101,35,201,66,58,251,15,92,157,174,59,65,191,34,96,206,232,6,125,168,45,49,132,217,8,95,183,225,126,145,163,68,205,136,80,84,244,200,33,119,219,58,16,246,94,8,222,164,61,101,218,85,72,148,207,0,71,141,31,69,133,206,53,108,152,228,77,160,212,100,137,232,6,42,157,131,51,96,159,87,17,205,127,56,133,224,6,89,175,232,83,106,221,92,96,209,247,85,176,253,53,102,212,6,81,243,182,101,98,159,19,106,149,211,34,56,142,92,54,226,139,15,214,199,62,36,155,226,34,104,147,9,114,188,251,40,189,230,26,42,188,249,79,151,252,106,241,218,125,118,130,220,107,6,219,12,123,231,21,67,156,215,58,111,36,176,116,58,166,123,104,180,17,102,205,166,40,85,172,251,33,110,192,13,117,172,20,93,140,196,45,80,248,64,74,154,227,62,173,202,41,92,167,209,21,121,214,47,47,160,83,75,171,250,51,100,150,130,12,139,218,12,42,183,74,94,187,132,98,41,193,143,38,123,214,43,110,220,29,66,177,210,92,92,211,15,89,170,220,56,137,215,35,80,152,142,115,150,239,25,124,164,28,77,241,163,23,205,198,139,107,40,144,30,88,162,13,85,232,248,95,64,179,4,81,150,239,71,125,220,8,116,161,139,83,28,221,186,52,233,182,112,175,225,0,84,229,254,120,85,248,27,13,191,26,70,190,19,37,236,182,127,26,196,157,126,122,196,27,91,148,227,79,115,225,244,75,172,242,2,131,160,27,120,172,21,62,105,223,84,66,139,17,93,152,136,69,109,174,154,26,205,187,82,47,213,238,84,169,208,65,184,209,17,78,240,168,98,222,182,113,36,252,166,4,40,139,10,125,140,236,96,131,254,8,3,237,89,110,244,189,72,127,161,224,41,182,176,111,192,194,240,69,151,236,51,188,160,31,110,175,224,67,148,245,66,50,228,88,36,235,219,124,39,250,1,67,113,199,28,74,186,3,34,167,161,53,156,192,238,62,244,161,86,3,235,90,68,140,195,98,204,144,73,9,158,245,50,173,155,57,66,164,46,101,197,210,9,123,180,19,71,133,182,38,159,238,21,74,138,201,85,58,241,4,80,156,204,77,190,209,123,68,103,211,51,102,176,97,9,244,254,41,126,174,83,25,225,228,35,132,247,105,118,193,252,104,233,228,16,123,144,74,112,167,247,20,215,130,62,121,169,208,59,108,181,69,67,164,240,66,147,151,48,54,237,175,0,96,223,98,21,174,16,81,204,212,230,125,190,240,1,218,143,49,96,203,24,80,201,203,60,73,162,17,97,184,19,74,254,252,45,104,149,189,62,119,196,25,88,128,251,76,151,171,59,75,226,186,30,196,200,97,49,180,25,68,179,241,89,69,136,6,91,146,17,48,107,129,65,44,224,173,94,44,130,189,27,228,160,0,239,191,14,216,143,194,109,150,214,11,99,231,188,83,132,237,32,83,194,172,2,138,243,46,79,137,86,65,184,229,19,126,140,169,19,130,203,109,245,209,14,148,168,227,42,132,165,6,99,165,182,87,187,217,93,142,168,27,64,233,144,83,26,254,7,73,136,117,68,112,244,83,96,168,17,16,159,198,23,70,159,225,48,108,222,56,13,199,131,11,225,160,18,119,225,234,63,129,204,55,70,189,12,100,198,176,30,200,145,93,47,224,169,109,203,134,85,25,241,180,107,40,254,81,3,236,178,30,175,193,49,154,189,212,121,81,248,47,63,251,249,32,101,224,37,88,163,229,43,177,203,32,127,220,237,44,197,168,69,217,165,3,126,193,112,84,147,254,45,102,243,174,63,111,188,0,69,177,249,124,138,245,124,119,208,53,15,64,212,12,114,166,54,17,201,131,127,237,170,185,123,144,205,52,127,140,26,127,141,240,69,110,184,19,63,231,28,92,169,251,101,209,149,22,93,123,214,1,109,224,220,111,168,168,45,151,240,35,25,201,218,5,114,164,28,113,227,236,34,82,216,10,69,128,23,72,7,148,103,8,223,100,79,232,166,172,79,189,24,35,218,227,87,136,131,123,53,216,188,123,43,228,235,112,129,16,62,135,207,116,61,217,170,31,49,229,93,69,180,239,85,140,214,239,38,234,231,37,155,128,28,146,173,12,89,159,229,71,37,193,236,87,178,233,126,197,244,34,102,129,215,116,60,173,6,77,158,19,8,230,200,45,113,251,91,115,215,189,91,5,241,117,34,132,230,30,79,196,128,8,200,160,53,215,228,41,85,219,214,50,80,182,69,97,203,187,25,201,177,109,135,181,255,95,148,196,82,70,205,231,58,187,193,84,15,189,250,25,174,222,39,147,173,163,64,169,173,35,58,163,251,39,140,246,102,108,248,61,4,221,205,42,125,196,163,83,172,234,52,168,183,98,149,173,22,76,133,242,51,50,189,249,93,192,210,86,76,211,228,116,219,183,27,45,214,63,94,143,198,66,113,173,31,79,171,130,116,157,194,15,128,213,231,7,107,200,61,45,193,161,3,221,131,107,213,194,123,72,189,228,54,218,209,4,79,154,9,30,77,212,167,61,203,165,93,248,240,25,112,195,230,70,47,224,20,71,186,238,37,144,255,39,100,173,23,116,100,242,0,158,130,75,31,255,161,81,12,249,31,82,181,240,69,194,206,55,123,186,239,34,138,165,169,55,128,8,37,130,211,115,223,233,27,78,117,180,21,114,171,212,20,143,196,53,118,235,165,97,178,241,2,158,170,9,23,170,248,110,186,134,239,64,179,142,63,232,153,97,154,216,21,38,28,248,57,79,130,89,99,249,135,75,30,213,63,53,212,186,88,2,238,92,12,254,152,69,100,212,248,5,197,135,21,219,227,119,3,155,171,7,219,200,105,91,137,237,68,164,211,110,162,244,20,96,213,140,79,74,214,30,55,145,226,25,97,243,24,94,181,142,114,216,246,160,12,250,170,28,208,134,165,31,219,163,99,15,158,55,68,221,245,57,192,142,244,82,163,204,39,153,245,2,204,182,17,119,168,163,55,99,164,229,122,253,199,91,158,181,65,65,144,253,90,71,146,118,9,227,170,93,133,251,59,5,135,241,48,137,194,67,151,222,95,51,255,190,78,42,254,94,0,218,128,104,248,147,35,152,245,160,22,223,223,8,89,143,27,82,105,208,41,127,175,184,49,145,243,26,125,223,224,83,159,190,30,109,186,232,49,146,151,81,150,225,43,121,180,240,7,220,224,55,28,174,17,62,222,134,112,220,241,161,19,199,151,88,5,198,236,36,180,235,25,91,204,40,20,168,198,112,205,232,9,127,145,232,43,88,229,24,93,131,241,56,125,189,125,63,141,186,66,214,226,80,39,204,151,94,178,211,124,106,167,244,91,186,227,101,149,214,5,93,199,211,92,113,182,15,45,246,208,81,126,142,40,79,234,80,85,63,235,89,9,251,133,72,212,149,7,137,218,244,70,151,175,6,68,209,231,74,153,245,79,92,195,161,87,179,228,85,172,215,42,99,162,193,33,66,209,58,120,166,251,80,110,243,40,126,205,236,44,213,238,93,93,184,232,107,148,206,123,121,176,227,47,110,176,118,62,146,94,54,198,162,92,251,219,247,90,199,255,79,158,239,40,115,151,1,76,100,190,170,70,136,232,70,220,230,15,148,236,12,88,41,141,115,17,251,167,21,197,157,70,40,155,238,36,191,206,20,129,219,46,116,181,27,42,129,182,14,85,213,181,33,131,242,33,186,223,44,103,157,232,14,70,129,50,2,140,241,50,179,202,120,108,207,175,55,89,249,251,25,137,242,32,154,197,166,30,216,148,28,220,158,108,24,215,10,84,183,233,11,75,172,15,48,137,131,35,156,207,35,41,150,251,58,79,188,166,50,189,248,124,136,209,110,99,253,143,109,205,229,73,5,224,229,38,133,194,27,92,133,244,21,60,238,63,123,216,17,108,168,218,60,68,172,219,92,180,147,100,33,217,54,109,159,250,98,148,209,9,73,136,132,16,212,154,108,29,243,129,49,0,207,37,70,231,3,57,128,213,19,84,248,226,39,146,192,80,157,212,30,102,175,213,113,105,218,235,1,147,252,23,49,151,127,41,252,170,26,230,173,127,44,173,232,38,108,239,26,29,249,255,93,150,241,40,125,218,243,76,141,205,20,79,146,190,83,140,201,54,121,238,107,54,189,225,55,117,206,19,51,143,30,48,156,249,79,53,196,174,26,200,184,106,244,185,8,72,135,128,14,97,162,233,74,139,175,51,146,161,19,39,186,229,57,64,179,164,70,141,250,104,152,223,80,12,148,187,125,203,145,89,7,212,88,99,184,215,56,157,191,184,106,136,244,47,158,235,40,97,184,237,6,65,139,24,115,193,255,50,137,215,58,97,183,4,12,107,142,177,22,194,245,38,155,200,55,52,162,208,90,150,215,105,47,247,75,23,239,191,27,5,219,28,60,157,128,36,132,209,32,99,200,80,70,108,173,247,99,189,246,61,135,218,13,107,210,237,41,202,182,9,98,202,242,41,206,190,112,36,154,185,115,47,157,90,48,194,0,84,135,187,95,152,185,245,88,134,220,55,157,199,24,42,214,8,113,157,238,19,80,147,200,107,149,217,32,85,147,18,91,107,216,59,75,182,5,63,210,163,108,142,203,237,83,152,247,31,148,221,20,37,167,242,68,156,222,162,62,210,178,20,46,148,124,12,191,106,29,141,243,54,43,171,243,74,139,238,61,53,201,20,70,136,182,93,62,136,78,2,244,134,52,153,217,241,82,139,248,117,105,162,115,51,245,67,9,209,140,88,26,237,118,93,148,252,9,50,154,68,48,197,181,103,219,187,100,77,173,232,41,140,223,83,12,214,172,122,212,230,68,36,252,160,6,14,163,229,65,186,177,101,219,147,77,9,145,81,19,225,142,86,0,219,10,80,191,142,110,208,234,80,56,201,181,99,211,133,121,47,231,161,29,241,182,35,92,157,170,116,202,152,114,4,226,66,26,254,164,169,19,255,173,29,207,131,121,49,193,138,106,186,202,50,44,233,72,80,169,238,87,120,223,43,122,158,240,103,211,129,113,35,151,77,5,255,187,121,96,236,176,118,200,146,104,54,144,162,0,224,184,105,4,206,227,82,159,248,40,87,220,0,70,169,186,49,123,197,24,116,133,188,94,149,249,56,115,190,141,120,219,203,62,150,219,8,102,164,211,19,69,179,255,88,168,247,104,113,212,17,99,129,61,101,49,175,8,44,155,242,58,150,251,113,112,160,207,24,180,241,90,99,186,245,73,145,203,112,128,174,228,94,100,221,119,102,194,60,127,249,48,9,53,226,27,81,157,250,10,81,138,15,118,183,1,4,64,131,91,63,229,131,109,217,135,119,41,157,186,114,44,232,112,48,242,64,6,206,162,110,198,215,116,35,136,231,29,47,195,14,98,233,18,112,216,200,15,0,252,186,122,198,138,80,34,236,66,119,209,227,65,33,249,93,3,33,139,93,8,156,172,54,138,209,58,82,193,1,98,218,237,35,142,178,6,78,159,137,99,137,171,4,125,252,31,106,130,203,16,104,170,23,124,194,202,33,108,162,15,23,149,212,39,66,159,98,23,175,238,48,91,204,231,26,128,193,53,97,164,164,44,236,174,60,194,241,69,17,233,185,21,41,137,107,5,235,83,61,208,148,67,110,209,2,86,252,234,51,114,206,9,21,151,206,45,112,141,25,116,157,181,25,255,157,174,26,200,184,106,222,148,76,6,194,74,32,225,136,2,66,162,193,9,133,246,30,102,197,211,69,153,193,33,176,132,58,126,161,232,121,130,199,6,78,173,213,45,100,229,75,110,190,26,107,128,252,22,45,155,184,123,214,218,57,118,166,235,6,186,206,25,156,229,225,64,142,234,57,209,229,69,39,40,142,118,32,140,122,42,156,80,6,254,184,94,52,151,224,33,123,129,0,110,160,37,87,184,23,17,123,171,210,5,157,201,116,98,212,17,8,134,160,63,98,187,46,70,185,20,38,195,199,32,77,202,234,15,44,148,126,42,152,72,58,238,164,28,61,249,157,90,141,194,5,139,233,110,3,246,185,96,222,178,31,83,142,201,56,103,146,2,113,238,141,71,3,139,75,13,155,139,68,215,164,50,98,177,218,24,175,176,25,115,240,3,123,230,85,12,32,233,16,84,154,217,34,43,184,50,7,128,171,40,123,207,44,85,180,27,124,106,211,3,127,174,189,115,43,229,161,41,233,171,19,210,195,85,98,230,248,64,115,210,45,80,232,30,127,174,0,4,137,212,0,109,184,193,55,118,244,0,70,247,238,47,48,222,19,116,154,244,95,252,154,68,48,158,181,103,219,187,100,71,177,2,7,135,5,72,113,165,254,4,154,245,12,112,134,176,6,243,69,4,138,218,62,125,149,56,67,128,208,61,150,172,167,38,99,128,78,40,250,88,56,208,180,48,21,166,251,38,211,203,43,122,179,228,79,229,235,34,189,182,170,122,143,238,48,143,172,39,97,184,237,66,182,202,62,96,216,32,3,175,250,63,47,169,50,102,44,190,72,222,236,70,24,220,123,103,218,246,242,46,135,194,63,118,209,69,73,179,250,64,147,236,122,0,200,118,69,201,152,34,79,169,22,95,103,196,61,47,193,6,114,165,239,86,176,149,25,53,133,198,30,142,167,57,98,234,243,87,189,218,5,120,168,203,36,173,165,108,31,198,170,89,151,205,98,39,220,16,35,250,134,30,46,160,115,55,131,175,2,47,153,69,51,227,85,9,255,157,92,80,151,193,77,103,186,42,4,135,168,70,145,225,42,84,167,43,42,98,216,125,45,159,83,9,193,226,94,38,230,168,54,214,169,92,106,249,76,40,35,131,101,63,229,77,55,227,81,1,217,138,89,114,179,178,112,48,188,64,6,152,162,56,198,160,89,55,151,175,19,211,186,4,126,215,10,123,241,147,70,0,252,0,65,148,27,78,113,243,48,145,156,173,65,33,131,93,3,235,85,1,239,95,17,44,226,90,20,208,142,78,218,180,137,63,200,29,8,106,187,22,59,158,254,23,40,159,24,106,172,208,6,73,176,13,91,142,233,41,242,184,64,212,199,95,111,203,159,127,33,251,161,9,243,95,13,36,150,74,42,213,246,32,105,236,120,60,194,84,69,219,233,67,21,243,83,107,207,181,83,61,233,190,110,10,185,67,76,179,241,84,137,209,95,166,203,13,55,188,253,61,114,210,13,93,182,232,95,101,223,23,92,230,12,83,132,207,11,88,215,18,36,215,183,60,64,179,242,101,181,204,38,144,190,238,37,145,140,114,124,167,233,78,159,13,81,80,155,30,46,182,209,125,72,137,26,105,216,250,92,79,158,22,81,171,29,73,176,186,43,103,169,250,125,188,229,106,1,210,232,126,131,201,108,41,202,10,51,109,205,25,42,156,80,6,254,184,116,252,227,165,51,249,129,21,33,185,73,37,249,89,59,60,226,74,30,205,0,123,184,240,26,219,142,28,63,108,201,41,76,218,45,113,138,18,33,140,224,249,120,244,156,58,102,209,0,89,186,247,78,159,159,5,79,138,55,13,141,246,43,148,166,17,86,150,227,84,84,173,21,108,173,40,74,135,243,51,94,161,192,6,215,223,239,114,253,1,36,175,206,19,96,139,230,119,60,200,13,113,180,25,120,134,164,16,84,208,51,42,162,181,57,159,220,117,81,141,219,46,159,140,26,67,187,31,69,150,231,45,61,179,230,107,41,233,117,57,255,81,27,241,191,64,18,240,80,104,204,178,80,58,230,126,41,162,194,2,108,182,249,126,253,162,13,135,222,40,105,187,254,34,127,209,63,89,144,239,67,250,168,24,49,229,91,19,205,137,71,7,147,87,29,239,185,118,4,158,176,36,195,194,36,149,238,88,4,242,137,123,47,229,93,23,211,91,27,221,171,113,57,244,128,24,2,169,28,118,223,180,26,194,172,24,45,157,79,3,249,177,107,39,229,165,49,245,187,116,62,148,162,60,206,134,33,96,198,43,12,246,137,119,39,153,77,3,251,181,113,249,185,123,201,246,190,18,222,182,70,34,246,86,56,210,184,96,27,176,15,117,168,161,23,207,137,69,3,195,79,122,0,146,92,50,192,90,108,202,170,66,38,140,145,123,39,149,69,55,235,161,25,211,143,61,250,132,0,81,220,176,124,212,228,64,20,244,86,112,61,229,79,59,233,89,11,255,181,109,39,227,161,72,212,152,94,48,250,80,30,248,138,104,200,224,129,60,107,215,0,51,227,85,9,255,183,113,45,156,92,30,236,178,122,206,154,114,2,158,178,18,219,245,91,3,237,89,7,247,169,29,211,139,69,104,38,230,114,54,252,100,53,188,249,79,105,202,29,101,212,175,77,55,227,81,85,160,226,78,154,186,241,58,250,188,10,208,152,108,56,144,160,60,55,151,121,19,249,161,11,247,165,21,199,187,113,16,202,134,68,4,144,84,26,236,182,12,218,180,173,11,235,131,103,205,235,127,44,187,12,88,129,226,71,20,132,11,81,190,252,61,115,217,25,98,102,129,85,53,151,177,23,255,169,21,195,179,101,0,246,174,104,36,226,162,46,242,184,10,212,170,95,57,203,169,9,33,133,107,9,243,95,13,253,150,74,0,248,178,110,220,155,54,131,196,0,40,143,224,10,187,167,0,112,156,250,81,132,179,125,56,190,13,93,136,134,6,78,129,76,70,153,206,28,105,180,25,2,132,238,56,98,228,167,13,253,198,17,125,172,94,80,153,140,20,212,150,100,42,217,173,121,209,225,125,17,241,83,109,211,187,101,56,230,86,8,252,178,106,36,224,94,30,234,174,91,45,247,77,27,245,135,101,239,176,72,126,129,156,27,116,224,89,6,164,240,100,114,246,122,96,187,254,36,197,223,59,126,214,175,18,241,223,34,73,174,86,72,181,229,85,156,136,66,62,252,188,111,51,249,75,21,235,185,19,37,131,99,59,159,172,74,52,224,78,62,240,164,26,210,140,72,208,247,185,7,205,149,105,53,141,93,19,224,212,74,67,163,17,69,244,175,18,189,182,61,105,144,18,4,68,223,18,68,233,174,9,215,177,26,101,129,204,37,137,167,30,62,236,92,14,194,184,112,42,205,85,21,215,165,107,51,135,83,43,251,87,107,50,148,174,20,252,166,18,192,176,98,214,140,68,101,33,159,95,43,239,159,42,169,226,38,154,174,235,6,211,130,16,8,163,19,122,180,233,37,132,182,252,107,238,179,117,195,209,21,37,189,8,90,147,188,80,50,204,178,26,196,176,30,206,128,116,17,201,131,127,61,253,73,13,211,165,111,197,147,84,102,196,164,124,32,134,164,14,250,168,24,202,229,91,19,231,164,95,148,219,53,39,161,6,74,156,221,9,64,161,80,44,153,184,98,206,188,108,5,249,175,103,33,157,91,27,231,171,113,195,141,74,24,242,132,98,194,154,126,36,194,172,24,198,157,79,3,249,177,65,10,166,33,126,246,17,68,155,219,28,50,232,222,100,190,128,29,196,247,108,28,241,237,82,136,215,60,72,183,246,5,197,220,7,98,166,243,85,112,195,51,56,208,3,35,133,209,75,59,237,161,23,207,137,69,205,141,79,221,202,146,102,50,138,90,54,202,170,12,38,140,116,5,241,95,15,193,181,107,35,157,89,23,253,142,0,81,174,228,6,164,220,40,142,190,16,115,224,229,79,59,233,89,11,255,181,109,39,227,107,43,212,162,104,48,132,80,40,248,84,104,200,170,68,17,249,163,15,253,135,50,218,139,21,105,182,197,8,103,163,192,64,135,235,60,141,211,41,180,246,183,33,79,164,17,100,163,250,79,154,237,1,79,185,214,104,146,199,6,65,190,70,11,242,246,20,71,153,175,91,128,238,84,135,189,113,39,159,89,124,58,250,70,10,208,162,108,194,144,106,60,154,161,121,221,131,161,11,247,165,21,199,187,113,41,202,172,35,128,213,86,112,236,18,77,172,215,64,11,173,4,103,205,181,31,203,185,105,219,143,69,100,222,154,88,24,228,168,110,192,138,96,46,136,129,31,255,151,123,11,210,251,80,151,240,36,139,183,230,11,42,254,41,119,253,14,90,158,183,2,107,212,225,106,187,133,39,146,254,38,155,135,121,20,202,130,124,56,246,182,2,198,140,30,40,190,179,13,223,189,29,53,153,127,29,199,179,97,209,192,115,90,137,206,22,202,207,1,155,142,166,110,106,222,22,127,183,235,72,96,198,29,219,154,43,12,187,255,41,78,148,4,81,141,225,40,122,188,235,74,209,171,125,219,187,83,55,157,187,101,209,230,86,8,252,178,106,36,224,104,40,234,120,62,7,172,2,97,245,88,108,205,244,19,98,214,56,64,138,254,89,183,156,45,106,177,235,51,178,242,167,82,153,232,46,153,155,55,144,241,7,126,128,171,26,84,244,170,101,208,218,13,120,134,70,8,253,131,75,223,235,67,19,239,131,99,197,159,69,20,254,170,24,226,151,43,99,201,30,28,152,196,2,74,205,83,37,182,195,103,36,151,35,92,186,228,10,91,177,241,93,136,251,110,42,180,15,97,152,194,87,98,233,49,72,162,254,65,33,129,99,100,202,178,28,200,182,102,216,140,66,58,244,176,85,21,225,165,65,208,254,19,110,214,2,122,216,148,116,166,242,227,65,149,255,47,214,145,68,71,100,250,60,100,244,127,11,227,226,108,154,228,50,6,164,195,43,159,246,102,212,132,118,42,224,88,121,53,243,179,63,195,137,27,37,187,73,35,245,144,55,24,187,56,84,129,176,30,206,128,116,42,201,131,127,199,135,73,215,157,165,57,197,93,109,48,238,137,84,111,210,45,157,242,57,109,219,36,107,152,218,18,67,183,62,111,115,246,12,171,190,229,122,197,184,27,123,213,212,46,143,242,37,153,176,253,8,106,208,101,37,231,117,59,195,87,99,34,242,78,98,194,164,126,36,140,118,34,144,64,25,205,131,81,24,191,234,39,175,191,17,152,174,44,53,139,152,48,159,238,82,56,214,128,108,218,241,163,23,205,133,127,59,131,67,5,147,89,97,246,197,73,18,184,210,33,178,200,13,101,230,4,92,138,249,42,108,204,59,13,197,201,85,148,171,63,50,175,216,45,80,208,58,69,150,76,38,155,181,19,64,167,231,42,107,222,89,60,225,247,126,145,148,35,75,158,226,75,157,241,44,58,224,72,25,197,179,99,213,137,127,55,241,173,107,43,183,162,104,250,132,48,5,168,121,124,215,226,90,244,240,161,74,187,228,81,184,139,73,127,187,54,119,75,226,47,86,209,194,120,130,225,26,198,236,29,33,129,248,5,131,192,59,100,157,17,65,138,137,226,121,132,202,87,68,234,7,104,177,80,118,129,147,121,23,193,173,27,203,189,113,39,159,89,21,196,132,70,254,183,171,115,143,27,4,200,200,63,90,156,207,27,153,192,44,144,253,77,127,191,228,24,109,154,9,76,109,208,4,152,173,24,10,171,246,12,97,196,254,77,132,238,105,198,143,23,120,154,214,45,68,182,51,112,131,84,44,185,203,43,83,255,161,123,33,137,115,223,141,125,47,227,89,120,50,238,172,70,213,242,7,156,202,116,70,217,198,32,150,185,63,102,146,234,105,131,200,55,45,142,204,61,56,196,5,81,195,19,76,162,190,80,68,233,189,29,255,153,127,39,145,125,43,155,77,66,243,159,88,85,143,225,115,145,163,55,116,209,135,124,51,213,52,90,190,22,35,139,135,57,100,189,253,36,32,154,86,222,158,160,46,244,188,16,3,155,129,42,159,245,88,55,211,23,122,207,12,50,210,195,47,120,175,236,104,53,180,60,123,195,210,82,119,207,2,110,216,167,69,180,199,45,37,190,239,80,146,199,48,93,177,58,117,176,39,81,72,210,224,84,201,241,54,151,187,19,114,227,77,96,206,190,112,36,154,82,12,200,134,108,255,159,139,91,144,252,23,158,161,24,107,205,229,67,108,189,250,24,200,186,110,36,156,86,18,176,119,21,196,135,81,35,247,3,46,130,192,121,146,160,24,60,210,190,108,220,142,66,56,240,128,75,107,160,87,94,116,225,41,211,164,55,68,163,28,99,199,148,178,54,229,243,53,148,205,4,58,233,176,124,154,178,60,112,175,33,78,180,210,97,121,212,52,55,146,134,112,220,138,80,1,233,94,64,135,205,253,42,187,236,57,217,213,38,126,201,248,7,162,187,13,102,250,151,76,249,141,50,100,165,114,63,102,242,13,105,194,53,79,161,254,65,113,234,16,26,225,150,50,107,199,46,97,203,5,78,250,233,1,74,149,206,112,129,210,41,57,143,93,55,227,163,42,72,175,80,110,216,132,88,15,157,72,62,221,151,83,219,155,93,1,220,171,3,201,177,75,4,209,193,20,103,213,50,122,215,32,98,166,25,43,99,190,228,101,40,177,12,53,222,24,93,175,249,9,126,205,240,0,238,135,118,91,158,19,125,189,213,52,83,165,55,124,169,27,90,148,171,119,54,198,162,118,214,184,82,56,224,74,28,201,88,127,47,135,79,3,197,138,59,193,192,22,91,163,253,38,142,162,15,120,144,243,79,42,153,64,86,203,228,36,81,205,22,72,197,22,77,239,173,126,48,132,90,55,143,228,34,153,150,2,112,173,6,59,140,200,127,53,237,167,99,33,225,109,49,247,176,122,250,179,112,93,173,6,110,214,248,7,102,134,246,21,213,148,127,100,190,221,99,186,209,81,124,191,28,72,167,193,30,50,146,116,14,244,92,109,243,170,50,122,209,22,11,197,129,127,21,166,229,51,190,204,43,123,196,233,82,230,163,98,155,130,199,53,158,231,39,105,216,7,93,158,16,19,60,138,80,24,236,184,16,10,145,30,117,218,248,121,49,139,106,56,149,62,53,162,230,19,137,210,226,68,154,223,62,100,217,25,52,130,234,69,220,247,77,118,200,129,23,209,194,10,75,165,226,15,140,214,31,122,188,227,73,214,232,55,218,238,78,23,27,186,118,49,128,67,56,229,32,1,130,210,241,45,111,174,126,64,132,17,121,173,29,41,202,222,228,75,229,155,33,144,217,62,106,149,89,12,50,189,57,70,172,3,75,134,233,32,204,208,57,48,156,249,79,53,157,71,25,204,81,3,247,173,102,43,148,207,38,137,214,31,102,153,11,95,183,168,42,39,226,163,90,114,216,57,106,233,67,68,146,213,2,69,247,2,89,162,170,114,198,146,64,76,185,223,52,211,237,83,59,207,124,122,188,237,61,116,234,185,96,155,210,40,103,167,15,102,232,222,57,68,183,12,126,151,232,3,47,155,73,57,210,134,124,52,196,135,119,161,248,71,200,144,100,23,197,146,95,106,195,51,74,191,60,70,169,20,58,77,217,25,79,131,211,124,33,136,9,94,166,220,56,112,229,171,70,175,248,77,140,128,27,118,136,190,112,36,154,82,12,200,80,58,255,238,35,93,189,181,65,148,237,12,70,220,224,15,179,239,53,34,215,8,122,167,245,41,170,204,21,64,175,209,32,125,226,20,120,132,224,108,217,251,42,1,210,190,108,246,163,104,21,180,228,35,238,174,112,37,193,158,66,134,249,47,215,246,75,97,142,249,61,77,193,9,48,226,86,12,196,190,122,56,210,134,33,112,207,5,39,252,77,36,185,22,57,176,234,142,52,144,195,50,79,180,5,92,129,226,72,125,188,37,19,129,231,113,141,215,52,9,185,9,76,116,211,68,48,158,78,42,217,163,96,151,219,252,45,130,206,18,71,237,77,87,161,246,85,158,168,243,84,109,232,62,102,209,44,36,166,233,63,72,221,33,95,160,228,32,175,143,122,55,195,229,110,156,171,19,119,174,78,60,236,94,56,229,196,239,88,219,155,103,43,219,110,72,182,227,95,221,255,66,86,183,240,3,71,203,15,54,232,92,18,49,235,167,47,197,156,113,128,197,53,45,140,87,93,106,197,32,99,236,94,68,160,19,66,159,228,30,87,182,221,61,119,204,47,21,179,238,85,140,209,240,65,168,219,18,144,165,19,119,168,36,74,96,212,0,101,197,9,67,142,93,49,110,235,8,75,136,247,2,73,130,244,73,173,31,70,136,228,0,118,164,207,29,159,222,87,35,231,173,21,228,195,7,98,129,24,62,203,186,44,119,188,21,105,138,194,127,121,172,228,44,167,171,109,251,129,99,41,208,168,120,212,194,101,110,138,239,18,178,250,40,121,218,1,9,143,254,63,97,245,4,73,136,214,7,71,164,3,88,252,8,59,150,190,26,79,217,135,119,41,183,126,2,205,207,70,128,223,90,72,155,228,102,146,213,55,72,168,7,1,210,244,4,125,203,14,105,130,245,90,157,219,22,97,145,207,19,107,186,16,85,153,242,79,136,184,91,246,12,130,103,37,153,87,51,166,236,45,209,181,53,95,202,231,41,182,140,121,52,195,235,116,176,207,43,97,209,14,107,187,14,76,197,241,54,112,190,212,78,5,196,109,3,232,235,91,143,247,117,100,190,198,101,123,208,26,114,169,41,67,134,194,50,64,236,179,60,135,217,75,101,207,82,98,131,225,36,73,193,126,23,196,19,73,188,135,78,210,240,182,51,114,205,37,85,219,195,48,129,243,54,179,149,251,78,176,249,30,118,138,2,106,237,164,103,67,129,3,92,158,31,19,124,233,24,110,153,30,2,116,252,161,1,180,24,78,163,247,82,184,213,229,125,204,209,25,97,163,170,114,148,9,62,129,175,91,59,211,183,55,22,161,31,122,239,168,0,38,178,180,104,172,237,57,171,251,20,138,191,59,62,130,172,69,105,147,242,91,188,247,19,141,240,24,82,254,186,58,125,187,42,65,134,15,34,248,239,84,6,249,80,53,144,232,10,70,189,13,84,99,209,3,65,202,251,86,159,220,22,154,173,120,107,195,147,69,46,234,77,70,128,198,114,136,242,13,114,173,164,82,153,219,4,83,210,245,32,248,165,62,78,168,245,61,218,165,94,157,185,228,39,15,220,11,56,226,175,25,210,243,100,42,204,116,62,245,222,36,127,131,179,83,172,233,32,142,195,72,120,180,13,88,135,232,116,48,238,174,16,211,226,46,72,205,163,81,153,252,90,93,197,37,90,118,197,5,121,148,25,120,128,242,40,141,245,94,120,173,194,86,102,220,79,54,255,17,78,219,141,7,58,170,21,71,185,230,96,216,146,78,38,225,251,13,76,155,172,104,134,243,125,157,246,14,125,191,233,11,68,218,2,82,187,221,98,146,202,53,83,140,5,29,107,252,13,137,237,75,83,178,22,244,69,160,13,66,240,162,9,213,190,127,126,169,212,3,158,146,232,77,135,21,53,142,228,121,148,128,237,78,56,164,7,60,236,94,18,226,173,115,78,170,245,111,134,169,52,215,173,52,66,179,248,12,113,184,164,64,183,225,95,140,152,75,246,185,244,35,106,162,58,92,145,25,36,165,215,74,82,248,19,45,147,232,5,75,190,21,93,252,173,102,68,173,254,78,130,230,19,149,160,54,78,213,131,65,69,179,14,93,132,170,9,192,234,91,130,203,245,74,150,253,6,64,153,17,34,182,240,89,9,201,250,93,186,140,109,214,191,17,69,148,228,91,123,162,228,84,139,206,42,110,177,59,126,208,16,82,4,167,78,62,253,186,51,155,247,76,188,217,1,90,190,219,58,96,235,231,118,184,206,95,247,183,228,75,154,178,15,42,218,49,85,174,233,98,105,218,24,74,142,215,60,178,191,13,142,214,18,84,14,145,102,5,185,15,114,153,248,102,205,188,20,77,177,238,78,156,249,69,76,133,22,75,150,251,244,119,128,138,95,149,227,4,109,212,176,7,45,223,14,113,189,238,121,215,208,81,158,205,36,121,116,249,4,240,199,87,26,231,92,37,143,193,27,74,172,22,89,177,181,54,97,170,245,46,144,200,235,112,234,123,109,235,133,124,206,234,95,37,39,159,71,44,252,73,7,167,218,5,126,244,41,34,252,171,18,155,172,55,107,228,165,24,168,219,237,70,144,81,72,177,236,49,144,242,29,72,131,198,85,53,192,17,82,183,208,85,77,142,100,83,138,251,93,122,167,30,80,184,255,7,219,136,81,69,140,193,66,159,253,36,113,208,166,78,151,245,48,85,213,138,59,208,238,78,159,213,119,50,233,201,6,72,223,9,41,132,234,93,70,255,10,99,191,226,46,154,182,26,106,245,233,86,136,206,53,48,251,78,11,49,174,105,60,198,19,82,129,230,18,117,246,244,84,130,238,118,201,245,42,156,218,248,68,7,194,133,113,171,242,81,156,176,99,216,149,234,67,101,202,63,106,188,227,90,141,222,42,79,185,249,25,252,240,63,143,221,22,4,215,120,100,44,251,13,115,146,242,17,207,185,107,213,204,226,83,156,231,72,69,143,21,87,177,172,112,128,140,20,59,142,232,54,51,205,236,99,151,240,35,119,161,231,28,203,146,89,159,239,47,118,177,2,52,215,171,2,84,184,21,89,244,171,70,253,168,85,74,140,253,90,7,162,234,33,240,180,122,204,215,126,112,251,134,107,147,166,3,99,162,241,47,99,169,43,88,139,210,116,45,184,32,127,204,0,20,149,211,32,74,146,225,92,159,145,119,223,137,92,10,250,172,74,251,135,92,4,206,128,79,154,188,5,90,156,189,25,39,244,49,68,161,5,0,126,168,1,75,133,254,41,176,233,2,153,217,8,5,138,221,38,111,220,237,63,211,179,21,47,149,164,14,208,133,92,132,251,116,61,230,191,96,120,214,19,83,134,253,65,136,248,58,115,206,55,3,158,171,16,80,242,238,91,135,238,117,48,242,116,67,152,239,63,80,201,23,100,142,46,37,152,219,180,92,139,172,24,198,182,104,220,146,74,46,237,171,224,121,161,187,29,215,179,123,153,168,10,117,39,136,42,66,183,162,18,142,253,47,136,215,0,36,191,187,123,212,146,87,34,174,9,86,175,192,24,48,151,232,57,158,182,34,157,134,122,48,232,163,104,3,195,79,19,243,134,49,133,220,115,5,202,170,104,11,200,228,81,192,167,72,208,136,54,86,156,223,31,131,203,34,126,187,0,27,168,241,2,85,160,86,63,146,190,97,135,207,61,112,203,224,14,98,181,232,53,174,240,127,154,193,32,118,168,195,104,134,169,68,124,200,190,97,204,238,33,79,255,183,113,45,181,117,55,133,97,62,163,253,55,2,151,228,18,248,194,59,147,214,122,116,194,236,78,157,194,75,68,179,253,74,155,149,40,117,238,181,69,124,222,35,74,182,4,51,145,250,47,69,251,244,79,156,206,27,154,147,27,106,233,231,108,52,239,160,110,159,246,18,44,146,122,36,144,165,21,237,150,52,122,175,26,29,221,169,109,25,193,235,14,211,231,2,106,209,19,115,230,201,33,85,188,10,114,197,244,29,37,235,42,49,161,14,110,101,199,25,122,173,15,13,139,230,3,100,219,232,21,135,253,36,217,159,71,31,253,232,54,136,166,235,95,183,239,46,155,176,1,99,249,94,25,9,191,16,66,173,175,99,217,145,75,7,143,79,82,235,194,17,96,160,76,81,183,216,63,155,139,236,81,137,220,50,149,205,34,98,150,11,82,177,192,10,89,214,168,114,200,188,93,40,205,4,86,102,137,167,17,253,129,54,137,207,50,47,233,165,20,212,150,100,42,216,107,27,174,255,66,105,207,31,40,128,187,105,130,242,32,117,198,30,96,184,182,23,74,169,239,124,146,194,35,103,192,233,48,128,209,3,102,145,175,27,201,185,107,223,149,77,110,42,178,114,30,175,6,85,172,228,8,218,189,234,65,190,229,121,219,131,114,131,141,59,118,189,203,7,114,185,239,8,136,220,37,46,134,21,98,108,209,55,104,157,69,126,208,185,110,147,204,41,89,151,192,13,131,152,23,112,191,250,2,136,239,24,106,129,232,15,41,143,119,33,141,123,43,183,149,42,104,165,92,26,218,166,106,48,130,76,34,215,177,67,11,172,29,115,166,129,98,129,133,121,93,143,247,36,121,179,13,107,166,55,80,143,225,91,127,169,18,56,133,228,73,104,217,61,106,205,176,44,147,196,16,62,248,177,61,138,199,32,40,211,167,104,145,225,41,223,179,21,64,223,139,50,68,179,254,52,133,140,72,25,145,76,7,202,170,20,117,168,29,25,179,192,44,152,169,14,51,157,176,30,206,128,116,42,226,92,24,214,150,98,38,211,143,66,204,216,109,51,206,48,90,173,12,40,109,191,254,81,158,253,53,36,178,240,111,185,226,40,41,170,15,77,166,227,19,105,194,33,87,233,186,107,139,242,35,176,154,74,0,231,232,116,127,231,239,63,130,141,38,100,217,9,59,134,174,23,114,194,232,86,135,182,106,155,220,3,86,148,27,109,49,162,88,13,232,230,13,144,225,28,113,135,206,39,214,128,108,218,138,124,48,230,94,24,212,249,185,5,201,143,75,6,206,11,41,242,29,124,108,223,7,44,143,229,108,135,212,51,113,184,162,11,132,141,25,221,239,224,63,153,236,53,207,227,170,12,38,140,116,222,138,120,40,154,100,41,178,216,17,67,215,161,34,97,253,8,139,239,71,4,195,190,95,126,165,234,43,145,206,55,119,144,11,61,126,183,107,109,164,123,1,201,93,105,193,145,84,66,229,163,76,126,215,27,50,217,4,117,163,234,18,127,185,224,58,178,200,4,137,180,40,72,204,131,124,152,177,12,125,153,202,55,115,144,14,92,144,196,9,1,137,73,11,153,95,103,251,173,107,88,183,206,50,200,173,10,125,213,37,103,160,243,36,104,236,20,90,135,192,74,96,233,61,76,194,144,106,60,176,87,79,173,92,103,36,195,51,90,147,232,36,74,166,9,110,179,234,118,253,201,1,79,171,248,16,36,132,102,42,203,78,56,228,185,67,246,210,71,60,182,251,50,101,242,38,5,192,134,98,47,206,21,87,154,176,24,248,153,6,80,136,240,36,148,252,69,1,241,71,4,131,16,22,89,223,221,0,210,162,64,35,208,17,76,191,249,40,146,239,123,45,239,89,20,149,202,27,154,136,197,83,97,242,41,36,248,90,52,207,255,87,82,165,177,97,221,129,118,121,172,55,25,184,163,81,218,179,252,100,141,212,36,128,181,1,100,185,205,113,151,198,54,106,219,75,1,249,179,69,0,137,251,100,55,188,10,147,165,20,22,184,21,47,120,209,187,101,209,191,69,12,156,67,77,178,240,60,107,164,45,120,198,86,100,186,192,63,113,237,167,21,110,231,121,113,192,6,65,235,87,89,158,160,230,39,156,152,11,159,151,62,70,183,251,65,243,220,127,22,208,199,33,152,167,82,119,167,228,66,62,134,70,34,187,24,42,189,132,28,44,136,131,99,197,159,111,0,158,87,49,237,81,70,181,223,2,83,189,146,28,44,228,43,70,214,243,79,106,151,117,15,253,87,119,100,219,52,102,216,35,33,114,227,92,42,234,166,54,250,198,83,116,245,252,72,83,131,107,100,165,2,97,174,1,63,241,140,66,58,244,176,110,46,186,126,4,188,141,120,110,205,3,53,151,227,94,190,193,60,101,204,15,96,214,145,89,62,243,27,68,141,6,87,110,188,226,111,150,255,127,155,207,26,1,249,83,33,237,193,32,101,173,29,96,129,216,79,216,218,235,52,37,187,73,35,245,83,51,225,130,81,125,216,73,30,206,128,116,42,226,92,50,205,169,96,249,243,235,118,171,85,111,193,216,62,150,182,23,100,181,192,19,56,219,10,115,185,211,63,110,164,35,117,84,244,12,141,180,20,80,241,81,105,205,179,81,98,206,188,108,222,146,98,45,243,180,55,187,206,58,85,203,85,99,247,216,35,117,206,50,100,169,197,30,111,223,20,97,179,63,28,154,216,13,91,181,246,75,146,173,53,68,203,177,15,239,135,107,56,214,128,108,218,138,124,26,203,16,93,156,8,67,21,147,68,124,245,210,93,103,208,22,74,207,213,42,103,219,20,125,203,51,7,250,244,37,40,205,141,25,221,227,117,63,191,142,61,207,173,13,12,240,86,116,244,167,60,102,223,78,4,252,182,89,33,225,163,27,218,251,93,154,183,71,35,247,190,96,58,224,72,50,158,76,22,195,230,86,149,241,173,107,43,183,123,1,147,93,51,193,91,109,50,146,170,36,217,155,53,40,154,21,124,162,247,14,72,163,54,87,140,0,65,142,228,30,221,160,254,51,145,251,10,48,163,28,126,171,14,12,192,157,85,15,203,137,73,213,153,95,49,251,81,31,32,242,80,48,200,134,63,126,223,14,96,228,19,39,104,210,28,103,210,41,75,181,246,47,207,134,71,106,187,211,1,143,178,18,81,161,41,92,177,249,8,116,167,254,60,68,231,53,126,253,79,25,214,228,126,16,238,78,102,202,176,78,56,228,82,67,246,192,1,61,230,190,59,247,172,11,221,202,16,46,173,199,23,108,209,18,89,181,246,95,173,238,126,47,254,89,88,203,213,10,67,145,85,27,212,158,116,2,156,174,12,236,132,66,227,229,19,63,152,202,60,95,172,47,65,137,28,77,211,236,21,87,189,246,117,99,212,25,123,221,192,2,143,211,48,100,248,30,69,185,250,38,86,174,236,123,137,181,49,60,146,160,58,204,170,10,34,134,108,113,219,173,88,106,211,75,8,188,229,32,186,242,210,97,160,180,67,142,253,5,112,189,84,120,153,157,0,121,212,4,124,153,16,97,153,223,6,85,40,184,7,62,194,21,118,254,88,106,200,168,64,11,241,165,84,37,147,67,53,233,95,23,209,167,81,120,176,9,18,218,174,122,210,226,126,18,216,150,92,127,166,25,122,162,27,76,174,179,103,96,158,201,11,151,228,19,122,240,26,78,179,219,40,100,203,236,67,111,214,23,49,225,83,7,253,181,86,18,154,90,28,234,154,85,130,221,56,84,156,149,126,156,189,22,111,227,85,5,232,249,27,149,181,254,37,97,168,53,103,250,8,88,173,186,22,74,165,2,49,147,254,73,53,252,82,63,248,225,7,110,183,245,116,189,233,0,139,198,51,98,142,195,40,112,198,59,84,247,95,9,245,163,19,197,224,124,35,140,202,7,2,142,82,24,234,180,10,63,153,171,9,233,171,72,143,167,22,63,228,11,118,38,165,14,93,131,19,100,151,242,100,96,218,254,64,109,246,93,118,217,237,84,169,167,93,132,208,30,62,246,165,35,108,175,206,36,242,182,21,103,143,11,55,141,233,70,223,129,46,73,184,15,38,113,150,72,35,235,176,101,162,188,51,148,211,237,13,159,248,4,142,189,20,51,205,179,27,197,152,70,54,232,92,18,202,132,64,62,254,96,35,50,198,87,33,190,3,40,136,224,15,110,211,173,34,112,213,19,124,175,82,81,130,200,83,134,148,7,74,159,255,119,205,150,62,65,160,63,99,211,224,87,104,228,31,6,190,254,41,34,219,9,78,155,147,68,54,245,29,25,183,203,34,195,153,56,66,99,198,20,125,156,80,25,231,178,101,99,184,18,73,190,249,117,143,220,109,61,153,173,13,239,240,86,62,232,84,2,242,164,24,206,172,109,115,101,225,100,117,178,29,80,172,251,84,112,137,50,50,141,235,24,50,208,5,60,184,162,20,155,138,255,122,179,183,5,203,147,103,51,139,91,55,203,146,116,36,217,18,67,186,244,16,192,243,32,102,132,213,125,63,150,82,21,238,245,66,129,236,4,74,163,237,106,141,182,9,104,234,28,69,192,182,85,15,203,83,19,213,137,68,108,222,81,52,249,249,6,127,223,233,96,181,240,16,178,239,35,155,189,169,99,223,157,93,41,237,179,47,226,172,123,96,131,195,30,147,194,43,75,141,9,76,182,255,10,72,190,226,61,162,228,48,193,154,79,103,170,250,61,159,162,11,99,202,252,89,129,225,80,204,229,89,15,199,129,125,59,209,106,69,148,235,57,42,183,16,41,141,193,41,154,202,247,67,139,235,50,123,176,12,82,203,193,70,207,145,31,37,199,133,125,196,210,55,69,184,13,38,155,240,96,192,227,28,76,163,254,48,188,155,29,92,177,234,42,100,183,59,22,181,212,47,141,221,14,32,200,228,50,127,207,24,99,237,236,44,86,233,35,122,242,249,88,235,184,71,51,210,228,79,198,171,101,152,164,7,55,161,238,92,159,192,51,108,177,183,15,107,161,20,68,230,184,83,34,183,91,120,213,46,77,45,192,73,53,182,4,21,193,133,16,134,196,224,81,157,243,100,116,205,28,112,169,170,2,106,166,22,71,191,18,95,155,169,42,100,232,19,91,105,199,31,18,249,174,75,144,225,49,191,239,16,81,144,172,62,116,168,3,90,168,240,65,8,203,125,25,150,238,35,4,175,10,104,179,82,102,198,143,131,34,179,239,72,251,171,29,209,135,127,57,220,176,119,47,254,176,14,206,227,56,137,200,59,108,219,189,111,85,190,7,75,156,227,85,132,198,217,50,167,230,112,240,138,76,34,236,94,80,181,175,15,76,197,165,76,185,226,77,134,245,111,37,196,190,122,56,248,68,8,206,160,106,234,163,38,36,183,11,119,217,207,16,64,161,224,93,144,255,84,14,213,153,12,197,215,90,107,190,49,68,234,220,37,80,189,75,35,130,179,29,201,183,103,217,244,170,72,241,220,24,83,226,166,108,254,136,30,19,237,149,48,244,193,44,143,179,206,87,143,228,5,77,160,229,46,42,239,41,101,245,8,107,216,203,6,45,220,229,74,166,224,58,149,245,50,154,159,19,93,156,211,47,117,244,180,0,196,138,28,13,227,177,11,221,187,49,30,211,51,94,197,177,70,54,232,92,18,202,132,64,200,136,96,245,151,143,104,104,203,26,95,205,167,15,100,196,38,150,164,57,79,170,255,43,155,234,78,93,144,19,45,108,178,239,79,154,230,8,148,246,5,102,206,250,74,54,228,84,6,250,176,104,34,158,102,38,232,93,99,43,149,102,109,182,7,55,195,180,127,56,233,94,89,188,230,79,129,247,40,127,154,253,63,119,180,248,92,202,95,43,142,153,119,215,239,83,96,62,232,84,2,242,164,50,227,200,5,116,208,171,34,185,204,6,190,186,5,95,184,206,18,142,139,254,65,169,235,22,128,241,108,34,154,84,16,53,245,65,47,230,84,51,168,219,43,94,209,59,33,151,205,8,79,186,160,28,145,242,34,113,209,242,93,128,227,84,144,179,40,82,252,167,95,141,163,27,44,129,190,95,138,246,37,130,138,64,56,217,149,83,19,159,137,68,181,192,83,125,131,87,24,250,143,40,220,174,241,64,176,199,36,154,223,230,16,139,238,47,41,243,51,68,153,241,104,157,222,205,64,168,213,41,189,236,45,154,130,50,97,197,189,119,51,219,156,52,201,201,86,106,237,4,70,143,254,24,60,150,46,64,135,218,28,129,241,13,92,146,226,125,129,193,38,215,147,237,120,151,214,7,76,216,225,65,173,192,34,131,205,35,10,212,135,78,210,209,31,74,229,118,75,125,242,21,62,209,166,44,131,230,0,91,220,248,53,131,201,5,74,191,173,101,223,155,73,14,236,39,97,132,232,64,110,191,5,52,131,236,41,100,138,120,34,247,165,27,201,213,33,118,155,173,32,182,233,16,105,165,94,98,156,217,54,128,180,21,66,206,253,20,76,171,239,64,132,208,87,20,131,67,3,140,190,18,143,182,48,103,174,240,75,143,233,20,97,177,165,95,130,246,38,147,189,124,39,230,130,83,76,141,112,73,191,220,35,96,193,114,23,238,25,22,87,188,8,110,166,255,39,78,200,19,145,202,199,101,136,173,16,4,156,172,8,246,145,23,125,145,236,67,144,185,47,156,206,41,118,161,254,47,16,144,229,53,180,195,94,38,140,80,99,212,230,38,150,132,161,64,180,255,78,132,228,127,96,185,234,11,36,188,63,78,209,229,117,190,188,57,159,144,249,45,158,250,50,229,146,91,8,146,23,67,117,196,131,127,170,197,66,115,182,89,222,180,11,89,111,208,57,112,172,239,87,156,244,28,113,212,214,122,194,130,68,248,181,169,113,148,25,60,151,247,17,78,146,213,42,157,234,43,221,131,6,106,148,211,8,12,192,90,21,108,251,55,128,163,63,60,149,250,31,96,251,179,89,135,242,20,209,141,249,38,146,205,47,83,226,36,127,150,80,22,179,161,14,90,178,43,99,156,194,2,153,197,46,98,155,148,91,26,193,163,104,162,252,5,190,158,114,107,195,192,53,159,188,2,64,209,239,46,189,135,86,92,135,201,46,117,251,13,26,204,21,104,163,175,58,94,180,242,77,253,138,125,102,202,8,109,142,231,41,143,148,2,75,139,199,88,242,179,90,76,254,193,81,116,165,66,81,235,76,111,139,192,19,70,172,249,50,146,205,57,146,211,23,120,179,179,32,101,205,234,64,159,255,126,121,215,10,70,192,174,30,208,174,87,59,186,160,40,105,251,34,32,187,234,83,35,177,77,117,143,165,5,255,156,94,6,233,168,22,223,132,112,37,242,118,56,178,254,62,107,210,13,98,163,163,35,148,252,21,127,173,176,22,158,249,42,107,212,35,16,133,193,55,99,184,196,85,155,246,107,246,199,102,34,135,233,49,56,209,236,88,131,184,108,34,154,126,61,212,254,23,207,136,93,127,178,28,54,147,208,3,131,155,251,32,150,217,38,150,197,43,54,238,168,100,9,201,85,25,245,156,62,130,211,60,11,233,73,72,6,191,178,19,212,194,108,214,221,5,86,240,149,79,146,159,16,34,128,3,90,165,131,2,51,180,19,63,143,214,43,172,220,59,111,216,18,105,97,165,238,12,243,183,125,207,153,111,61,151,131,67,128,163,2,100,206,186,33,158,192,53,124,156,189,106,46,187,114,113,202,7,17,168,233,72,117,228,254,81,250,148,122,34,166,85,47,218,9,106,209,223,4,78,145,198,95,128,221,109,59,200,8,80,111,202,108,8,181,76,101,199,244,120,32,214,225,12,217,149,93,219,144,73,95,231,183,92,146,248,164,89,214,186,26,59,138,54,34,150,19,113,163,131,119,35,235,235,44,106,252,33,124,253,85,70,99,255,10,108,239,160,14,162,221,59,100,222,234,69,175,155,58,118,156,35,116,188,1,75,144,186,113,30,233,169,48,154,243,122,27,218,6,113,201,185,107,223,191,96,75,130,215,65,208,145,18,92,131,228,13,140,169,13,110,134,193,70,100,219,206,19,195,181,105,223,151,81,13,191,120,82,182,222,31,46,250,82,98,212,191,112,153,161,16,114,140,203,101,215,219,50,51,150,180,26,147,222,61,22,193,174,61,130,197,34,123,178,5,91,132,238,200,91,143,248,10,211,135,125,53,239,171,51,243,182,71,126,189,4,76,240,130,89,124,210,51,88,219,129,118,202,133,124,107,218,7,1,134,239,36,48,240,242,51,204,150,108,58,190,139,13,168,253,17,37,133,250,40,155,252,63,112,221,83,1,140,235,52,123,206,78,26,183,180,93,146,251,26,107,135,145,54,141,220,62,98,224,71,57,227,165,51,65,142,201,92,147,200,25,54,138,84,48,140,225,61,72,169,44,105,129,250,47,132,236,65,57,253,144,11,133,198,25,106,160,251,107,212,232,53,151,165,177,21,35,151,47,98,199,21,112,171,36,13,105,165,203,98,32,160,114,126,219,19,100,166,35,73,100,206,7,76,157,133,113,209,137,62,121,168,243,5,48,181,56,123,158,70,10,222,164,32,143,149,9,48,157,227,62,51,223,10,126,211,45,3,220,158,72,69,150,241,16,202,205,29,107,163,9,24,215,231,73,39,174,228,94,64,143,41,108,202,243,10,222,148,66,8,223,29,80,172,233,2,198,172,79,19,249,194,32,149,165,16,75,225,79,49,214,195,54,105,188,209,30,136,223,45,106,180,33,119,195,215,36,74,167,19,84,173,193,89,110,220,221,74,147,193,60,116,169,130,29,218,159,9,130,187,12,63,192,248,77,108,217,60,9,242,87,88,152,204,29,98,222,7,84,133,244,9,110,197,15,49,143,246,37,123,216,200,1,225,185,29,233,204,187,91,152,253,58,113,144,30,69,143,26,77,158,208,13,19,235,246,88,151,246,13,43,129,165,72,152,201,31,32,201,14,120,131,164,88,156,209,10,78,135,230,101,57,194,25,104,134,16,75,205,248,13,21,132,255,47,156,202,5,28,195,130,73,229,215,27,102,195,156,64,133,232,45,134,233,84,43,104,215,54,102,209,48,75,180,23,79,132,250,29,81,145,224,6,51,133,79,37,217,96,22,184,9,29,84,181,140,32,149,193,44,105,208,1,74,198,229,52,98,191,0,65,207,175,109,148,195,48,66,136,246,47,48,212,14,103,247,76,123,190,234,33,79,152,185,115,130,199,22,100,162,55,11,168,248,49,118,185,27,66,100,201,82,11,188,101,53,240,197,3,64,198,61,19,159,169,111,146,217,38,112,190,202,9,206,164,2,127,139,78,50,164,19,89,121,166,26,104,195,219,36,93,188,13,74,180,252,57,84,224,93,24,191,231,51,126,213,1,114,160,196,119,99,168,230,98,161,133,16,233,166,22,111,164,255,60,7,220,108,27,236,7,109,175,22,67,98,220,3,119,184,247,62,91,209,2,78,222,251,18,96,199,200,62,158,182,26,234,179,65,98,234,247,36,150,193,14,73,150,13,11,193,89,99,41,232,160,25,216,184,89,40,134,181,10,254,78,8,209,143,44,96,172,239,80,148,220,29,85,229,238,42,103,232,82,107,176,21,104,151,253,80,114,169,218,101,223,219,56,119,162,233,18,243,234,46,138,180,235,65,143,244,34,248,203,108,5,203,236,94,100,167,86,121,210,29,72,188,185,104,51,161,48,38,127,225,9,108,185,38,78,191,25,51,132,200,213,34,191,133,117,39,155,123,36,202,237,72,139,191,61,12,130,239,37,144,215,62,81,162,70,108,127,218,51,100,250,12,117,166,201,79,146,208,16,42,176,220,7,72,234,76,12,186,245,84,183,243,91,68,145,192,25,35,212,11,112,187,228,36,147,194,3,109,158,170,56,187,193,33,123,222,240,77,135,170,40,41,222,12,68,181,28,78,130,233,33,50,251,188,79,47,168,48,77,180,129,67,140,247,41,70,249,66,125,99,214,13,115,162,25,104,128,168,235,70,184,233,121,129,218,104,124,201,56,44,39,135,105,41,196,88,126,179,20,81,164,163,47,79,179,226,55,122,213,2,10,144,227,111,134,229,27,59,151,177,82,179,210,41,49,216,1,72,161,209,15,74,142,7,107,202,29,82,100,251,8,187,215,185,0,105,192,230,72,155,67,70,182,208,71,117,165,31,74,128,184,127,244,207,161,126,138,31,101,4,173,89,36,209,251,84,112,183,14,111,184,226,40,117,171,227,76,146,242,33,158,188,68,216,203,137,94,198,181,75,107,176,236,89,180,237,68,110,154,66,6,191,243,33,48,242,124,12,214,73,73,211,252,71,21,230,87,99,192,185,91,3,163,205,59,112,217,28,83,164,188,86,129,197,85,136,189,95,97,147,212,41,72,173,48,7,128,238,102,122,211,5,121,190,246,48,249,186,99,7,222,16,14,247,202,43,11,248,183,70,166,200,63,156,182,207,58,84,200,13,84,190,225,93,155,240,22,112,208,55,103,251,135,31,5,166,86,105,233,245,46,121,206,5,122,177,16,10,204,186,112,46,224,188,14,35,229,106,5,151,184,3,217,162,19,39,141,85,34,107,242,118,46,179,7,79,140,247,59,137,175,221,55,175,192,90,100,239,57,43,245,15,122,68,175,2,75,254,17,71,135,250,91,149,209,30,37,27,144,107,42,144,231,119,130,139,94,148,229,241,64,169,152,95,46,203,3,124,188,225,33,168,175,0,70,134,7,111,119,254,43,219,235,71,27,8,169,87,65,184,23,86,163,168,92,137,245,32,86,159,218,9,219,147,224,100,141,22,35,255,157,84,100,139,241,89,100,148,76,109,165,30,94,143,164,45,25,235,230,41,180,254,14,161,251,58,76,191,178,5,97,189,240,94,222,141,36,211,185,32,79,188,153,66,127,162,53,114,128,85,2,245,209,11,90,187,55,62,149,245,21,108,158,12,65,146,149,75,3,253,147,44,200,209,94,155,208,48,55,176,193,35,106,221,14,79,134,168,30,172,227,80,122,138,13,82,146,204,25,127,195,18,9,243,177,120,90,173,248,93,145,138,60,145,177,29,90,130,141,43,122,129,163,19,133,26,84,98,230,37,111,183,200,83,79,146,31,121,237,234,91,133,241,78,101,203,126,45,208,188,43,101,172,131,24,188,235,57,86,203,166,29,210,233,92,102,227,52,86,179,223,62,99,238,3,66,188,248,39,137,233,54,165,250,130,22,34,144,103,47,191,14,125,130,239,108,123,174,6,107,178,235,78,149,141,69,66,148,31,63,66,150,172,52,205,16,37,169,166,70,111,212,218,18,43,192,5,117,128,165,91,145,218,73,158,140,33,26,40,241,12,159,175,11,108,226,25,49,114,187,22,124,172,15,91,233,148,91,6,238,225,2,157,182,143,113,170,21,54,175,142,113,204,160,234,89,113,220,7,82,176,22,65,164,233,48,114,161,242,22,164,255,22,210,158,118,6,200,155,31,154,173,30,83,162,85,69,180,228,53,148,193,28,42,42,230,51,105,140,19,90,242,140,24,120,201,20,47,139,214,81,108,168,25,98,247,238,45,155,187,248,91,252,136,75,152,219,55,115,224,190,67,126,232,47,82,190,228,93,175,131,52,225,146,124,80,128,207,98,37,209,12,95,164,233,16,195,184,245,74,163,197,42,159,138,11,64,176,226,71,189,178,23,112,212,92,28,222,134,95,51,203,14,115,125,214,81,119,212,252,79,128,227,76,129,183,101,65,169,254,45,110,230,170,48,165,238,75,155,239,241,73,207,249,68,77,137,42,65,181,226,95,164,152,70,65,176,241,53,181,206,102,137,213,43,126,154,244,6,113,163,125,20,249,148,104,201,227,45,123,167,208,26,208,134,68,87,150,21,87,155,254,41,51,149,18,5,201,163,13,104,196,255,86,132,229,92,122,173,214,73,152,209,77,139,211,62,46,192,177,62,144,150,19,80,182,22,35,131,191,37,125,169,21,64,234,155,68,5,237,230,44,171,152,114,117,181,20,31,249,139,105,227,204,76,58,199,138,78,96,173,23,93,206,243,33,111,226,118,56,237,179,123,207,155,115,41,178,186,87,187,202,117,4,238,90,8,248,170,30,254,161,2,76,133,128,115,55,253,79,25,239,189,23,41,135,103,21,206,244,0,125,228,82,2,244,168,30,214,144,76,212,251,189,11,209,153,109,19,188,229,115,148,177,19,20,250,162,12,248,166,22,200,188,114,42,228,160,69,5,145,85,27,199,154,73,149,240,71,37,133,132,104,206,236,86,2,240,160,18,198,188,116,46,209,89,25,219,169,111,55,139,125,2,175,19,111,43,152,250,76,140,235,83,172,230,35,136,213,12,59,112,142,229,105,186,235,78,157,248,121,211,229,170,10,34,134,108,10,244,160,14,254,176,100,218,249,179,111,247,183,121,199,141,85,41,245,77,55,13,176,26,115,208,182,30,200,180,98,210,132,120,21,205,135,67,1,193,77,17,215,169,115,201,151,88,106,200,168,64,36,160,133,86,176,233,28,206,233,95,23,209,141,21,213,151,101,43,243,71,19,210,226,126,18,242,84,110,212,188,102,210,128,112,9,253,179,107,15,204,27,81,174,175,117,199,145,78,28,246,136,102,198,158,66,40,198,176,28,202,225,83,7,253,181,111,43,179,115,53,131,73,17,204,152,112,0,156,176,58,223,157,114,209,132,40,64,177,233,114,149,199,22,112,142,233,64,165,147,81,22,180,255,80,104,237,32,114,181,9,23,154,168,39,63,241,165,27,211,141,73,209,145,83,33,206,150,106,54,142,94,58,206,174,16,42,144,120,9,245,163,19,197,185,111,39,225,93,27,219,167,82,24,234,158,39,209,166,68,46,128,27,118,167,189,18,82,239,93,3,190,225,52,111,169,6,107,150,243,35,71,220,29,68,135,20,35,131,254,64,76,187,238,71,142,255,99,215,141,69,63,251,185,160,44,240,182,8,210,168,118,208,226,64,32,248,131,105,7,241,93,11,251,173,97,215,143,73,5,244,180,118,196,138,82,38,216,103,94,184,207,106,34,205,174,27,157,244,91,129,232,49,101,182,18,51,106,183,34,14,154,227,56,146,148,34,79,209,245,126,33,153,165,87,190,237,87,162,251,59,120,129,249,70,155,252,98,110,185,68,16,232,184,20,15,239,81,107,209,185,99,207,189,109,223,147,73,104,34,158,92,28,232,172,114,196,142,100,50,140,133,99,195,155,127,37,195,173,25,237,154,39,152,178,230,108,56,176,110,50,204,9,65,178,173,6,121,215,236,13,237,199,32,158,213,46,149,222,59,26,206,155,93,60,243,227,64,131,196,45,98,138,242,65,122,213,97,127,212,67,97,203,183,101,213,238,162,24,208,138,70,206,142,80,222,228,172,0,51,139,91,55,203,171,13,39,141,117,223,139,121,16,194,182,108,14,179,90,24,216,164,104,46,128,177,7,213,175,65,223,191,87,59,225,191,105,213,234,90,12,192,182,110,40,228,108,44,238,124,2,49,133,81,3,212,17,39,140,171,69,43,147,125,16,254,174,96,212,138,66,60,248,182,118,194,134,179,5,207,165,115,205,159,125,221,245,89,63,221,238,90,8,248,170,52,249,200,8,71,138,67,90,193,139,3,108,160,23,31,167,213,34,154,173,0,22,135,226,94,141,234,114,103,164,90,31,135,217,8,95,130,246,14,134,199,34,105,216,58,27,164,214,235,77,168,239,22,134,245,114,124,228,172,87,207,195,80,99,237,65,13,229,181,17,37,133,103,104,206,182,96,204,186,106,220,144,70,62,248,180,89,25,229,169,111,193,139,97,47,137,91,57,153,152,124,34,192,170,60,233,240,40,159,144,65,84,37,161,33,96,242,19,3,203,249,70,128,225,10,4,169,202,46,149,234,106,151,204,122,39,183,8,37,124,131,227,79,146,204,89,108,251,69,116,171,247,95,102,211,64,80,129,180,52,210,136,7,46,159,200,5,203,139,77,219,225,169,61,201,161,113,52,200,168,10,36,138,114,220,136,118,38,152,76,105,33,155,87,21,213,161,101,43,189,71,221,235,172,126,220,188,126,21,219,239,42,151,128,112,34,253,179,107,37,225,105,41,235,121,63,199,91,103,38,246,82,102,198,168,66,40,144,122,38,148,68,29,209,135,127,57,245,179,89,210,222,75,210,182,230,62,159,211,9,218,191,25,104,137,209,19,222,186,201,19,211,210,67,109,200,71,90,218,18,49,115,185,39,81,166,205,48,133,161,70,106,214,5,25,217,187,113,37,206,26,92,133,194,72,66,162,246,35,148,205,41,57,152,101,16,184,21,55,114,245,163,19,197,185,111,39,225,93,37,229,167,53,34,234,126,10,226,178,14,34,130,100,62,228,76,29,201,183,103,217,141,67,59,245,177,111,47,187,166,70,211,198,91,100,210,88,123,217,250,65,173,158,254,95,143,222,48,147,195,16,112,136,23,74,68,186,6,65,156,168,0,208,172,64,32,130,92,105,209,187,103,213,133,119,43,225,89,19,207,141,180,0,196,138,28,38,188,74,36,246,84,52,204,151,87,54,239,156,91,129,196,117,43,227,93,25,200,136,74,216,158,166,58,198,94,110,202,158,126,7,33,135,111,217,133,115,35,149,73,63,247,177,84,18,210,94,98,2,151,0,148,173,66,20,242,185,81,53,155,185,99,207,189,109,223,147,73,1,34,158,102,38,232,118,60,196,88,100,252,140,104,99,195,165,127,37,141,119,35,145,65,51,205,112,117,114,183,228,51,185,204,3,139,226,116,85,173,214,35,132,186,48,124,129,200,57,152,202,117,101,156,195,19,114,205,74,67,216,24,35,162,130,26,17,237,129,97,195,157,67,43,149,65,47,159,81,108,34,154,84,16,206,142,26,222,228,118,0,150,139,101,55,149,117,13,241,87,117,223,139,121,41,194,182,108,14,179,20,103,170,240,50,250,137,81,73,208,193,3,221,191,124,101,225,13,118,203,14,33,154,207,19,56,182,224,45,44,186,59,76,221,215,79,122,129,85,46,142,171,6,177,214,41,106,187,226,37,135,130,7,108,161,20,0,132,25,83,86,213,224,61,205,169,125,221,191,89,63,231,81,100,210,130,116,40,158,86,16,204,138,74,214,154,135,25,35,185,71,33,243,81,49,201,173,19,49,194,174,28,204,148,95,108,174,31,22,158,94,96,213,155,163,55,195,91,107,199,155,123,221,247,93,108,214,130,112,32,146,70,60,244,174,106,40,232,91,31,37,183,65,215,229,127,17,239,79,103,203,152,156,77,136,244,47,220,153,16,62,244,231,113,108,177,32,108,162,16,55,176,221,38,120,145,47,46,103,217,58,105,128,59,124,166,27,70,204,198,232,37,173,189,65,220,218,59,76,243,167,15,237,241,14,54,130,190,46,150,201,122,44,163,18,95,107,213,18,1,145,74,2,243,182,65,47,198,7,71,148,154,6,97,215,45,96,217,78,2,248,176,81,13,203,139,23,219,225,115,61,147,161,59,205,146,114,10,238,84,114,220,136,118,38,152,76,2,33,155,87,223,159,161,47,245,189,17,221,181,69,8,220,188,30,56,180,107,57,215,74,54,191,237,50,97,188,254,10,108,227,48,107,210,26,57,171,210,23,99,222,225,2,183,220,56,103,192,68,120,148,207,43,57,247,116,120,177,2,125,211,173,123,39,148,166,49,218,248,24,125,228,11,111,186,12,113,56,134,83,91,201,195,9,146,151,95,104,183,255,22,138,163,76,46,219,183,16,39,211,76,119,153,226,59,37,219,30,19,155,91,29,235,177,121,52,192,88,104,196,152,120,218,244,90,2,236,88,109,221,143,67,57,241,171,103,37,229,113,53,251,180,126,212,226,124,14,236,76,100,200,174,76,54,201,183,77,244,194,7,59,252,245,124,173,248,76,122,187,1,22,165,212,43,119,198,120,92,177,160,39,221,135,48,45,179,24,73,201,133,67,3,143,186,64,210,156,114,0,154,172,10,234,130,102,204,209,187,103,213,133,119,43,225,89,19,207,87,23,0,142,84,28,240,188,20,36,128,84,52,150,176,87,8,193,62,97,205,75,61,176,225,37,98,181,138,20,197,131,112,51,212,27,108,137,237,68,101,184,89,42,137,220,39,35,211,0,63,247,177,109,220,156,94,44,242,186,14,218,178,66,222,242,82,27,53,155,67,45,153,71,55,233,93,19,203,133,168,102,38,178,118,60,142,88,46,252,124,69,207,133,241,76,136,151,56,97,220,14,80,180,25,91,99,189,9,119,179,30,67,141,239,120,205,224,56,50,131,250,22,117,164,24,55,169,20,68,180,253,80,10,198,132,68,208,148,90,44,246,76,26,244,237,75,43,195,167,13,43,149,65,47,159,81,5,34,154,84,16,152,88,26,232,174,118,202,150,110,101,235,184,59,146,185,3,63,166,23,78,188,198,19,114,160,253,43,81,175,33,102,171,31,87,234,217,48,11,233,73,97,197,171,73,51,159,77,61,214,138,64,56,242,174,54,246,184,6,204,148,104,27,243,131,31,51,147,117,15,245,93,7,243,139,85,119,197,84,17,198,209,13,79,216,3,67,139,220,57,116,195,234,70,231,243,34,138,168,29,61,210,130,116,40,158,86,16,204,84,20,214,164,106,25,237,185,17,33,189,81,49,147,173,19,251,165,120,38,150,72,60,242,170,100,32,180,115,42,238,155,109,55,141,91,53,199,165,5,221,129,103,5,214,130,112,32,146,70,60,244,174,106,242,178,116,41,239,183,11,215,175,127,219,197,98,108,201,176,1,98,213,16,123,129,88,16,196,128,127,122,179,192,113,57,135,87,42,189,22,46,128,226,54,172,238,138,120,34,143,58,117,176,9,83,187,138,16,59,251,70,89,154,225,38,137,220,60,101,239,79,92,52,159,12,113,182,19,74,177,227,47,108,249,131,65,193,147,86,100,188,6,117,243,131,109,195,193,240,67,64,144,37,44,129,78,81,172,232,47,121,193,25,66,164,237,54,131,147,39,122,212,228,62,212,238,84,60,230,82,0,240,162,22,204,132,165,97,223,159,107,47,245,71,17,231,181,15,33,230,70,30,194,168,70,48,156,74,58,236,138,59,104,180,171,46,243,249,76,134,193,101,125,200,26,83,124,144,114,12,242,90,4,240,94,14,192,180,81,9,195,191,125,61,137,77,19,229,175,5,211,148,166,4,228,188,96,198,228,78,58,232,88,32,8,213,22,69,157,81,85,150,237,37,110,205,42,93,154,244,27,97,227,254,89,144,162,72,181,172,69,57,239,167,97,221,155,91,39,235,177,3,205,138,88,50,196,162,2,218,190,100,2,236,88,6,221,143,67,57,241,129,74,171,225,52,255,133,77,8,212,172,124,216,236,76,46,200,174,22,192,172,65,49,227,87,13,197,191,123,57,249,69,9,207,136,82,40,220,125,38,142,229,120,213,199,236,83,137,248,47,110,164,17,73,172,201,65,132,228,29,6,156,233,59,158,211,37,69,154,66,54,158,252,77,101,220,10,71,179,206,47,145,208,60,69,166,201,19,111,162,18,20,160,197,86,170,150,42,114,109,143,61,96,153,75,63,245,173,103,35,171,107,20,226,168,112,196,144,104,56,148,168,8,234,132,81,57,227,79,61,237,95,19,201,129,123,55,245,156,66,1,251,70,90,182,243,124,138,243,83,70,187,236,12,99,216,10,98,129,95,27,143,201,8,120,147,230,83,148,199,4,106,200,31,84,220,244,42,93,172,22,83,172,19,104,243,225,103,194,153,236,40,114,134,6,81,161,227,78,208,170,124,218,225,185,29,195,225,75,55,229,85,7,251,177,105,10,198,78,14,208,94,100,44,128,76,36,244,80,75,43,141,167,13,245,117,38,183,236,83,155,133,253,82,148,247,30,98,161,252,69,130,211,58,139,132,25,121,178,247,45,118,130,85,71,189,228,25,114,171,228,38,173,226,11,168,193,15,152,172,39,53,153,160,34,43,131,226,19,253,169,23,199,185,84,10,194,188,120,54,246,66,6,204,94,104,254,243,77,31,253,93,117,217,191,93,7,243,161,17,0,179,16,66,131,130,10,202,140,26,32,232,124,111,199,151,115,7,231,73,99,201,177,27,199,181,76,62,242,168,96,218,150,84,20,224,164,64,209,228,17,94,167,242,120,169,214,52,156,169,209,69,111,254,72,48,188,229,45,116,233,58,127,220,44,40,130,204,55,65,197,236,109,231,141,53,138,237,15,123,184,29,88,165,176,40,60,160,247,125,131,189,53,95,168,199,69,151,236,127,102,212,41,93,42,150,68,52,230,90,16,200,130,126,198,134,72,61,195,139,31,43,131,83,47,195,163,5,223,133,84,62,234,88,8,250,174,100,220,150,120,61,158,198,15,89,159,240,115,131,200,63,145,254,29,118,136,237,26,113,161,19,86,140,250,47,72,156,32,69,140,91,37,108,241,11,96,191,40,51,132,224,229,88,134,8,65,158,166,94,133,130,122,52,240,149,85,33,229,171,61,199,93,107,197,151,117,213,212,184,30,60,230,82,0,240,162,22,204,132,126,97,233,131,70,183,250,15,143,231,49,90,140,251,7,64,132,238,89,168,227,92,151,182,46,110,217,185,101,51,238,99,3,153,19,101,191,199,34,53,234,90,108,214,244,14,72,177,27,102,146,241,56,76,135,237,82,170,207,81,148,183,60,77,206,173,54,77,228,70,96,198,174,24,196,178,98,212,136,165,29,215,147,81,17,157,161,103,249,131,25,39,232,186,24,248,186,89,146,172,238,79,185,196,16,116,186,239,97,192,165,53,111,181,55,66,212,236,46,50,142,162,2,228,190,100,204,182,98,208,128,89,13,195,187,117,49,239,175,59,255,133,23,33,158,172,6,242,155,88,107,218,44,22,141,249,82,49,165,30,13,197,191,123,195,131,69,211,153,161,28,40,128,80,44,192,160,2,220,130,106,212,128,85,47,218,162,99,157,218,0,67,140,20,72,75,158,174,120,134,237,62,183,224,31,98,223,210,90,127,214,41,27,167,238,55,158,216,51,96,171,18,16,118,186,91,222,163,31,86,254,236,59,99,199,21,5,243,163,21,201,191,119,49,237,171,107,247,226,168,58,196,90,104,194,148,114,210,234,78,30,20,227,79,61,237,95,19,201,129,123,55,191,127,104,246,188,68,216,228,124,12,232,188,28,254,178,136,73,185,230,17,193,179,103,221,149,79,11,201,240,124,0,198,88,98,248,134,96,50,144,112,8,211,185,125,44,253,75,26,253,172,103,151,205,25,69,129,238,70,159,176,51,70,200,255,107,156,252,10,79,134,227,70,193,175,31,209,133,123,51,237,144,78,14,154,94,100,246,128,22,36,190,80,46,245,141,113,215,245,95,11,211,132,94,130,196,19,16,138,162,127,36,247,53,65,250,242,125,154,225,27,109,180,214,39,143,250,77,136,245,60,35,153,184,114,46,236,172,56,252,130,20,222,180,66,220,213,179,19,43,143,117,19,253,169,23,199,185,109,32,239,242,61,136,212,66,149,219,31,92,240,6,77,52,163,93,122,148,254,9,131,248,57,158,201,250,75,187,214,10,67,152,19,82,115,178,58,155,199,161,115,209,177,73,45,147,177,27,199,181,101,62,242,168,96,218,150,30,222,224,110,52,214,125,13,158,163,19,27,190,27,62,147,238,60,154,193,160,84,143,188,116,46,234,168,104,244,184,126,208,193,87,101,255,145,111,207,231,75,49,229,148,101,58,234,92,16,198,190,120,52,188,124,62,140,82,65,213,225,121,9,229,147,52,191,219,62,35,141,160,14,254,176,100,218,146,76,8,198,134,18,214,195,85,31,245,131,55,2,201,35,64,233,79,109,62,234,88,8,250,174,100,220,150,82,218,154,92,17,215,159,115,63,151,167,3,253,154,93,125,220,168,87,171,254,72,206,159,120,117,172,239,42,79,196,26,41,243,243,86,105,239,77,41,206,229,78,154,185,94,8,235,187,24,197,199,55,117,158,118,73,41,253,48,106,222,17,59,130,239,60,135,227,235,30,130,254,93,202,184,32,111,217,58,10,196,244,180,53,188,242,80,181,226,44,152,167,42,39,126,140,52,89,250,166,20,196,182,106,32,152,82,117,253,189,127,205,147,91,47,251,83,99,255,147,90,60,214,188,100,206,144,69,151,206,126,61,229,133,7,66,149,23,91,148,231,26,155,216,16,19,158,204,22,34,195,252,81,133,226,43,212,198,55,29,129,147,23,164,157,57,126,191,77,25,241,129,68,24,248,90,116,218,130,108,216,134,118,40,156,185,113,43,231,165,101,241,159,86,131,210,37,111,252,203,42,133,170,35,125,141,254,98,132,207,60,13,135,245,52,49,233,27,107,137,9,94,235,183,118,6,226,182,22,248,146,120,32,138,118,36,148,173,97,215,143,73,47,238,138,13,152,218,42,101,185,195,91,78,136,98,70,170,5,34,183,212,61,87,190,205,37,151,218,41,205,199,89,58,237,229,18,108,148,232,65,151,251,90,48,150,126,40,148,169,25,203,191,117,45,231,163,97,33,173,113,55,240,186,58,243,252,4,109,136,160,4,234,136,114,5,243,163,21,201,191,119,49,237,117,53,247,69,114,16,163,30,124,135,94,55,135,230,26,52,129,173,92,129,254,39,182,192,10,77,193,241,58,131,162,188,12,157,232,53,152,163,68,38,227,191,8,4,178,238,80,175,189,49,213,199,10,92,220,31,114,141,222,17,126,172,3,96,184,222,49,210,238,245,46,132,195,103,213,154,102,49,172,238,94,179,151,3,85,150,207,120,154,154,50,79,228,68,28,39,141,171,21,193,175,31,209,133,123,51,237,169,24,216,154,104,46,246,74,22,196,147,85,106,142,94,120,223,241,44,135,199,63,108,209,44,83,132,131,184,48,171,230,59,139,198,43,112,241,170,82,193,178,23,98,136,227,86,205,243,38,35,207,81,126,81,182,36,119,192,76,20,232,180,12,220,184,179,19,245,143,117,221,135,115,33,145,67,55,237,166,107,71,147,204,77,150,150,117,50,205,16,121,103,236,52,126,171,73,43,144,254,36,151,141,65,30,214,144,76,212,148,86,36,234,178,6,210,170,161,61,209,177,19,7,190,53,96,217,43,47,179,249,38,105,165,242,95,150,201,96,100,134,20,104,154,181,23,105,133,64,95,231,213,111,157,192,121,18,198,188,116,46,234,114,50,244,66,8,208,164,87,47,213,118,32,139,177,66,56,145,16,125,216,237,39,150,224,28,71,153,166,47,154,201,11,101,153,219,113,128,183,10,98,171,22,5,109,196,121,94,254,188,27,218,192,3,78,144,80,18,224,166,85,41,245,77,29,249,141,71,226,233,79,55,225,180,98,210,132,120,46,230,160,54,247,212,51,77,132,232,59,201,138,113,77,180,38,93,188,203,7,84,183,254,89,134,209,120,48,234,166,46,238,176,101,43,243,71,19,193,150,83,101,206,109,7,237,188,102,210,128,112,34,150,76,4,212,151,60,118,174,175,117,199,145,103,53,143,161,63,159,183,27,40,198,176,28,224,151,40,110,211,78,77,145,30,39,53,158,73,95,176,214,90,152,253,73,103,206,196,38,218,134,62,139,201,66,52,247,191,28,209,184,240,72,163,157,51,39,215,22,122,176,17,51,123,174,15,54,154,233,104,156,196,63,52,238,234,6,158,229,81,33,250,178,3,138,234,54,189,180,253,81,102,243,118,116,142,58,101,158,82,8,192,225,93,27,219,167,107,49,131,77,35,241,75,29,34,130,90,20,201,205,40,216,143,127,32,210,23,35,111,171,38,103,146,43,64,170,187,61,135,157,11,62,133,239,24,103,150,14,101,154,28,60,252,242,69,109,180,255,121,197,137,79,33,235,65,15,208,226,64,32,248,92,2,32,160,91,106,209,14,53,215,223,11,5,203,4,15,157,163,107,255,139,74,26,246,138,106,204,204,97,112,208,15,56,232,129,117,43,227,93,25,215,151,99,39,199,82,77,136,209,110,0,158,126,22,250,160,126,40,148,66,25,203,191,117,45,205,142,111,165,232,59,132,220,22,68,232,165,20,102,221,13,87,171,26,60,166,248,37,139,147,75,79,174,240,119,53,156,88,11,205,203,41,115,226,80,106,148,230,93,169,211,10,23,128,249,32,143,199,24,5,133,7,72,203,91,10,65,173,218,4,214,175,91,38,205,239,73,158,210,62,154,199,30,63,177,95,95,156,147,83,223,202,144,98,44,130,80,42,252,90,58,210,182,28,97,203,183,101,255,170,52,117,233,170,22,239,233,21,140,160,224,73,132,199,32,149,131,94,116,129,197,54,215,216,43,96,218,31,76,253,249,58,49,142,164,100,81,128,24,111,168,72,26,248,88,112,59,225,191,105,213,131,115,37,153,79,7,235,144,34,105,166,40,2,152,31,34,129,146,40,75,226,171,69,43,147,125,41,151,71,57,237,163,49,248,189,229,58,131,192,76,195,232,48,89,129,235,87,149,245,21,126,158,200,63,33,145,67,55,237,165,70,2,138,74,12,154,138,69,252,136,96,48,140,135,103,201,227,73,49,155,109,24,236,85,64,130,161,10,93,151,213,2,38,226,56,74,213,226,103,105,200,41,90,145,25,53,108,247,101,127,173,85,54,100,165,160,120,164,170,37,254,214,88,38,242,244,82,106,201,103,1,231,79,57,229,83,3,245,144,70,62,210,153,32,119,234,1,73,200,229,114,76,135,11,117,153,245,91,186,153,19,99,157,80,102,136,209,0,65,254,10,71,139,25,80,36,184,171,3,211,175,67,35,133,95,5,237,125,46,163,205,35,111,168,44,90,147,211,31,176,238,175,58,122,237,8,126,184,27,71,205,187,92,116,168,27,48,151,247,44,107,129,186,89,169,229,33,244,167,169,109,133,161,61,140,162,14,111,253,163,11,245,136,118,38,152,76,2,250,180,90,3,238,122,62,43,189,71,221,235,69,23,245,85,71,252,243,27,35,210,206,34,119,194,9,86,254,244,71,138,208,121,123,130,23,37,190,193,14,108,219,15,78,142,227,46,111,252,68,98,165,238,24,150,192,13,12,246,218,5,149,138,61,79,170,231,86,187,248,59,127,159,194,54,187,194,12,125,129,162,88,150,225,71,77,210,17,39,184,203,120,121,202,24,123,217,133,10,98,209,47,58,226,0,71,176,182,52,98,144,145,20,120,171,55,108,223,225,72,129,244,89,99,166,31,59,99,220,8,120,215,58,8,132,244,28,37,161,226,121,185,194,89,70,233,14,100,186,208,16,106,173,36,62,226,4,79,188,166,90,157,245,177,111,47,187,127,5,151,161,55,197,95,91,27,159,166,92,183,223,20,111,212,31,122,248,234,9,126,184,19,3,197,83,25,33,181,65,217,195,129,15,100,130,25,87,184,0,0,171,18,89,140,182,89,19,207,141,103,244,148,171,123,176,28,55,103,184,1,114,196,254,65,117,206,25,54,163,9,52,127,201,112,51,204,168,39,191,242,85,254,219,27,61,153,219,44,80,169,233,8,239,94,72,185,198,26,122,165,193,40,120,190,56,86,146,18,74,218,232,66,20,216,127,46,128,241,82,60,232,86,71,242,215,7,68,251,183,63,255,129,15,213,157,114,73,184,194,45,60,156,126,24,254,166,16,252,145,65,51,231,119,56,139,197,12,9,149,89,31,216,226,120,6,224,178,16,240,136,108,210,240,112,64,159,197,56,49,238,26,85,140,9,110,139,238,31,36,176,231,86,102,207,49,58,144,248,83,141,193,8,124,208,33,11,171,225,37,33,179,228,118,152,162,19,76,218,237,85,130,235,73,97,195,34,33,223,197,60,97,207,79,85,175,255,115,189,242,164,50,248,128,20,32,184,72,36,248,88,58,212,225,73,51,159,77,61,239,137,52,216,137,19,87,109,200,40,77,219,44,112,139,19,32,141,225,17,103,247,155,57,101,222,15,90,185,240,73,156,247,4,78,139,54,12,140,247,42,149,167,16,87,190,220,87,107,162,22,111,170,15,13,220,183,63,123,132,138,6,151,217,239,126,252,82,96,250,140,106,49,201,173,19,49,155,71,53,229,87,11,193,185,90,60,179,16,37,166,224,124,137,208,58,107,166,221,50,143,178,21,118,187,24,76,191,237,122,153,184,231,1,40,188,59,118,254,20,84,177,190,92,84,163,13,38,133,212,27,122,160,21,69,144,229,10,119,147,180,122,181,190,12,210,154,110,58,146,137,101,57,153,123,21,251,163,13,211,138,61,228,228,90,18,204,136,70,6,146,86,28,238,184,14,3,157,175,39,192,193,39,138,237,87,3,241,161,122,46,228,92,22,210,90,26,220,170,112,18,161,251,89,98,131,87,55,153,179,25,193,171,23,197,156,78,2,248,176,106,38,228,164,48,222,151,72,115,214,161,59,205,171,11,35,135,109,11,245,161,118,38,152,76,2,250,180,112,248,184,122,200,142,151,60,153,251,0,33,245,85,55,209,183,31,201,156,74,58,236,160,22,206,136,68,2,194,78,18,63,145,91,49,255,89,107,227,132,72,118,216,236,52,109,215,13,126,158,229,86,155,226,68,147,219,12,65,175,251,50,187,227,115,65,188,25,32,182,161,0,115,132,10,79,189,245,62,82,182,233,8,211,155,19,96,176,27,92,165,220,3,149,218,0,81,124,236,16,123,138,84,4,176,249,57,120,253,8,82,155,191,41,159,241,37,1,145,213,2,167,166,27,86,191,80,67,184,225,112,156,197,13,84,102,160,63,123,180,46,69,168,248,84,117,241,49,45,160,224,27,119,178,3,0,242,166,28,212,142,177,57,249,187,9,207,151,107,55,143,95,59,207,150,120,18,248,160,10,246,164,20,198,186,112,40,227,168,7,77,202,83,25,235,181,11,217,179,69,10,234,130,102,204,234,84,0,238,94,16,196,186,89,19,207,87,23,217,167,109,53,137,85,7,208,206,27,125,194,249,69,177,216,26,146,224,12,129,184,173,122,35,133,178,121,163,246,93,128,169,119,56,202,168,8,32,132,106,8,242,94,12,252,174,73,63,247,177,109,245,181,119,197,139,83,39,243,178,66,222,242,82,52,206,180,54,235,252,37,152,189,93,6,203,155,65,122,187,30,91,156,233,54,111,145,88,97,136,233,55,118,193,245,95,140,164,17,97,143,4,88,207,134,19,157,218,42,125,184,255,55,160,238,49,66,177,90,108,150,244,37,208,181,7,111,162,252,105,101,214,24,78,165,232,115,44,246,76,26,244,134,100,196,156,64,38,196,174,65,47,159,81,5,251,179,109,41,177,113,51,129,174,118,202,150,110,20,183,234,64,181,138,112,216,233,85,3,243,165,25,207,135,65,61,251,187,7,50,248,74,20,234,184,18,36,130,98,58,158,68,73,51,159,77,61,239,163,51,252,207,9,138,143,184,6,204,148,104,52,140,92,56,204,172,14,40,245,93,7,243,161,17,195,183,109,37,159,91,25,0,140,80,22,232,178,8,214,176,66,32,128,88,73,228,238,65,61,231,78,3,209,183,99,57,237,3,81,152,170,121,96,201,6,105,191,32,106,199,147,164,1,251,175,17,173,224,53,150,206,53,118,111,209,50,36,136,215,95,157,174,116,197,224,48,74,148,213,46,86,160,43,7,189,234,90,157,141,179,106,150,161,32,144,201,4,119,240,72,24,244,239,79,49,203,177,25,195,175,29,205,191,115,41,200,130,126,60,252,72,12,210,164,110,196,146,108,101,195,163,123,223,133,163,13,249,167,23,201,189,90,56,225,198,85,152,198,96,64,141,27,67,230,217,55,76,237,41,10,132,248,97,139,242,107,221,248,174,102,32,156,90,26,230,170,112,194,140,98,23,241,131,97,193,153,125,35,193,171,23,197,181,78,2,248,176,106,38,174,110,48,190,68,12,202,190,98,127,217,238,11,168,202,44,135,217,8,215,160,240,126,149,201,126,116,170,237,80,141,220,96,24,239,251,64,104,235,92,121,206,7,23,133,249,11,121,188,160,11,206,238,39,149,193,78,208,132,242,46,126,137,21,116,138,230,71,37,139,115,221,240,94,14,192,180,106,34,156,88,22,214,162,102,19,229,175,5,211,173,127,221,189,85,57,159,189,78,58,232,88,10,254,180,108,38,226,64,7,162,228,47,123,131,93,39,235,83,34,131,252,23,96,182,229,79,145,162,23,156,199,9,110,191,231,59,87,229,245,66,136,235,113,198,157,40,148,131,26,37,65,228,88,66,184,233,28,129,197,52,77,201,236,113,187,203,12,33,160,4,118,186,202,101,129,129,174,22,192,172,26,202,188,112,38,158,88,20,57,249,69,9,207,161,107,193,143,105,59,153,121,120,220,130,160,10,246,164,20,198,186,112,2,207,140,73,131,202,29,109,164,54,95,170,224,64,83,228,9,43,141,230,120,169,182,37,155,205,68,114,143,204,3,82,177,167,100,247,199,80,100,211,26,80,171,208,114,108,178,233,87,146,178,121,216,221,226,23,110,234,40,45,183,12,72,254,226,78,209,216,233,75,165,200,106,210,188,104,214,134,120,44,201,129,123,55,245,181,1,197,139,29,39,189,75,12,222,188,28,52,152,126,28,198,178,96,208,130,93,19,225,168,15,140,193,31,217,207,245,83,158,203,86,118,136,231,8,102,201,53,146,134,48,106,188,177,42,158,218,85,85,154,95,99,41,187,69,2,208,170,124,218,186,82,54,156,186,100,208,190,85,7,251,177,105,35,159,103,39,233,119,61,197,128,102,9,181,2,33,137,231,35,114,192,61,118,171,252,120,193,140,127,114,176,240,33,174,202,21,79,189,162,102,141,217,49,142,162,17,73,140,199,50,25,182,232,88,136,135,92,61,200,4,68,149,206,11,157,165,14,18,238,130,98,196,158,68,44,253,169,23,199,185,109,35,155,85,17,207,143,27,6,204,94,104,254,140,102,56,150,118,14,216,117,19,72,186,245,88,144,248,29,43,210,9,98,227,145,26,68,251,40,90,161,228,95,32,204,35,127,134,253,27,199,181,101,215,139,65,57,243,175,109,20,224,164,106,252,134,28,42,132,86,52,148,172,119,221,251,165,17,255,175,97,255,166,13,120,177,252,104,122,234,22,82,154,226,112,143,170,51,140,166,129,33,134,185,101,211,131,117,41,159,87,17,52,242,178,62,194,136,26,36,186,72,34,244,82,25,49,149,123,25,195,133,48,205,191,115,41,225,130,126,198,134,72,214,156,164,56,196,92,108,200,195,163,5,223,133,109,215,131,113,33,185,106,52,222,217,1,66,159,40,98,46,252,14,145,174,35,45,132,229,6,85,221,249,40,171,161,57,152,197,237,39,114,221,44,71,232,32,127,133,4,35,174,241,31,46,193,170,127,119,217,52,81,219,48,126,190,198,51,123,190,239,35,175,214,70,222,164,58,34,141,244,33,134,191,24,81,145,241,34,191,147,240,83,152,199,63,104,195,10,103,156,12,37,179,181,62,91,235,162,31,145,201,41,125,147,51,108,135,249,38,32,152,82,14,204,140,24,220,226,116,101,251,137,99,53,147,115,11,239,85,115,221,137,94,14,192,180,106,8,177,81,34,180,240,113,134,177,54,74,239,233,64,146,243,94,116,202,47,51,204,246,46,157,192,29,98,163,254,35,76,242,52,46,159,153,75,102,201,48,97,221,169,16,243,193,240,102,165,225,30,158,201,3,117,186,126,62,192,181,123,3,151,163,59,203,167,123,219,189,87,61,204,182,98,208,128,114,38,156,84,14,202,136,98,22,246,135,83,96,242,45,221,249,11,99,142,227,27,66,147,254,83,172,248,62,111,248,66,70,221,203,38,131,213,161,40,193,29,40,128,209,121,151,157,193,37,152,128,110,222,144,68,58,242,172,104,13,205,89,29,35,181,127,213,227,125,15,237,77,76,48,150,180,30,202,146,69,211,140,0,114,183,241,53,105,164,56,69,253,91,91,187,206,43,84,170,243,40,105,238,54,144,197,26,52,176,25,88,82,189,231,107,165,244,65,218,159,62,83,250,173,38,154,173,7,70,208,180,44,154,207,48,79,182,210,41,126,217,59,79,198,51,7,163,252,93,70,184,240,28,227,152,51,116,209,124,102,219,15,79,145,149,79,11,201,137,21,217,159,113,59,145,95,96,50,144,112,8,236,82,112,218,134,116,36,150,177,103,223,179,120,147,216,23,121,243,233,78,147,249,250,74,218,252,85,54,156,68,46,154,72,56,209,133,123,51,237,169,103,39,179,119,61,143,89,22,36,190,80,4,163,244,79,164,205,57,118,211,225,120,193,215,56,110,178,55,75,177,10,82,150,248,174,49,202,247,42,157,227,21,118,146,78,48,136,254,38,117,203,20,120,147,192,34,203,208,22,85,153,180,95,220,188,13,100,167,248,66,44,218,232,84,136,245,109,35,155,85,17,153,89,27,233,150,94,50,254,86,102,194,150,118,216,242,88,0,209,189,65,246,195,4,127,187,169,33,102,175,45,91,110,215,57,156,169,22,94,175,9,35,148,216,229,82,175,181,35,158,139,65,57,243,175,55,247,224,110,52,252,80,28,244,132,96,52,148,118,16,247,168,111,219,137,121,43,159,85,13,199,131,65,104,244,184,126,208,154,112,62,152,128,37,172,206,14,49,207,185,101,211,131,117,41,159,87,17,205,188,124,62,140,82,26,238,186,56,15,183,0,125,183,218,24,113,200,58,102,197,61,105,186,195,101,4,136,201,91,130,221,60,109,234,14,115,139,231,63,113,189,6,5,215,143,35,100,199,4,124,167,215,26,185,148,8,111,183,234,77,140,184,18,153,148,246,75,71,205,8,67,219,9,96,129,12,80,98,174,166,100,36,176,116,58,140,86,44,250,84,77,43,139,163,7,237,139,117,33,143,127,49,229,168,87,113,163,52,125,250,72,14,214,170,118,206,197,161,117,213,183,81,55,159,73,53,227,83,5,10,187,26,77,131,208,3,154,146,69,42,160,15,56,139,170,61,125,146,228,103,111,213,54,127,216,254,57,32,152,82,14,150,86,24,230,172,116,200,251,83,99,255,147,115,213,239,85,61,231,83,1,242,167,119,60,167,229,45,108,163,98,99,185,72,100,207,201,56,65,148,21,90,128,232,21,69,201,251,10,128,219,63,122,240,172,52,244,182,4,202,249,77,25,241,129,29,49,145,115,13,243,91,5,216,134,118,40,182,127,68,129,200,42,62,211,2,53,162,209,43,114,199,226,77,150,239,36,132,164,228,22,132,201,26,38,218,29,14,202,82,18,212,137,79,23,235,183,15,223,187,79,47,145,171,17,32,138,92,9,218,3,114,164,168,54,145,211,20,124,157,216,40,53,207,23,114,197,231,70,151,253,13,36,177,210,43,157,209,22,78,166,229,0,240,209,16,39,237,181,9,213,173,125,217,237,77,47,48,150,126,40,148,104,31,206,117,14,198,128,124,97,33,173,113,55,137,83,41,247,81,99,193,139,141,74,175,192,38,222,222,57,122,161,25,66,139,165,22,59,163,0,76,129,230,39,203,223,57,74,210,224,11,115,206,7,102,224,22,75,246,172,100,5,193,191,127,203,143,85,39,241,109,56,230,137,20,99,189,227,90,82,194,51,76,223,31,85,185,248,0,127,193,22,76,162,229,1,145,194,44,106,179,220,19,134,169,21,58,249,80,106,171,231,70,112,189,163,83,156,222,38,97,243,69,15,229,179,116,6,228,68,28,192,166,110,3,212,13,112,190,133,114,106,161,231,94,183,245,72,149,202,43,92,186,253,95,104,200,21,70,188,17,105,238,8,67,107,153,11,73,128,189,63,126,203,9,80,173,200,62,123,215,226,68,135,246,82,141,137,68,56,180,242,111,119,214,30,67,180,1,78,146,95,35,100,232,180,12,220,184,76,44,142,130,35,246,160,12,33,145,67,55,237,143,50,159,215,28,37,233,175,104,50,136,86,48,232,141,68,150,249,98,0,234,189,107,219,141,65,55,239,169,101,199,128,42,174,166,243,64,210,183,122,130,165,5,100,181,226,85,102,145,127,47,225,85,11,195,189,121,55,247,67,110,52,134,80,12,217,0,37,182,10,118,200,128,153,111,210,221,54,99,236,7,72,132,194,89,191,160,11,96,132,247,49,132,152,121,8,225,66,47,114,214,15,108,147,30,112,251,169,51,148,151,27,41,175,203,28,109,170,8,93,132,237,85,252,192,16,75,35,203,48,39,151,73,61,243,171,101,33,144,80,18,224,140,67,140,203,46,98,146,255,74,129,134,9,113,168,31,126,163,46,67,130,252,56,78,174,206,47,66,240,6,66,163,176,78,153,246,3,88,179,198,19,110,212,4,103,147,15,88,161,234,224,103,238,176,62,196,140,96,44,132,126,29,110,222,63,83,237,72,63,191,22,70,179,220,43,69,189,186,52,121,199,7,66,224,170,0,206,168,161,63,159,157,54,193,159,73,53,227,83,5,249,188,99,1,198,2,89,169,94,106,110,242,3,106,186,225,26,123,194,195,79,189,20,111,237,245,88,124,169,162,88,150,215,86,112,167,228,125,200,67,83,99,170,58,122,155,240,91,113,168,59,82,184,138,50,117,175,233,46,234,170,108,250,128,72,220,207,141,90,129,162,19,106,130,251,80,179,196,27,124,210,82,76,142,251,118,100,184,64,25,202,14,12,107,178,75,81,186,24,60,155,189,91,5,241,134,118,40,156,120,39,150,197,81,137,198,104,146,140,226,34,169,155,120,7,182,21,36,158,238,85,92,152,66,121,179,239,72,138,209,33,70,219,197,85,100,166,0,72,233,166,25,169,221,117,151,184,201,57,104,148,70,58,240,168,98,222,166,76,5,211,230,35,171,139,39,118,220,240,70,183,207,32,103,203,5,85,187,27,89,196,232,57,124,240,244,45,102,237,59,76,204,254,66,139,199,68,102,147,230,55,40,148,66,50,206,117,14,198,128,124,238,198,232,104,141,200,91,41,211,30,45,200,168,11,64,175,1,111,173,4,86,233,233,49,143,219,29,38,124,129,1,69,220,167,63,133,234,62,129,246,250,77,184,158,70,47,253,80,11,178,233,55,141,132,27,89,218,28,76,114,244,10,140,166,67,90,118,209,246,0,240,71,6,176,225,69,153,197,42,105,134,218,83,147,162,234,116,137,91,105,195,149,112,23,210,182,28,58,206,125,122,160,229,20,132,187,246,75,162,245,105,185,248,13,141,229,116,84,156,170,43,96,134,239,92,189,236,97,150,247,45,67,187,210,63,125,184,22,1,147,22,45,249,195,6,91,248,28,53,152,248,25,76,139,8,79,187,223,9,98,141,241,76,174,143,21,143,172,57,3,134,220,47,2,166,1,82,134,237,88,167,226,37,122,172,241,111,129,216,39,15,207,16,43,247,199,55,12,230,184,22,220,163,123,208,184,239,69,174,210,13,98,171,173,75,152,230,45,107,252,26,27,184,205,48,96,201,244,115,176,249,38,132,241,18,59,160,20,66,151,235,54,92,163,248,75,215,174,86,43,208,227,74,214,169,20,120,213,49,70,191,229,43,124,160,57,77,133,244,43,132,201,16,209,178,199,89,105,242,100,7,238,78,17,218,157,104,113,177,31,66,176,193,77,146,195,8,79,153,2,47,78,220,237,104,141,234,39,210,254,11,109,219,213,105,2,209,4,113,243,180,97,158,218,94,177,154,19,78,97,252,22,137,129,14,90,181,12,61,77,190,87,79,176,226,92,139,151,88,106,184,229,17,154,224,187,56,140,13,1,132,211,24,150,174,250,75,114,169,30,59,167,28,82,136,243,83,24,161,247,42,181,252,66,203,226,62,79,181,233,95,113,141,230,88,160,238,98,172,240,50,219,223,12,51,97,162,80,19,238,123,36,184,193,52,29,220,16,52,144,251,37,107,184,28,90,180,227,38,221,176,232,87,150,193,64,216,224,116,0,178,133,4,63,159,65,49,236,237,93,186,173,29,207,131,83,53,150,192,9,12,152,92,98,244,190,20,34,150,152,87,189,206,111,213,243,93,9,247,167,25,205,234,162,28,242,141,36,108,245,118,62,146,94,54,45,137,93,61,159,185,31,199,177,29,203,145,64,76,176,243,112,44,234,170,54,250,128,18,220,178,167,1,211,177,17,41,141,115,17,251,141,56,151,219,11,73,140,234,118,227,190,18,139,205,29,124,83,239,24,98,168,20,113,148,189,101,207,187,105,0,242,166,28,212,142,74,8,200,84,24,222,176,161,55,197,95,113,207,133,106,127,194,230,93,197,135,74,104,163,239,122,140,199,89,143,209,32,113,33,181,65,217,233,69,25,249,91,117,219,131,109,0,238,94,16,196,186,114,44,232,166,102,216,155,237,112,183,1,99,169,220,36,169,177,26,106,158,209,6,123,232,70,14,144,239,63,118,186,60,117,241,183,127,211,159,119,7,227,183,23,249,147,121,8,242,94,12,252,174,98,242,189,67,95,128,142,46,127,193,88,29,171,197,17,117,207,99,87,181,229,1,50,160,2,71,181,172,127,218,192,3,145,187,129,67,148,222,62,113,149,165,1,213,181,23,24,254,166,16,252,170,26,204,128,118,46,232,164,73,35,184,32,17,178,232,17,210,185,50,39,218,199,28,151,163,15,73,185,164,11,202,217,60,50,153,28,94,144,225,115,59,143,91,51,195,95,115,58,156,182,28,196,174,26,200,184,106,222,148,102,64,81,233,228,96,247,176,15,161,161,46,152,153,235,93,115,197,61,14,229,164,74,134,180,36,159,190,248,63,251,187,125,203,145,89,45,249,81,97,36,248,88,58,212,186,98,204,184,102,252,165,50,92,153,223,71,75,138,81,81,149,236,119,142,200,92,42,130,237,68,91,156,219,93,141,176,38,155,237,163,27,213,145,25,217,155,105,47,247,75,23,214,230,66,60,219,81,60,151,201,62,159,215,59,125,207,231,61,97,229,175,16,253,196,52,132,193,1,53,153,132,38,134,163,5,124,202,169,96,128,170,87,7,130,234,115,35,196,101,78,204,2,21,156,221,55,75,172,180,20,246,144,118,222,136,116,9,249,171,31,213,141,71,3,235,172,67,148,223,4,26,160,236,80,42,206,33,0,228,74,104,210,229,83,3,245,169,31,215,187,96,220,151,3,119,147,234,58,117,221,208,122,155,253,90,111,217,41,101,251,175,83,133,244,59,72,177,242,77,150,205,18,82,167,222,20,142,243,28,101,199,12,67,160,142,89,81,180,248,82,139,237,117,50,235,35,97,148,170,60,121,207,23,124,192,92,112,208,178,76,25,193,171,23,197,181,77,246,223,12,75,171,189,246,117,160,249,77,132,237,50,183,232,22,97,165,198,33,91,245,229,65,190,177,32,150,210,35,7,170,253,35,137,194,38,102,183,13,81,150,142,115,105,209,242,82,136,219,109,129,192,32,110,171,241,68,68,139,78,18,216,170,116,202,152,114,46,207,230,5,37,130,250,65,186,244,92,131,243,53,125,147,134,69,132,209,39,124,189,72,90,165,188,74,86,170,20,35,133,189,107,172,129,35,108,209,77,108,38,226,138,77,198,157,50,134,215,104,115,195,197,38,129,159,79,32,215,189,13,195,236,40,111,240,164,34,99,224,55,115,242,74,92,180,231,94,68,207,177,24,163,133,61,148,204,37,156,193,20,90,210,216,11,0,176,251,79,156,215,21,127,242,255,89,117,202,18,61,165,9,36,207,185,39,150,187,242,95,154,219,12,208,146,73,63,232,185,74,114,202,13,120,188,224,101,111,221,43,108,248,117,81,150,227,36,40,255,94,111,206,223,33,125,208,230,94,186,179,9,98,192,20,115,229,131,109,217,196,115,16,196,186,114,6,197,60,121,188,64,27,53,219,16,116,188,21,29,153,252,12,124,216,13,87,194,254,37,155,193,10,0,252,186,122,236,167,242,78,134,225,121,153,183,0,108,249,64,3,117,161,23,104,168,253,39,139,223,6,69,142,2,81,134,196,31,39,243,75,27,221,166,107,205,231,77,54,235,246,46,149,130,58,101,170,94,84,138,205,31,74,135,167,63,130,221,59,1,157,58,91,185,201,242,18,252,183,68,204,137,37,124,173,253,109,159,229,47,101,176,77,84,185,224,65,41,219,36,108,129,232,33,137,255,34,80,223,5,2,168,247,19,29,175,228,115,197,143,101,25,160,86,121,211,217,64,47,204,253,72,141,225,43,146,228,24,67,78,171,120,49,210,21,74,186,238,75,167,177,79,75,179,195,38,138,199,29,136,201,25,40,173,237,0,122,251,245,85,158,197,38,127,131,88,35,179,205,43,110,221,10,55,138,176,42,154,201,63,98,209,150,71,156,221,20,134,164,225,113,129,233,52,56,192,255,92,109,215,55,108,252,49,101,156,28,44,102,208,23,25,217,165,105,5,172,75,33,239,176,104,13,137,33,50,167,211,63,153,201,116,42,185,185,42,122,176,34,96,231,42,70,133,81,121,120,181,2,41,143,218,70,49,148,45,101,232,13,50,128,196,14,61,181,246,52,140,203,77,223,233,166,94,227,164,48,155,246,22,73,144,136,58,112,172,255,90,135,141,9,70,195,31,13,222,242,60,107,189,72,76,187,198,104,152,171,74,121,211,72,73,130,241,115,111,168,91,23,213,149,75,8,226,224,32,129,146,101,54,217,47,65,183,51,40,99,158,189,69,140,228,50,103,149,237,104,170,228,85,38,160,16,91,178,243,64,38,143,96,76,167,25,53,142,245,62,155,153,11,115,184,246,35,51,162,170,53,145,217,45,125,138,80,113,213,178,90,189,130,228,91,197,181,103,219,187,100,81,186,30,70,124,206,8,77,163,227,104,218,185,70,119,212,229,52,148,243,27,219,129,62,108,172,11,69,150,226,236,65,175,148,37,103,193,9,40,231,88,106,149,194,0,83,185,249,34,144,202,21,47,171,224,94,131,192,78,220,226,170,20,231,171,122,156,167,1,74,119,255,33,146,239,50,116,204,2,110,180,193,10,83,143,227,42,92,234,27,155,191,9,84,149,233,16,126,159,243,40,154,213,50,109,194,11,5,106,163,41,101,160,80,45,226,113,44,142,213,70,74,131,231,6,41,145,123,39,191,104,115,165,228,64,58,246,180,116,192,132,74,246,203,56,68,161,157,123,219,243,87,61,219,133,113,223,143,65,31,255,206,10,69,136,72,10,152,94,102,250,134,30,21,241,133,101,199,225,71,5,180,76,97,172,25,63,101,158,84,90,157,219,74,99,186,47,64,154,131,51,104,153,117,87,182,83,60,97,218,30,127,131,249,49,122,150,10,111,142,230,97,189,212,75,11,227,179,15,35,131,101,63,229,77,55,227,81,104,218,142,68,60,246,178,90,29,242,5,78,204,137,29,62,213,22,99,212,234,101,251,151,92,48,194,187,62,139,134,0,79,185,20,93,146,84,94,71,220,169,3,148,224,0,115,229,62,1,235,72,117,214,143,62,111,234,28,91,149,222,23,142,158,207,83,102,189,17,86,188,26,53,137,255,86,53,160,209,43,159,130,48,101,228,94,26,226,162,100,217,159,167,59,199,95,111,203,159,127,11,214,168,52,148,195,116,97,204,3,115,246,230,60,109,188,95,45,123,238,17,158,187,67,28,251,29,36,134,200,249,42,133,248,102,108,216,11,65,172,184,29,39,179,36,61,201,3,22,182,194,105,113,220,60,15,106,142,120,36,146,66,52,232,94,22,208,140,177,113,253,129,71,243,206,112,67,175,246,17,180,189,21,104,190,225,96,136,222,63,98,232,238,72,104,209,0,85,149,82,107,185,204,82,127,196,21,55,130,150,8,96,215,1,96,224,79,6,186,247,85,29,169,236,80,144,229,59,64,212,234,115,209,150,118,14,242,88,118,32,140,122,42,156,80,6,37,159,113,14,173,224,123,173,129,4,33,165,73,95,110,193,48,104,226,24,123,224,76,108,181,230,12,108,189,173,109,48,231,125,10,198,17,116,145,208,94,113,196,245,68,246,198,49,42,203,6,123,135,255,8,114,249,21,78,141,81,81,150,179,127,62,206,170,126,222,128,90,0,232,82,20,193,85,49,103,218,87,72,142,197,14,133,218,241,96,179,251,26,86,250,6,96,139,254,20,124,206,29,98,136,237,115,32,233,21,88,214,11,34,161,224,59,48,136,16,45,139,204,124,195,248,13,72,177,14,37,33,159,20,115,180,253,31,98,166,117,117,190,251,13,148,230,64,18,240,80,104,204,178,80,58,205,187,65,240,223,2,119,173,181,63,169,237,76,74,150,25,45,136,206,47,117,212,61,91,169,204,119,33,146,33,49,160,22,82,163,135,19,85,210,238,68,146,174,55,4,151,178,90,188,199,26,149,134,254,9,219,129,26,124,140,71,67,129,26,75,4,214,22,33,244,130,93,107,202,25,108,201,250,40,43,147,98,48,157,70,87,171,240,59,47,163,195,93,140,187,32,62,210,235,60,206,172,12,36,239,85,115,247,164,56,99,153,68,77,190,231,53,108,169,234,115,254,237,64,151,247,22,107,246,24,86,57,203,21,112,205,75,55,146,161,69,128,207,172,106,42,182,80,45,146,92,50,192,112,65,142,223,236,13,189,195,46,115,208,23,55,165,228,81,110,246,124,123,140,12,85,136,178,124,201,186,64,114,149,248,5,121,169,6,115,170,81,78,175,236,0,14,152,199,72,159,215,94,100,181,30,30,190,184,79,47,199,171,59,2,144,1,125,166,85,0,46,208,29,70,216,16,87,164,209,46,139,253,104,59,128,205,58,154,167,26,75,174,89,73,165,252,16,127,160,172,97,46,168,61,127,168,13,86,187,165,117,67,161,12,38,153,175,80,55,173,20,83,158,194,13,116,181,178,54,177,243,10,156,217,47,80,187,135,99,55,151,83,62,240,243,68,187,234,63,46,238,22,95,131,210,5,86,197,16,26,224,207,54,85,216,236,89,170,203,36,197,185,16,66,151,212,12,120,171,50,88,156,13,126,141,233,60,89,241,243,90,108,213,22,123,194,247,23,179,232,63,101,214,102,45,220,131,44,106,167,136,3,251,219,63,126,145,95,57,203,131,36,101,203,46,9,218,134,116,36,150,74,0,210,159,42,184,243,120,104,160,247,78,157,179,94,223,182,31,119,134,230,13,88,148,13,118,163,50,67,131,202,5,0,142,246,63,105,143,28,97,180,59,62,136,235,56,35,182,199,120,36,146,66,52,232,94,22,208,140,20,59,215,102,84,138,225,56,151,225,96,17,180,31,22,115,177,5,78,232,19,70,181,254,106,36,224,133,69,209,149,91,45,247,77,27,223,170,32,150,136,237,14,44,150,66,48,224,82,6,214,153,42,95,220,89,27,233,175,119,203,151,111,63,155,175,118,242,223,29,85,184,2,4,233,166,95,156,202,224,54,106,149,97,118,183,2,121,188,246,95,98,234,74,98,198,172,74,52,224,78,62,240,164,26,57,243,175,29,218,170,9,221,149,99,53,204,21,48,120,213,118,13,246,7,75,186,231,64,133,232,6,67,134,209,53,15,200,31,94,133,228,70,155,223,170,8,232,128,100,202,232,82,62,236,92,14,41,159,87,17,231,120,90,163,171,46,125,206,31,18,63,190,29,70,154,235,90,181,202,69,143,252,14,61,243,171,101,33,159,95,43,239,181,7,209,142,92,54,200,140,43,147,205,58,96,254,25,68,104,223,71,32,245,226,36,161,213,123,134,199,24,96,143,255,12,155,240,80,50,204,178,26,196,176,69,53,231,91,17,201,131,127,23,208,7,72,155,216,86,105,180,29,10,147,235,48,103,134,226,71,33,143,127,49,229,91,19,205,137,17,209,147,75,35,214,170,118,206,158,122,14,238,80,106,208,184,99,24,166,6,87,173,175,122,33,216,23,89,174,193,17,92,250,15,86,187,200,98,194,154,126,36,41,147,127,45,157,79,3,211,156,42,111,255,35,89,230,177,116,145,215,34,121,202,237,92,189,198,20,111,147,93,68,191,234,91,205,133,127,59,249,224,108,48,246,72,18,232,156,61,43,249,110,42,144,169,75,73,147,89,104,229,246,82,129,135,87,102,187,226,71,143,228,102,47,138,21,66,196,239,61,68,191,91,5,241,95,15,193,181,107,35,157,128,126,20,167,71,109,232,161,85,212,162,56,208,244,238,105,144,160,1,53,251,11,68,171,246,40,120,202,79,18,153,237,58,86,138,21,102,177,24,79,47,145,171,17,249,163,15,253,173,31,211,163,133,44,155,212,8,40,253,252,75,206,224,60,141,197,178,72,148,191,35,74,237,89,7,247,169,29,58,242,134,69,240,176,114,192,134,78,34,238,108,80,243,192,77,47,201,175,23,193,173,27,225,144,28,64,131,128,124,58,250,70,10,208,162,70,239,185,3,54,149,228,43,221,131,161,11,247,165,21,46,226,88,16,202,172,35,138,222,91,36,169,19,63,138,221,119,22,235,8,43,143,252,76,130,207,94,71,184,229,8,137,213,20,95,228,230,43,136,165,71,80,161,200,115,168,216,55,102,255,239,92,42,154,76,0,246,174,104,36,172,108,46,188,104,92,128,194,37,120,211,169,20,235,192,39,145,244,3,119,152,174,81,132,203,48,56,246,182,2,198,243,69,15,229,179,13,223,151,48,123,220,55,73,46,136,6,119,234,10,91,130,134,16,133,138,94,74,136,143,55,96,201,87,117,142,167,9,35,137,88,2,238,92,38,211,178,104,32,154,86,20,212,135,97,60,234,254,76,161,239,51,158,187,95,68,214,149,1,119,178,5,93,159,186,38,104,161,43,95,209,66,101,63,207,2,37,249,67,54,197,171,186,69,185,160,64,187,233,83,156,134,126,56,244,153,89,37,233,133,44,194,242,32,185,207,43,152,140,239,98,12,153,68,115,185,233,78,131,221,33,109,161,225,46,190,211,75,194,235,82,93,160,131,70,61,149,172,24,239,225,87,200,246,47,103,211,241,121,55,247,67,7,205,95,105,213,160,103,57,254,94,118,218,128,94,34,217,230,92,129,184,43,94,139,194,77,203,129,18,49,229,109,1,182,244,58,6,250,24,43,158,241,89,190,182,40,138,217,253,36,137,151,92,69,233,235,36,180,211,94,101,185,248,28,174,219,120,144,185,227,64,131,195,45,73,183,231,55,110,222,105,111,247,62,7,153,233,41,127,198,229,72,189,196,106,208,167,123,212,141,19,84,130,237,58,70,188,199,123,143,219,84,82,234,245,90,133,238,26,47,150,15,8,179,253,81,97,180,14,114,201,207,62,132,200,5,215,157,165,96,44,132,84,48,238,137,44,13,194,32,157,132,89,9,251,175,101,221,151,121,60,149,19,36,39,233,238,78,139,168,40,151,244,31,87,216,234,98,40,227,1,74,181,224,4,47,216,43,108,139,34,45,102,249,74,43,250,0,45,139,240,61,106,217,27,1,187,235,88,142,211,123,123,180,231,59,251,163,226,119,164,9,35,138,223,118,144,167,82,56,61,231,83,1,241,163,23,205,133,127,17,174,74,40,180,197,72,142,167,12,95,143,194,50,194,129,169,67,180,235,90,166,185,46,111,208,31,15,196,252,14,75,131,8,37,178,223,34,62,216,56,77,148,237,91,5,241,95,15,193,181,107,35,157,89,8,226,167,17,207,230,118,23,158,162,79,139,246,79,23,180,199,84,138,225,37,219,154,45,120,189,219,49,18,131,162,58,181,200,85,75,192,6,50,181,208,54,148,181,163,15,253,173,31,211,137,65,98,222,166,102,2,155,110,4,151,164,53,222,168,166,3,236,183,46,142,248,47,146,143,32,104,149,188,107,50,181,229,116,192,202,89,97,247,10,32,217,183,23,47,147,121,23,193,173,27,203,151,92,64,131,200,40,196,211,9,150,212,235,119,176,8,20,110,128,243,119,137,202,3,213,199,38,223,145,172,98,218,148,80,14,228,119,30,36,182,64,214,203,165,119,255,152,68,127,216,252,75,138,235,60,70,246,163,100,154,223,49,114,165,62,125,200,84,74,223,254,75,2,255,224,51,113,197,50,223,193,229,85,133,204,120,50,238,172,108,248,188,66,254,232,91,105,195,149,115,211,235,79,31,254,249,39,123,238,160,20,202,130,124,56,128,106,47,222,4,16,141,160,47,13,233,189,29,255,153,127,39,145,164,18,194,158,69,154,216,21,12,195,130,66,153,130,23,45,182,196,50,122,245,107,71,163,28,50,2,160,25,68,170,178,38,110,213,21,222,216,233,21,219,227,119,3,155,171,7,219,187,29,55,183,129,82,140,245,96,219,194,50,113,238,163,96,109,205,16,40,178,243,13,96,241,24,67,216,232,71,159,246,169,4,180,229,85,132,197,48,109,178,116,47,105,242,58,81,149,239,124,129,241,121,156,245,245,14,157,251,44,137,190,54,109,154,82,12,200,237,173,57,253,131,21,223,181,105,240,230,9,99,105,144,127,28,187,252,87,133,255,28,62,217,24,48,141,129,74,217,217,16,122,171,20,41,150,209,86,76,150,193,43,130,190,108,220,142,66,56,240,145,77,11,203,87,49,12,253,56,155,181,123,67,157,251,30,111,198,231,88,200,168,102,156,201,17,49,154,219,90,223,167,38,53,253,81,29,245,133,72,28,214,115,61,147,207,4,136,216,59,120,179,189,120,47,226,161,34,182,246,51,146,149,34,112,192,143,112,148,173,31,98,145,246,35,212,200,55,82,136,243,121,53,189,125,63,141,83,27,197,150,115,2,168,245,83,168,213,50,113,200,114,124,219,244,43,149,220,46,19,131,194,67,135,216,59,74,164,193,90,126,203,28,8,175,19,39,142,214,55,122,181,250,23,221,138,83,149,213,18,104,241,185,116,0,178,133,4,216,184,26,30,183,12,98,215,238,29,131,194,58,126,167,167,101,37,177,95,22,228,190,9,34,249,26,109,200,244,125,186,223,55,69,247,235,88,142,204,55,53,241,121,57,209,100,127,54,217,29,121,138,225,120,133,247,82,37,224,244,80,130,207,57,115,214,27,90,197,207,2,140,181,204,18,220,178,64,240,193,74,42,194,166,38,60,191,233,80,197,183,107,33,179,126,75,217,18,64,206,148,92,48,252,84,100,234,185,49,133,188,252,35,207,166,105,156,199,61,124,190,238,21,47,141,26,81,178,231,53,156,217,120,10,232,72,96,43,145,175,25,197,179,99,255,164,45,120,189,226,95,220,131,108,96,181,2,85,145,140,91,124,219,55,34,148,207,42,217,135,119,41,157,83,11,197,232,166,102,242,156,81,218,152,101,60,197,251,67,131,174,10,102,133,227,99,204,129,32,116,216,27,61,113,243,50,72,132,21,86,165,212,71,111,240,240,23,249,147,121,33,139,119,37,149,71,59,241,186,103,72,129,204,68,212,201,63,115,194,17,119,100,195,31,13,162,3,34,185,214,32,147,214,69,38,148,213,80,218,221,22,106,175,226,8,214,179,184,1,220,240,89,120,251,40,102,217,4,59,160,208,47,122,232,226,43,34,174,114,56,138,84,42,223,147,102,32,139,228,75,162,229,113,215,132,57,88,143,128,37,118,160,51,54,241,78,66,155,225,15,112,141,10,53,211,168,79,112,203,8,126,164,202,49,222,218,30,83,150,197,18,204,153,94,102,150,230,41,148,167,18,97,255,241,70,39,198,56,92,204,243,38,151,193,17,94,240,84,82,170,235,89,106,183,24,54,188,195,21,219,237,78,59,160,246,47,186,223,51,126,173,164,96,222,158,106,46,219,173,93,224,213,48,79,177,69,89,132,235,7,87,140,213,55,157,202,27,102,171,233,115,160,192,61,102,159,75,81,166,191,27,47,143,91,38,180,206,35,186,211,59,106,221,80,68,131,253,51,112,239,179,121,203,191,70,57,147,165,3,201,150,90,127,134,245,38,206,163,112,97,214,16,69,155,25,1,55,194,3,92,165,181,13,221,185,103,0,221,223,58,145,203,116,63,146,22,119,162,233,3,210,132,207,68,157,151,105,51,137,125,28,144,242,68,78,175,9,33,154,234,108,193,142,17,107,181,228,6,150,220,31,81,229,246,73,154,231,123,215,235,178,62,3,208,50,99,146,14,98,183,2,73,150,229,239,90,151,255,111,102,212,20,105,190,12,40,110,242,80,71,166,207,60,220,222,53,98,224,18,59,110,235,113,118,185,1,72,133,167,113,212,132,92,121,149,252,5,126,146,1,96,199,26,0,178,216,73,3,255,189,87,228,132,81,96,161,12,127,214,238,77,96,178,229,6,121,202,52,109,152,67,109,149,220,4,93,210,31,70,167,167,114,195,202,24,81,183,203,28,139,234,30,106,183,26,121,190,133,112,39,169,238,84,143,216,41,126,183,67,95,133,152,37,65,172,76,93,176,237,21,109,202,34,29,139,205,56,49,172,233,102,184,240,109,161,133,72,9,236,249,86,101,192,110,68,175,21,79,160,129,113,35,151,103,40,246,232,42,124,203,2,76,129,218,60,54,156,240,79,172,247,95,194,236,4,82,130,239,44,115,194,11,9,201,30,66,191,25,4,87,230,190,89,149,198,30,120,205,242,95,252,192,63,150,227,15,122,162,247,94,156,217,25,108,173,198,35,115,199,6,90,148,23,86,152,237,33,53,156,187,39,150,194,43,118,163,242,37,235,231,21,97,167,252,46,253,130,85,144,166,13,0,233,152,61,109,202,125,45,159,83,35,236,255,57,112,220,168,108,50,132,78,36,242,102,51,184,18,49,63,229,131,109,217,135,119,41,157,83,11,197,171,93,116,188,5,6,206,162,110,198,150,114,6,230,175,73,47,151,65,45,155,97,16,181,233,90,217,185,233,54,135,204,80,63,236,7,92,168,245,73,104,143,83,70,111,194,27,98,149,8,127,241,160,55,79,245,29,85,208,237,0,151,195,40,115,152,216,57,132,166,29,124,159,5,112,233,30,65,140,136,25,26,212,231,100,122,161,6,10,224,174,8,1,159,127,23,251,161,127,41,149,67,51,229,89,118,46,232,142,1,162,235,116,150,138,99,99,249,234,80,103,192,7,82,164,31,122,233,17,78,249,148,74,2,252,184,118,54,130,70,12,158,168,62,51,141,117,16,216,230,85,190,219,71,46,225,20,38,156,221,31,79,180,68,79,130,19,44,40,188,175,7,215,179,71,39,137,163,9,241,91,7,245,140,84,31,173,243,86,147,148,84,32,228,170,60,45,131,81,43,253,91,17,254,243,83,126,229,81,102,214,136,124,50,234,164,96,232,168,106,248,190,173,43,224,225,59,148,229,69,39,193,167,15,249,140,122,42,156,80,6,254,184,116,50,242,126,2,5,172,14,116,189,29,27,228,89,52,153,249,16,57,159,242,122,99,212,25,100,133,190,6,198,136,125,3,203,95,107,195,147,111,3,227,69,31,197,148,126,42,152,72,58,238,142,49,223,155,69,1,205,151,77,213,233,56,5,231,180,23,226,152,125,16,214,136,126,34,211,12,104,162,231,96,193,164,18,78,213,228,59,188,217,50,127,204,243,117,237,161,4,123,240,15,54,230,88,12,194,186,116,48,213,149,97,37,235,125,7,157,171,5,215,181,21,20,248,94,86,11,221,52,62,167,24,69,136,190,188,41,166,223,55,186,201,82,75,248,79,43,255,134,104,2,232,80,58,230,84,4,246,170,96,216,249,181,115,51,191,67,9,155,143,22,132,236,39,92,148,247,88,181,214,68,45,158,3,79,166,204,71,70,177,14,107,142,87,29,37,185,69,221,237,176,68,36,134,160,6,238,88,4,242,162,20,200,229,93,23,211,187,124,146,165,167,48,190,16,28,123,191,22,113,188,227,85,116,165,70,111,190,23,56,127,174,161,83,172,165,34,187,242,47,144,227,174,53,206,176,13,98,254,164,12,246,162,16,192,153,77,3,251,181,113,47,239,123,63,197,87,97,244,193,8,93,190,2,110,175,241,45,83,169,20,56,79,192,2,73,184,187,69,138,133,19,217,225,92,104,192,144,108,0,224,66,28,194,170,20,234,184,69,55,235,161,25,211,143,77,13,153,93,99,220,230,124,10,206,155,81,161,222,36,214,233,94,52,147,205,8,102,162,213,19,156,239,40,111,177,94,102,250,134,30,46,138,94,62,224,186,96,200,153,69,25,206,20,65,175,251,48,45,246,171,110,97,166,63,86,219,248,81,154,243,64,94,128,49,55,106,195,125,45,159,83,9,193,187,119,255,191,168,54,252,132,24,36,150,97,33,133,82,44,139,229,65,79,237,67,82,251,240,88,155,129,89,91,127,232,3,67,238,162,37,198,239,6,222,245,6,90,181,151,65,45,155,75,61,241,167,31,217,149,68,4,198,84,26,8,155,75,163,228,87,73,250,143,37,13,250,6,9,184,26,95,203,169,33,98,132,205,11,172,158,185,54,141,25,54,152,158,43,123,132,253,23,53,159,75,57,233,91,15,197,189,94,26,226,162,100,242,146,109,154,165,48,92,228,141,49,110,251,229,71,178,95,28,179,224,99,157,182,243,110,62,167,55,60,134,26,95,244,147,87,90,243,21,34,207,181,83,61,233,87,7,249,173,74,2,252,146,45,189,203,107,133,219,60,119,218,141,116,61,216,49,80,179,167,93,188,232,84,129,232,94,22,208,140,74,10,150,90,96,242,188,56,42,225,179,17,241,137,109,211,241,91,7,245,165,84,31,225,178,74,214,82,109,50,217,57,115,196,208,78,72,143,23,119,220,244,77,197,178,27,219,174,29,6,240,166,61,42,228,186,127,183,190,92,64,212,234,115,209,175,15,39,139,113,15,249,165,122,42,156,122,43,247,169,36,252,176,13,222,229,204,90,117,234,28,70,241,21,119,148,248,51,205,253,78,47,190,235,26,222,157,27,6,202,67,93,76,149,19,116,128,18,35,205,173,69,41,143,173,126,42,152,72,58,238,142,49,214,146,26,218,156,81,23,223,179,127,215,231,105,58,138,36,97,162,173,21,122,169,39,93,150,234,53,92,162,232,54,152,204,161,46,253,65,49,251,193,42,136,172,11,20,50,156,72,54,230,88,12,194,186,116,48,146,114,28,146,164,6,148,218,49,64,154,230,65,165,189,40,66,188,14,69,173,172,125,214,159,24,4,101,168,54,118,179,81,27,241,191,25,43,137,105,104,204,178,80,16,203,27,64,246,163,51,157,213,241,120,245,236,95,154,218,63,114,147,237,118,211,223,59,82,185,164,2,179,168,74,133,248,116,44,205,137,71,7,147,87,55,194,253,65,152,183,12,93,162,199,44,208,226,81,20,254,178,28,159,251,19,25,193,9,84,137,232,52,79,141,23,99,148,208,29,106,154,189,74,202,226,87,143,226,43,146,172,247,107,117,170,165,127,176,254,95,148,222,52,72,138,224,94,107,255,110,72,184,227,16,194,252,2,74,175,246,63,172,255,121,201,146,74,43,254,248,3,103,164,21,75,157,204,36,134,228,43,163,229,228,71,150,221,69,30,195,60,1,174,230,58,102,147,15,15,202,230,3,101,195,230,20,192,174,69,55,235,161,25,249,162,61,250,221,41,104,245,176,124,212,228,64,20,244,124,93,146,240,45,212,233,89,11,255,181,109,39,227,161,97,237,155,90,116,180,21,30,241,206,38,141,224,22,101,132,253,38,113,177,85,20,255,229,62,97,250,22,57,192,252,51,162,221,114,11,150,252,93,189,218,55,146,184,31,15,187,229,92,144,219,69,78,187,191,2,98,175,7,116,169,180,69,122,207,39,110,171,72,3,126,227,20,79,186,203,90,213,131,52,211,193,243,76,208,152,108,56,144,160,60,208,176,18,44,249,161,11,247,165,63,234,244,53,41,234,12,88,74,217,56,77,163,250,75,210,231,20,109,197,12,103,131,162,85,85,188,22,125,130,187,127,82,233,10,87,156,168,110,54,138,86,46,254,90,110,206,151,177,61,210,237,91,134,179,108,157,193,2,1,118,173,238,97,145,250,88,212,183,120,128,171,14,70,66,139,46,71,186,19,13,244,167,45,150,216,230,45,184,227,62,206,192,24,105,183,28,28,183,183,83,60,156,240,83,142,255,105,130,209,62,108,156,134,12,73,192,9,94,159,228,114,196,233,112,59,136,225,127,35,137,167,17,253,171,27,205,129,94,22,250,161,29,197,150,104,59,242,74,87,191,169,117,103,130,59,32,156,233,35,223,172,61,110,176,253,9,36,253,94,76,165,226,59,165,210,52,27,185,198,38,138,209,65,39,197,175,27,201,185,82,6,252,180,110,0,159,96,52,141,72,25,246,151,106,63,146,167,68,178,196,61,154,141,60,146,252,166,7,208,205,23,118,252,240,73,143,221,40,21,235,185,19,37,131,99,59,159,69,99,205,147,99,112,181,236,78,210,219,7,146,222,27,97,148,199,44,118,204,15,77,153,228,103,41,201,62,33,244,162,18,196,184,110,38,202,113,26,218,166,106,23,233,179,9,253,156,74,111,206,16,105,162,211,7,122,236,83,14,134,253,35,122,167,34,107,248,165,102,51,150,83,54,251,22,35,155,225,6,45,176,231,81,143,252,98,214,140,68,62,250,184,120,1,194,181,7,209,167,117,207,225,127,245,218,31,38,67,240,92,10,250,172,96,214,142,98,41,194,225,32,151,204,3,37,241,73,25,245,137,105,203,204,178,26,196,154,51,138,206,49,42,235,84,76,126,184,7,67,156,230,60,140,247,119,113,211,50,63,32,200,225,70,174,168,86,132,241,55,44,160,192,17,209,147,97,39,239,67,15,231,183,19,39,196,125,46,158,253,98,206,188,108,222,146,72,0,33,157,91,27,205,134,53,141,200,99,56,207,19,39,194,147,118,97,148,227,85,131,196,114,153,220,248,7,96,175,102,57,241,10,68,181,238,75,128,222,164,64,162,201,45,134,128,35,158,138,117,100,158,204,19,124,241,234,87,128,206,49,98,129,1,89,34,197,46,113,240,5,96,198,201,100,134,201,231,23,207,137,69,205,141,79,221,227,171,63,203,138,90,54,202,128,33,105,200,116,215,217,61,102,136,217,60,108,209,30,31,132,241,46,108,239,73,72,157,174,20,141,247,58,125,224,178,23,212,208,22,77,255,181,109,39,227,107,43,237,123,1,201,132,122,5,188,26,45,200,163,0,100,215,124,33,245,232,73,156,196,4,73,237,240,59,136,201,75,13,198,234,61,133,202,63,146,161,30,54,144,202,24,68,167,169,82,151,139,76,82,204,7,66,213,142,29,112,167,7,70,242,200,47,200,167,6,121,141,173,23,180,189,35,104,217,89,21,211,147,31,10,208,162,108,194,144,106,22,183,52,87,190,8,161,69,184,236,65,134,233,36,109,227,65,39,163,213,77,116,173,12,73,228,242,89,36,132,102,0,205,181,31,203,147,68,219,143,69,61,247,179,113,24,206,133,43,141,195,20,122,218,27,108,203,176,118,33,246,161,94,128,252,41,154,129,20,78,253,177,108,106,249,17,90,223,230,71,210,226,3,97,164,201,107,211,189,105,215,135,121,45,201,118,28,48,184,249,75,146,207,80,125,248,68,114,187,19,83,123,214,28,7,131,246,49,129,198,35,94,183,195,6,132,207,62,212,165,235,117,158,242,53,191,137,242,123,35,148,113,149,201,58,102,151,75,1,32,176,123,20,212,160,100,0,145,8,146,165,7,125,151,250,16,120,209,187,101,209,191,69,12,133,178,119,36,165,60,105,174,40,75,146,9,39,178,245,29,36,134,232,13,39,143,121,37,185,110,60,216,205,61,119,184,241,124,173,205,72,199,228,63,34,128,239,45,139,176,1,104,217,207,46,158,194,234,26,208,136,66,20,171,70,8,150,92,78,213,175,13,86,239,205,49,144,203,0,127,151,13,116,128,238,110,52,156,75,15,208,195,89,110,175,52,106,255,203,46,57,151,119,15,217,116,119,33,141,162,56,233,252,32,99,224,92,36,228,140,25,191,167,52,69,225,172,13,92,200,24,110,166,5,124,132,182,102,216,140,66,58,244,176,68,3,179,58,37,184,135,12,43,152,87,109,208,233,95,158,239,168,87,142,249,46,214,133,76,112,181,11,86,135,247,42,65,147,235,115,142,232,47,223,129,91,1,208,186,102,212,174,91,111,179,20,83,136,140,81,63,134,197,89,108,232,0,85,251,22,125,130,227,124,26,196,176,30,206,128,116,0,207,14,87,172,200,10,215,128,165,107,138,17,34,170,147,56,145,105,202,110,216,132,114,34,148,72,62,220,157,63,66,148,19,42,100,240,11,173,191,14,113,163,20,19,117,200,204,54,135,212,108,195,146,27,83,191,211,46,102,174,61,79,205,18,45,178,199,103,59,194,164,126,36,140,118,8,189,4,124,163,92,95,116,180,253,45,251,241,0,159,181,119,86,204,244,56,157,173,27,112,162,142,41,148,195,48,48,178,202,49,59,199,13,68,147,91,36,185,195,88,125,238,128,125,223,156,75,111,218,9,98,150,21,84,120,205,83,73,132,141,25,221,227,117,63,149,163,78,27,157,118,73,190,31,24,220,130,113,108,212,240,107,126,217,23,100,225,170,57,185,240,90,139,221,224,95,152,190,125,58,165,30,125,211,9,78,142,137,49,101,164,249,46,121,183,114,9,221,18,83,124,193,26,103,212,170,92,187,146,43,109,216,163,88,157,192,22,122,165,27,63,133,1,84,221,223,234,117,155,233,46,184,182,88,35,230,21,114,152,205,115,107,220,22,64,135,137,73,213,153,95,24,34,184,108,13,242,80,48,200,172,18,48,154,135,54,143,243,52,39,159,89,21,157,93,31,237,176,143,114,140,31,106,198,154,122,220,246,92,4,213,129,111,223,187,104,127,189,232,105,39,231,115,30,36,182,64,214,228,126,16,238,78,102,202,154,152,22,142,247,32,183,200,69,49,138,250,64,168,161,60,113,172,3,47,180,207,108,108,202,63,71,111,192,125,154,193,63,110,183,89,17,203,135,69,108,248,188,66,212,158,116,2,156,174,12,236,132,79,53,249,144,96,147,201,60,45,243,91,8,209,216,5,70,222,63,100,252,251,88,111,238,17,54,246,145,49,104,216,41,104,213,24,71,255,227,37,77,137,218,22,218,224,114,60,146,160,58,204,170,113,9,237,83,113,219,135,117,37,151,97,44,188,201,26,159,216,160,51,244,249,92,158,253,23,105,173,181,88,121,212,41,104,155,73,57,235,95,21,52,238,170,104,40,180,120,62,144,90,48,254,88,81,5,162,245,68,189,192,58,37,142,67,103,166,202,49,91,250,57,114,183,32,85,218,174,122,210,201,165,121,217,187,85,59,227,77,57,231,87,9,36,154,82,38,229,143,80,210,156,92,105,240,78,72,221,188,30,104,139,226,76,100,223,55,105,174,216,60,97,223,23,64,238,14,85,130,176,101,204,172,4,34,141,220,52,144,187,45,15,174,25,76,176,201,66,56,240,170,102,36,228,112,52,250,76,125,211,225,123,13,235,75,99,199,135,102,123,164,254,50,216,223,17,127,186,251,123,177,242,124,192,184,31,84,153,194,97,113,219,54,17,245,26,69,158,203,46,46,224,75,19,200,141,7,76,199,62,56,217,222,33,102,205,171,79,160,129,101,203,233,186,102,212,132,118,42,224,88,18,206,86,22,242,160,90,25,170,245,90,79,189,91,58,209,225,80,36,211,62,102,221,74,55,252,226,41,107,180,227,93,130,219,111,36,143,24,97,134,234,66,173,216,80,32,138,209,38,103,198,72,55,254,254,35,189,207,30,101,164,255,13,139,254,65,138,180,31,61,115,212,11,123,217,20,82,232,24,92,139,132,7,43,108,230,52,105,233,95,45,230,85,34,139,236,200,79,238,192,55,97,223,12,50,230,92,20,206,241,121,57,251,73,15,215,171,119,207,159,81,34,153,252,82,44,224,70,39,228,73,6,189,176,58,70,131,131,67,207,147,89,43,245,75,25,243,133,74,0,239,251,87,42,137,64,83,215,43,87,191,215,26,99,192,24,85,160,173,117,201,149,109,61,192,148,116,214,240,86,20,197,26,71,186,240,24,113,168,235,33,96,175,8,102,184,5,116,187,242,59,75,186,60,52,141,194,72,116,215,76,60,238,137,127,55,241,173,31,216,248,65,203,135,117,51,254,147,30,47,146,61,14,166,19,64,242,160,16,41,183,126,86,158,129,98,63,216,10,91,174,221,57,115,218,239,6,170,255,33,135,170,80,60,234,129,89,10,192,14,15,214,83,64,144,237,32,125,236,244,81,99,243,28,48,146,172,18,208,137,16,37,149,71,17,220,244,99,223,157,93,3,192,238,116,54,128,78,111,198,168,89,203,128,106,23,181,129,99,130,135,69,55,225,246,105,253,236,102,193,226,167,81,214,174,126,218,238,78,48,202,154,53,37,200,86,51,233,65,84,199,141,32,35,251,75,101,99,138,88,119,239,82,104,212,249,122,210,217,159,115,211,152,38,47,227,89,17,203,135,15,207,210,107,0,137,185,116,192,136,35,12,224,19,124,53,145,84,104,225,93,94,228,173,105,205,192,89,76,145,130,86,36,227,19,22,240,130,96,192,152,163,9,13,188,38,43,134,77,82,178,232,45,96,148,24,87,167,229,62,198,146,106,58,188,135,10,211,237,83,17,200,21,113,170,161,21,203,131,87,77,142,201,106,51,244,59,89,157,231,90,114,251,51,89,141,245,10,120,155,73,57,235,95,21,205,238,128,31,182,250,71,200,237,45,75,219,12,102,106,249,61,74,178,22,79,239,86,13,177,252,32,92,139,237,51,76,134,9,95,165,252,66,145,172,184,3,179,236,31,139,166,5,109,231,7,94,253,206,29,66,200,2,95,210,235,41,46,214,1,104,221,255,4,45,143,169,15,247,161,13,251,129,48,49,170,232,37,220,147,39,111,145,227,86,158,231,33,125,130,226,78,149,181,38,66,170,7,118,177,194,16,119,135,229,18,186,224,57,177,244,86,101,158,234,41,145,168,75,99,149,248,65,186,249,25,57,234,24,67,141,234,57,118,173,2,0,130,236,16,100,165,79,124,255,15,32,219,141,20,70,245,198,59,111,175,26,14,200,132,12,204,142,28,34,251,136,62,141,153,109,9,229,90,101,214,179,84,48,204,1,70,244,170,98,220,178,123,75,185,166,78,37,188,17,65,168,201,89,177,199,54,136,253,194,59,107,215,6,62,244,172,102,8,135,106,44,225,167,69,238,210,103,55,147,167,45,196,138,19,54,177,78,60,224,39,28,155,128,122,58,140,186,52,38,249,20,72,173,191,24,143,244,79,112,210,210,66,32,145,60,56,187,92,18,198,253,78,155,239,177,51,189,131,50,45,141,2,116,139,171,20,90,161,2,67,169,44,10,252,176,102,222,152,84,121,19,168,69,6,155,165,82,207,169,119,160,183,235,17,194,236,50,56,183,84,14,173,245,38,44,214,31,66,155,30,38,93,191,71,42,137,65,48,42,140,170,117,250,13,7,248,164,98,192,215,113,21,142,210,25,45,244,255,112,157,28,40,177,153,94,62,214,186,96,62,232,126,47,254,173,98,192,190,170,99,231,210,99,168,129,73,209,145,79,66,217,224,31,111,138,164,1,174,231,66,133,253,26,9,205,178,13,59,166,76,5,199,36,105,174,139,76,18,132,82,39,216,182,11,67,188,174,3,144,210,7,72,128,247,9,201,139,25,223,231,123,7,236,187,126,15,156,70,49,197,176,22,191,186,55,48,241,171,103,215,198,83,27,200,230,39,245,150,16,95,190,255,95,140,146,122,213,128,170,67,243,149,75,66,255,250,110,223,171,31,39,228,112,13,151,201,42,58,131,246,75,178,195,35,184,184,100,57,233,91,15,197,189,93,30,170,177,32,193,212,20,88,165,216,68,155,251,87,124,148,54,89,129,218,15,51,229,89,15,237,172,111,197,138,71,144,152,195,77,42,159,82,125,194,238,69,157,203,32,61,233,87,7,211,128,106,137,218,29,64,140,91,74,66,209,225,106,141,244,45,146,182,66,119,194,212,20,51,237,20,78,182,255,35,156,147,38,97,153,57,50,109,255,9,114,132,24,41,168,236,43,72,161,8,7,187,234,94,159,194,55,102,169,173,24,97,167,229,112,236,113,64,233,159,48,154,169,157,48,127,171,20,63,170,242,89,138,197,125,36,232,237,38,186,247,21,147,144,112,115,163,197,91,117,128,242,94,138,171,64,143,250,38,175,210,26,116,125,182,126,18,216,75,100,246,208,38,93,193,89,108,213,242,89,81,160,27,13,255,179,105,11,239,250,72,131,136,83,143,168,57,66,156,177,8,70,175,7,86,150,228,97,205,204,40,168,194,49,91,152,211,25,66,232,174,53,180,205,87,86,197,242,23,184,203,115,201,226,176,13,247,243,89,184,186,166,125,220,237,100,116,251,60,2,150,162,58,27,160,229,79,166,189,38,152,249,32,137,191,108,12,135,246,54,121,189,231,76,240,249,95,91,243,229,76,187,187,70,97,222,56,101,186,224,25,134,166,86,28,209,172,122,206,218,0,187,212,160,41,39,246,79,121,176,25,1,219,129,105,249,146,41,74,179,170,37,139,222,15,74,204,69,28,103,248,231,114,154,234,3,221,206,2,84,208,255,94,155,215,45,14,167,230,45,147,232,37,107,226,63,114,37,169,81,221,225,17,89,148,28,121,194,135,56,4,160,237,82,200,190,118,48,198,135,106,246,186,167,19,238,29,41,132,147,113,209,233,103,30,149,172,11,60,236,94,18,200,128,122,54,148,83,68,187,254,67,215,227,123,11,231,187,27,253,151,125,12,220,143,84,142,247,102,220,148,78,10,200,136,123,63,197,87,97,247,133,31,49,165,66,22,235,179,86,88,168,51,89,252,173,102,134,220,61,143,195,133,19,217,225,117,1,153,169,5,217,185,27,28,194,170,20,192,174,30,250,169,63,103,190,252,77,16,153,24,47,183,246,70,106,203,65,124,222,140,112,214,244,94,10,248,168,26,206,132,124,54,217,161,97,35,177,119,63,185,114,101,136,239,56,93,178,255,36,134,247,76,204,161,110,112,215,28,62,78,229,250,100,251,129,19,221,179,65,219,237,178,18,42,142,116,18,252,168,22,198,184,108,8,236,178,50,165,246,18,193,208,93,61,184,15,44,123,242,25,54,143,251,40,222,174,56,149,216,3,88,163,143,86,9,140,15,80,172,191,42,130,159,160,114,208,176,72,44,146,176,26,198,180,100,214,241,167,31,217,149,29,247,178,41,125,190,79,27,218,234,70,26,250,92,118,220,132,110,218,136,120,17,197,187,115,45,195,138,32,188,229,45,207,148,86,117,254,141,110,151,165,4,117,156,249,52,129,167,26,93,177,179,38,96,187,123,61,139,81,25,212,224,120,8,228,184,24,250,148,122,34,140,120,13,253,175,99,217,187,102,14,215,138,84,143,210,7,16,177,130,16,60,131,41,94,161,29,98,147,225,0,66,183,163,113,137,218,5,154,220,45,41,219,158,33,113,230,245,2,203,182,86,125,209,20,88,174,228,107,195,208,36,47,233,165,99,35,175,90,96,242,188,18,32,186,76,42,138,162,6,236,241,91,7,245,165,61,230,196,42,127,170,119,55,32,174,116,60,144,92,52,196,160,116,212,182,80,29,197,175,27,201,147,70,207,149,31,72,195,144,168,112,182,255,16,211,165,112,200,244,65,32,141,196,53,65,184,247,29,139,225,40,146,159,81,16,252,229,61,130,215,8,111,170,1,44,191,192,6,53,132,232,99,205,185,103,215,137,125,51,235,165,72,6,198,82,22,220,174,120,206,156,118,8,230,173,111,4,134,164,7,210,189,113,194,138,117,120,153,214,84,155,206,100,120,172,13,85,240,140,21,7,230,85,99,200,140,99,154,202,49,105,218,3,126,98,178,229,41,248,227,63,130,152,126,104,219,217,40,142,149,71,38,203,230,46,191,236,113,56,194,244,59,121,236,49,105,199,62,24,187,229,14,5,225,181,21,247,145,119,223,137,117,35,147,69,96,214,142,72,4,194,130,14,210,152,64,25,196,250,81,127,137,59,68,174,8,32,159,249,99,152,246,236,41,216,146,78,214,150,88,38,236,180,8,59,147,163,63,211,179,21,47,149,125,13,190,60,64,142,215,39,87,163,240,33,117,253,3,56,219,245,64,146,199,12,108,135,66,3,184,212,113,145,179,225,91,132,190,118,48,236,116,52,246,68,10,57,141,89,49,193,93,113,209,179,77,51,177,104,86,131,254,60,220,130,90,21,192,163,98,202,214,255,100,132,173,63,155,166,69,39,184,243,70,112,167,209,18,192,175,123,220,209,30,75,218,1,26,140,143,17,98,178,28,83,190,143,111,209,235,81,96,202,182,100,212,134,122,48,232,162,30,246,177,11,93,156,171,117,203,153,115,5,227,67,27,255,140,170,20,192,174,30,208,132,122,50,198,133,33,215,146,103,117,177,32,65,237,160,25,117,201,6,36,214,190,104,212,130,114,36,152,78,6,192,188,161,97,237,177,119,201,147,105,55,145,163,1,203,205,1,127,154,230,30,209,188,43,110,218,25,89,100,195,123,99,133,75,19,231,179,11,219,183,75,18,244,142,116,220,134,114,32,144,66,54,236,164,69,1,213,146,76,128,199,55,49,138,85,62,193,155,102,103,161,6,35,130,253,58,137,194,1,100,161,129,31,211,147,85,35,233,177,5,209,169,121,60,208,176,18,44,146,122,36,144,126,46,224,84,113,3,206,13,82,145,230,14,97,192,11,107,182,230,70,57,132,14,79,170,203,13,212,220,120,42,197,187,115,45,233,113,49,243,65,7,207,163,111,46,254,90,110,206,176,74,48,152,104,3,143,31,101,196,143,36,85,179,242,52,183,133,5,35,246,184,43,210,249,66,64,174,16,77,109,252,118,114,253,180,114,138,145,86,7,238,27,95,214,234,29,38,160,76,28,248,140,108,206,232,78,54,224,76,97,209,131,119,45,229,95,27,217,153,101,41,239,130,95,181,206,52,107,180,59,93,176,229,14,107,180,249,111,195,210,59,96,166,213,104,166,175,32,42,166,70,94,171,249,89,102,138,108,6,236,84,101,209,191,111,33,149,75,3,253,185,119,55,131,174,116,198,144,102,52,164,141,112,219,254,78,192,214,225,84,201,253,37,158,149,95,73,140,75,79,122,195,72,1,170,255,8,158,253,72,40,138,164,113,217,131,111,221,141,127,51,233,161,27,215,149,188,8,204,184,73,39,151,2,36,141,40,75,212,130,69,112,131,246,103,219,154,46,51,167,228,34,159,220,82,32,230,174,2,206,166,118,210,230,70,15,41,143,119,33,141,123,43,157,123,42,246,171,12,18,169,210,29,48,159,76,48,190,5,28,246,147,10,61,175,192,40,152,201,117,39,155,81,9,42,230,110,46,240,126,4,204,160,108,196,148,112,107,203,135,106,36,132,47,35,234,61,76,239,184,68,47,180,247,120,200,153,29,32,166,1,77,167,173,127,223,247,91,1,223,137,117,35,147,69,57,214,142,72,4,140,76,14,156,136,71,247,131,114,25,249,204,51,130,182,70,51,145,12,109,174,10,124,125,167,18,22,197,196,45,114,175,59,126,158,153,109,107,210,47,27,188,87,125,44,147,18,126,154,176,49,44,251,162,57,186,172,118,129,203,83,67,231,183,19,39,135,105,3,233,81,59,231,85,108,222,146,72,0,250,182,116,30,173,77,3,140,141,111,116,209,20,104,150,179,27,184,193,12,98,203,190,63,153,220,68,23,146,7,92,137,29,104,13,235,173,81,154,227,75,96,143,161,12,239,10,35,138,132,57,48,251,94,10,132,146,30,159,161,192,45,43,129,79,41,251,89,57,209,181,27,57,202,182,100,212,134,122,48,232,162,52,203,175,97,205,227,167,122,145,234,32,207,239,83,45,168,224,58,208,153,42,103,206,13,65,138,182,120,48,164,236,53,35,250,65,223,230,71,74,184,7,97,150,224,163,104,197,210,114,104,217,13,73,140,188,4,43,237,123,1,201,93,105,193,145,109,1,225,67,68,42,146,124,40,188,107,49,171,237,72,132,144,184,117,208,141,75,215,231,56,81,172,228,27,176,244,69,62,153,220,59,115,144,14,119,175,235,82,1,137,73,11,153,95,103,251,135,31,47,139,95,102,200,226,72,48,154,70,30,201,24,79,136,236,89,5,198,130,31,62,245,123,93,223,192,87,213,222,52,83,246,94,63,104,215,48,111,169,6,126,43,227,66,58,231,236,103,188,205,74,43,248,77,86,109,193,53,76,163,78,56,228,82,2,244,168,69,61,247,179,113,49,189,65,7,179,142,125,137,205,90,56,152,176,20,250,152,66,46,156,76,62,217,143,71,1,253,69,5,199,127,54,50,183,72,2,138,234,43,110,132,67,4,180,18,107,188,160,121,45,227,91,21,209,143,79,219,159,165,55,193,190,76,38,248,86,54,206,178,24,54,202,97,127,132,209,35,45,248,95,94,175,225,44,160,240,55,50,132,160,112,204,224,64,34,252,162,10,244,160,117,37,151,75,1,249,179,111,45,237,121,61,195,150,107,207,234,22,89,244,0,98,149,182,73,62,130,236,42,111,222,8,74,181,205,15,141,131,17,62,198,90,102,254,142,106,62,158,64,26,192,168,121,37,147,67,53,233,95,23,209,167,102,76,216,208,24,218,233,122,25,226,169,18,171,201,32,145,139,194,63,142,195,62,97,157,175,87,215,95,31,8,150,92,100,248,132,28,44,136,92,60,158,184,69,45,151,67,49,225,83,7,215,152,61,100,165,223,127,114,163,60,76,221,244,0,207,176,66,103,191,22,20,47,193,123,43,157,81,7,255,185,117,36,228,166,52,250,130,22,34,186,74,38,250,90,99,61,227,97,24,243,28,63,236,165,84,167,131,252,110,46,186,126,4,150,160,54,196,94,112,206,149,173,17,247,149,127,43,153,73,59,239,165,55,19,169,13,114,151,82,5,32,249,15,138,142,74,51,223,129,91,1,233,83,63,237,93,15,195,185,88,18,206,140,76,216,156,162,52,254,84,98,214,216,29,118,131,251,21,33,211,6,55,163,23,76,42,172,25,93,178,227,17,190,249,126,148,215,118,109,201,157,125,223,249,95,7,241,93,11,251,173,72,62,246,176,108,42,192,91,51,210,1,83,162,233,4,27,130,37,30,205,174,81,41,169,26,5,210,128,27,0,182,247,125,177,204,14,212,156,112,99,251,139,103,59,155,125,23,253,165,15,251,169,64,50,230,118,57,179,210,12,97,216,35,91,190,168,27,11,204,253,64,160,247,46,154,239,68,5,150,138,48,113,165,17,84,212,92,28,222,172,114,97,245,129,25,41,133,89,57,155,181,27,195,173,64,4,179,30,65,178,230,108,56,243,180,50,235,255,117,103,209,202,113,207,233,67,100,137,109,72,144,195,20,107,211,26,69,168,197,112,250,167,97,49,178,239,82,151,228,73,102,247,17,112,150,234,4,119,158,76,60,238,162,24,208,138,70,4,196,183,123,1,147,93,25,236,31,35,142,171,67,39,244,146,124,40,150,70,56,236,162,26,212,144,24,63,193,79,21,247,156,108,213,238,65,77,177,62,20,62,251,80,100,174,51,64,192,182,110,40,228,137,73,213,153,95,49,251,81,31,249,139,105,201,200,172,18,48,154,70,30,201,19,95,146,236,114,8,157,24,83,175,250,40,134,237,125,79,159,179,122,220,246,92,4,238,90,8,248,170,30,212,140,173,105,39,231,115,55,253,79,25,197,144,5,41,188,1,102,158,190,11,56,249,82,81,167,237,80,118,180,250,115,143,179,71,209,153,109,57,145,161,100,56,152,122,20,250,162,12,248,166,22,200,188,89,17,203,135,69,47,188,18,84,191,231,13,214,156,191,12,241,132,49,141,162,19,80,177,240,65,99,162,9,97,223,21,25,219,169,111,55,139,87,22,38,130,86,54,152,178,24,192,170,22,196,180,77,1,247,175,67,8,177,236,99,188,218,89,144,214,238,127,158,170,23,34,212,35,70,187,195,0,105,151,75,1,249,179,111,247,183,121,199,141,85,16,220,180,68,32,244,84,54,208,182,30,200,158,100,106,164,47,70,205,154,67,78,181,67,93,215,144,90,48,254,88,106,200,168,64,36,138,168,18,37,147,67,53,233,95,23,209,141,21,255,186,41,91,155,218,41,210,255,126,95,189,6,8,218,240,77,57,231,87,9,253,179,107,37,225,95,31,235,150,92,46,248,78,28,246,136,102,198,158,104,5,99,210,11,101,225,29,104,169,181,41,98,179,115,28,234,176,120,204,152,112,0,156,176,16,242,140,89,1,235,87,5,223,138,18,157,192,2,107,245,151,4,67,250,81,22,162,213,64,38,136,40,117,134,217,24,53,173,14,124,190,233,27,211,141,73,56,248,186,8,206,150,106,54,142,94,58,206,174,119,17,247,117,36,252,170,3,201,241,59,96,175,193,14,12,203,94,8,226,227,79,150,188,87,112,166,213,38,142,159,83,109,162,93,71,151,254,63,87,130,88,83,216,172,108,96,193,26,89,242,20,22,101,155,234,21,185,233,82,193,253,38,129,131,233,110,34,237,160,127,191,230,6,151,168,107,208,133,238,70,139,131,37,70,178,18,71,251,173,97,62,246,176,108,244,180,118,196,138,82,38,242,74,65,221,241,81,25,224,206,67,129,216,83,180,196,18,91,166,138,19,114,177,5,126,145,237,112,219,251,25,103,137,228,62,110,203,165,15,251,169,25,50,230,92,20,206,138,18,210,148,98,40,240,68,119,207,181,86,65,170,25,63,209,169,118,221,189,73,26,250,232,44,75,210,92,88,166,237,114,198,176,5,80,159,135,99,222,134,127,96,147,236,81,125,144,21,4,188,251,41,123,252,53,50,128,70,117,201,149,109,61,153,173,13,239,137,111,215,129,126,47,227,164,19,206,222,4,85,185,186,27,202,175,13,122,170,183,17,35,129,97,57,157,67,97,50,158,76,60,238,162,24,208,138,70,206,164,125,64,158,193,51,51,150,91,114,135,233,68,116,196,42,8,177,160,16,194,182,108,36,158,90,24,216,139,79,21,231,177,7,213,175,65,223,149,122,50,193,161,31,110,186,90,1,192,167,102,40,238,108,26,192,163,59,126,133,5,39,188,93,105,197,186,164,74,187,233,30,182,250,33,153,138,95,60,171,206,24,103,166,240,76,135,209,125,142,159,125,221,220,128,102,4,238,90,8,248,170,30,212,140,70,105,241,177,115,235,170,8,108,189,23,23,254,135,95,48,215,176,65,129,224,89,158,255,34,123,174,192,47,79,245,4,11,209,163,109,195,145,107,61,194,162,122,222,132,162,12,248,166,22,200,188,88,60,153,200,67,128,242,77,96,169,15,72,183,181,101,12,190,1,36,129,213,110,143,186,106,220,144,173,101,223,155,89,25,229,169,111,193,139,97,47,240,130,96,234,181,47,109,176,249,22,217,180,40,78,190,251,32,118,226,29,33,254,67,11,159,171,106,58,150,170,10,236,134,108,212,190,106,216,136,161,21,203,169,80,125,185,242,3,199,141,31,41,230,180,14,32,190,30,54,154,64,30,200,180,98,57,235,117,56,196,142,86,197,155,77,215,166,230,54,96,128,15,123,152,166,66,112,203,63,220,130,93,4,173,189,44,33,150,87,103,141,224,40,37,161,166,12,210,167,126,142,178,17,56,131,188,53,108,174,19,72,143,189,40,37,225,105,41,235,121,102,46,130,78,38,246,82,102,198,168,66,40,144,161,13,251,171,29,251,170,58,106,185,246,115,255,234,176,2,204,162,112,202,156,122,218,242,86,60,1,235,87,5,245,141,54,216,206,12,109,215,71,122,254,141,62,120,173,9,26,181,132,105,198,178,163,80,247,163,25,196,187,61,43,216,87,14,209,171,17,65,138,225,24,206,205,104,58,152,120,16,219,129,95,9,245,163,19,197,185,111,39,225,93,12,204,142,28,34,234,84,39,172,247,70,118,130,0,43,130,225,85,154,185,34,217,203,10,59,245,152,86,22,226,166,108,254,136,30,44,134,88,54,253,149,121,223,253,141,62,188,233,39,190,206,62,35,110,233,56,101,217,78,91,208,231,79,160,233,236,7,244,131,42,209,247,38,150,202,59,43,225,128,122,54,244,180,0,196,138,28,38,188,74,36,221,187,27,51,151,87,54,139,244,87,155,129,101,6,202,153,92,200,208,14,177,221,166,126,136,31,85,51,128,233,68,115,206,12,219,133,110,62,149,245,54,159,208,7,28,151,94,36,97,186,68,218,207,169,123,217,185,81,53,155,185,99,207,189,109,44,215,154,69,102,208,35,38,232,118,60,196,88,75,35,243,79,99,195,165,127,37,141,93,14,152,185,22,223,136,109,62,165,245,62,242,147,20,151,133,16,14,199,203,56,215,189,28,117,152,226,63,71,182,234,93,156,134,4,114,197,68,15,129,84,89,221,247,65,24,229,204,46,135,211,2,121,155,224,66,135,245,100,34,135,84,66,129,194,85,189,153,24,35,179,206,55,55,149,117,13,241,87,117,6,242,160,16,194,182,108,36,158,90,34,226,164,51,242,169,62,79,203,175,89,154,244,34,114,173,246,20,131,180,34,159,138,64,56,242,174,108,44,159,163,105,251,133,27,41,131,85,25,190,171,15,220,250,164,16,254,174,96,212,138,66,60,248,64,103,3,154,57,75,220,165,61,205,169,125,221,191,128,102,206,184,100,210,130,116,40,180,123,84,130,180,177,61,193,135,25,35,185,71,33,243,81,49,48,148,122,24,194,174,28,204,148,95,33,242,90,119,197,140,82,219,139,163,58,195,28,36,149,203,170,4,210,150,62,153,206,63,99,156,3,60,166,218,81,28,157,20,83,106,244,79,146,229,115,3,132,249,2,125,219,184,37,196,232,37,144,223,37,53,141,222,47,35,248,115,107,142,25,46,154,219,9,36,142,231,46,34,138,116,32,142,126,48,228,129,121,51,239,173,109,249,189,67,213,159,117,3,196,150,116,254,193,21,101,152,251,106,216,136,122,21,203,131,125,57,129,65,3,145,87,31,243,191,126,14,234,148,51,201,136,64,34,146,57,99,206,229,105,211,133,3,66,135,196,84,213,164,115,49,168,199,46,123,209,124,79,230,6,61,144,199,21,93,173,246,37,33,134,87,141,208,237,96,150,239,61,64,210,233,90,220,188,30,56,158,70,48,156,177,97,211,135,125,53,239,171,105,41,181,121,63,248,130,24,12,173,28,117,216,252,12,231,158,106,13,231,171,90,158,213,47,57,179,52,61,255,77,122,2,150,162,58,202,166,122,218,188,86,60,228,181,97,207,191,91,8,213,22,69,157,135,85,129,177,200,89,99,184,1,222,182,7,46,198,170,16,21,255,171,25,201,187,111,37,157,87,19,155,113,105,128,215,236,123,131,86,45,196,133,120,136,187,205,38,176,237,40,153,193,6,107,241,231,38,102,131,20,28,34,180,126,212,226,124,14,236,76,100,47,149,179,29,201,157,74,151,200,11,111,245,255,37,101,176,51,69,176,29,30,176,207,98,54,150,95,121,223,135,113,221,139,123,45,203,122,15,201,236,170,106,246,186,64,210,156,114,0,176,129,3,130,166,29,61,148,179,20,161,242,119,54,225,23,63,115,236,61,115,192,27,28,252,239,91,84,211,187,87,188,212,50,105,143,123,41,153,75,63,245,148,78,10,200,136,62,245,158,112,58,144,94,56,49,143,111,7,235,81,69,244,193,61,102,149,63,50,145,202,90,153,156,84,44,166,245,92,212,247,169,24,217,237,84,103,149,6,45,215,2,127,189,132,46,125,190,166,35,38,244,63,60,142,88,46,35,189,79,45,141,165,9,239,167,90,103,223,4,26,206,132,124,54,242,122,58,252,74,16,216,134,114,62,147,231,119,221,185,70,57,235,75,62,242,178,126,34,146,80,83,135,211,23,222,209,90,38,221,246,7,146,161,69,110,203,244,66,104,155,9,66,135,245,108,46,138,84,28,204,28,26,226,174,72,49,247,85,108,152,212,34,132,255,18,63,227,188,47,156,197,12,56,171,160,42,107,177,96,122,139,240,54,217,200,60,69,231,90,51,138,255,10,95,176,180,111,214,217,15,104,252,235,54,235,184,62,124,171,65,94,243,131,31,51,147,117,15,245,132,110,218,136,120,42,158,84,38,235,204,5,72,167,183,36,142,206,60,51,210,169,65,174,191,99,48,206,184,100,210,130,116,40,158,86,58,225,16,53,120,139,81,25,237,185,17,33,189,81,49,147,148,80,15,200,54,99,150,72,60,242,170,100,32,197,133,17,213,155,109,55,141,91,31,234,241,65,4,226,78,40,147,199,32,83,222,10,105,164,160,20,217,147,91,125,166,249,126,217,253,54,159,239,189,24,97,215,16,36,211,68,41,230,9,95,152,231,224,99,35,175,115,57,139,85,43,249,83,101,42,138,162,6,236,138,116,32,142,84,29,170,31,49,103,239,102,55,231,71,72,145,252,33,132,211,231,53,185,184,2,127,218,72,114,171,82,4,248,149,77,7,195,129,65,205,145,87,41,243,73,23,242,199,65,123,143,244,4,109,146,115,44,200,11,46,141,214,37,65,217,0,71,235,238,123,199,142,82,48,183,214,114,152,175,23,115,170,82,0,240,137,125,51,235,165,97,223,159,107,47,245,71,17,228,177,56,77,174,18,30,150,237,1,98,221,62,45,159,210,45,59,170,171,117,186,181,3,201,145,76,24,240,128,28,48,144,114,38,223,30,74,181,133,117,39,155,81,9,195,191,125,61,137,77,57,225,159,101,40,148,172,4,176,248,96,202,245,70,47,134,242,127,109,207,18,64,201,92,17,194,169,78,28,234,224,79,140,253,64,107,144,183,16,174,200,39,100,157,0,57,239,167,97,221,155,91,39,210,152,106,52,138,88,50,196,136,47,218,234,32,105,217,191,59,156,221,4,55,180,171,108,239,227,29,112,226,241,8,201,172,48,157,186,66,107,200,149,125,39,147,65,49,227,87,13,197,191,123,57,32,172,90,27,136,28,109,190,4,98,150,225,42,68,231,194,113,155,194,123,45,225,87,15,201,133,116,52,246,68,10,248,139,54,132,223,118,10,234,179,77,51,155,69,49,159,79,1,223,134,106,212,211,190,116,202,218,16,38,252,87,28,160,201,83,43,181,245,70,104,143,118,41,136,67,63,255,173,2,79,196,92,81,226,181,112,136,213,62,54,209,143,111,209,235,81,57,227,79,61,237,95,19,201,232,162,30,246,177,104,120,182,68,4,228,254,73,83,237,6,27,244,165,16,98,201,73,114,233,64,122,97,163,248,62,181,178,0,198,142,98,46,134,189,25,45,141,111,9,239,87,1,199,118,11,179,221,6,82,192,240,63,108,136,15,16,164,229,2,55,145,163,1,225,185,29,195,225,75,55,207,120,110,34,152,80,10,198,78,14,208,94,100,44,170,158,78,157,254,39,115,204,234,3,176,95,4,249,213,4,127,160,170,91,218,133,88,99,167,252,80,49,203,20,108,142,19,63,215,187,97,63,233,85,106,218,140,64,54,196,133,33,191,224,43,252,130,177,5,209,169,121,213,195,100,34,140,171,31,152,251,59,120,169,0,73,131,180,61,96,185,15,67,97,139,10,105,177,12,75,253,93,117,217,191,93,110,218,136,120,42,158,126,33,136,199,66,158,140,4,65,134,207,55,134,218,125,66,231,84,125,201,221,4,103,208,66,123,242,238,41,218,150,84,20,199,139,81,35,199,110,69,175,189,16,251,214,49,77,110,130,61,38,139,72,121,180,227,40,46,237,79,17,159,165,109,193,141,101,31,188,216,76,156,141,37,115,182,5,110,169,29,16,219,190,61,52,149,216,38,102,163,65,11,225,175,9,219,185,25,50,209,237,4,42,135,73,52,234,75,16,196,231,206,104,187,230,105,128,202,28,43,158,83,102,195,216,35,64,236,84,62,234,114,37,250,174,100,220,215,148,102,55,143,86,13,147,184,63,193,182,121,35,158,238,94,169,205,72,56,186,22,109,172,174,65,95,135,34,71,205,87,57,109,212,10,33,189,245,11,103,198,164,10,242,92,34,219,166,24,204,233,139,54,147,219,16,33,229,171,61,237,112,46,127,178,29,122,212,180,23,44,234,66,8,167,231,51,61,249,247,46,189,234,46,143,191,9,137,178,242,51,128,230,70,40,194,168,16,250,166,62,233,217,31,66,255,247,58,51,255,118,122,199,11,51,34,252,50,18,170,12,122,129,249,20,10,226,12,58,115,216,20,127,195,241,85,146,221,82,143,229,238,41,140,192,112,74,171,70,36,136,239,24,143,214,73,125,166,165,29,215,147,81,17,157,161,77,13,227,4,64,173,186,17,168,152,32,148,177,237,5,119,193,10,105,184,226,40,171,234,17,99,249,240,37,137,144,47,115,205,162,76,182,235,48,137,207,73,62,239,23,66,138,239,54,127,186,233,51,106,160,63,75,206,172,27,216,248,89,46,158,40,43,39,159,10,126,227,27,76,134,240,55,195,131,172,58,192,136,28,40,170,125,104,142,229,2,220,233,81,59,231,85,5,221,134,37,151,214,79,67,123,128,72,93,156,232,110,159,240,51,134,180,2,82,181,207,69,127,208,79,71,188,171,99,221,153,72,8,202,88,30,38,186,70,244,195,67,78,246,201,228,66,189,26,118,188,215,81,133,237,56,70,212,143,82,144,173,168,54,147,90,36,131,215,61,117,209,181,27,57,227,79,61,237,95,19,201,129,136,51,168,227,32,162,188,70,150,171,53,88,171,173,22,99,253,165,16,234,163,24,143,246,34,143,191,197,61,68,180,48,82,137,47,106,189,214,57,77,247,17,38,211,185,87,1,237,91,11,253,155,99,15,144,180,119,176,241,20,148,173,63,86,217,223,56,71,225,15,92,128,228,89,193,175,31,209,198,143,91,134,213,3,79,249,10,42,179,210,68,94,134,185,28,247,200,50,150,165,12,64,171,230,53,52,228,225,93,147,244,48,97,193,44,69,243,157,90,98,202,24,63,252,187,44,136,240,31,129,165,21,69,140,184,114,46,236,134,21,252,130,20,5,177,132,71,155,246,19,101,221,32,71,184,251,126,96,165,28,94,194,172,120,221,157,66,181,253,192,79,108,233,14,104,254,93,123,151,254,103,149,161,30,64,181,230,123,130,211,9,76,140,51,86,75,208,200,57,147,238,61,209,247,0,45,147,177,66,4,177,69,106,182,160,46,149,223,74,157,174,0,93,43,227,0,158,165,9,84,152,71,51,152,188,6,71,164,211,64,131,248,58,107,152,166,45,152,214,243,101,132,36,43,170,227,69,226,205,102,92,120,165,102,23,227,30,16,202,249,120,56,238,171,50,182,247,79,198,179,54,69,170,218,25,181,174,247,94,177,242,14,254,176,100,240,191,13,64,125,161,56,61,201,85,22,151,141,12,108,141,96,108,178,184,70,125,226,88,3,250,204,106,205,213,185,28,193,193,17,155,222,48,112,219,167,3,215,158,106,55,129,224,66,178,237,28,196,130,113,87,223,156,8,11,154,91,6,253,175,80,41,187,70,18,149,132,127,151,242,65,8,177,166,84,141,193,238,87,215,95,31,33,133,88,124,217,13,121,132,136,86,60,151,202,16,215,243,28,199,186,30,46,239,246,103,43,226,169,71,247,174,82,219,172,127,82,210,252,81,107,195,62,16,250,166,20,238,155,88,70,183,233,57,188,189,115,223,208,91,35,234,249,66,116,181,22,115,181,236,54,139,246,104,150,190,236,79,144,195,28,65,199,31,86,158,224,53,28,233,116,93,138,224,3,0,189,234,86,129,178,73,59,239,143,48,147,221,94,219,157,107,49,249,180,64,216,194,105,17,165,90,116,218,130,108,216,237,93,15,195,185,113,1,202,172,112,228,167,119,61,238,71,112,240,158,124,222,236,5,97,136,248,8,101,233,17,89,130,246,121,36,172,107,51,235,209,12,159,209,36,64,236,165,68,183,222,55,67,236,79,89,180,225,46,148,143,69,12,202,147,28,40,204,66,4,227,136,87,99,206,36,67,180,66,25,111,166,24,9,254,187,121,200,159,95,195,134,136,67,155,216,62,125,198,170,72,128,245,91,60,232,176,29,243,203,126,185,242,58,127,161,173,114,90,219,20,81,147,167,66,145,244,5,107,136,172,123,193,254,86,12,227,179,0,197,175,98,35,229,17,83,154,226,51,104,128,18,102,131,19,111,151,221,252,119,155,236,84,199,187,121,204,156,66,21,59,234,179,35,254,241,65,156,224,61,132,230,14,89,100,196,114,72,173,234,66,193,179,103,221,149,182,114,250,186,124,202,144,88,44,248,80,74,209,251,94,43,195,183,113,199,162,117,219,151,119,35,192,132,86,12,151,21,88,157,226,23,194,223,57,44,153,205,32,58,251,255,90,147,175,19,216,147,168,19,220,221,87,156,212,41,124,248,2,66,175,168,77,3,255,94,121,154,240,45,155,194,33,43,136,226,47,101,232,180,104,231,186,53,133,208,36,94,171,133,33,157,160,8,35,154,246,83,138,243,55,4,133,245,51,124,208,21,37,210,3,70,232,151,99,18,144,186,3,224,131,101,207,143,62,110,188,228,95,134,130,14,86,129,205,17,137,215,63,74,239,177,30,57,139,119,46,238,69,119,217,234,23,76,250,187,76,153,196,15,145,226,75,114,171,203,42,57,145,161,61,209,177,19,45,147,123,37,248,166,22,200,188,88,7,232,169,23,206,191,98,11,248,186,5,150,250,3,107,196,15,15,175,209,23,79,240,172,27,211,174,120,59,231,122,127,187,237,33,118,217,89,103,171,26,34,207,189,66,33,213,166,6,209,185,110,151,223,12,76,191,238,114,103,167,248,70,221,252,60,157,235,80,113,180,11,47,79,130,189,66,187,230,100,218,146,76,8,144,183,121,199,141,85,41,245,77,29,249,167,64,195,217,191,14,219,184,114,193,137,112,99,169,228,82,64,147,67,89,131,232,62,201,155,120,19,247,77,80,53,130,229,93,186,226,93,156,140,48,100,171,192,21,217,158,117,56,255,87,0,230,179,90,100,182,26,47,134,178,46,134,193,61,42,193,9,74,43,242,13,80,191,236,48,177,145,108,53,220,238,22,146,215,10,53,149,255,76,202,186,108,32,150,181,111,43,179,115,53,131,73,17,229,177,35,244,199,176,28,240,201,62,157,202,49,151,220,52,54,217,236,40,113,170,252,89,158,147,101,47,133,83,20,38,132,100,60,224,70,78,227,245,44,216,154,176,10,211,129,88,204,216,83,115,168,233,3,207,142,94,58,206,174,16,0,189,54,103,198,40,44,199,234,35,102,181,24,107,219,230,57,100,200,12,121,218,178,89,63,130,31,114,189,214,63,216,192,20,74,144,245,52,43,231,111,47,219,82,65,131,205,84,44,252,88,108,204,174,72,4,187,73,113,193,177,99,215,141,69,63,251,185,121,197,137,101,37,219,189,99,194,238,85,53,234,80,23,53,152,85,105,156,223,44,152,221,15,11,158,31,64,209,197,49,59,224,24,85,186,197,41,204,234,69,61,213,161,14,195,145,96,35,174,18,93,153,214,49,0,156,242,49,139,152,103,16,140,108,26,234,184,180,7,182,230,93,133,254,39,35,175,247,106,166,152,119,61,226,76,114,143,202,89,103,218,44,10,194,235,44,131,242,14,194,193,6,77,180,244,117,16,248,188,99,203,135,116,38,157,82,44,139,188,50,106,135,227,88,149,185,33,137,210,6,24,132,246,57,94,216,7,67,226,162,22,199,189,79,54,253,133,127,198,137,32,148,207,51,112,181,81,81,104,187,247,27,143,202,43,127,130,80,42,252,90,97,57,157,67,97,203,183,101,213,135,123,27,196,134,79,222,130,69,208,244,166,9,196,233,59,148,133,234,95,41,197,33,158,198,117,60,149,95,15,45,150,23,87,156,234,41,124,142,2,116,175,5,73,140,250,27,124,175,222,103,144,206,50,119,255,213,115,94,176,35,126,238,112,11,220,84,99,202,180,26,45,135,234,23,37,219,41,104,218,75,47,222,131,74,113,183,242,56,131,212,66,150,188,63,62,193,137,119,212,253,20,112,153,201,50,115,159,226,74,149,193,78,81,207,6,75,212,193,102,185,162,6,69,149,228,122,157,172,27,49,151,78,37,192,174,106,57,237,86,6,220,195,37,106,228,111,63,140,197,40,120,237,102,69,182,15,60,37,145,166,22,200,188,114,42,228,160,40,232,170,56,254,237,107,32,233,188,24,53,151,118,13,247,93,40,193,178,39,147,212,8,127,170,186,58,102,255,15,111,205,130,113,58,155,87,41,129,185,88,180,221,228,87,150,186,46,142,209,5,2,242,79,22,218,172,79,27,141,186,14,219,226,12,103,203,30,87,218,246,62,153,197,114,121,161,18,24,193,194,31,87,132,200,105,52,243,8,113,249,91,100,128,195,20,87,128,169,49,157,212,120,46,230,160,28,228,139,77,219,225,169,61,201,161,113,205,203,108,120,36,134,112,153,196,49,104,217,5,80,142,182,120,112,190,239,50,106,237,20,221,235,69,23,245,85,84,56,158,188,102,210,170,93,109,210,76,20,230,225,101,56,246,48,63,149,20,33,255,143,107,63,198,168,66,40,186,87,98,218,1,54,234,160,24,57,245,179,115,213,174,64,134,229,123,9,227,181,122,218,242,86,60,218,132,90,243,154,93,96,234,133,74,47,139,78,25,130,76,105,233,144,21,96,191,192,42,135,178,72,102,204,5,127,238,65,29,55,149,53,116,163,220,82,115,161,119,16,203,232,36,117,251,101,2,166,21,52,109,205,124,32,151,176,122,50,243,81,53,245,182,61,182,204,83,109,163,224,0,106,214,37,115,232,89,35,240,92,21,204,159,75,89,146,195,34,96,233,57,11,132,243,81,96,201,59,43,196,225,94,183,213,64,32,138,161,114,216,132,85,42,234,79,19,210,91,84,110,216,230,65,130,162,8,116,195,17,31,175,18,73,185,221,54,102,225,85,26,218,159,65,201,140,171,81,105,248,4,101,164,90,124,152,241,91,41,214,229,88,129,196,57,43,239,84,9,237,177,118,224,147,170,42,206,9,43,132,144,109,114,181,244,75,156,243,110,117,212,27,120,247,177,109,43,235,119,98,40,186,68,218,232,66,20,242,82,64,227,184,176,106,223,165,124,211,131,81,16,246,191,114,176,172,56,125,150,86,44,168,205,37,60,144,119,8,53,159,123,51,132,73,126,168,25,91,142,217,71,56,168,193,11,216,238,113,22,248,163,28,224,144,66,52,223,204,34,159,197,60,99,233,23,77,148,201,76,81,209,20,108,229,208,85,126,197,31,76,222,209,6,125,149,77,124,208,33,81,178,251,112,67,129,222,26,222,228,118,0,150,164,62,208,174,117,13,241,87,117,223,161,84,114,155,67,7,184,208,19,78,224,172,87,147,206,67,97,232,27,36,223,191,97,59,225,73,51,159,77,61,239,137,52,119,182,174,124,60,170,124,14,133,67,125,194,14,26,117,147,171,15,245,147,125,41,151,109,20,228,215,90,33,172,64,12,203,69,3,204,178,114,195,216,187,125,209,170,76,45,239,51,90,153,22,66,122,216,88,3,158,197,6,153,249,189,32,174,29,11,110,176,81,61,192,164,3,33,137,75,37,245,175,122,101,175,30,88,223,12,110,166,224,61,157,195,87,126,210,137,123,209,226,72,23,231,57,110,82,223,9,110,178,160,121,122,167,56,119,157,77,19,152,169,48,82,239,67,114,197,161,82,124,163,243,6,132,209,11,62,244,164,44,238,163,126,138,128,24,97,245,153,120,107,153,119,70,180,211,89,105,198,99,99,171,10,73,204,132,68,67,222,21,17,156,252,119,11,248,196,67,186,196,57,156,237,190,106,216,136,122,46,228,118,59,156,31,82,136,145,85,77,182,243,92,117,194,7,68,155,179,4,53,146,59,96,197,26,81,248,246,35,99,183,232,82,219,225,115,61,185,140,127,131,238,11,35,135,84,114,220,136,118,12,181,69,95,250,180,112,248,159,161,47,245,189,17,221,181,111,12,176,0,101,108,131,20,117,215,9,115,160,230,22,194,159,89,61,41,185,112,42,132,73,61,246,73,126,197,185,160,65,189,212,52,103,198,74,126,190,225,85,222,224,104,47,247,47,116,169,226,52,129,165,113,0,136,243,26,115,135,83,40,186,23,70,177,247,108,1,192,146,82,193,155,72,58,235,67,20,231,156,66,62,206,231,95,106,214,5,96,236,28,92,191,208,95,113,252,41,80,164,227,63,195,138,35,78,136,215,27,199,166,21,78,163,27,6,250,184,12,40,254,162,119,60,233,97,33,243,0,88,169,245,61,92,226,4,48,137,227,81,115,164,25,108,170,204,14,59,249,184,41,233,170,5,223,132,99,122,185,194,44,119,196,118,90,172,225,71,235,236,64,106,175,18,67,201,137,74,10,159,70,8,231,165,103,17,151,164,71,165,198,40,141,184,90,72,186,196,58,43,237,80,3,218,70,27,201,178,124,56,248,241,91,96,206,21,102,152,248,66,191,229,20,37,144,91,42,228,161,119,54,240,172,37,188,248,52,116,209,12,54,130,252,73,109,140,61,77,188,139,96,113,218,29,124,178,199,112,185,240,33,197,242,186,14,218,178,66,222,242,82,52,206,180,28,45,153,109,26,233,81,26,194,149,84,51,239,94,123,52,195,23,106,178,23,58,200,238,42,99,197,141,123,42,129,84,63,247,72,24,199,198,92,151,178,11,66,214,228,44,145,173,124,28,249,66,121,53,241,94,58,237,24,72,191,255,40,113,145,21,16,145,217,82,123,179,2,20,231,212,43,144,223,226,123,43,158,65,124,208,33,81,178,251,112,122,215,8,26,232,174,118,202,150,110,62,154,174,14,215,241,87,63,233,127,46,168,165,21,205,194,15,45,78,224,102,87,147,4,67,171,232,65,36,130,73,97,197,171,73,51,159,77,61,239,137,52,158,182,174,38,227,169,6,192,133,117,125,140,14,119,117,147,117,15,245,93,7,243,161,59,238,243,35,73,198,130,64,0,140,80,22,232,152,37,223,237,169,7,231,191,99,201,231,81,61,235,91,13,235,179,19,69,158,0,9,132,225,33,113,207,30,108,33,177,88,36,134,191,31,238,176,3,243,186,116,46,250,200,3,82,211,17,120,168,186,21,130,233,23,122,164,184,23,143,206,43,74,172,91,5,240,155,83,41,230,162,127,231,160,120,203,152,69,40,199,167,50,148,171,1,112,153,191,81,151,238,80,60,132,61,98,133,205,44,122,242,91,94,157,232,26,72,249,1,42,195,170,110,202,151,175,4,233,155,114,32,236,23,93,136,198,81,130,156,40,114,148,228,121,216,136,107,5,143,40,27,130,248,51,114,236,65,86,183,226,41,67,156,30,84,167,170,66,39,227,87,30,249,206,46,133,215,60,113,207,218,42,109,209,70,31,170,255,38,105,237,110,60,245,187,98,200,154,123,43,134,167,27,249,143,32,115,162,28,65,162,172,94,152,197,51,39,189,254,34,67,173,6,92,231,185,6,49,169,19,34,137,160,11,127,216,4,123,190,174,94,154,201,9,209,182,239,74,154,145,101,49,137,89,53,201,169,11,12,242,90,4,240,94,14,234,153,102,43,149,72,107,49,153,91,30,237,226,74,151,227,62,143,179,244,52,135,169,78,54,225,72,28,242,164,122,43,193,28,94,151,239,38,125,141,7,115,182,30,103,34,153,186,6,244,178,24,241,164,83,157,204,14,32,143,149,19,115,170,252,11,154,230,63,197,142,240,77,142,253,33,116,236,83,6,165,231,108,134,184,227,122,188,224,33,255,133,77,33,237,69,21,216,236,76,46,200,174,22,192,172,48,231,231,112,1,199,250,41,120,172,20,122,205,169,14,170,193,7,35,144,243,120,220,130,160,10,246,164,20,198,225,87,15,227,168,66,137,143,13,51,250,127,7,219,135,63,10,184,3,32,204,180,30,202,184,104,1,245,129,78,147,220,31,67,227,165,37,188,221,15,88,137,128,76,187,212,35,67,252,168,9,223,153,14,115,172,249,52,35,237,34,104,232,13,76,196,144,104,56,190,133,76,164,193,106,210,188,104,61,237,95,19,227,172,114,106,245,181,1,197,139,68,14,228,178,12,222,188,54,25,145,107,9,212,149,87,59,224,72,6,217,137,81,217,155,67,148,137,202,44,111,212,88,122,146,231,69,42,234,23,115,160,20,89,187,191,116,141,214,25,92,176,66,88,66,173,224,77,147,170,112,211,179,66,35,141,237,91,39,244,93,74,180,245,39,98,205,105,111,132,31,41,32,144,64,45,228,64,117,200,182,86,5,184,16,79,183,232,73,193,205,41,118,190,185,58,67,154,227,79,152,230,96,219,200,55,148,191,216,124,109,166,25,76,176,165,21,219,137,80,32,169,234,39,144,218,11,147,234,78,2,255,141,107,62,214,167,3,239,161,90,136,253,35,98,201,91,48,98,183,15,27,137,4,33,173,140,102,56,150,93,117,217,191,93,7,243,161,17,195,183,109,15,235,142,3,216,130,10,44,250,114,24,236,162,2,23,239,26,38,133,246,85,166,187,32,154,202,19,6,185,139,34,64,175,246,106,240,143,10,32,141,181,86,180,215,57,156,169,171,89,171,238,44,217,228,160,109,40,229,39,110,246,63,84,148,238,106,116,220,169,19,237,136,111,130,246,33,157,194,39,30,142,234,57,121,250,225,123,142,207,84,69,180,234,68,154,235,127,82,136,47,86,145,175,17,221,246,72,13,140,199,59,150,245,4,154,201,244,56,39,208,28,95,151,234,77,194,209,40,144,209,48,124,182,226,49,140,150,82,16,208,92,96,38,184,169,63,205,167,121,215,183,79,25,180,187,104,196,242,66,21,244,190,118,49,145,108,105,169,48,116,104,239,71,105,165,12,44,193,175,116,51,155,100,4,230,182,9,193,138,55,123,180,224,47,168,176,227,105,134,16,107,201,158,101,197,252,93,39,197,247,95,8,189,237,82,130,197,44,52,202,22,69,180,183,16,158,169,113,28,185,240,75,130,222,55,16,241,166,71,139,198,62,105,208,79,93,131,220,127,3,201,91,101,251,137,99,53,147,115,11,239,188,90,4,218,115,85,192,184,104,103,208,31,110,134,192,69,169,231,113,96,246,227,94,156,237,76,96,198,174,24,196,178,98,212,136,126,54,240,134,124,94,217,161,119,233,146,25,43,144,78,120,145,194,59,156,248,162,14,252,172,30,210,136,106,23,153,235,32,39,181,123,3,151,163,59,203,141,86,11,185,190,100,204,182,98,208,128,114,38,156,84,117,27,194,186,38,171,133,27,40,167,73,207,253,166,30,76,245,10,91,143,254,92,196,175,34,105,137,240,24,222,145,23,156,213,238,118,193,85,96,57,213,178,14,213,146,114,216,144,124,214,221,11,37,151,210,29,3,133,13,92,110,185,118,197,251,181,122,196,164,93,56,219,251,90,132,249,58,212,189,255,34,144,145,3,70,145,60,120,173,21,17,205,188,5,82,177,195,103,114,199,62,145,207,124,25,221,177,102,44,168,237,34,155,227,0,158,157,86,97,210,129,126,199,248,70,121,157,248,38,151,191,81,91,157,192,54,42,247,43,70,193,16,81,216,232,117,28,248,175,28,242,136,107,55,152,49,94,133,253,38,143,155,7,95,136,196,8,157,218,29,50,139,202,44,103,192,112,4,191,29,0,142,164,19,22,169,244,32,141,216,33,145,209,10,125,218,238,127,18,150,186,10,202,178,75,115,210,74,6,147,224,75,146,192,13,46,161,236,49,39,179,94,100,246,128,22,36,190,80,46,142,166,10,240,245,117,38,249,165,18,198,149,104,38,255,107,46,53,191,112,77,219,228,118,137,246,118,144,238,21,44,201,191,22,221,168,126,47,137,68,26,202,141,225,119,184,204,85,140,186,10,136,175,1,44,200,134,101,6,236,165,7,210,168,96,43,214,26,85,142,193,16,222,222,10,115,179,94,49,135,216,120,44,139,240,51,146,248,29,219,134,65,100,160,217,24,67,130,75,73,111,226,124,210,224,122,12,234,177,73,45,147,177,27,199,181,101,215,161,108,98,218,154,28,155,174,39,88,254,88,121,159,202,55,90,171,14,119,221,133,111,219,137,121,43,159,85,116,46,192,133,39,176,184,110,197,139,112,50,137,140,38,207,181,4,119,207,185,101,211,131,117,41,198,148,85,61,225,57,107,222,6,7,165,244,91,91,173,234,25,247,128,106,62,217,121,43,158,64,116,200,128,64,24,222,151,26,155,211,42,118,207,209,19,103,217,44,72,233,67,125,215,143,120,49,232,191,104,204,142,90,151,213,24,100,177,234,2,119,195,230,78,223,213,126,65,212,14,121,209,75,15,156,205,52,127,137,187,118,118,255,56,117,207,189,31,40,178,93,59,154,175,23,251,131,56,110,178,232,89,158,140,50,96,177,53,56,246,88,14,49,152,77,35,201,177,103,221,250,30,115,209,8,78,196,242,56,97,219,70,106,163,240,15,129,192,249,31,200,227,48,149,164,42,52,147,234,71,102,185,166,24,212,184,123,61,221,20,71,250,14,89,128,147,87,63,230,33,59,190,222,115,217,255,69,119,211,232,104,212,217,49,68,184,239,42,61,179,28,71,134,175,117,205,216,59,74,181,14,124,193,152,203,115,138,229,35,132,219,126,54,240,172,52,219,157,107,27,212,68,68,180,212,79,101,140,56,58,147,208,36,139,134,122,61,142,79,94,196,140,172,108,225,160,106,193,135,117,51,216,232,65,171,165,26,32,132,226,35,157,128,126,54,156,88,7,33,161,117,43,154,71,90,164,243,65,158,233,65,94,172,211,53,40,232,17,86,217,9,104,182,166,90,87,140,207,64,176,132,121,103,196,21,124,134,138,102,11,246,76,102,196,128,98,206,152,38,93,171,222,0,133,209,87,52,191,250,69,154,206,96,82,155,248,89,115,150,114,60,154,83,47,161,30,60,65,191,226,44,33,161,97,42,251,11,104,186,184,70,56,157,180,25,184,136,126,141,195,12,122,128,247,106,98,162,37,110,247,73,9,150,235,48,96,139,61,112,218,209,37,122,203,7,98,179,80,105,221,147,75,5,193,191,85,230,193,16,111,165,174,126,147,187,22,103,178,238,71,69,144,56,99,142,197,101,221,136,82,11,214,31,76,183,250,113,106,177,21,51,176,213,112,210,236,82,16,201,20,43,144,135,123,49,233,163,31,221,157,67,0,250,241,118,204,154,116,6,228,68,28,192,166,68,46,235,130,11,204,209,123,63,228,188,36,227,191,20,59,228,70,3,251,172,18,76,233,2,71,191,10,47,219,144,33,106,213,0,100,220,175,41,116,203,253,59,202,152,99,45,135,182,14,247,175,12,200,192,163,13,223,177,127,59,136,89,70,136,11,65,121,212,66,92,188,245,65,212,218,43,94,195,231,39,155,137,96,115,222,15,120,142,184,77,148,213,207,79,208,154,126,60,152,75,117,132,233,108,128,162,4,103,221,180,123,204,129,84,37,231,228,42,144,218,23,118,228,250,82,147,231,103,158,190,13,93,104,223,123,37,145,127,47,225,85,11,195,189,160,30,222,170,110,52,172,125,42,253,71,112,235,151,81,17,242,151,98,211,196,54,111,209,20,95,32,162,38,115,185,66,4,217,180,101,196,136,97,98,199,252,4,117,215,2,125,147,5,107,178,228,72,14,247,172,105,218,128,66,49,252,73,26,161,170,7,109,186,13,11,107,217,56,106,159,30,120,148,156,95,90,223,4,81,165,208,115,142,203,48,29,245,222,34,191,189,6,127,252,30,116,187,93,120,46,230,160,28,218,154,102,42,240,66,12,226,151,113,41,204,26,25,241,161,4,101,222,41,55,198,231,19,126,189,231,126,189,176,62,196,140,96,19,235,187,23,43,139,109,45,192,26,123,235,73,96,51,150,64,21,227,243,120,106,203,14,14,224,145,103,53,143,161,63,181,154,95,143,218,73,53,202,186,108,32,150,78,34,233,69,81,206,92,98,17,229,177,9,217,181,73,41,139,143,38,250,72,101,204,130,85,33,248,174,9,205,132,94,64,129,225,40,96,215,21,35,236,15,114,153,246,124,32,220,232,39,148,197,61,52,224,175,119,255,184,96,52,242,189,15,198,183,103,193,235,87,60,210,161,53,109,202,50,109,204,92,64,148,251,59,60,150,192,25,124,204,31,101,255,88,79,180,23,60,180,249,208,35,148,201,53,40,144,66,26,213,143,1,63,227,110,9,221,183,101,136,218,53,75,164,21,70,102,194,1,97,135,15,122,185,202,70,153,217,185,117,213,152,64,40,251,85,3,252,170,17,180,183,24,76,97,216,120,108,192,7,119,237,237,56,76,222,77,15,157,163,107,255,139,99,51,143,163,106,204,230,76,52,180,103,52,225,74,2,212,176,73,23,199,157,106,47,160,48,77,209,236,85,215,214,42,87,183,168,45,109,216,5,124,133,86,75,96,166,241,77,136,176,77,149,198,79,41,141,88,2,34,129,98,73,165,22,114,169,4,8,176,248,8,76,247,161,127,60,137,8,68,217,233,124,153,130,22,104,221,249,20,232,150,79,58,173,31,70,147,210,25,11,137,29,72,134,81,76,98,247,0,72,183,188,3,107,201,240,110,147,71,82,187,246,125,61,238,79,21,197,139,94,211,243,161,108,128,204,94,57,174,21,110,145,243,106,39,178,17,108,146,135,123,49,233,163,31,231,167,105,247,189,69,0,204,164,116,250,201,72,47,201,182,30,234,168,105,57,137,66,13,176,248,55,127,176,47,15,143,212,11,109,238,68,19,232,72,97,216,170,77,15,221,206,60,97,215,14,85,207,245,81,132,202,21,14,195,78,122,208,158,126,18,240,73,22,137,227,57,103,214,21,55,165,247,90,152,153,24,74,213,136,95,140,167,42,79,163,206,11,186,203,36,216,209,212,60,81,197,10,127,240,246,80,139,163,99,12,154,160,104,252,136,96,48,140,160,0,226,188,73,27,182,28,53,233,85,78,141,254,61,110,164,198,20,38,226,25,109,210,253,69,134,231,20,44,247,93,123,37,145,127,47,225,85,11,233,144,54,108,232,186,45,239,134,22,55,163,7,42,172,17,33,1,231,79,57,229,83,3,245,131,50,147,223,241,114,50,190,66,8,154,164,58,226,143,125,143,140,172,65,251,149,74,58,136,95,63,255,188,116,16,254,74,19,221,68,20,70,223,54,145,163,26,5,45,150,13,74,161,24,96,236,179,65,136,241,19,85,210,156,89,201,245,180,56,206,77,115,210,249,91,62,223,171,8,59,241,95,42,227,16,94,106,168,225,78,234,236,50,181,247,74,180,133,8,60,130,179,7,45,238,241,68,185,238,108,226,227,3,78,181,247,112,34,248,116,46,217,19,38,191,135,29,86,184,85,97,216,167,64,45,231,73,28,51,158,1,75,186,244,67,144,138,90,140,161,57,122,141,215,42,114,159,77,11,220,251,19,243,254,11,70,190,233,80,207,221,3,92,195,92,110,246,160,55,74,177,252,112,241,131,10,190,189,10,72,142,221,64,52,234,162,28,216,160,96,34,176,118,101,211,168,82,105,137,72,44,159,181,14,218,248,68,96,173,18,8,254,182,112,44,234,170,54,208,202,55,70,209,243,1,209,227,84,125,217,50,89,81,142,57,111,247,80,8,221,167,118,187,242,25,97,168,131,81,106,254,24,107,190,91,61,215,189,102,27,166,30,69,242,166,28,212,142,74,8,200,145,82,12,202,161,55,197,95,113,207,175,71,43,248,150,64,6,183,67,53,224,190,18,200,135,20,78,138,23,87,96,231,79,145,189,4,84,245,78,73,16,230,93,16,246,82,0,215,178,63,99,172,195,12,139,147,235,97,190,24,107,159,232,31,128,131,226,80,58,141,24,119,164,21,109,217,238,57,85,174,226,99,253,167,111,194,144,126,23,247,166,114,48,236,168,69,189,26,66,189,252,108,144,196,240,32,54,174,49,114,173,11,92,190,129,23,36,231,64,102,219,165,90,113,167,18,72,185,254,108,73,175,246,114,226,196,85,156,206,113,49,156,181,100,44,132,115,20,238,174,71,185,228,20,223,210,18,65,140,206,63,20,195,24,77,182,187,17,223,224,178,16,240,136,108,210,240,90,6,244,164,22,27,202,83,16,220,77,9,211,189,103,54,135,22,85,110,200,27,104,146,254,72,133,227,26,196,177,65,23,234,191,125,60,239,234,124,179,243,78,139,152,236,106,145,227,14,42,131,96,26,244,180,6,36,147,2,74,185,249,50,169,181,53,159,208,20,28,119,253,6,42,235,10,117,128,249,39,186,165,1,120,185,163,21,130,196,55,81,140,25,8,136,219,14,52,194,92,110,204,172,68,40,142,172,22,41,151,71,57,237,137,54,142,145,21,219,222,59,87,139,227,13,212,238,39,125,184,15,51,136,211,81,61,235,91,13,193,183,111,41,229,163,99,197,183,239,118,252,66,118,250,128,123,215,171,70,126,126,221,71,53,229,87,11,193,185,115,5,154,51,46,171,180,124,208,156,116,4,224,180,62,219,153,0,5,239,91,9,249,171,31,213,141,71,3,193,194,89,49,247,64,9,252,174,9,34,197,39,68,133,240,29,55,173,7,66,184,165,22,199,133,92,48,236,166,4,159,213,42,116,211,240,48,154,230,58,88,247,170,29,234,171,7,216,181,62,100,161,198,7,84,156,30,72,175,245,6,190,209,58,107,162,215,47,193,254,5,76,189,238,112,218,175,39,89,158,21,89,220,166,121,49,156,64,60,208,79,95,122,214,247,87,128,249,25,141,225,38,150,157,165,127,52,232,173,32,224,171,0,198,180,114,153,130,239,69,98,213,99,67,161,224,66,247,211,2,112,183,251,34,190,182,105,154,193,26,101,149,83,23,110,185,26,116,209,187,15,217,164,108,218,149,184,7,194,152,92,10,143,1,86,150,235,38,196,183,13,42,132,180,4,99,194,197,75,190,224,29,58,250,177,23,219,158,5,218,141,119,36,185,7,63,157,162,45,29,187,1,46,152,160,34,137,200,11,10,254,180,108,38,226,160,96,236,176,118,200,249,79,29,247,163,74,203,150,83,37,213,191,13,56,235,92,69,177,242,62,109,230,122,126,208,11,52,193,139,127,17,151,184,25,190,194,55,149,196,10,8,190,252,93,159,130,23,69,178,249,68,175,245,8,90,172,233,115,68,152,19,105,174,21,101,58,235,64,12,226,170,12,220,221,15,158,213,26,104,193,210,38,118,221,57,88,210,251,94,121,145,172,3,230,168,4,208,183,124,56,234,9,89,146,129,64,75,164,225,72,156,197,88,117,194,9,120,204,234,84,0,238,94,16,196,186,114,44,232,112,23,217,167,71,24,133,92,36,237,79,97,221,185,189,30,179,231,80,140,243,54,214,198,18,65,177,225,173,36,225,167,24,223,185,100,217,174,14,101,110,197,56,6,186,10,77,177,174,110,209,128,92,97,229,163,122,205,198,28,99,189,10,73,249,195,6,117,131,188,75,131,252,110,195,208,57,120,167,192,55,34,179,14,89,213,171,34,136,229,59,72,142,187,45,109,216,166,16,252,170,26,204,128,118,21,207,139,19,211,149,99,41,219,104,74,233,181,126,85,188,21,34,147,243,54,164,188,102,69,255,255,62,98,207,14,29,233,173,115,197,143,101,51,244,134,100,196,182,109,105,128,174,10,218,169,106,9,234,174,36,41,227,62,117,129,71,15,227,175,110,62,154,132,35,180,196,53,216,130,110,220,140,165,25,207,173,108,52,166,178,23,218,157,119,37,167,247,86,106,195,48,52,214,16,35,129,165,50,61,227,170,9,209,135,78,223,151,64,211,245,189,121,60,193,19,124,130,237,92,38,198,34,97,193,161,29,211,191,15,66,237,22,86,139,227,103,60,186,253,68,153,211,95,50,210,23,112,173,195,106,49,226,82,29,217,187,127,58,237,32,98,171,51,43,96,136,26,126,187,27,106,198,185,83,62,148,169,24,239,183,109,197,152,75,112,182,243,57,130,188,186,78,132,231,57,198,130,25,172,187,21,82,67,225,72,91,182,231,80,182,144,21,76,199,4,55,194,132,64,52,225,71,17,228,156,121,198,244,164,17,142,224,89,131,254,33,39,169,15,86,152,225,13,74,155,200,54,133,223,108,50,149,108,13,211,149,176,5,180,232,83,135,252,33,37,173,245,81,157,143,18,126,175,15,14,234,166,15,116,134,67,96,198,162,115,193,174,121,208,153,10,112,189,210,27,72,232,226,36,131,193,110,57,154,79,54,212,136,112,43,140,228,83,139,244,53,213,217,29,43,107,162,103,37,172,72,25,242,161,12,153,255,239,69,172,213,99,157,235,42,148,129,44,106,171,138,109,104,183,236,71,141,248,96,33,128,29,103,81,235,86,127,134,18,80,153,238,99,223,135,60,90,141,218,13,175,142,70,185,137,228,105,139,242,10,53,201,169,11,37,139,115,221,137,119,39,153,158,71,109,216,88,3,197,162,106,61,163,1,222,129,226,57,221,189,85,57,159,189,103,211,171,92,68,187,252,56,38,224,34,121,173,54,80,187,92,12,110,175,28,19,197,169,94,52,145,62,107,204,248,77,210,206,9,127,165,248,49,192,132,74,220,231,142,53,133,216,123,219,243,87,61,219,133,113,44,219,161,65,210,138,68,0,136,72,10,152,94,77,33,237,111,56,227,148,120,147,225,75,38,137,160,19,223,173,98,42,142,77,5,218,223,81,102,129,224,57,207,199,61,122,212,117,4,224,73,113,104,145,214,89,137,232,54,38,241,12,105,170,231,126,62,249,45,68,175,252,76,35,143,108,42,240,166,18,223,173,122,214,155,81,46,254,208,23,66,174,232,63,185,135,12,127,200,21,120,244,178,65,111,178,231,87,194,178,100,216,142,70,0,252,68,107,45,187,65,9,157,169,43,252,161,84,47,147,153,47,148,245,4,142,199,53,44,238,83,4,192,230,185,17,208,154,21,106,242,15,107,182,7,59,124,204,63,81,219,250,52,151,204,51,96,228,82,72,217,137,71,201,143,178,42,202,95,99,219,151,241,77,108,134,99,136,201,32,103,211,60,29,180,220,3,19,211,95,99,41,187,69,219,233,67,21,218,186,82,54,156,144,73,220,183,103,48,129,91,101,51,138,118,42,225,58,114,129,23,36,175,131,24,48,133,235,64,42,135,104,52,138,78,36,248,150,117,122,188,245,63,188,211,73,145,183,56,74,200,150,113,200,229,69,54,200,151,127,209,132,51,86,139,201,0,111,139,13,83,212,22,107,160,198,12,28,253,208,45,144,221,1,90,150,73,48,179,246,29,119,210,29,12,156,192,75,223,229,119,1,254,140,102,56,150,118,14,242,88,118,32,140,80,60,152,183,97,39,218,21,106,143,167,59,156,234,50,95,161,224,95,32,128,98,60,226,74,52,224,181,101,215,139,107,20,188,235,109,61,175,125,15,237,155,85,42,214,25,114,148,172,16,246,148,126,17,255,133,76,155,206,21,124,188,9,1,142,30,44,64,154,245,123,133,227,44,138,211,90,82,169,252,53,128,131,48,103,214,1,88,169,139,70,218,194,136,26,36,186,72,34,244,120,31,142,224,81,25,195,175,29,205,191,115,41,203,118,30,194,95,72,214,156,164,56,196,92,108,200,156,124,244,213,192,56,133,215,108,115,214,12,126,188,227,45,41,220,85,117,51,170,78,205,243,82,30,229,69,122,59,251,208,19,128,244,57,155,159,84,109,182,249,43,71,251,102,104,141,26,45,185,138,106,51,138,163,113,42,158,96,51,131,111,33,247,83,94,130,180,224,47,168,176,12,130,161,59,4,146,165,27,199,229,51,80,167,242,36,139,207,117,60,183,18,50,117,225,95,86,221,20,47,183,128,24,40,132,191,31,193,155,65,41,147,127,45,157,79,3,211,181,94,28,194,157,5,153,164,61,82,204,227,113,53,159,122,27,250,89,99,207,129,58,104,221,3,43,112,146,16,116,161,239,45,179,228,91,141,182,161,0,205,189,19,48,143,87,36,145,91,43,255,128,51,121,180,226,43,120,184,50,84,211,17,50,43,145,91,102,212,231,3,224,195,52,115,214,0,104,207,196,5,108,246,126,62,192,78,20,220,176,163,59,203,167,123,219,189,87,23,200,67,50,224,144,98,55,144,68,30,219,133,64,153,215,26,126,96,229,75,151,165,14,98,199,167,24,63,140,73,10,194,241,63,98,208,25,70,146,20,74,173,255,161,57,200,73,121,212,149,105,203,228,86,11,160,207,42,144,209,22,52,186,248,41,107,238,37,115,109,187,108,135,172,41,76,168,59,101,194,175,30,81,186,236,33,146,147,23,115,166,178,58,250,188,113,55,255,83,31,247,135,99,55,151,121,19,211,165,41,222,128,126,107,176,25,69,155,245,70,12,146,208,15,132,220,35,82,155,173,11,235,131,103,52,210,188,104,214,134,82,1,173,30,20,192,64,127,13,158,72,84,241,239,90,99,129,85,53,151,152,126,38,144,86,7,147,60,117,246,233,38,109,144,197,83,217,204,52,105,208,10,104,152,169,77,68,163,53,120,218,200,59,109,197,4,69,187,225,20,221,209,30,100,167,232,74,151,246,32,223,254,183,28,54,156,68,46,154,72,56,192,115,80,130,168,169,103,39,179,119,61,143,89,5,208,94,52,46,142,166,10,240,142,120,36,146,66,52,232,116,80,33,238,47,59,241,66,1,213,184,104,195,237,177,109,202,178,54,93,144,1,119,180,16,6,239,203,30,71,136,230,88,195,199,20,97,184,14,27,208,231,89,57,214,164,27,57,132,78,37,245,64,101,65,252,39,92,214,11,93,231,188,37,132,219,25,5,223,196,57,148,189,27,0,230,64,10,228,144,4,113,166,197,61,98,174,111,63,240,91,7,195,236,106,24,226,7,45,130,226,11,102,238,6,49,150,198,92,113,167,232,121,178,245,7,205,149,80,28,244,132,96,52,148,118,16,246,94,8,244,163,84,39,150,92,29,215,149,77,17,157,71,26,216,215,63,122,214,235,90,230,200,48,139,165,82,105,195,131,121,32,143,71,7,193,69,5,193,168,90,87,161,254,92,99,236,92,122,192,239,89,244,218,60,105,153,90,111,188,255,38,100,233,66,103,147,202,110,52,221,19,70,156,239,78,195,209,39,61,215,131,113,33,147,71,61,245,175,107,243,179,92,42,240,184,38,245,235,64,208,242,21,124,133,245,67,35,242,46,123,176,26,65,154,131,127,61,36,176,116,58,140,86,44,250,84,76,233,235,56,7,253,155,100,33,131,110,44,172,91,65,130,207,120,56,250,72,14,214,170,118,228,179,115,93,171,249,24,123,159,5,116,183,29,74,163,230,53,110,140,130,22,157,211,30,34,244,15,78,179,211,41,106,142,237,88,41,199,60,108,205,2,74,249,245,28,91,217,4,127,230,161,121,200,148,108,60,152,147,115,213,197,120,52,186,70,16,236,247,23,193,229,182,119,49,224,96,37,227,90,18,228,163,5,27,239,37,120,177,228,8,99,219,69,40,191,238,50,121,147,177,102,187,250,75,137,146,106,42,132,145,0,116,215,58,97,171,26,72,241,83,31,220,238,10,75,137,128,114,46,154,92,9,180,176,10,104,218,215,81,172,245,124,148,170,31,96,233,85,112,99,208,23,92,131,49,16,220,199,3,126,211,246,95,140,187,79,47,145,171,17,249,163,37,208,157,27,127,165,250,54,195,215,18,97,190,250,87,53,135,73,32,216,247,3,215,182,117,3,225,76,127,204,144,72,47,231,190,96,146,215,0,141,201,231,79,219,190,47,150,161,2,76,212,189,69,142,216,13,113,228,84,7,211,149,110,58,246,83,31,37,137,95,60,226,67,107,163,198,11,144,204,243,52,208,159,46,97,174,23,115,215,212,65,130,223,6,11,223,181,125,218,134,50,77,162,33,63,140,209,70,62,240,64,20,235,222,60,159,215,88,20,219,146,7,39,253,20,90,159,213,86,183,138,40,71,118,203,124,38,152,9,76,181,252,33,71,174,91,112,136,231,38,132,193,58,57,149,169,9,235,236,82,58,206,125,63,160,239,93,153,205,48,104,133,216,105,97,178,12,91,182,246,65,154,254,29,91,142,239,16,111,206,27,121,188,27,112,204,139,164,49,241,179,1,199,143,99,47,173,122,125,130,198,36,10,242,29,86,167,17,127,254,235,36,111,169,191,123,38,154,75,84,175,244,87,130,171,59,75,167,233,82,129,226,76,56,230,124,37,184,252,20,11,199,79,15,209,95,101,45,171,96,44,168,184,76,44,142,168,14,246,160,12,250,170,28,250,192,172,15,215,137,85,44,249,184,13,219,178,103,125,141,228,78,153,238,108,72,190,23,73,252,196,38,69,162,230,55,171,163,124,175,204,7,144,136,183,104,132,165,6,99,133,172,24,247,186,20,216,237,92,27,219,172,117,39,228,82,15,128,16,45,104,181,28,110,182,10,55,151,136,60,111,134,239,54,121,217,91,30,149,204,71,132,238,6,115,166,232,63,139,152,120,24,248,91,107,195,162,9,217,145,93,39,251,228,46,159,217,20,71,239,237,63,101,163,89,87,170,247,112,164,213,53,222,240,182,104,40,158,89,46,255,190,116,41,228,38,111,247,231,60,204,198,50,119,223,187,67,178,203,59,208,225,77,59,235,93,17,199,191,121,53,243,179,63,42,240,104,33,238,185,26,208,170,22,33,156,117,73,102,216,1,123,166,9,31,129,215,62,138,143,227,123,136,203,46,77,138,17,125,133,246,96,67,240,35,107,164,11,9,247,166,115,215,158,91,92,119,192,6,79,178,164,72,154,233,55,212,174,90,18,201,210,6,113,173,18,87,247,231,51,96,208,64,26,196,85,106,103,241,14,108,179,28,108,138,223,228,70,251,14,76,187,224,87,172,141,62,120,153,196,48,65,251,248,113,154,94,96,207,136,122,45,192,171,18,49,247,91,86,180,237,25,222,215,233,54,169,239,26,231,214,9,142,175,64,16,236,231,71,41,195,169,17,251,167,21,197,183,107,33,234,151,122,61,253,80,18,198,76,112,241,130,41,82,191,21,50,133,179,19,81,176,18,15,205,188,66,18,200,144,26,192,199,87,154,168,59,84,144,221,37,68,168,71,109,206,191,15,201,163,117,216,248,235,81,156,218,19,64,144,234,60,187,201,18,88,172,245,23,234,195,58,143,186,230,121,224,225,3,108,240,164,49,145,214,50,97,254,97,87,215,219,99,51,143,163,3,229,191,101,205,183,99,209,232,90,14,196,150,91,105,240,188,62,133,202,95,71,222,228,85,173,181,31,74,248,55,64,128,253,17,50,228,88,14,198,128,124,196,132,70,212,154,163,48,102,197,81,61,209,176,3,209,146,118,156,232,4,73,190,172,98,218,148,80,14,206,90,52,38,217,233,120,203,165,119,213,181,77,49,151,159,107,59,189,80,2,246,172,100,222,154,98,34,228,89,31,13,150,78,199,227,95,23,178,238,63,111,177,8,8,188,240,87,135,157,44,50,226,165,124,223,239,185,59,201,82,121,211,132,127,195,254,71,81,117,160,30,127,188,174,92,158,195,49,48,226,192,27,186,242,23,159,235,110,95,166,241,82,156,221,180,92,183,232,93,129,180,100,215,134,80,0,33,241,113,8,210,76,113,245,151,121,34,153,60,63,144,244,25,80,224,20,88,191,255,96,66,253,207,72,138,213,83,213,240,37,76,215,228,100,198,176,11,82,139,239,22,194,176,96,210,134,124,52,213,145,79,15,155,95,101,247,171,58,41,175,65,7,249,135,98,192,231,172,28,226,162,81,159,194,235,94,137,173,43,113,242,52,28,208,231,112,165,212,225,77,226,176,107,223,160,108,219,175,120,105,142,253,61,110,191,163,113,169,194,88,194,253,23,67,152,241,88,44,156,127,4,242,186,8,218,183,89,27,203,234,60,143,143,80,131,216,11,112,186,200,83,124,191,12,71,218,128,104,210,190,108,220,245,169,31,215,145,77,11,203,87,49,12,191,116,51,216,178,101,222,162,90,63,153,186,81,135,242,3,126,161,167,41,143,214,82,223,237,102,37,239,169,72,204,255,69,20,177,17,60,144,199,34,210,185,245,82,138,189,121,38,251,185,120,249,169,111,41,207,80,43,143,214,62,145,186,66,122,132,251,0,51,188,24,95,201,172,43,122,233,62,122,251,167,14,147,180,122,6,181,245,106,168,223,52,57,166,238,95,255,177,101,219,147,77,9,199,135,19,62,196,86,96,246,132,52,29,213,110,10,232,21,27,118,135,91,1,158,196,43,138,214,3,136,155,132,18,216,224,116,0,152,168,4,216,184,48,25,142,237,19,239,184,12,207,143,104,44,162,167,55,67,222,92,98,244,190,20,34,188,78,6,161,224,33,144,243,93,9,247,167,25,205,131,81,24,248,253,105,48,161,122,40,154,19,121,130,236,55,132,145,241,75,134,252,0,159,187,97,40,135,79,5,60,234,166,63,239,149,0,208,162,80,200,228,7,94,109,195,50,67,245,239,65,132,250,99,67,254,200,59,177,236,6,192,135,14,127,176,27,7,221,233,9,114,155,242,38,207,183,96,201,139,115,37,212,130,67,24,208,69,20,206,162,107,216,211,55,53,129,238,21,37,217,251,88,136,187,1,178,251,235,81,138,210,18,207,204,35,126,181,45,7,160,166,9,86,186,91,121,203,147,124,214,142,103,48,200,170,103,36,165,233,34,188,247,46,192,208,58,34,176,146,40,139,172,37,119,140,250,99,221,136,74,28,213,176,102,38,178,55,115,206,30,89,190,145,63,83,162,250,10,139,203,56,108,139,123,53,225,252,98,212,153,67,19,213,136,5,197,151,100,80,188,197,85,108,217,101,75,179,12,38,217,136,67,23,244,185,115,215,156,29,151,220,20,105,188,147,57,105,212,232,13,220,160,6,61,130,110,36,244,231,85,136,206,55,124,230,236,54,99,227,122,72,180,245,31,204,235,4,125,202,228,115,235,130,90,85,187,212,66,131,200,101,97,161,38,109,248,161,113,126,195,24,97,138,60,113,219,208,36,123,147,239,74,155,184,106,222,148,76,6,194,128,64,51,247,189,37,244,224,57,215,252,85,39,243,178,109,71,248,246,93,132,180,104,222,150,80,12,148,187,87,230,223,28,101,173,81,99,175,212,37,135,149,246,50,191,184,34,153,199,48,80,232,164,125,24,197,20,89,130,249,36,205,221,60,66,182,9,1,40,142,172,22,232,157,36,156,195,124,52,238,145,25,217,155,105,5,218,66,74,239,191,27,47,246,88,114,216,128,106,214,132,94,11,147,69,29,59,233,170,118,250,161,117,219,133,121,49,222,234,46,132,163,20,34,130,224,33,131,178,96,44,248,222,1,98,248,37,127,137,94,71,166,249,66,190,253,166,70,185,220,57,157,136,120,43,135,81,42,217,157,75,10,212,148,31,221,135,121,33,129,26,87,110,198,41,82,234,2,60,147,243,100,190,233,219,82,152,195,11,219,134,5,106,167,252,100,206,192,237,114,157,241,20,34,134,114,55,143,5,118,128,209,43,106,168,161,19,214,187,123,57,151,67,6,145,249,12,104,199,12,12,160,210,49,145,151,228,73,142,238,117,47,235,115,51,245,67,9,209,140,88,48,192,92,112,208,152,97,62,138,81,33,216,241,34,158,193,58,79,179,232,45,201,129,0,67,166,248,51,156,251,16,97,187,242,71,80,194,237,90,175,177,101,219,147,77,9,145,81,19,225,142,86,42,246,78,30,208,163,98,217,227,64,40,216,185,115,195,148,116,39,170,238,89,149,218,53,28,144,254,53,135,152,126,13,242,82,11,242,180,185,2,242,165,80,128,199,55,112,185,169,103,187,217,43,44,248,65,4,252,173,20,60,156,127,5,221,240,40,151,207,48,113,153,5,81,190,246,113,55,169,254,120,219,192,39,98,211,231,118,224,179,67,122,136,193,73,130,243,112,114,216,31,9,197,180,116,54,132,74,18,230,178,10,218,182,74,42,243,167,94,128,133,125,221,202,19,116,190,242,110,2,246,219,97,128,195,39,96,213,84,46,192,94,101,61,225,71,101,207,187,105,243,166,48,113,237,158,82,210,158,69,63,161,176,86,159,238,120,212,207,175,17,43,145,121,9,162,57,99,218,83,9,40,226,94,28,220,168,70,31,141,19,36,242,76,69,35,131,91,63,229,131,109,217,173,90,58,128,238,114,32,225,101,37,224,76,19,219,176,98,207,232,76,127,193,191,89,61,159,12,98,223,5,124,138,128,14,84,189,247,114,164,237,34,111,163,16,49,223,240,19,110,181,18,96,60,152,37,106,217,225,33,216,156,67,19,155,92,28,151,177,121,210,255,91,11,229,131,38,130,163,3,116,205,69,113,132,195,59,32,244,86,120,191,234,41,103,188,6,127,212,199,32,77,208,28,10,233,243,48,101,218,233,26,192,137,99,59,250,168,60,224,167,44,215,224,73,1,241,177,88,102,205,37,68,185,93,117,132,255,35,40,246,45,112,177,247,36,112,140,85,33,138,195,42,80,144,13,114,209,250,90,255,157,174,26,200,184,106,222,148,76,6,194,74,10,204,129,109,34,239,191,23,198,188,78,55,159,178,5,200,149,102,145,195,58,124,169,242,20,158,192,21,74,214,212,37,100,239,9,106,176,91,55,218,162,83,110,217,170,110,155,199,56,124,171,246,110,160,219,16,146,248,229,85,138,235,48,157,229,69,39,40,142,118,32,140,122,42,156,80,6,254,184,116,51,244,169,96,38,145,91,51,227,89,11,235,84,80,113,173,196,36,151,214,122,110,206,17,69,194,233,100,61,255,111,15,219,79,121,206,155,34,76,142,226,7,126,154,54,126,217,5,58,226,173,12,45,235,187,103,211,149,64,215,164,48,73,169,248,44,208,190,14,65,147,128,35,103,220,74,43,188,194,19,64,206,61,16,215,228,63,253,133,50,126,132,220,33,130,249,25,125,204,72,54,230,88,12,41,225,91,23,213,149,97,37,235,125,7,183,134,55,62,144,126,81,182,23,16,36,154,37,91,172,234,50,123,182,161,41,233,171,57,255,135,27,39,230,182,18,12,171,39,70,232,64,42,244,84,8,204,140,14,63,171,250,53,51,191,67,9,155,165,98,48,160,113,51,199,247,67,174,206,89,123,208,252,53,147,194,73,15,234,90,83,201,91,20,44,240,180,21,216,160,86,53,142,237,73,170,22,69,139,135,51,123,164,16,23,223,129,81,209,232,183,120,38,144,93,32,183,23,124,158,245,72,54,170,225,34,158,141,27,72,149,236,82,183,227,105,230,176,229,114,133,193,111,220,176,13,104,177,231,12,209,128,98,50,139,77,15,242,165,99,62,227,107,126,36,243,7,154,162,7,74,248,30,58,147,245,189,107,218,145,99,49,155,93,29,238,179,78,140,168,52,65,154,82,32,148,209,33,8,130,37,110,100,222,41,97,155,86,101,164,237,86,176,146,31,59,140,203,9,220,234,109,4,245,171,81,178,197,59,101,154,200,113,211,159,92,71,179,226,80,217,132,88,26,141,67,52,250,138,77,97,250,10,119,143,252,20,96,201,30,51,239,87,76,179,244,35,93,177,144,22,71,131,52,83,219,248,81,212,178,121,17,245,91,121,35,165,80,36,194,75,20,149,226,82,47,243,189,36,252,136,13,49,174,76,36,54,150,119,55,135,42,69,174,30,83,181,169,14,110,185,254,63,83,161,82,84,215,238,119,133,160,85,62,130,186,1,249,155,72,56,142,89,49,225,158,84,8,177,11,64,136,21,72,44,254,22,155,156,173,77,49,139,63,100,153,24,78,189,25,31,63,176,21,88,159,237,83,136,209,232,121,131,86,71,60,249,69,40,136,247,94,89,199,10,116,233,142,102,57,246,67,104,186,227,41,242,180,80,201,149,95,99,152,208,15,117,178,233,20,160,16,93,127,150,70,2,189,254,45,126,165,27,62,202,49,46,149,190,2,69,160,83,107,207,181,83,61,233,190,68,13,157,23,16,237,165,84,192,142,25,195,208,75,101,241,132,124,40,143,115,9,239,181,25,105,221,6,122,169,12,24,152,216,11,71,150,86,87,209,129,30,117,172,252,67,183,135,126,129,190,206,33,191,145,108,96,167,236,85,149,94,18,41,128,78,113,247,143,11,43,139,82,43,133,166,17,60,132,83,56,173,29,66,178,245,60,36,160,252,90,146,237,21,102,229,232,112,131,233,1,52,217,23,58,111,239,103,120,211,28,73,189,184,120,238,237,180,46,188,199,92,77,225,8,104,249,85,43,44,246,87,70,184,15,115,240,168,10,207,222,72,97,126,246,13,87,220,23,40,144,18,63,150,173,160,18,179,216,61,120,209,43,56,230,193,119,152,174,0,81,144,81,23,223,179,127,215,231,67,61,243,206,31,72,188,82,60,173,10,65,172,184,51,88,128,216,4,180,153,161,46,224,83,36,183,212,6,97,202,232,93,119,207,4,115,230,88,12,194,203,118,83,209,26,97,239,181,125,209,157,117,5,226,177,117,131,248,94,6,240,92,10,250,172,96,61,245,175,65,4,224,124,41,231,93,11,227,183,13,93,180,30,41,158,188,24,110,167,25,4,250,152,87,45,235,185,45,229,174,5,158,212,43,117,187,216,104,114,206,61,91,252,168,27,239,186,16,83,130,41,94,130,219,1,9,128,5,82,163,246,21,25,140,226,65,162,201,41,208,226,81,20,242,133,114,63,253,81,7,193,83,86,146,239,63,120,166,142,80,124,197,21,56,150,161,15,208,164,122,74,239,2,76,171,247,101,52,183,234,125,186,216,105,108,219,238,115,141,172,0,52,152,127,3,255,153,101,54,149,93,20,243,248,62,189,247,58,155,248,246,70,159,251,91,103,176,31,84,138,249,45,49,145,91,42,226,168,2,220,133,80,18,203,2,53,68,220,29,96,206,18,56,139,231,95,99,214,216,40,39,149,69,55,235,161,25,211,143,23,215,192,78,20,220,176,86,249,232,73,4,228,71,127,52,245,93,55,249,75,6,247,248,34,99,173,224,26,218,208,10,113,183,92,14,232,155,103,193,240,185,29,63,139,72,59,174,26,77,177,246,35,35,212,8,95,161,190,106,222,139,125,11,142,160,30,203,231,86,11,160,22,67,185,232,79,221,195,17,41,107,238,33,115,176,9,86,143,178,83,101,199,31,3,170,178,59,99,172,3,1,243,167,29,213,246,178,58,250,188,10,208,152,108,56,144,138,17,59,158,111,25,240,169,70,184,225,91,134,233,127,88,158,199,9,8,134,94,19,228,251,67,158,250,236,89,229,203,51,140,166,89,23,229,86,25,136,173,30,90,145,10,22,146,252,47,123,130,5,107,105,198,27,84,153,244,90,190,251,115,160,174,49,79,164,174,100,45,242,174,62,224,169,7,216,186,87,110,142,231,7,50,215,36,93,176,26,123,224,192,11,82,191,178,110,246,182,120,198,140,84,40,219,179,67,223,243,83,53,229,152,17,206,186,113,40,251,82,4,220,151,79,8,141,3,84,152,233,11,33,181,3,40,138,167,115,42,153,178,0,241,130,87,60,165,17,82,158,205,70,218,222,48,107,148,173,117,216,241,109,0,253,67,125,194,182,109,117,169,18,70,189,224,100,108,180,31,83,226,249,30,99,249,94,73,186,211,38,128,235,92,107,128,192,66,60,179,29,118,168,253,38,55,225,61,100,233,175,119,203,151,111,63,155,175,15,241,139,113,0,234,86,46,217,253,26,220,138,7,114,187,242,46,122,171,63,23,227,220,120,107,212,34,107,204,172,74,52,224,78,62,240,164,26,210,140,72,250,218,246,67,205,133,113,53,129,76,36,132,173,93,95,176,94,8,244,162,18,196,184,110,12,205,24,15,68,141,81,23,233,179,9,215,177,105,12,136,221,100,202,232,82,62,236,92,14,194,184,112,42,231,120,28,193,169,120,59,202,28,111,181,22,57,60,220,250,85,177,187,70,192,188,107,223,153,81,119,45,143,74,58,231,248,72,149,233,52,157,239,238,82,159,207,104,10,229,73,24,250,160,117,195,231,167,9,148,193,56,140,219,23,43,226,27,86,144,191,51,47,223,224,85,136,255,93,206,140,125,1,201,143,118,45,239,91,1,195,176,126,205,222,27,34,138,229,46,46,206,240,79,183,168,20,223,240,73,27,175,238,99,156,220,51,97,225,80,93,129,210,53,109,243,66,56,159,244,45,141,188,96,12,233,175,107,40,141,79,23,247,163,60,140,201,4,89,160,138,42,150,219,51,36,206,165,13,211,143,67,19,233,163,99,106,224,43,127,254,23,3,128,192,45,113,144,206,107,156,197,33,132,198,98,18,163,236,91,130,230,98,105,182,245,74,138,143,72,18,232,182,16,34,128,96,56,156,66,96,202,157,75,17,192,173,7,223,152,74,196,157,94,204,198,130,115,58,199,21,114,132,235,94,40,196,32,68,188,66,74,135,252,7,123,220,20,23,219,170,94,12,234,160,21,220,227,15,154,240,23,104,238,173,27,122,164,68,67,171,242,35,98,175,107,43,212,162,104,48,132,80,40,248,84,104,200,170,68,17,211,142,3,244,164,15,198,155,77,43,226,167,81,32,161,253,64,128,229,32,194,214,40,157,185,191,105,10,253,73,20,251,185,8,222,131,8,78,180,254,51,146,136,6,118,175,11,22,254,143,118,58,219,163,7,212,191,22,195,240,62,99,209,24,46,52,178,18,75,157,170,59,135,222,100,47,200,238,45,158,198,215,22,187,224,67,199,183,34,102,186,210,71,134,141,77,107,188,64,12,228,180,16,11,235,77,103,205,181,31,203,185,105,219,165,104,63,222,150,90,93,170,225,2,194,130,5,69,198,214,94,175,196,123,33,255,169,21,195,179,101,217,246,174,104,14,129,35,106,188,82,31,143,170,14,40,136,224,9,185,202,45,211,189,105,215,135,121,20,202,168,81,49,171,160,31,146,140,18,33,183,163,29,206,177,13,61,212,48,89,137,242,51,223,162,10,85,129,134,78,223,159,94,218,236,189,41,61,143,53,84,181,234,70,113,207,127,200,213,58,64,177,209,117,50,200,25,88,155,227,100,38,181,189,3,221,162,109,201,170,95,39,133,179,40,158,162,24,73,174,188,34,112,161,37,40,230,109,43,63,137,47,66,135,28,42,151,225,79,52,221,54,64,181,201,1,130,201,50,119,183,178,126,232,140,191,28,142,231,38,165,195,56,148,241,89,43,193,251,75,118,172,231,87,208,132,82,35,212,70,4,174,204,59,139,162,11,14,188,204,51,158,159,73,22,187,230,91,154,243,13,38,148,51,121,158,199,2,87,158,95,105,255,141,103,57,151,119,37,222,137,3,77,161,240,70,217,243,32,111,178,20,119,203,129,11,48,244,41,9,237,184,29,33,141,106,116,220,163,16,216,166,119,208,193,13,126,186,241,7,27,169,241,42,176,135,17,62,144,69,61,247,243,10,147,179,244,84,206,163,48,153,192,11,93,60,187,59,100,245,48,68,155,171,54,223,171,115,22,232,142,97,197,175,116,216,148,100,56,232,21,54,113,189,242,109,205,193,79,100,246,65,65,146,200,87,125,196,58,20,215,226,81,130,207,23,55,155,204,51,136,196,73,219,133,171,41,216,24,43,121,168,252,71,109,134,98,200,145,97,63,230,16,36,144,151,95,1,192,64,51,39,181,16,150,151,252,51,144,165,3,123,202,227,98,194,190,41,146,186,253,46,66,159,109,64,140,59,108,130,7,48,34,242,78,98,194,164,126,36,166,91,108,213,8,77,205,129,40,112,168,202,111,169,250,22,150,141,92,108,219,133,118,147,162,11,108,133,128,42,147,241,163,23,205,175,82,17,174,7,75,214,89,97,220,232,106,61,162,210,53,150,217,16,42,148,64,21,197,183,107,33,179,126,75,131,200,25,221,227,92,102,252,138,100,28,185,48,66,181,86,125,131,248,79,31,211,185,123,53,140,85,52,244,177,57,188,129,8,75,209,252,76,208,173,50,117,172,7,122,216,225,44,153,198,60,55,253,189,101,57,170,231,46,179,232,66,105,207,84,62,128,183,75,174,176,240,15,241,164,15,223,153,77,43,255,44,122,100,241,50,101,150,225,113,141,250,26,191,163,46,49,130,229,99,221,136,99,43,141,89,31,195,218,245,112,135,200,121,44,253,11,97,160,54,83,213,199,54,69,193,161,9,214,228,48,112,204,89,25,205,148,74,193,151,174,38,202,13,47,136,148,105,81,146,215,40,144,247,114,137,208,23,124,243,161,89,7,222,73,18,52,165,77,222,169,49,84,160,244,31,63,223,225,94,134,185,101,210,154,84,49,203,151,106,111,171,54,118,129,6,110,176,220,37,82,255,173,114,49,154,127,207,158,112,39,174,22,60,124,175,254,98,176,232,3,153,150,35,71,210,155,96,129,164,27,118,150,203,116,155,194,47,45,198,139,117,40,146,76,18,130,91,22,191,241,82,67,168,239,19,183,205,62,106,145,113,34,139,89,100,206,135,88,65,133,206,88,155,178,124,116,198,198,44,51,157,120,25,255,95,97,201,138,125,104,177,246,38,97,200,88,150,202,225,99,252,235,85,77,149,184,85,148,239,94,114,235,69,36,155,26,47,162,210,53,124,243,249,39,120,239,120,50,146,196,91,98,241,16,102,221,211,9,249,234,18,107,173,235,76,131,134,49,124,244,108,41,254,64,3,28,220,161,107,134,227,121,217,187,85,59,227,77,96,206,190,112,36,176,127,66,141,206,18,210,148,208,89,158,225,6,173,239,12,127,144,226,78,94,252,170,5,213,186,43,104,197,2,65,154,28,85,148,196,19,118,255,87,103,195,151,119,217,243,115,69,150,240,41,220,135,31,42,237,254,102,40,237,71,14,45,163,109,193,237,110,24,249,67,1,160,230,255,83,154,240,104,203,222,13,118,187,211,37,141,174,35,122,190,81,17,237,139,113,40,208,49,49,178,222,49,145,138,118,57,241,75,70,156,195,231,44,185,185,115,216,139,125,47,137,186,4,229,248,68,101,149,244,104,199,214,57,126,163,29,100,40,235,60,109,202,83,23,230,178,3,49,174,95,10,238,135,113,44,195,53,108,214,11,108,250,228,25,72,138,135,31,222,141,122,40,131,77,35,193,195,33,66,164,17,60,214,204,38,99,217,72,50,212,135,65,202,151,77,57,224,180,5,148,254,5,74,153,234,20,124,206,3,97,144,17,115,166,82,106,99,164,243,38,96,199,104,119,200,1,45,247,239,1,92,216,237,64,243,223,57,114,203,64,62,207,198,53,124,157,123,49,158,34,65,128,234,39,101,198,237,50,214,168,68,56,236,91,43,173,84,63,110,209,79,9,197,131,67,207,147,89,43,245,178,64,240,193,67,119,215,187,88,42,152,73,62,213,166,107,45,140,70,29,151,91,12,242,191,125,82,155,38,41,143,198,50,216,227,4,113,164,27,10,196,217,48,121,162,228,99,45,245,99,33,234,245,60,153,242,32,75,165,72,108,212,191,89,47,183,235,34,152,137,115,39,236,255,53,249,228,74,66,174,7,82,239,209,81,98,201,116,2,246,25,33,154,213,62,74,159,91,110,174,207,40,126,219,229,124,206,152,110,60,150,168,6,230,190,98,200,231,154,45,148,201,39,39,159,7,74,135,24,65,125,218,35,26,236,165,13,32,249,28,105,198,255,121,103,194,50,118,217,2,59,241,169,99,223,157,132,16,254,183,40,120,201,90,61,155,176,25,136,231,65,98,192,148,125,211,132,80,41,255,189,97,186,255,40,101,161,228,76,216,189,44,149,162,1,116,44,197,48,101,218,0,51,233,76,1,215,156,225,36,107,194,42,121,199,84,38,232,65,121,138,221,230,75,174,197,115,211,132,116,63,243,72,29,34,254,103,59,240,11,67,144,230,53,158,146,48,39,146,248,79,57,148,87,35,240,93,19,231,188,65,14,143,207,4,130,209,4,38,186,28,87,189,233,75,46,239,179,24,43,129,109,58,150,69,76,145,210,30,77,198,90,94,176,235,63,206,197,47,47,243,130,35,156,185,16,126,147,76,115,170,247,124,62,185,235,16,138,215,34,51,167,9,64,189,155,121,5,160,11,84,173,165,77,74,240,7,110,147,214,47,52,161,238,50,226,160,2,196,129,121,94,239,237,84,105,143,113,11,241,89,3,239,93,116,38,154,80,34,239,250,50,121,136,69,79,237,156,126,44,129,169,22,246,169,19,213,235,47,94,188,243,63,118,220,92,31,154,31,92,157,195,102,71,166,181,4,200,172,95,33,159,165,26,226,179,124,64,245,54,117,161,244,38,210,137,8,105,166,216,10,51,205,25,112,195,180,15,201,163,106,9,159,241,40,146,207,16,54,184,254,39,163,166,109,119,164,255,72,144,171,119,193,229,91,48,130,235,53,74,202,1,125,226,90,28,214,163,63,98,177,248,111,57,142,88,55,225,67,113,235,82,127,150,167,194,62,157,216,116,100,180,23,67,200,136,5,35,225,79,25,197,168,121,132,214,49,71,168,25,66,122,206,5,125,158,66,9,228,190,110,204,140,176,117,132,194,23,107,174,23,29,165,235,92,176,244,247,67,106,128,105,122,215,30,125,177,218,102,2,145,2,92,145,243,38,139,146,52,120,195,252,110,220,232,21,106,163,27,109,159,92,26,173,235,239,74,154,203,52,43,190,7,13,243,165,11,209,243,95,83,254,246,13,106,152,70,54,232,92,18,49,235,167,47,239,177,21,232,195,36,101,209,85,26,100,207,58,65,162,49,0,190,31,72,165,211,79,5,226,166,121,124,201,16,91,178,171,71,134,213,241,76,165,184,28,194,224,74,54,228,84,44,12,211,1,76,197,68,80,220,64,55,43,179,66,31,207,164,70,58,153,170,28,225,79,2,154,207,51,120,164,241,91,215,132,5,108,171,226,92,212,212,27,98,143,29,62,218,170,110,47,245,17,68,144,231,39,116,160,167,111,251,185,112,179,213,14,74,149,228,120,216,248,93,59,217,238,87,185,248,14,97,211,6,89,193,183,36,122,133,21,76,131,153,26,97,181,30,95,136,16,56,141,238,92,10,208,151,123,57,145,67,3,146,196,71,199,152,75,73,154,225,43,176,139,62,67,176,72,110,193,185,81,61,138,71,45,225,182,18,209,216,28,87,209,203,2,44,164,22,81,167,188,22,243,130,102,205,45,155,103,52,152,79,118,190,237,45,158,245,105,88,202,229,33,192,128,109,36,128,181,8,246,144,92,56,151,6,118,173,21,78,151,179,63,103,176,213,108,127,171,14,4,243,252,71,142,251,93,70,251,170,127,122,218,51,103,172,17,18,148,206,45,119,236,162,62,135,196,87,70,128,90,75,169,236,60,68,187,0,61,166,19,7,233,184,99,215,132,165,63,54,208,9,74,158,168,62,204,166,120,214,157,181,25,255,157,109,30,232,12,70,162,255,49,27,137,4,67,158,18,51,40,176,93,49,237,24,71,43,128,179,25,224,91,11,229,165,27,219,148,168,120,177,230,25,111,182,236,50,213,14,37,136,178,56,38,129,248,81,116,166,81,51,255,175,4,47,175,226,41,132,240,43,181,190,74,202,251,12,45,144,168,69,43,209,183,28,228,247,19,207,230,31,118,170,241,60,47,161,49,82,147,90,104,248,170,5,88,171,16,18,215,179,60,104,161,10,76,118,201,80,8,194,190,6,198,136,22,220,228,120,107,233,190,33,70,171,17,31,199,232,68,147,240,4,118,161,199,28,146,219,31,102,158,160,123,229,233,58,65,190,237,68,247,201,58,156,164,237,72,34,146,68,56,238,166,96,220,142,73,98,250,63,105,244,212,104,36,152,179,13,246,168,113,199,160,93,36,238,58,107,176,247,59,98,168,160,41,172,164,49,72,254,182,87,152,249,90,110,145,123,2,40,130,93,117,164,31,96,156,255,55,194,142,86,36,186,221,82,116,191,67,34,239,83,17,215,145,88,105,163,24,67,184,203,110,157,223,15,94,170,220,94,127,207,234,105,201,175,124,195,191,91,35,236,146,23,117,210,9,78,149,164,39,145,217,50,97,170,74,73,106,235,69,209,228,89,17,237,74,173,10,254,80,83,183,236,26,219,236,57,100,175,212,39,192,183,230,107,132,89,107,200,154,97,196,193,184,10,45,243,67,52,161,17,86,134,193,40,19,173,241,38,184,187,79,222,243,99,7,247,168,79,44,179,235,72,184,227,66,206,250,50,157,217,181,125,38,255,110,46,201,71,116,230,136,23,124,185,18,32,147,234,88,72,184,27,71,244,231,35,75,241,168,81,140,209,80,156,151,104,77,220,255,108,12,179,13,108,150,227,92,221,253,81,128,223,161,21,209,202,1,74,215,28,42,167,203,23,43,129,221,90,163,205,32,133,244,17,78,248,184,15,53,231,178,0,144,161,51,108,247,119,63,147,95,30,46,138,94,62,224,186,96,226,159,23,145,169,72,93,255,187,120,56,254,185,55,247,148,6,207,154,164,18,193,163,26,72,233,6,95,179,250,80,35,140,1,70,141,244,20,226,237,14,131,218,30,24,40,169,66,56,225,25,120,145,210,62,145,241,81,13,227,191,12,200,253,19,72,132,85,21,207,133,240,56,202,243,61,160,228,1,100,143,227,85,125,192,75,49,243,226,83,154,199,84,190,157,101,127,73,248,21,155,186,21,26,250,92,118,220,132,85,1,239,95,17,197,145,94,99,172,239,51,243,156,246,115,148,2,37,182,227,110,139,165,35,50,53,130,86,57,172,23,86,145,238,119,117,242,62,55,190,253,64,212,224,120,8,228,184,24,208,185,229,71,182,95,4,160,166,115,204,157,94,18,215,224,104,41,202,54,121,134,207,83,124,202,98,23,157,250,31,114,138,74,85,182,225,44,152,149,93,24,206,146,13,147,216,59,82,206,231,79,214,186,106,8,226,226,75,180,248,27,193,136,103,35,249,154,71,6,134,82,55,183,242,28,51,232,3,126,178,204,27,206,167,26,85,178,165,27,194,136,105,14,218,78,10,45,166,57,115,212,18,117,150,174,19,111,220,250,29,201,166,11,209,181,123,204,157,249,33,110,166,233,102,246,246,68,155,253,126,212,216,191,27,43,155,101,2,241,232,92,135,251,40,84,240,240,32,189,241,118,155,215,20,32,233,0,6,113,186,28,77,200,247,38,155,185,107,132,198,212,78,155,196,85,85,137,2,77,220,162,122,139,145,28,58,156,222,71,33,234,198,89,148,240,49,105,238,235,88,214,130,14,218,144,123,45,177,76,45,152,161,67,23,247,89,115,217,129,107,215,133,92,14,232,149,52,100,163,164,109,173,160,103,152,253,95,104,235,152,107,199,246,82,63,203,185,113,35,238,58,107,176,247,59,98,254,118,41,218,1,49,158,254,104,87,174,249,90,180,145,123,201,135,76,23,191,234,41,186,214,9,73,194,142,7,194,233,93,11,227,183,84,100,205,39,64,183,69,33,110,167,25,25,132,242,33,149,146,66,198,139,10,13,223,200,32,75,199,234,119,206,224,90,127,206,164,2,248,237,84,137,236,61,79,228,170,5,75,221,0,92,191,234,15,146,243,73,50,150,95,15,193,243,17,4,160,237,82,200,190,118,48,236,116,27,221,171,113,57,141,115,28,143,24,57,133,179,182,82,145,237,84,150,197,104,159,219,18,75,180,231,165,44,232,187,72,155,244,47,134,231,3,108,97,219,34,73,246,162,16,192,178,102,220,148,100,92,189,247,62,201,134,10,63,234,27,31,247,134,70,52,199,169,114,198,163,113,198,142,24,87,154,196,10,81,133,65,0,139,228,57,132,250,110,87,133,230,13,101,140,166,0,206,190,3,149,194,51,117,139,206,90,215,149,119,61,228,84,93,185,250,14,81,184,86,124,223,174,100,196,146,106,41,148,165,101,112,166,239,111,254,227,56,157,208,44,65,229,198,45,158,224,72,35,193,162,13,192,172,125,4,247,250,62,105,251,52,101,139,3,71,166,254,114,14,142,162,0,244,130,125,204,149,126,48,131,164,21,158,196,1,79,190,237,5,135,193,38,124,230,235,83,102,136,117,108,173,28,37,149,202,106,10,243,244,82,165,219,2,155,142,6,108,185,234,108,52,146,229,114,153,220,16,36,247,17,106,199,228,69,148,187,62,109,227,79,9,221,165,124,46,165,182,94,149,242,70,36,132,92,0,230,132,110,1,239,95,17,239,150,122,112,249,96,44,167,65,98,63,159,67,60,254,86,123,219,162,74,60,141,188,7,203,209,2,171,194,8,83,187,181,104,149,189,244,69,183,183,42,157,168,13,97,250,82,17,7,227,66,72,187,230,15,129,208,6,7,131,95,109,212,145,38,112,181,1,28,244,156,113,156,232,185,78,136,195,53,152,203,106,126,170,15,64,217,204,78,85,154,235,32,129,245,114,10,133,43,86,116,200,247,66,253,171,27,205,129,119,47,233,165,20,212,150,78,7,188,3,90,190,186,20,111,222,26,32,160,187,60,157,240,7,35,149,86,30,253,165,18,71,190,253,116,128,217,35,103,194,229,62,197,157,65,39,197,175,27,227,148,47,145,208,77,103,119,187,98,56,146,68,0,241,161,0,186,211,221,66,190,217,55,215,144,61,146,193,48,80,244,218,13,114,179,255,8,192,138,106,62,153,23,106,108,239,59,122,210,69,111,223,164,34,141,192,46,26,222,133,88,220,128,94,50,236,167,10,131,233,25,119,140,255,1,97,219,54,108,133,40,110,209,255,32,71,238,25,87,155,244,12,83,159,58,118,152,227,67,45,136,73,49,243,141,123,223,214,48,66,133,246,17,36,163,35,111,162,24,103,209,244,28,121,251,91,98,219,161,87,56,132,114,39,137,184,53,147,194,74,45,168,247,44,135,205,56,61,135,230,39,136,225,115,214,254,75,20,211,153,96,7,242,225,47,146,192,9,86,130,4,90,221,239,81,41,248,89,15,249,153,123,195,168,4,119,211,241,76,192,200,32,107,175,92,20,223,134,119,42,195,176,98,205,222,34,123,211,60,71,247,23,41,79,183,160,79,143,240,122,63,180,237,126,169,233,23,58,163,6,89,231,187,64,104,247,61,74,161,165,49,129,236,55,222,158,74,69,182,241,58,117,174,249,5,193,133,6,90,197,10,122,203,224,23,107,134,172,8,211,182,100,205,143,3,4,146,7,41,49,191,69,13,225,173,5,213,177,69,37,135,162,67,146,206,41,218,131,33,37,251,10,24,216,240,169,5,197,159,97,39,145,87,56,243,59,94,74,209,13,50,140,184,119,134,201,54,127,139,191,23,130,193,0,158,227,167,47,219,178,124,198,243,189,0,54,152,124,147,197,60,102,219,28,10,180,201,24,90,202,230,33,100,211,17,158,160,71,21,215,174,78,54,240,173,96,153,205,54,106,217,28,99,111,183,42,102,240,9,89,136,16,105,205,129,73,58,200,166,77,35,130,109,36,134,87,53,228,196,14,127,185,244,39,207,205,31,156,170,113,2,220,143,112,204,229,85,54,145,201,54,110,209,16,19,155,223,4,76,133,64,27,136,83,119,234,138,78,91,189,194,40,137,176,70,120,206,7,121,236,234,52,105,145,74,71,156,199,92,102,159,112,86,141,224,62,117,210,103,65,185,12,33,36,156,124,80,139,248,35,96,128,93,47,130,194,121,170,196,16,95,228,251,84,36,148,119,0,234,95,37,173,185,59,148,201,69,61,247,179,113,49,189,65,7,192,138,96,4,165,20,125,208,228,20,248,202,7,65,151,242,41,137,252,71,69,178,10,73,165,87,66,23,131,170,71,158,247,22,113,132,24,77,169,238,37,146,135,121,45,227,91,21,209,143,101,246,130,194,91,40,190,76,38,248,86,54,206,178,24,29,199,153,76,216,222,100,48,177,95,23,234,182,89,200,224,164,41,221,178,112,192,240,72,64,155,251,60,148,213,51,43,132,25,78,181,252,12,48,134,239,40,101,255,70,208,250,84,7,251,93,124,39,140,183,117,199,183,34,110,209,5,66,175,183,32,124,171,53,35,131,28,47,146,214,43,115,158,171,72,55,154,117,53,129,75,120,166,27,89,144,166,188,58,170,195,5,199,172,46,79,172,241,94,217,253,92,50,201,147,126,209,157,111,34,228,169,15,113,194,8,73,196,82,44,172,197,81,44,132,138,115,213,142,73,61,135,82,60,233,30,72,185,210,23,64,222,216,72,97,171,120,14,145,182,16,40,155,103,31,226,84,127,108,194,63,101,220,3,96,110,180,29,105,236,241,113,180,140,5,112,245,229,78,100,247,126,113,166,29,53,237,28,112,129,216,11,114,233,227,33,126,225,126,8,148,229,120,98,233,85,61,240,198,95,160,212,47,120,153,73,98,214,140,68,62,250,66,2,196,82,24,32,180,167,21,226,228,59,223,145,77,1,229,66,34,164,132,36,101,166,88,18,206,140,76,216,156,162,52,37,187,73,9,216,90,110,211,178,65,51,145,64,11,219,146,116,38,242,92,20,240,181,115,248,212,194,75,136,18,63,143,147,110,141,182,19,72,146,153,32,109,216,7,125,246,188,116,36,250,107,127,97,240,47,129,166,12,19,253,65,121,222,174,35,58,143,241,108,210,130,85,82,250,186,109,177,240,33,114,139,74,48,180,219,60,59,151,127,82,177,207,36,107,243,66,58,131,55,90,153,203,24,91,251,191,69,215,225,119,5,159,177,15,239,135,65,21,152,197,36,142,138,126,113,176,17,118,212,31,10,72,192,22,2,247,129,4,52,133,28,117,194,200,17,42,210,9,107,205,28,65,250,178,108,40,205,141,25,221,201,88,123,219,230,61,207,173,13,12,240,86,116,222,138,120,40,176,99,13,161,165,68,117,225,175,56,231,191,31,207,183,75,54,226,172,104,88,135,58,127,209,30,122,224,177,74,159,189,226,8,54,229,52,77,220,30,51,205,75,125,35,157,163,30,236,158,108,61,158,11,119,168,236,0,105,249,55,107,128,2,8,152,247,52,185,189,233,49,220,178,81,46,243,92,44,248,82,65,143,217,27,78,153,135,1,129,216,18,44,179,5,88,110,183,28,48,196,165,27,32,143,87,56,244,67,96,42,151,20,90,217,19,94,191,189,51,155,218,23,106,202,147,106,201,231,80,20,251,87,0,181,222,1,117,178,255,103,111,179,50,122,253,67,16,198,241,111,28,254,91,119,199,184,3,119,160,28,40,137,129,13,105,182,254,51,172,248,69,223,138,6,47,172,203,33,78,133,54,81,172,162,0,171,194,13,123,170,17,12,152,200,21,94,145,89,25,145,208,61,110,158,166,105,135,202,63,143,188,5,105,215,135,121,45,227,91,21,209,89,25,219,169,86,30,242,148,59,105,198,86,38,140,178,20,209,140,52,43,201,2,71,247,175,105,37,227,163,47,218,224,114,60,146,138,23,197,247,79,119,212,56,108,144,201,60,119,223,24,1,245,166,114,163,183,172,39,228,188,28,204,180,72,53,225,70,62,178,250,55,98,212,27,127,229,76,71,130,203,12,98,53,230,55,114,223,25,48,242,78,100,216,181,5,77,184,227,33,100,222,67,57,249,74,5,204,255,36,125,179,76,30,202,191,103,128,226,114,65,189,203,1,114,171,80,106,168,7,82,253,191,105,96,132,197,20,155,245,94,38,157,37,82,161,201,54,126,197,169,15,45,151,67,49,225,83,7,253,181,124,63,212,31,84,190,176,122,159,221,41,101,156,197,50,138,178,53,3,235,74,24,245,226,87,136,164,249,102,98,173,112,52,250,76,22,236,186,20,39,198,5,38,143,249,75,55,232,94,73,249,165,6,118,155,178,56,229,167,8,128,217,35,101,220,192,23,97,214,50,87,177,58,69,185,234,120,197,166,31,14,200,132,66,40,163,120,53,174,250,79,63,153,171,9,195,172,24,218,233,88,63,228,14,51,102,185,12,97,130,26,87,219,166,105,52,208,254,87,109,214,7,112,208,233,83,152,236,27,186,203,15,114,173,248,21,110,172,225,44,237,182,77,117,214,9,100,201,167,7,223,131,105,7,241,119,95,43,129,72,50,231,184,33,187,240,56,133,216,183,69,141,240,12,221,250,81,107,136,247,85,172,204,5,115,174,26,119,129,132,93,62,166,15,74,117,228,3,110,190,19,33,160,238,125,33,135,165,118,34,144,64,24,203,1,22,157,198,83,134,209,57,15,150,249,34,132,222,8,13,239,93,105,131,165,6,125,182,21,86,137,178,104,46,156,20,95,155,218,21,76,245,25,92,177,220,0,193,155,115,14,111,199,16,111,210,28,75,153,178,40,97,255,33,27,231,161,119,155,208,57,105,216,229,126,239,181,21,87,234,84,14,240,236,75,143,202,16,79,33,162,36,105,184,61,17,233,187,19,102,213,40,45,183,170,17,126,209,36,62,238,174,26,130,207,249,97,180,251,85,184,147,35,124,196,23,85,201,146,120,12,181,10,73,156,160,83,139,251,63,107,166,131,127,51,137,28,80,190,212,7,135,234,18,71,138,188,57,200,251,80,111,175,22,85,148,197,25,67,138,83,95,148,224,38,125,133,81,41,249,188,80,48,146,134,63,180,225,88,170,174,98,153,190,237,45,158,239,95,41,240,174,5,138,233,42,96,149,164,66,149,128,102,4,238,112,37,241,239,9,98,167,254,105,253,226,60,177,211,6,107,231,250,61,159,168,8,85,134,252,81,169,252,89,139,162,16,93,147,129,51,116,178,19,72,159,246,43,42,180,19,39,141,238,80,243,148,162,17,248,254,56,107,173,48,69,136,194,73,137,244,84,37,161,233,55,131,208,82,33,198,99,44,128,243,74,225,232,2,83,184,255,53,223,151,60,114,160,255,38,124,177,9,30,164,208,37,147,214,53,44,133,230,63,106,207,77,1,247,175,67,8,233,35,106,189,170,114,198,184,71,51,135,170,88,163,134,41,146,172,61,103,174,236,27,152,211,50,107,167,191,3,51,244,3,86,175,216,86,97,243,16,101,202,15,23,127,155,73,57,235,95,21,205,135,105,230,206,231,78,141,144,100,48,136,114,25,154,237,67,104,161,16,87,163,8,96,177,252,32,117,218,5,64,88,220,15,87,162,232,97,158,224,55,183,188,94,31,204,242,77,107,168,87,76,187,250,7,125,160,29,30,129,240,41,124,210,70,38,235,82,35,128,198,197,87,182,236,3,168,251,82,131,215,127,57,220,154,90,38,234,176,40,225,236,53,130,200,122,3,156,241,32,83,162,52,7,245,186,69,209,204,250,39,166,253,112,184,205,76,32,236,68,62,221,251,75,48,199,232,83,182,231,23,154,235,32,119,148,190,122,56,248,110,37,139,240,43,136,221,104,124,255,26,39,154,201,12,7,166,243,92,151,233,86,14,200,132,38,225,202,82,103,234,48,88,183,205,48,91,233,5,32,131,231,29,141,242,48,150,184,230,3,132,217,27,22,255,184,108,170,198,75,92,174,191,91,180,149,121,223,253,141,62,133,255,15,62,176,226,35,34,187,106,39,186,20,70,201,192,36,55,142,167,83,167,214,38,146,187,41,144,164,10,18,141,208,59,126,167,180,29,217,138,89,93,162,249,88,211,254,27,117,222,125,84,129,177,79,83,131,25,68,131,208,3,137,128,25,138,215,204,49,100,133,27,120,197,224,7,45,248,111,139,163,28,10,252,176,102,244,181,68,18,207,94,54,65,180,228,66,207,229,58,154,246,29,53,155,185,74,28,201,68,19,232,176,58,109,158,111,54,253,76,99,111,241,10,35,241,10,47,132,235,62,108,166,42,8,248,181,7,206,193,44,119,186,227,120,35,181,226,63,192,79,125,214,153,51,153,174,83,98,123,186,21,87,163,215,26,206,155,93,60,193,251,44,179,210,65,221,187,14,17,228,145,117,195,128,228,83,252,170,83,138,251,62,107,249,86,16,40,232,65,64,155,28,47,174,131,101,42,149,49,49,143,241,16,74,147,248,81,143,182,32,101,221,206,69,201,139,25,223,205,86,14,204,255,68,141,182,72,110,141,224,91,142,231,108,179,225,14,111,152,197,0,19,209,236,32,175,198,85,124,197,85,86,187,209,57,144,208,137,58,211,234,46,145,138,160,48,223,171,34,123,246,40,84,234,171,110,129,223,235,116,163,203,110,154,234,33,129,204,61,38,128,241,53,114,165,177,38,132,210,75,119,185,90,8,158,253,84,124,221,28,22,145,174,7,137,237,21,78,129,129,96,197,192,11,151,210,240,126,181,140,1,46,217,171,6,155,214,45,131,211,3,34,241,250,38,149,155,22,65,134,12,94,119,211,65,35,204,245,120,154,247,13,125,212,182,47,136,186,65,19,230,173,105,206,155,126,35,172,115,107,142,250,98,13,180,2,37,192,171,40,34,134,49,108,178,235,86,130,211,13,61,188,225,34,182,205,6,119,206,8,56,129,197,58,157,226,21,122,150,255,5,63,244,228,64,153,215,125,36,129,5,70,221,242,15,188,232,42,14,241,251,77,140,219,6,40,228,165,86,143,247,32,140,222,39,3,159,139,12,11,202,31,40,189,198,35,125,192,6,8,230,3,28,77,225,26,67,182,228,40,115,255,87,194,159,220,22,144,165,59,75,208,172,71,152,188,14,45,212,173,27,210,177,124,211,206,125,103,160,237,67,61,216,238,35,248,139,84,38,140,23,126,217,196,125,138,187,238,66,139,238,86,217,211,45,124,166,234,45,40,241,54,64,215,246,58,209,227,41,150,162,251,99,214,181,36,131,253,56,118,210,37,3,124,238,181,51,252,193,88,105,218,70,214,167,11,91,35,214,57,92,168,234,75,173,187,114,37,209,190,54,131,193,11,158,152,239,112,192,72,125,214,255,83,16,219,156,105,154,191,63,146,201,105,20,156,220,11,12,197,27,28,46,241,50,151,176,53,22,221,224,7,96,218,195,88,130,191,51,139,200,249,44,149,150,37,108,160,49,98,254,73,91,165,161,8,91,253,66,121,155,194,61,145,194,29,35,139,190,109,117,191,230,43,176,186,93,210,217,62,37,136,192,56,167,231,14,51,202,178,101,144,201,29,64,129,227,120,62,233,59,78,128,19,82,185,180,58,89,131,187,6,253,212,125,105,206,56,102,140,178,41,152,148,94,30,200,132,5,216,131,112,40,247,215,80,119,165,66,45,198,12,69,244,216,1,10,225,176,35,140,217,1,141,239,94,32,175,186,117,28,153,236,73,158,247,90,124,201,55,45,204,243,69,208,153,122,119,162,225,10,38,190,43,56,245,162,21,102,241,12,127,196,198,9,239,141,94,32,213,243,26,211,132,47,122,189,53,74,185,250,119,115,210,28,120,139,137,90,138,226,83,36,200,215,117,137,234,39,118,219,17,10,138,197,7,120,183,171,62,247,158,80,219,240,75,115,134,227,58,123,184,230,67,137,203,56,107,242,84,92,217,252,14,131,191,112,125,180,27,101,220,149,58,149,149,241,5,131,248,36,143,195,51,123,161,252,55,92,138,85,85,158,242,52,157,181,84,86,235,64,13,98,221,222,18,196,239,100,203,138,19,124,188,192,82,174,203,36,91,182,0,79,160,214,124,51,182,29,53,147,200,68,247,205,43,102,223,18,12,48,233,234,40,167,228,40,172,192,35,115,248,250,42,128,179,5,67,154,241,12,210,206,53,107,209,241,93,30,254,40,113,202,23,25,240,185,85,100,168,250,89,180,241,41,102,194,45,105,229,28,117,177,145,7,70,134,202,93,255,182,71,26,143,82,14,88,132,108,83,173,32,110,214,159,112,110,221,228,48,137,208,39,141,218,30,111,169,210,71,155,223,205,2,154,247,91,125,212,106,7,133,68,41,205,211,50,102,165,245,42,119,227,38,84,197,26,91,116,251,30,127,238,246,69,169,204,50,69,194,233,94,160,129,53,114,172,56,123,211,106,15,152,223,24,122,133,210,118,212,171,80,115,210,17,96,186,237,40,154,211,11,98,143,205,8,166,145,27,81,153,255,50,242,199,13,123,140,229,76,40,143,165,74,143,251,6,153,209,24,95,208,29,100,177,209,31,104,188,55,46,178,219,25,212,162,21,127,130,245,77,250,204,46,127,170,227,97,194,159,47,83,144,236,57,128,249,34,75,163,0,88,167,228,225,94,168,177,45,146,196,50,121,197,134,25,222,182,71,34,248,81,24,163,211,89,126,219,49,69,145,245,46,153,204,25,117,222,18,72,145,203,41,45,152,180,54,141,213,35,118,190,139,13,241,169,85,45,199,160,116,221,191,125,48,142,65,5,171,223,10,119,199,28,80,228,165,92,145,246,1,77,247,140,119,141,198,57,108,240,0,119,166,203,51,65,129,195,92,166,204,35,92,138,20,115,135,237,37,43,200,14,58,159,254,43,221,146,67,125,180,222,12,151,216,61,99,162,253,100,134,233,63,153,129,199,65,102,253,125,107,210,2,126,175,125,32,105,181,238,33,102,172,109,54,204,23,100,180,17,7,66,208,16,79,142,213,52,158,202,41,89,181,247,30,48,160,53,119,185,8,32,255,183,114,215,193,14,34,148,253,6,112,210,13,69,199,0,99,142,215,9,69,146,202,42,131,230,84,106,177,5,52,153,205,104,96,174,237,70,99,143,102,41,192,254,40,179,210,8,67,192,23,92,145,250,53,135,182,29,107,175,198,7,209,167,16,122,172,3,23,249,150,122,45,232,246,81,148,239,58,105,177,5,39,191,205,58,109,183,16,90,179,165,15,108,218,225,82,250,169,105,50,241,168,126,191,251,84,135,167,28,113,191,248,90,108,223,27,93,166,63,1,152,195,49,107,212,100,43,133,239,54,123,192,74,106,201,196,38,117,223,234,64,147,235,88,128,160,224,106,152,245,6,34,212,17,73,137,2,36,253,140,91,3,246,179,7,206,162,89,43,129,183,5,190,225,0,109,223,16,112,226,183,76,149,212,23,104,207,136,103,99,200,25,96,162,13,122,148,250,26,18,132,245,2,218,192,1,117,161,228,78,193,214,6,111,168,247,5,204,169,61,144,165,11,106,98,247,40,97,211,63,124,148,0,67,170,188,52,92,158,230,33,25,168,101,8,217,96,22,185,19,25,42,203,192,32,159,136,120,42,158,126,33,207,248,127,33,251,21,78,142,244,97,140,196,50,83,206,176,74,48,152,66,46,156,102,19,182,230,37,1,253,187,123,199,139,81,35,199,110,85,165,248,66,34,250,94,4,34,140,120,38,150,72,60,216,188,15,73,202,79,17,159,165,109,193,141,101,53,248,140,108,206,232,78,54,202,97,126,164,25,16,45,229,95,27,217,153,101,41,239,65,11,225,175,112,2,224,64,24,252,136,109,110,216,1,52,230,129,119,47,233,165,45,237,175,61,195,139,31,43,234,186,22,42,138,108,6,236,84,20,199,28,70,100,149,75,3,253,185,119,55,131,71,13,159,169,102,52,142,160,62,158,182,26,192,158,72,52,226,185,107,223,191,96,67,141,14,11,205,91,97,41,228,176,8,216,180,72,40,138,164,10,242,92,8,221,141,127,51,233,161,27,215,149,85,33,229,171,100,4,169,91,104,176,25,60,221,176,91,104,167,239,46,131,202,28,41,174,227,40,167,226,107,240,238,224,77,135,242,53,156,179,0,32,142,228,81,98,221,123,43,157,81,7,255,185,117,51,243,127,106,48,130,76,34,240,74,28,250,90,114,214,188,129,107,215,133,117,39,155,81,9,195,191,7,237,221,119,64,130,229,108,205,156,59,71,173,10,35,60,208,44,126,214,4,59,230,173,83,152,218,5,59,138,221,8,40,166,12,79,171,234,24,248,144,91,1,223,137,117,35,147,69,57,239,167,97,221,140,76,14,156,162,106,254,138,98,50,142,162,2,203,229,75,51,157,73,55,205,116,67,134,243,33,24,147,209,44,103,158,63,90,203,205,67,158,255,51,126,249,66,97,39,199,18,120,167,87,75,140,230,162,42,234,172,58,192,136,28,40,128,80,44,39,135,105,3,233,81,59,231,85,5,247,171,97,0,250,182,116,52,128,110,39,217,226,105,158,237,19,124,218,222,25,244,213,10,120,203,6,82,186,226,68,84,146,32,92,202,85,30,104,245,15,138,156,226,10,85,137,241,85,167,81,5,238,163,65,99,175,26,24,152,211,17,145,174,168,58,196,90,79,41,251,89,57,209,181,27,57,227,79,61,237,134,122,48,232,162,30,230,166,104,246,188,68,216,203,163,89,226,173,6,109,171,165,29,247,189,17,96,206,2,69,185,222,124,125,165,20,84,198,28,7,158,237,10,76,159,3,111,151,247,22,1,189,208,26,112,152,8,79,192,188,4,196,134,20,218,201,93,105,193,145,109,1,225,67,29,195,171,21,40,150,70,56,236,162,26,212,186,99,7,152,26,2,146,169,60,70,176,223,23,253,201,61,158,189,229,38,115,194,11,80,168,234,87,188,184,48,97,205,28,38,169,198,87,76,133,15,63,252,187,44,101,242,18,52,168,23,73,143,244,114,46,236,172,31,35,233,123,5,155,169,3,213,179,19,43,143,92,122,36,144,126,46,224,84,10,194,188,82,237,238,171,99,175,196,105,113,242,2,91,185,20,112,78,167,3,109,140,80,10,176,228,87,158,243,24,34,99,244,39,67,215,234,95,221,243,54,133,242,241,70,187,208,33,32,204,76,35,242,248,50,178,169,69,73,134,22,84,111,183,67,219,235,71,27,34,132,94,4,236,86,2,240,160,18,198,188,116,21,209,143,79,219,159,165,55,193,125,72,177,212,30,98,206,224,93,98,163,13,104,171,20,115,200,181,95,95,173,226,101,161,252,24,148,173,9,69,141,163,15,78,252,191,84,244,240,14,184,249,100,1,249,179,111,45,237,121,61,195,85,31,245,131,68,22,244,84,108,208,182,84,62,234,114,37,181,209,75,10,244,177,82,147,198,72,150,211,3,107,187,233,112,55,156,19,72,133,241,83,178,220,30,61,172,28,94,135,223,14,120,195,30,6,233,248,55,73,165,188,65,160,195,47,132,187,92,70,191,141,47,51,229,222,27,133,16,89,33,175,117,61,248,132,28,44,136,92,60,158,184,30,198,176,28,49,225,83,45,208,231,46,99,170,169,40,249,235,54,71,202,231,112,220,245,86,97,194,57,16,250,141,123,43,157,81,7,255,185,117,253,189,127,205,250,130,22,34,186,96,11,180,31,116,130,188,33,115,168,1,116,241,227,82,211,141,73,7,199,83,126,4,150,160,54,196,94,112,206,174,108,7,212,219,58,43,153,73,59,239,165,29,215,147,27,219,196,82,24,32,180,106,245,172,10,93,248,83,118,68,175,26,113,134,95,7,135,245,56,99,132,241,31,138,213,196,112,176,29,4,230,222,46,204,249,175,80,117,212,7,124,231,23,72,139,239,117,97,162,160,36,185,182,126,210,158,118,6,226,182,22,223,249,95,7,241,93,11,251,173,97,215,165,100,101,40,161,53,123,144,25,95,179,226,24,36,206,29,32,133,208,5,104,181,28,99,179,229,40,191,224,228,123,167,193,66,164,208,49,127,219,200,0,38,155,45,85,253,233,78,184,230,85,203,191,117,20,206,138,72,8,148,88,30,240,186,16,222,184,177,15,239,135,65,252,161,28,77,167,163,80,143,175,16,83,212,8,83,144,172,52,115,142,90,50,41,133,89,57,155,181,27,195,173,25,199,183,105,46,215,187,110,109,160,239,124,157,190,6,156,226,234,117,172,249,94,119,192,9,73,185,234,119,219,200,15,76,191,182,111,250,255,58,131,222,19,44,147,246,4,108,187,87,57,211,185,97,203,183,101,60,238,162,24,208,138,70,4,238,125,90,159,228,9,51,145,9,37,203,237,10,39,141,171,21,193,150,70,56,236,162,26,212,186,53,209,152,60,124,156,193,41,154,170,51,81,188,24,63,150,242,60,84,232,82,72,140,255,38,75,176,241,48,167,212,27,127,178,55,5,171,202,33,138,225,1,101,136,154,20,117,172,21,10,221,184,34,124,254,118,116,172,240,52,131,155,115,3,159,179,19,245,143,117,4,238,90,34,213,248,91,128,207,7,80,129,200,16,57,175,10,64,174,241,103,101,198,36,112,143,176,83,56,182,19,74,183,168,82,151,211,3,152,251,189,11,209,153,109,57,145,161,61,209,177,57,57,180,231,68,172,166,82,141,240,48,107,170,197,4,87,196,52,94,171,254,67,176,181,1,108,133,132,104,206,236,86,2,240,138,63,137,248,116,107,132,11,77,219,236,35,126,195,0,47,255,91,111,28,181,187,16,142,229,95,144,247,40,143,214,64,39,114,162,243,124,253,242,88,148,255,83,254,207,135,3,102,200,41,32,217,246,14,227,176,33,157,183,242,29,182,229,44,166,200,19,96,187,38,29,32,244,84,28,253,191,72,192,250,45,155,208,59,91,152,193,67,13,195,30,85,130,253,32,201,149,88,102,216,189,64,40,159,168,30,239,172,16,219,248,95,27,211,200,82,155,214,23,43,178,21,70,179,226,59,84,187,26,5,214,180,52,151,196,57,69,142,169,40,96,146,11,94,169,226,58,132,187,99,54,219,129,34,136,219,104,5,130,254,89,202,225,83,7,215,152,102,41,224,32,112,192,10,68,159,154,112,12,143,176,28,240,223,54,143,208,35,5,247,167,21,223,137,6,120,179,252,123,140,193,25,119,169,252,93,104,239,100,50,238,70,102,206,251,10,120,191,228,105,211,140,12,135,216,7,98,175,148,106,58,140,31,104,155,207,16,111,214,49,71,158,161,27,156,255,38,115,174,51,1,153,238,62,24,234,180,10,216,178,68,34,168,119,112,161,161,7,63,168,9,78,151,234,113,109,174,111,47,216,166,70,25,205,0,109,168,11,108,209,174,12,80,177,229,82,143,212,34,133,216,36,122,189,240,238,71,240,182,8,210,130,91,217,167,20,97,172,208,97,73,190,20,95,184,227,52,145,143,69,64,167,248,55,130,138,94,36,179,24,79,151,138,47,117,132,253,112,199,185,90,131,198,50,100,151,71,3,123,141,30,79,150,235,63,133,190,67,42,179,176,108,33,154,165,74,188,231,88,185,254,39,120,175,207,84,155,218,9,40,188,5,83,167,244,62,34,170,2,39,144,255,99,210,189,41,154,223,11,41,108,251,29,78,189,205,55,130,199,42,89,140,201,34,128,212,51,15,238,135,52,237,154,96,153,180,247,70,5,244,62,119,128,70,14,226,132,43,121,215,232,13,239,137,111,215,129,109,219,161,80,17,219,136,80,52,174,243,71,157,158,41,127,195,227,17,35,129,97,57,157,67,97,203,183,101,213,196,143,93,131,198,3,206,142,80,222,228,172,0,51,161,118,62,218,163,89,110,204,34,209,192,42,81,150,182,108,36,158,90,24,216,164,104,46,128,177,45,248,166,13,147,246,60,116,181,234,8,154,174,82,64,140,247,45,120,228,108,44,238,124,2,49,133,81,41,249,85,67,228,229,0,99,199,125,84,187,226,34,149,196,39,112,180,215,58,142,207,216,74,155,240,18,205,217,52,221,245,89,63,221,238,90,8,210,135,81,144,140,3,87,216,30,12,132,203,6,107,184,71,23,243,135,77,228,234,65,86,141,231,72,143,240,39,110,232,20,65,149,196,20,5,154,240,44,151,187,70,23,182,114,87,185,193,136,33,188,232,83,200,188,114,42,206,141,33,205,194,76,96,174,2,88,182,183,17,41,150,103,100,204,183,36,137,238,56,157,196,21,62,168,251,22,85,229,229,35,160,139,45,99,192,48,57,214,204,41,67,194,170,26,198,248,42,147,251,72,77,113,248,12,45,181,26,77,214,255,76,189,181,1,67,128,134,108,212,190,106,216,136,122,4,201,18,56,113,163,183,70,147,204,75,122,191,11,110,249,190,30,54,176,109,91,156,245,54,129,132,101,46,137,194,15,137,202,3,190,173,229,92,133,237,56,95,135,252,95,69,138,114,220,136,92,11,145,9,61,96,207,4,29,155,238,44,127,254,9,136,173,172,114,153,239,24,121,216,188,106,208,137,32,109,178,223,99,37,173,37,72,235,53,115,142,48,103,105,162,7,7,196,160,7,100,215,61,105,224,94,94,148,244,43,120,183,254,60,188,169,100,158,182,238,49,140,156,103,218,182,19,112,152,197,62,187,185,235,122,157,197,10,84,200,19,92,246,93,41,97,175,11,88,218,169,78,235,233,2,96,221,110,52,141,245,42,37,157,87,19,251,188,20,109,171,233,1,143,218,61,91,215,60,24,186,13,57,114,166,173,88,150,248,59,39,225,93,37,229,167,53,34,192,83,68,167,250,90,34,198,33,114,166,13,83,172,243,41,144,207,26,126,158,253,35,102,208,245,37,254,204,80,109,134,29,96,223,250,81,185,253,225,90,193,177,99,215,167,104,54,190,21,74,120,249,1,0,210,231,73,132,239,14,117,196,92,101,211,255,43,154,237,117,43,237,91,88,205,133,240,78,141,200,69,99,215,14,96,151,78,113,128,208,58,84,177,232,90,164,205,57,98,168,119,52,193,204,4,157,180,139,127,146,31,58,153,158,99,7,101,194,35,155,196,61,70,209,7,118,181,232,17,121,158,18,43,67,233,13,218,232,66,20,216,148,88,112,207,248,55,156,181,35,144,218,29,66,108,203,32,38,228,51,111,136,25,34,252,128,106,106,154,224,52,113,194,31,43,145,13,127,134,93,48,122,187,219,114,244,197,10,159,165,55,114,250,218,50,164,187,18,123,154,206,46,219,150,125,116,130,193,7,115,240,29,67,255,22,46,191,201,26,93,172,194,46,143,183,110,110,198,13,110,217,81,113,34,222,17,92,140,207,84,187,160,56,73,212,210,32,92,217,57,68,154,4,60,223,199,56,106,141,250,70,9,180,119,43,166,234,119,210,173,29,75,211,230,96,144,235,52,90,174,13,59,209,26,37,134,217,78,115,161,239,56,44,184,124,2,190,168,18,33,205,26,122,199,232,65,160,213,125,37,252,167,46,155,222,22,105,154,72,0,142,28,119,5,213,233,116,166,171,117,147,240,13,107,178,51,126,145,199,7,124,223,20,93,131,201,96,251,176,170,93,109,252,109,12,250,83,98,154,232,80,114,151,253,30,204,178,97,40,236,88,23,219,10,37,153,203,238,120,160,91,37,136,210,47,156,180,20,40,151,208,21,34,146,74,62,184,226,35,67,232,20,75,112,214,67,223,188,57,88,187,0,9,209,218,255,12,204,186,106,220,186,107,123,171,248,125,101,229,110,57,132,3,40,173,202,4,117,213,50,23,109,222,33,65,193,58,48,228,90,18,230,165,232,62,181,252,5,213,130,117,68,211,230,64,160,173,0,101,212,190,106,216,162,87,46,228,92,22,19,172,5,77,212,87,31,243,191,61,10,146,87,21,192,201,20,120,223,59,120,200,15,2,229,176,2,89,155,198,82,143,181,50,61,147,161,59,205,146,114,10,196,121,123,201,152,120,54,144,24,75,96,204,89,148,204,224,123,245,189,17,221,181,69,8,220,150,51,56,158,70,48,156,74,58,236,138,80,60,171,229,44,41,241,55,122,145,82,57,186,212,19,102,217,252,79,147,138,63,96,221,10,125,209,201,58,113,161,125,120,185,4,93,144,175,61,115,202,175,114,148,243,31,104,167,0,111,174,80,61,105,218,16,93,201,135,71,211,151,93,47,249,156,105,215,180,0,107,198,163,24,101,219,13,126,138,170,42,118,200,24,94,155,82,21,165,254,48,96,131,22,61,130,144,52,150,181,25,82,236,88,109,221,143,67,57,241,129,74,37,229,113,53,251,180,126,212,200,81,74,162,9,100,200,174,76,54,201,183,103,243,160,8,122,176,227,123,249,187,9,54,254,82,30,246,134,98,54,150,82,63,182,229,57,137,139,62,123,168,27,110,140,203,12,90,193,251,64,134,211,60,0,220,229,10,234,130,102,204,209,187,103,255,168,119,43,225,89,19,207,87,23,42,163,16,82,181,188,20,36,128,84,52,150,176,87,8,203,53,108,153,75,63,245,173,103,35,225,136,20,216,158,90,23,153,26,118,143,168,8,32,235,81,111,217,133,115,35,149,73,63,247,177,109,246,177,17,126,183,224,0,201,224,13,138,177,23,109,53,134,67,116,205,14,116,166,17,86,189,215,233,42,115,245,56,93,215,20,108,177,19,59,149,236,171,89,189,229,35,35,145,65,51,231,93,21,54,242,122,58,252,74,16,216,172,120,208,224,124,93,250,246,1,124,187,69,36,183,26,83,184,244,38,10,219,132,29,132,221,25,99,186,9,108,166,172,14,101,138,203,84,103,215,12,106,204,2,100,44,202,6,120,204,88,26,232,174,118,202,150,110,101,193,149,117,215,241,87,63,233,85,3,243,143,109,80,141,239,42,107,176,44,50,229,74,81,167,222,43,109,138,71,49,151,195,29,51,159,77,61,214,138,64,56,242,174,54,246,184,6,204,148,104,27,243,131,53,30,154,125,65,186,20,83,176,239,45,108,150,24,64,135,193,16,0,140,80,22,232,153,111,61,151,169,7,231,191,99,201,231,123,16,151,215,38,124,158,75,16,137,2,93,154,197,47,87,162,224,95,96,189,81,49,147,173,19,251,165,120,38,150,72,60,242,170,100,10,179,16,111,166,207,109,39,141,69,53,143,241,73,156,196,15,11,155,215,24,116,146,2,114,181,174,39,167,218,32,41,171,249,74,215,255,45,179,187,79,119,130,177,64,42,150,68,52,230,90,16,200,130,126,22,209,175,115,57,139,85,43,249,83,101,195,163,123,245,193,131,118,100,199,49,126,165,23,71,164,138,24,115,181,14,69,182,253,38,159,212,31,73,163,6,54,44,204,9,124,129,6,4,188,224,39,32,206,192,9,174,197,87,52,243,4,66,153,215,97,141,129,231,69,100,146,126,44,156,78,2,248,176,106,13,149,85,61,200,162,113,147,193,42,75,195,228,61,166,170,29,115,168,19,77,165,202,20,196,192,233,40,151,252,63,124,167,14,119,163,251,70,71,252,20,95,138,203,18,48,216,4,123,236,242,87,125,140,255,51,238,181,83,155,249,49,49,197,24,95,127,220,114,12,242,90,4,240,94,14,192,180,81,9,233,146,47,120,221,14,82,183,238,77,176,154,242,65,163,238,33,146,228,83,58,186,25,66,70,207,83,65,136,18,94,159,161,103,47,131,79,14,222,186,78,46,144,170,58,213,237,74,252,165,22,109,170,224,51,156,207,83,116,185,248,66,157,195,88,124,141,162,86,159,249,54,67,184,88,10,162,143,17,118,183,171,103,239,175,113,255,133,77,34,249,233,47,148,173,10,46,213,174,83,150,229,13,80,166,25,66,156,241,58,57,181,4,74,128,196,82,40,246,80,98,192,160,120,246,175,160,10,221,139,123,45,225,87,37,228,140,73,131,202,29,10,210,166,114,202,154,118,32,199,69,111,182,186,22,126,239,8,79,188,249,33,221,149,46,25,173,193,29,114,185,21,91,158,142,78,172,222,122,44,93,129,40,102,233,12,113,188,255,37,43,252,46,90,236,187,34,139,196,43,125,226,168,4,164,203,24,109,170,28,114,157,81,67,155,201,115,99,148,215,39,99,190,74,75,169,243,94,184,223,28,41,255,224,14,108,203,33,84,231,13,65,131,133,65,48,240,178,0,198,142,98,46,134,86,24,235,175,103,71,160,30,85,174,21,94,187,185,43,147,216,255,42,58,134,74,16,226,172,2,208,128,81,218,225,185,29,195,225,75,55,207,120,14,181,254,32,94,143,29,65,160,80,52,126,200,76,40,167,31,59,108,195,238,95,183,87,95,152,226,84,128,201,170,91,151,217,10,66,139,174,29,202,198,13,143,143,22,109,149,187,45,126,170,26,79,243,165,25,54,238,168,100,236,134,67,252,139,95,208,249,66,115,213,187,0,79,142,228,92,177,161,23,204,185,26,69,139,232,49,101,185,50,8,156,12,32,254,238,77,76,178,45,50,151,246,15,69,243,237,80,105,209,24,12,198,130,10,202,140,26,32,194,81,111,199,151,115,7,231,73,99,227,156,79,142,251,57,48,251,210,110,136,223,48,95,175,235,38,252,225,83,17,231,197,21,169,218,19,150,180,234,93,46,193,13,114,252,185,54,111,252,43,111,206,126,112,193,223,44,81,218,234,74,171,129,103,207,185,76,58,234,92,58,235,236,55,96,177,247,72,137,160,14,103,239,234,68,154,235,127,82,155,54,88,105,150,89,52,180,19,116,131,205,49,138,134,4,124,128,196,83,43,131,83,47,195,163,5,223,175,121,127,184,29,69,187,205,48,146,211,0,66,133,224,73,72,220,232,111,158,236,43,152,224,79,46,192,211,9,119,226,30,69,187,225,42,32,156,100,11,205,91,97,41,151,100,33,241,77,97,193,163,164,10,216,113,76,184,227,24,135,195,63,102,178,149,27,100,173,255,61,147,19,46,151,214,5,219,132,234,86,60,178,29,78,240,240,89,204,212,44,41,233,253,36,183,191,21,148,231,45,78,163,252,70,124,141,230,16,188,239,20,196,182,106,32,152,185,117,25,222,48,71,201,8,49,171,196,38,97,174,59,42,151,241,90,24,240,13,90,144,249,47,93,151,254,7,131,199,86,221,160,47,76,201,238,17,72,168,15,11,137,250,77,165,253,38,212,205,233,84,159,196,81,17,157,161,77,212,131,25,39,232,144,53,232,144,105,218,171,246,94,177,233,74,109,174,167,45,156,230,42,107,181,123,3,151,137,79,50,158,183,2,249,190,55,152,230,47,149,212,13,108,155,250,56,49,163,238,120,176,201,23,33,158,172,44,245,156,59,39,144,63,88,137,226,72,112,180,85,13,201,172,123,207,129,75,128,203,228,69,105,204,0,44,194,160,12,210,130,57,128,197,18,87,182,255,98,217,157,65,13,207,89,90,109,213,242,125,137,237,50,149,230,41,48,151,243,80,120,203,29,64,161,216,97,221,149,99,109,175,56,117,38,245,18,139,143,72,22,167,230,51,116,199,55,31,177,234,121,201,191,119,49,199,134,46,162,176,252,58,217,90,45,148,221,38,145,139,2,120,112,136,0,105,184,62,92,141,129,123,55,191,85,69,220,145,0,150,161,124,12,232,188,54,211,214,247,88,163,230,67,193,179,103,221,149,79,11,201,218,81,9,213,88,110,250,135,36,124,197,63,78,211,234,3,68,170,9,74,169,177,40,177,155,85,8,198,202,88,147,137,118,77,206,255,103,216,178,26,91,138,255,90,175,181,93,152,233,123,51,237,144,78,14,154,94,78,219,206,83,108,234,80,62,245,144,108,215,166,11,78,190,251,90,155,134,125,88,147,162,98,36,178,82,45,157,168,107,154,225,6,126,173,203,36,159,250,83,172,233,42,100,153,165,114,125,184,233,127,174,195,64,222,248,3,159,154,255,19,43,143,117,57,208,131,58,131,247,40,10,194,188,120,234,173,17,130,218,14,50,176,4,24,125,184,15,63,217,191,103,209,189,107,219,167,133,90,152,213,76,10,202,86,26,32,178,124,248,234,229,61,148,177,73,45,147,177,27,199,181,101,62,242,168,74,247,210,80,155,224,110,52,252,80,67,219,235,71,27,251,93,119,221,133,111,241,164,228,92,131,188,116,46,234,168,104,244,184,126,208,193,87,101,255,145,111,207,231,75,49,229,148,108,106,234,80,67,148,242,40,60,232,46,123,223,28,8,219,164,53,75,164,237,25,251,149,123,35,141,160,14,254,176,100,218,146,76,8,198,134,18,214,195,85,31,245,131,55,2,195,40,77,189,79,125,46,255,88,21,230,174,48,143,223,22,218,200,19,17,131,214,62,118,251,226,81,152,249,94,122,153,238,91,254,172,28,206,130,120,48,234,166,100,36,151,91,97,243,189,19,33,187,77,1,166,230,67,129,166,21,70,177,231,117,194,139,52,123,185,44,86,114,224,5,51,193,15,93,128,161,120,213,249,247,87,146,249,79,133,202,98,112,196,6,0,196,244,169,97,170,246,85,219,253,62,154,164,5,41,40,140,114,16,250,166,20,196,182,106,32,152,82,117,253,189,127,205,147,113,2,181,22,43,171,147,31,113,151,210,106,156,255,49,153,198,14,120,173,206,6,107,199,78,73,221,234,52,142,243,121,89,206,234,8,107,144,190,24,218,178,42,128,196,63,88,191,157,86,142,245,46,49,189,3,88,241,209,22,112,189,90,48,148,195,108,149,211,30,109,156,255,56,43,231,165,101,241,181,123,205,151,109,59,252,142,108,204,228,98,3,197,180,54,130,193,2,89,140,244,7,117,240,54,117,200,2,66,131,181,126,66,174,255,94,155,198,43,114,195,16,96,218,228,7,205,221,12,81,128,194,93,146,209,8,59,162,128,7,44,218,56,106,163,76,38,149,195,33,73,247,171,97,217,147,79,215,151,89,39,237,181,112,60,148,164,42,249,189,20,116,223,49,102,213,228,76,163,189,125,105,171,234,41,66,249,34,101,185,220,84,144,241,44,50,218,229,80,169,201,32,68,187,192,27,153,191,106,49,160,32,93,178,69,62,123,205,21,126,194,94,114,210,180,78,52,156,173,25,199,183,105,221,147,75,47,236,241,58,131,162,188,92,157,250,63,151,186,7,110,157,172,88,13,179,237,80,193,225,34,132,212,3,123,223,18,63,133,252,88,49,166,80,48,252,214,57,210,236,185,97,203,183,101,213,135,123,49,233,137,50,146,128,80,29,211,164,37,158,223,45,71,168,52,72,98,234,177,28,195,252,77,148,220,58,127,157,171,16,157,217,33,120,164,15,101,186,251,125,52,203,26,48,144,183,58,135,202,50,117,208,79,73,136,228,242,98,226,205,120,152,219,44,56,146,164,2,201,225,69,43,227,158,66,150,189,114,35,202,3,62,126,182,58,121,197,3,88,232,180,12,220,184,179,19,245,165,88,212,143,32,115,212,26,118,161,252,3,84,137,204,109,132,211,47,50,198,25,121,125,196,41,106,165,73,43,144,254,36,151,141,65,30,214,186,97,254,185,19,113,184,230,6,207,170,230,115,152,252,94,108,195,40,37,221,62,108,174,240,114,42,228,160,52,243,170,110,52,134,122,11,210,167,73,53,141,9,72,166,210,97,144,218,56,70,198,188,116,46,192,95,59,225,76,24,216,240,30,110,168,85,36,156,240,31,49,153,67,47,183,153,102,218,144,72,40,211,188,124,200,140,120,9,220,163,60,149,172,13,72,171,22,80,114,232,60,77,172,255,34,218,146,76,8,186,125,18,224,166,85,3,216,9,83,188,141,109,207,233,101,26,165,250,39,210,132,120,46,230,160,28,218,176,75,110,153,236,115,201,151,113,3,225,65,25,253,163,65,18,212,129,78,143,202,59,48,247,166,122,160,245,55,106,131,73,86,173,242,89,96,139,109,7,237,188,102,210,128,112,34,150,76,4,254,186,120,18,198,234,38,139,212,103,53,143,161,63,159,183,27,40,198,176,28,224,151,101,49,133,22,24,196,64,54,102,194,12,93,160,227,80,156,254,65,101,199,205,49,138,132,112,222,142,64,52,234,162,28,216,253,189,9,205,147,101,5,168,90,56,239,83,45,52,180,15,37,153,180,35,139,203,42,52,236,166,73,209,145,83,33,231,175,3,207,167,119,211,231,132,61,35,129,107,122,158,124,32,205,1,77,146,177,4,94,144,175,39,125,194,14,115,241,75,29,34,130,90,62,228,130,108,216,134,118,40,156,82,91,6,231,111,47,241,127,5,205,161,109,197,149,88,108,204,174,72,4,187,14,105,210,30,60,189,216,13,63,189,240,121,197,137,79,33,235,65,15,208,226,64,32,210,113,11,34,206,63,107,218,7,44,130,231,75,13,201,1,70,213,192,63,172,217,3,124,178,196,35,170,252,30,117,214,9,56,245,129,56,126,171,93,85,150,212,44,107,237,127,9,198,148,110,0,158,126,22,250,160,84,5,218,7,81,159,191,39,108,175,224,43,246,243,59,149,199,1,66,169,200,26,109,206,35,74,161,82,120,166,252,109,154,213,0,79,176,183,51,124,129,69,11,196,142,100,50,140,116,17,149,188,93,184,213,8,114,151,254,60,140,246,14,70,147,6,79,203,23,9,71,182,237,72,131,244,70,106,201,225,71,188,129,109,219,139,87,28,231,95,25,213,185,126,245,231,212,44,105,130,80,42,252,112,23,156,228,73,53,142,229,101,213,135,123,49,233,163,31,205,138,21,141,168,237,70,204,185,116,149,178,13,114,131,236,57,147,194,18,102,207,26,100,178,243,115,49,216,164,104,46,128,74,10,195,65,24,170,23,34,105,164,189,105,217,144,115,41,155,78,14,133,243,57,99,168,124,86,133,16,106,135,212,39,76,137,163,69,121,214,47,108,211,21,108,128,163,94,157,172,182,51,128,134,24,141,189,51,12,179,247,111,223,245,85,61,145,203,58,74,145,12,99,184,196,68,10,211,12,69,206,239,6,230,202,41,92,140,135,103,201,227,73,49,155,109,24,171,18,67,149,224,31,80,157,218,43,36,190,51,72,156,236,77,61,155,123,19,221,112,114,44,147,52,108,160,5,57,105,165,194,42,224,238,116,183,206,121,114,237,231,88,67,193,41,72,129,85,107,160,10,66,185,224,10,127,187,251,30,58,251,4,65,212,207,110,106,206,91,107,214,177,28,169,216,11,108,149,8,32,147,222,35,86,187,1,6,213,86,89,98,241,229,72,211,175,67,35,175,114,47,192,19,77,180,136,122,46,228,118,59,219,146,21,154,169,232,83,43,183,9,107,176,31,84,155,224,75,126,135,9,44,155,226,98,109,230,238,78,177,240,35,166,186,169,61,201,161,113,205,225,107,14,253,163,11,245,136,118,38,152,102,47,190,250,53,46,162,51,112,43,243,21,136,191,0,69,245,27,40,153,227,85,37,210,212,63,108,150,10,77,254,186,2,194,132,121,63,199,113,74,246,204,99,122,217,8,85,170,196,63,97,148,10,121,163,244,91,156,219,10,12,179,194,10,148,169,123,9,227,181,57,222,199,38,114,218,153,112,155,200,9,122,161,162,80,153,227,8,69,151,93,101,249,175,48,7,164,25,115,218,224,8,124,205,16,119,176,84,70,187,254,36,44,129,195,85,33,179,54,77,153,225,72,211,177,17,16,222,119,113,32,218,46,109,238,6,71,143,200,25,108,170,233,116,182,214,127,33,179,15,107,178,202,7,106,183,30,127,132,20,78,187,192,6,134,180,249,44,47,255,49,68,151,243,118,141,28,113,43,150,254,64,176,150,12,109,217,5,112,240,166,69,63,209,110,81,128,7,90,96,231,0,145,138,162,18,101,219,29,78,154,24,65,173,17,124,196,252,89,65,142,197,14,217,209,226,118,176,25,99,36,246,84,30,225,244,88,113,158,4,106,189,14,48,121,227,19,92,169,245,99,180,225,54,135,220,63,34,134,215,21,111,174,245,105,189,26,12,186,220,73,63,247,177,71,6,226,35,114,140,26,113,159,186,13,90,181,27,98,130,248,27,87,167,2,56,190,220,13,1,181,248,118,171,194,65,128,219,88,40,189,207,39,112,182,83,93,173,234,81,186,145,92,51,162,11,92,155,200,40,69,217,16,116,151,182,45,103,175,246,16,188,201,47,157,188,112,64,241,166,116,117,169,26,51,248,25,83,154,173,90,98,246,168,55,35,151,84,42,148,226,85,133,194,79,100,204,16,81,251,179,109,41,231,167,51,222,206,91,68,216,225,62,208,174,14,38,138,112,117,245,166,61,103,222,79,5,253,183,115,251,187,164,50,248,128,20,10,149,12,106,189,88,58,212,225,73,51,159,77,61,239,163,25,209,139,71,5,6,149,117,23,154,79,60,150,21,47,155,162,15,92,180,199,125,41,151,71,57,237,163,27,213,145,64,0,194,80,22,222,178,126,214,230,104,59,184,250,17,107,231,21,120,191,11,64,132,227,59,104,204,204,3,214,154,160,50,252,82,96,250,140,106,49,201,173,19,49,155,109,24,236,18,94,147,237,82,65,209,48,46,187,211,62,145,206,19,4,253,155,63,152,163,13,72,170,15,93,184,171,83,148,183,225,38,40,232,116,56,254,80,26,240,190,24,17,239,79,103,203,177,101,20,171,22,75,161,169,20,123,170,241,120,174,235,97,129,211,110,110,221,199,101,125,215,58,21,162,231,76,188,245,91,168,170,15,117,159,201,14,6,198,25,82,238,254,71,3,157,175,13,237,133,105,207,237,87,3,241,139,87,4,201,85,82,156,31,26,220,170,112,56,140,191,23,39,131,87,55,179,158,16,145,233,31,128,218,7,76,147,228,37,97,228,246,127,244,179,79,53,214,231,114,131,192,95,108,192,109,22,245,243,51,116,221,8,80,175,217,35,177,184,122,200,142,189,17,221,181,69,33,245,85,55,209,183,31,227,177,67,106,174,168,88,155,239,16,77,133,78,64,112,145,82,114,247,23,62,174,253,14,98,139,180,122,127,208,5,115,184,236,121,156,219,113,133,217,5,19,219,175,123,211,227,127,19,243,85,111,213,228,78,58,232,114,39,186,250,41,38,226,160,96,211,151,93,47,249,79,29,247,137,103,199,159,105,61,98,209,10,50,255,10,8,247,180,53,106,253,21,118,233,185,61,129,208,57,98,201,226,67,186,146,30,76,165,62,28,184,231,95,210,206,10,65,37,171,62,118,251,3,69,184,239,80,117,133,101,100,200,174,76,54,226,80,0,242,166,28,212,142,177,57,249,187,9,229,186,98,121,192,28,51,138,208,49,92,147,244,69,177,164,90,137,243,36,107,135,208,5,3,195,18,90,164,249,11,217,179,69,10,234,130,102,204,234,84,0,238,94,16,196,144,116,87,129,18,23,217,167,109,53,137,85,45,253,128,84,52,150,176,22,254,130,57,142,251,42,216,232,243,103,42,227,239,120,150,181,1,151,229,62,112,169,252,91,114,205,12,76,188,23,106,230,224,6,124,247,245,35,180,181,57,138,200,83,105,161,231,22,155,160,82,52,206,180,28,198,178,96,208,233,93,19,203,133,65,63,255,75,15,213,141,92,39,178,25,43,206,232,43,69,220,233,87,252,228,14,122,179,30,91,154,205,19,159,212,32,102,189,172,120,208,224,124,16,240,82,108,210,186,100,208,229,85,7,209,156,96,33,212,30,92,185,230,48,109,148,78,18,176,202,45,140,255,20,117,150,231,39,107,209,24,99,225,227,33,41,172,113,99,195,174,58,139,213,33,114,154,174,14,240,138,112,216,233,85,3,243,165,25,207,135,65,23,214,233,66,102,187,11,70,171,240,113,42,210,46,58,131,68,10,51,211,12,126,160,239,25,209,139,71,207,143,184,6,204,148,104,52,140,92,56,204,134,35,122,176,4,70,191,209,93,130,244,34,73,145,82,27,83,222,21,79,169,254,120,212,184,7,99,201,14,49,140,148,5,120,140,65,72,140,246,40,41,248,84,68,154,164,38,115,197,29,102,250,86,106,202,147,173,19,251,165,17,255,175,97,213,139,67,23,13,151,86,100,161,253,82,147,232,33,136,232,50,73,156,194,55,5,239,91,9,249,171,31,213,141,174,106,242,152,89,135,219,28,101,182,72,5,244,189,10,99,142,245,75,150,194,78,132,191,63,104,139,205,50,60,252,72,12,210,164,110,196,146,108,101,195,137,86,154,214,239,76,191,167,10,201,228,30,83,137,218,92,177,220,53,65,189,3,70,230,209,56,78,162,3,105,207,183,97,205,187,107,221,248,174,102,32,182,119,84,163,226,36,194,200,39,91,179,194,47,164,215,40,68,149,238,112,138,225,27,99,248,246,35,38,174,110,48,190,68,12,224,185,70,116,211,171,78,184,213,57,213,250,39,144,184,245,22,204,132,126,16,213,177,12,134,193,41,69,164,251,90,103,183,81,96,218,17,76,199,254,25,123,184,138,59,228,165,77,136,194,11,246,207,213,43,116,137,89,53,201,131,38,44,207,61,152,240,94,14,192,180,106,34,156,114,59,223,231,53,95,164,233,13,132,226,17,147,232,50,123,222,239,41,58,232,88,10,254,180,108,38,226,106,42,236,139,74,38,139,1,104,190,7,36,137,252,5,33,182,245,79,172,255,16,153,219,1,110,246,180,116,39,235,177,3,205,137,92,133,216,51,143,243,19,33,78,174,25,72,147,236,82,155,200,29,69,227,225,36,152,209,8,70,190,12,21,181,203,36,199,141,248,95,148,239,91,202,250,57,38,158,88,20,19,212,76,76,153,232,63,130,206,97,117,214,48,44,159,204,245,76,246,168,22,130,246,63,64,224,133,1,207,200,31,43,175,49,66,161,234,74,72,174,8,7,214,241,82,141,255,39,174,215,1,87,147,204,48,67,166,224,71,210,128,91,99,194,115,51,187,194,59,116,173,168,9,194,246,33,148,204,236,41,70,239,37,100,249,24,76,246,231,84,182,192,237,111,185,205,106,210,188,104,252,171,113,105,157,192,47,100,253,251,78,140,223,94,105,232,13,12,210,249,79,120,217,56,28,202,176,105,137,199,22,71,132,237,73,201,199,30,190,159,243,126,160,132,94,119,138,225,79,109,252,106,153,195,7,112,188,243,42,144,218,85,14,211,26,47,110,252,10,118,137,239,23,148,239,53,98,217,253,100,156,255,22,72,183,155,68,102,204,43,102,175,119,32,197,196,9,104,182,17,42,161,226,14,111,204,33,97,146,231,78,168,209,56,80,160,248,113,177,192,4,79,134,138,67,226,183,113,156,190,17,16,245,139,16,80,191,228,95,199,208,14,83,203,16,96,215,195,24,185,234,66,18,238,168,79,205,150,10,99,180,253,84,137,236,43,35,151,87,95,154,232,27,66,137,14,56,177,222,2,56,217,34,14,166,10,18,87,182,237,84,183,181,101,107,208,15,119,182,238,0,99,173,15,92,161,242,65,111,195,72,17,227,156,49,234,188,33,153,206,107,20,182,251,44,64,179,164,119,252,194,89,102,198,23,122,241,226,34,186,175,224,118,176,251,52,180,139,67,61,249,130,69,35,253,42,71,206,245,54,128,229,55,138,164,207,50,137,185,105,150,208,57,104,217,87,29,54,188,231,89,194,220,95,67,186,7,118,161,51,27,57,208,55,94,132,224,105,215,252,54,90,181,195,60,139,201,11,252,177,142,21,128,18,41,226,238,230,80,141,209,109,153,209,36,117,214,21,61,220,150,82,58,253,92,96,38,184,104,245,162,14,60,215,183,79,51,179,154,36,128,250,57,187,242,234,42,111,156,121,36,163,57,123,144,48,1,244,161,31,9,193,163,125,35,139,117,33,143,85,28,130,199,50,96,240,254,60,146,190,2,159,224,118,107,197,189,88,213,237,81,55,255,146,107,217,137,162,60,225,141,118,110,203,3,83,156,19,51,181,179,127,15,235,191,53,236,155,65,41,147,85,0,196,182,106,32,178,127,75,129,205,74,186,129,122,53,180,219,7,123,198,52,11,242,85,54,144,200,12,104,163,186,58,112,244,88,32,224,162,26,219,229,121,5,157,135,36,221,189,31,57,181,106,116,137,243,48,178,235,112,102,162,196,106,55,182,63,42,184,209,127,68,197,31,126,145,229,76,176,222,238,14,252,172,30,248,165,106,23,246,126,62,192,159,86,71,217,230,59,203,167,123,241,144,19,115,137,182,98,208,128,114,38,156,84,36,231,205,27,119,190,195,23,111,229,16,139,180,29,47,199,171,120,22,192,172,26,202,188,112,38,180,117,90,217,203,17,211,137,177,37,208,89,119,197,205,42,146,152,130,44,157,128,110,222,144,68,58,242,172,66,32,205,89,29,35,181,127,213,227,87,34,168,9,25,100,223,250,89,139,213,102,211,192,11,117,162,208,50,110,147,127,103,176,1,123,185,210,36,55,243,160,52,111,193,38,151,223,51,94,236,8,66,89,229,171,118,247,239,18,154,217,115,77,218,238,61,158,234,78,52,210,188,104,214,134,82,1,172,196,51,99,191,48,85,218,52,78,184,189,83,108,232,188,28,254,178,83,38,144,124,42,176,97,68,147,208,79,11,201,137,63,244,218,34,119,208,25,96,124,194,37,92,169,0,112,218,134,116,36,150,177,103,245,180,17,147,216,95,45,243,187,15,219,154,170,44,247,179,15,54,144,70,47,202,9,117,209,192,51,103,237,231,40,39,247,57,104,192,31,22,106,235,23,46,202,227,90,160,193,42,96,146,230,117,205,133,113,53,183,53,110,178,45,17,141,219,206,58,192,253,62,145,238,27,84,248,14,113,161,189,111,35,153,81,11,199,133,69,209,149,91,62,243,250,7,148,186,76,99,144,253,111,127,223,169,67,136,247,109,101,210,85,17,153,89,27,233,150,94,24,211,86,40,135,222,34,216,162,23,82,181,243,62,156,141,21,120,161,169,35,106,227,111,26,32,152,81,248,205,62,66,175,74,98,198,172,155,54,131,251,32,215,139,65,57,243,175,55,247,202,67,112,178,21,28,191,197,37,102,214,118,94,152,205,59,219,217,54,121,251,27,88,128,131,7,33,244,184,126,208,154,112,62,152,170,8,232,128,97,28,139,247,32,211,131,117,41,159,87,17,205,188,124,62,140,120,55,170,244,87,34,190,82,50,251,149,123,35,141,121,39,151,73,61,243,171,79,37,130,200,87,214,156,110,56,142,92,54,200,166,109,5,233,79,109,215,131,113,33,147,71,23,216,210,28,159,154,92,42,240,184,12,216,176,64,220,215,183,25,51,153,65,43,151,69,53,231,91,17,48,192,139,47,101,245,38,120,140,86,44,250,84,77,43,139,163,7,237,139,117,33,143,127,49,229,130,122,52,240,120,56,250,72,14,214,128,91,137,136,161,104,213,231,30,101,251,7,96,164,83,5,32,150,78,8,196,130,66,206,146,88,42,244,74,127,217,235,73,41,193,165,11,41,147,127,45,157,156,71,110,221,26,90,150,95,26,178,254,53,184,190,0,34,157,145,123,180,188,60,39,160,30,1,156,196,63,52,171,235,98,102,169,108,48,246,72,121,207,157,119,9,231,71,31,195,169,71,49,157,178,98,212,136,126,54,240,134,25,253,180,84,133,171,41,87,164,230,31,57,213,63,68,187,56,81,139,212,63,78,216,28,67,162,154,46,127,199,78,102,205,208,32,59,217,230,70,170,241,97,199,229,182,98,208,128,114,38,156,84,14,202,82,18,212,137,79,23,235,183,15,223,187,101,2,222,239,17,41,131,126,106,209,20,126,188,225,42,189,200,25,104,201,207,99,102,217,16,114,149,234,3,149,246,76,58,149,205,110,210,239,68,104,189,234,104,240,151,89,39,237,181,9,213,173,125,217,237,77,47,48,150,126,40,148,104,31,170,29,70,146,128,126,45,96,224,35,120,231,81,41,234,76,99,132,236,225,106,228,222,114,152,197,124,46,226,88,16,202,237,117,53,247,69,11,211,167,115,203,177,90,11,210,180,78,52,156,70,50,224,80,2,246,172,100,5,193,149,82,143,193,16,39,241,71,21,239,129,70,38,254,162,8,38,144,124,42,154,102,45,189,212,10,89,209,83,21,227,169,113,197,145,105,57,252,144,112,210,236,82,58,228,80,62,238,138,57,118,233,190,31,141,210,59,73,189,16,72,229,179,116,6,228,68,28,192,166,68,46,154,72,56,234,133,123,51,237,169,27,220,253,68,143,219,99,38,236,234,72,111,254,53,89,177,58,0,230,61,95,76,131,8,7,133,243,58,59,192,75,87,170,173,106,56,146,164,2,226,186,30,196,226,76,56,230,189,111,9,180,88,9,151,0,93,181,17,48,74,234,188,72,144,241,4,79,218,251,92,191,198,72,111,216,37,45,187,165,2,219,222,89,105,168,236,39,126,136,86,48,194,160,0,216,188,98,0,234,189,107,219,141,65,29,194,231,32,165,249,111,244,232,246,79,157,228,59,155,191,34,46,206,232,88,108,217,28,123,178,7,66,165,249,55,126,145,89,56,52,210,31,104,244,10,46,191,94,127,211,130,215,42,159,197,54,77,157,93,108,148,234,17,157,244,16,71,208,173,114,132,221,48,71,133,72,108,80,202,42,53,203,69,63,181,224,97,219,151,85,124,200,140,82,36,238,68,18,198,147,83,184,148,86,12,43,195,60,117,211,5,116,187,200,49,100,247,74,87,163,231,62,145,197,52,121,197,174,85,157,160,14,103,168,77,117,162,93,71,199,179,6,28,136,213,32,42,240,66,12,226,176,10,220,144,108,87,184,235,21,43,199,10,103,131,21,68,142,234,242,97,160,176,120,141,140,96,44,132,126,29,43,139,109,7,199,120,123,165,28,9,171,175,120,4,174,245,42,92,202,29,73,224,228,69,134,252,161,54,157,227,73,128,239,12,102,162,49,7,241,247,29,97,222,28,12,138,18,35,42,238,74,100,144,181,73,41,139,143,38,250,95,89,184,245,125,122,191,197,30,208,210,26,107,174,207,106,155,12,26,75,187,19,116,179,163,90,126,166,3,82,186,216,49,99,236,187,98,186,170,32,187,195,7,144,207,167,119,211,205,106,41,195,169,17,209,138,89,101,208,82,21,192,234,57,102,144,14,81,141,92,1,98,178,4,81,251,91,115,215,151,118,47,220,194,56,109,156,28,88,145,212,77,154,138,86,155,133,245,109,149,199,25,5,177,8,47,199,233,80,44,154,74,60,218,139,23,218,192,0,83,238,246,0,110,153,5,70,166,245,88,180,196,29,217,241,206,58,109,220,37,110,163,250,43,184,226,40,97,251,185,57,186,223,32,114,221,226,75,134,191,120,52,206,24,80,232,22,79,135,243,58,50,240,176,99,13,192,59,71,218,173,73,139,226,67,106,193,160,48,109,220,22,50,182,29,90,133,193,46,133,163,206,59,149,198,83,41,199,24,45,193,161,3,46,199,0,121,188,21,71,170,237,42,185,154,2,48,108,192,9,123,209,230,126,132,201,119,200,181,230,93,170,223,7,96,161,24,97,246,224,37,157,142,5,9,203,89,31,13,150,21,154,182,10,83,86,196,227,75,191,54,8,253,166,69,152,197,33,88,153,227,81,215,166,234,114,147,9,44,176,193,31,93,200,243,81,123,163,80,35,238,242,81,147,168,239,111,171,230,42,184,209,69,149,164,62,66,156,228,68,38,192,140,35,241,166,87,129,245,56,86,182,229,60,70,243,117,68,132,16,53,171,194,59,78,189,63,106,145,247,25,69,238,65,12,187,218,14,87,146,246,87,138,240,21,151,162,52,76,142,146,110,2,226,110,51,205,227,66,151,209,51,112,229,244,84,187,223,26,104,217,30,55,144,129,48,67,175,236,85,184,219,52,216,186,225,79,181,221,105,26,199,136,90,136,239,34,99,179,100,1,184,205,44,114,205,238,101,172,233,5,158,241,7,122,177,2,106,193,245,50,108,162,225,19,208,169,81,15,158,254,66,147,216,22,44,156,116,64,191,211,50,96,130,87,3,141,242,48,149,194,6,162,228,196,91,82,234,15,104,179,17,67,218,157,104,122,160,32,87,180,235,82,152,210,77,71,138,20,13,68,176,137,16,229,136,89,248,159,96,3,157,221,13,106,183,96,123,189,236,97,219,151,31,245,229,18,82,97,184,68,220,236,72,28,252,94,82,40,168,4,79,176,231,19,218,189,48,99,169,224,3,149,150,168,108,145,17,2,206,193,58,146,167,179,25,55,225,77,59,235,93,17,199,191,121,31,201,225,53,184,251,4,214,255,122,79,170,248,83,112,180,213,5,185,228,77,190,221,107,136,217,15,63,46,238,122,62,196,86,96,246,132,30,48,142,127,64,148,228,25,126,173,89,20,251,234,41,159,183,233,75,180,138,87,138,161,33,81,235,166,87,117,221,14,27,193,169,19,255,173,29,207,131,121,24,210,164,97,73,203,16,39,244,190,20,34,188,181,19,243,161,66,145,189,24,9,247,167,25,205,234,162,28,216,160,96,34,154,91,123,193,18,119,107,137,64,61,218,245,93,142,226,84,189,181,57,91,183,210,126,127,160,232,121,250,128,18,220,178,167,1,211,177,17,41,141,115,17,251,167,63,232,219,1,68,129,252,118,227,190,5,130,214,21,99,106,205,69,107,190,25,124,187,179,54,133,249,38,0,242,166,28,212,142,74,8,200,84,24,222,176,161,55,197,117,92,138,252,11,106,215,175,4,197,223,6,126,185,245,87,174,154,89,142,223,57,99,82,187,18,147,171,10,25,249,91,117,219,131,109,0,238,94,16,196,186,114,44,232,140,75,183,229,239,112,255,85,99,253,143,109,205,229,73,47,205,158,96,21,172,20,75,196,188,118,50,186,122,60,241,183,127,211,159,119,7,227,183,61,212,214,42,68,179,24,12,225,174,39,148,210,3,85,141,242,121,111,146,26,121,253,210,81,111,196,107,3,231,180,82,60,232,86,6,248,172,98,218,148,80,216,255,129,15,213,183,92,120,198,233,68,213,181,23,24,254,166,16,252,170,26,204,128,118,46,232,164,99,36,208,12,77,165,187,12,223,252,7,107,192,219,37,164,254,14,85,189,192,24,153,202,58,125,213,93,29,223,173,115,59,143,91,51,195,95,115,58,156,182,28,196,174,26,226,149,99,206,133,76,97,57,239,240,118,185,179,29,139,224,41,148,172,216,14,45,138,52,28,171,235,66,194,169,104,144,178,254,39,178,232,50,187,159,13,126,176,53,111,119,178,26,117,212,186,98,204,184,102,214,136,124,25,209,139,71,5,197,81,21,219,173,119,231,182,85,42,204,160,70,110,159,162,19,192,184,52,147,160,241,84,147,159,94,151,210,59,123,164,75,10,214,178,26,83,130,86,38,139,201,14,216,215,62,79,142,183,111,41,229,163,99,239,179,121,203,149,82,96,250,140,106,202,226,70,44,224,153,37,138,176,3,66,143,254,50,66,185,126,106,200,29,21,221,156,58,75,169,224,93,165,223,6,208,216,38,65,241,171,2,213,201,71,79,128,194,66,157,151,80,26,240,190,24,42,136,104,0,228,74,104,210,229,83,3,245,169,31,253,188,3,144,221,3,37,130,200,38,58,212,235,62,210,178,20,46,148,124,13,249,167,23,201,189,115,43,229,139,50,223,171,86,28,238,184,14,220,182,72,38,134,94,2,232,237,125,46,180,244,65,147,189,104,47,174,63,113,149,249,57,78,130,20,117,130,29,28,222,225,6,91,142,171,23,197,181,103,219,145,73,3,255,189,164,48,244,186,12,252,129,115,204,247,68,40,236,143,58,78,187,175,29,173,254,49,152,214,59,9,245,184,62,218,221,25,122,246,83,30,180,193,39,99,152,228,80,185,187,47,150,199,56,67,233,242,14,64,141,78,18,216,170,116,202,152,114,4,226,169,65,37,139,169,19,213,128,29,207,131,121,49,210,142,22,214,152,102,44,244,72,20,236,150,53,86,166,7,59,213,160,103,150,205,51,106,196,4,26,40,167,242,33,185,225,5,198,193,34,116,223,137,103,199,159,67,41,199,177,29,203,187,109,33,254,182,112,6,153,125,36,132,69,18,163,232,67,114,147,244,67,178,216,34,168,139,34,149,205,14,20,210,135,68,68,236,237,69,158,148,123,48,200,244,92,115,204,54,114,145,73,32,157,250,60,136,129,168,79,158,204,5,210,146,84,34,232,176,4,55,143,95,59,207,175,17,43,145,83,14,134,4,26,145,251,2,108,240,13,83,140,168,96,74,138,226,74,171,247,87,112,204,11,55,178,198,35,215,252,12,95,144,249,55,90,232,109,48,182,82,85,122,217,85,97,188,26,34,129,175,73,47,151,65,20,194,178,100,216,142,70,0,252,186,122,236,167,249,76,155,253,119,159,166,4,115,186,46,77,110,242,24,69,252,174,98,216,144,74,6,142,78,16,197,139,121,10,243,75,27,247,139,107,205,231,77,28,198,178,74,253,139,37,99,180,86,105,202,239,6,64,129,244,36,164,149,114,1,209,58,82,169,203,213,94,179,170,22,155,193,4,106,250,247,99,131,149,47,104,178,10,93,233,185,21,41,137,107,108,210,186,100,208,190,68,13,218,15,74,168,184,14,82,185,173,53,140,143,101,51,141,95,61,157,156,106,11,196,174,26,200,184,106,222,148,102,43,32,245,63,118,129,71,15,227,175,7,215,179,109,35,190,197,57,140,203,61,147,252,112,102,232,189,65,110,180,235,7,203,145,99,45,131,81,43,253,130,98,58,180,105,107,196,246,41,159,220,63,124,132,205,79,131,195,16,156,181,173,1,205,165,117,56,204,172,36,5,194,63,110,140,103,42,207,31,61,37,211,26,90,150,233,105,47,129,75,33,239,176,66,10,173,88,60,226,128,106,214,132,116,12,236,243,33,108,229,109,45,239,125,3,203,95,65,7,169,25,106,198,165,63,34,196,45,42,148,48,111,133,216,75,106,188,249,121,209,213,2,139,170,227,2,206,174,44,139,162,31,82,222,136,116,34,249,171,31,213,141,71,3,139,97,32,146,242,38,116,248,28,86,189,199,24,158,182,5,98,203,13,84,187,240,7,109,173,9,88,162,143,44,100,168,164,115,196,193,35,62,144,44,71,248,18,61,101,182,235,23,201,189,115,43,229,161,41,233,171,57,38,196,111,7,181,249,66,46,200,39,75,188,19,47,152,253,107,143,222,71,113,188,240,33,112,204,229,4,134,192,48,127,253,92,126,212,243,22,254,143,228,94,145,246,41,142,215,75,3,226,90,7,57,240,1,73,178,239,119,155,196,0,104,212,239,26,221,250,59,128,221,123,50,229,46,5,164,220,247,80,155,219,3,42,204,15,107,181,20,56,208,155,65,31,201,181,99,249,168,121,47,231,161,29,204,140,78,246,207,215,106,177,241,38,141,167,8,73,74,244,3,174,236,39,102,203,57,3,230,181,11,92,148,237,102,96,255,11,145,160,70,24,246,189,85,57,159,189,77,254,129,113,35,151,77,5,38,226,64,7,168,52,69,200,92,104,192,144,108,103,199,131,110,116,221,57,75,193,22,126,175,161,93,58,162,231,61,164,132,70,144,164,48,10,249,157,55,158,177,22,81,219,137,32,140,143,92,53,151,216,5,85,217,59,81,152,67,102,135,210,101,70,165,198,32,141,163,40,80,233,54,86,179,20,34,82,158,88,20,210,146,30,34,232,122,4,154,143,67,22,153,121,17,245,91,121,35,143,125,45,198,186,90,5,167,11,116,178,168,43,252,193,86,66,175,231,90,76,141,41,125,137,25,100,170,21,104,218,142,68,60,246,178,112,48,188,64,6,178,164,90,120,213,13,55,138,175,65,188,195,15,104,161,188,40,154,226,18,83,181,0,4,198,84,26,9,157,169,1,209,173,65,33,169,112,16,250,85,117,214,195,34,101,145,84,88,146,226,26,137,215,207,29,39,189,75,37,247,85,53,205,177,23,53,236,159,112,208,208,57,44,141,43,20,235,255,63,217,205,232,59,148,11,33,132,249,113,102,181,232,39,155,212,16,36,210,4,65,248,245,32,101,187,30,49,77,179,69,198,233,23,91,188,53,101,131,222,214,48,131,247,42,32,148,74,2,252,184,0,39,233,119,61,197,115,72,244,157,124,61,145,111,85,38,130,109,49,128,74,86,143,44,91,159,222,247,127,238,211,8,149,172,26,7,179,252,17,163,191,24,117,187,242,29,185,220,63,96,156,244,84,120,215,23,82,246,85,4,136,131,6,43,213,20,46,139,253,74,96,212,46,100,179,27,66,252,180,85,17,207,143,27,223,229,119,1,151,143,18,216,148,34,86,183,44,116,40,133,62,100,217,80,91,126,159,21,113,182,241,118,171,129,28,41,247,6,69,116,195,44,105,164,74,102,175,78,105,181,234,79,126,189,230,58,108,235,25,3,209,17,116,195,195,24,125,195,237,66,146,156,126,55,152,4,120,185,223,16,116,189,65,77,130,18,88,147,179,127,62,206,170,126,222,128,90,0,232,82,20,193,92,117,41,159,87,17,205,139,75,215,155,161,25,208,255,29,112,160,82,47,202,235,90,123,208,28,99,162,177,63,107,173,91,23,159,95,97,239,181,125,56,196,92,108,226,177,57,139,170,10,6,237,92,35,100,199,9,120,150,161,39,107,165,117,57,255,184,66,216,230,64,18,240,80,104,230,159,82,74,172,201,31,223,145,90,63,173,237,120,137,177,65,120,142,86,98,250,138,102,58,154,124,22,252,164,117,11,162,106,32,229,70,19,136,211,14,116,157,242,6,154,224,118,4,158,176,14,238,134,106,208,213,191,65,244,153,123,125,170,93,126,166,85,18,89,201,88,50,187,128,75,124,202,23,94,148,243,15,96,196,62,127,249,79,71,183,240,107,96,171,197,79,157,176,16,54,148,191,60,154,226,67,66,225,25,49,145,137,119,39,153,77,3,251,181,113,32,224,162,26,219,183,2,203,182,74,50,227,86,19,44,138,85,57,255,44,73,160,238,69,137,135,191,56,101,250,53,99,146,14,125,192,8,35,134,222,202,125,128,244,43,102,199,49,99,165,228,75,104,163,29,48,167,49,20,193,176,46,155,168,15,24,213,241,21,113,229,79,59,233,89,11,255,181,84,14,202,136,98,249,145,92,100,162,21,106,250,249,70,107,137,238,17,114,194,69,125,177,0,93,99,204,88,29,148,18,81,165,230,57,128,207,52,105,151,214,121,140,176,21,13,170,23,78,160,232,22,94,242,232,38,103,230,53,120,181,25,89,188,135,117,15,240,77,41,139,227,77,123,162,18,78,150,142,68,60,246,178,58,250,188,10,208,152,108,53,218,135,99,55,151,121,19,249,161,11,247,165,124,4,207,81,0,216,134,72,20,130,92,77,169,211,125,19,201,226,95,168,198,17,205,246,85,68,140,207,11,34,179,9,20,208,88,24,218,168,110,29,241,189,21,37,171,120,60,135,164,23,243,185,105,42,150,89,21,228,166,10,67,144,239,97,160,217,127,40,195,16,117,132,202,9,115,202,107,91,149,202,59,71,230,57,101,168,243,60,130,226,54,104,161,233,90,184,189,36,160,243,78,53,157,250,8,97,249,70,105,185,94,20,204,134,66,0,192,179,119,61,143,89,5,208,94,107,130,245,62,118,161,253,122,44,155,6,122,173,94,75,139,140,90,105,168,31,84,139,173,112,217,175,50,88,165,16,26,111,164,76,106,169,86,95,185,252,100,99,174,204,18,144,199,63,45,179,3,90,245,192,43,140,147,233,92,72,158,66,45,224,3,85,252,248,47,82,214,21,27,233,175,119,203,151,111,63,155,175,118,216,216,117,78,175,30,80,244,219,78,171,219,253,38,102,169,45,92,134,59,102,142,233,82,119,158,74,54,137,226,74,114,169,78,62,240,164,26,57,243,175,29,218,246,67,205,156,57,116,224,13,33,102,192,126,67,164,23,73,164,162,92,141,184,42,13,203,215,65,83,194,23,23,233,179,9,253,181,170,8,232,128,78,231,172,28,123,236,18,92,124,203,18,67,205,27,80,159,241,107,126,198,16,18,118,241,28,50,210,231,20,252,166,18,234,157,8,111,182,230,36,66,203,17,110,189,231,82,178,128,25,117,137,246,85,149,208,39,81,240,65,10,108,210,4,61,185,238,40,188,255,117,195,137,81,38,245,244,14,153,240,80,50,204,152,55,205,178,17,103,166,43,69,134,204,13,121,180,6,67,146,193,3,68,248,92,34,136,237,52,67,210,247,92,104,233,59,127,172,61,9,159,204,69,146,210,51,79,158,201,120,156,219,35,79,162,32,38,145,251,6,89,227,78,5,169,253,47,33,157,91,27,231,146,88,42,222,103,86,183,204,54,194,200,59,112,106,210,45,108,213,44,13,171,244,50,102,227,31,84,167,239,59,164,148,42,117,152,172,12,238,162,120,113,174,29,1,236,163,71,159,205,127,119,184,163,35,124,246,72,18,232,156,61,34,128,96,56,233,132,3,127,216,75,59,237,161,61,226,205,11,113,244,182,4,202,146,102,50,138,112,27,134,227,61,13,238,91,120,165,36,92,149,246,46,105,223,239,1,78,249,43,68,167,226,114,212,174,64,222,229,189,97,199,229,79,59,233,115,38,187,251,40,14,195,90,87,130,237,37,117,246,74,124,171,29,43,33,194,225,83,182,163,65,184,229,75,211,221,251,43,186,146,15,98,174,253,4,136,237,114,204,197,163,3,219,191,101,3,237,89,7,221,132,89,116,183,172,97,248,245,36,143,203,11,80,244,10,56,155,172,33,33,154,229,85,142,173,85,142,245,12,14,138,197,62,123,150,72,89,154,224,35,194,177,24,99,193,161,121,221,131,161,11,247,165,21,46,200,117,84,132,195,14,199,152,91,114,163,13,54,185,129,50,89,170,24,54,190,187,76,129,251,31,2,184,233,44,138,154,29,74,165,253,63,179,255,20,95,173,206,31,185,222,123,33,255,169,21,42,154,76,0,246,174,104,14,129,34,107,244,22,113,184,197,18,105,212,196,89,170,215,63,211,233,31,112,238,230,93,202,130,124,56,246,182,2,198,217,104,64,161,179,4,140,233,94,112,211,61,114,81,234,59,93,186,31,70,184,142,17,152,195,13,81,199,193,42,47,212,29,113,136,167,5,119,137,10,77,168,92,12,254,178,66,13,154,86,20,212,173,102,85,173,232,3,209,171,125,241,150,23,121,129,226,76,56,230,86,8,252,178,64,9,165,61,93,133,95,120,45,252,25,94,165,16,8,149,230,250,90,246,160,12,250,170,28,208,134,126,56,244,153,115,8,167,234,73,159,161,59,135,222,43,152,168,178,54,0,174,24,69,244,242,26,150,193,66,101,237,173,111,253,131,75,245,198,12,87,239,138,25,124,135,254,96,186,239,80,139,251,13,44,207,239,48,118,167,10,7,131,22,105,171,141,107,70,254,12,57,156,128,94,8,244,136,63,153,227,110,16,199,211,74,166,221,90,115,189,125,69,160,242,59,68,232,74,100,202,152,49,200,182,102,216,166,132,37,149,210,85,91,179,240,63,184,213,29,101,169,246,72,252,208,61,146,190,231,92,165,192,17,88,163,234,55,85,169,61,100,247,127,65,210,167,102,54,146,140,43,225,138,38,159,243,50,151,202,8,87,207,235,58,112,189,253,112,160,147,95,96,178,224,79,136,201,72,119,210,50,95,182,190,91,118,174,13,67,140,240,49,146,245,99,250,183,136,105,104,202,17,26,233,224,72,101,134,110,216,132,115,36,242,186,107,205,159,7,88,144,10,111,108,179,235,84,206,168,122,216,184,80,52,154,146,79,113,173,22,5,249,175,103,33,157,101,37,205,88,49,122,255,24,86,165,11,44,194,185,126,119,220,28,91,131,227,92,133,192,58,86,241,175,111,251,230,172,62,200,94,108,198,152,92,251,170,28,125,61,231,83,1,241,163,23,205,133,127,59,131,105,65,190,206,13,220,232,64,16,236,128,96,194,156,169,17,251,167,21,197,183,65,12,221,29,74,205,244,64,4,202,92,102,252,138,100,54,148,116,12,215,189,91,5,241,95,37,236,241,37,102,157,89,8,200,138,24,222,230,122,6,158,174,10,222,190,71,97,199,175,25,197,179,99,213,163,82,115,191,209,82,18,158,162,104,250,132,26,40,130,84,50,249,145,117,219,249,163,15,253,173,31,211,137,65,98,222,166,76,5,242,50,65,152,164,60,204,168,163,3,229,191,101,205,183,99,209,129,115,39,157,188,118,50,240,176,60,192,134,24,34,184,70,32,217,157,58,107,221,60,23,200,253,27,199,238,33,79,148,244,43,129,202,78,128,200,231,101,140,19,95,104,141,227,66,137,131,37,144,201,59,223,193,172,36,147,148,80,14,206,90,30,36,182,64,214,203,165,119,213,181,77,49,151,181,31,203,185,105,2,246,172,100,222,154,98,34,228,114,56,192,84,109,242,230,73,75,173,224,11,100,218,50,189,143,172,119,153,233,48,113,167,228,27,188,240,11,156,166,15,58,145,220,21,151,165,6,83,201,255,60,109,238,242,91,202,192,41,107,128,4,76,209,86,76,219,177,47,76,153,248,78,190,251,125,47,240,247,123,216,246,61,141,150,77,12,154,138,90,155,132,22,47,249,135,97,51,145,113,9,237,83,113,2,238,92,12,254,178,104,32,154,86,222,158,160,21,219,227,119,3,155,171,7,219,187,29,55,157,134,59,140,245,40,134,134,117,54,190,235,58,92,213,26,33,179,200,127,39,191,93,106,194,230,101,214,180,245,95,242,238,82,153,192,112,127,186,53,49,113,224,121,83,218,161,59,153,228,43,173,185,188,127,215,180,37,131,255,30,42,216,7,95,200,171,228,57,253,131,21,223,181,67,221,239,77,45,44,144,118,20,254,170,24,200,186,110,36,156,86,121,193,129,67,209,151,95,51,213,122,40,135,151,87,9,210,206,45,128,250,32,149,198,33,108,181,246,87,89,142,19,87,110,213,45,146,172,115,94,128,251,11,126,221,178,82,129,182,36,141,223,66,109,164,151,77,144,167,111,53,253,81,29,245,133,72,28,252,94,120,222,134,112,220,138,122,44,224,189,117,47,235,169,105,245,185,85,252,222,34,115,133,146,112,208,232,76,50,208,186,102,212,132,118,17,199,191,121,53,189,125,63,141,83,27,239,145,87,78,168,255,26,245,198,124,40,221,42,105,202,197,50,158,221,69,93,149,194,64,153,212,97,124,186,198,95,100,142,32,67,162,4,110,136,132,52,64,251,175,101,221,151,83,219,155,93,43,241,185,116,0,152,168,4,216,184,26,52,154,66,44,152,173,29,207,169,84,56,233,243,55,100,193,48,104,181,220,22,42,221,29,69,196,231,65,166,251,50,69,190,239,122,153,208,41,124,151,61,119,178,47,108,108,215,26,122,137,196,38,151,245,82,106,175,177,79,142,255,33,110,241,31,72,136,131,7,129,187,128,27,222,230,18,155,156,15,121,131,196,14,25,154,244,124,223,229,46,101,213,28,105,199,22,13,206,137,92,96,252,24,37,131,219,56,214,240,189,101,207,187,105,217,139,127,53,237,167,99,33,200,84,24,222,176,122,208,158,120,10,232,72,96,1,188,225,92,141,231,99,220,139,47,118,163,217,82,153,218,40,123,146,76,26,254,199,83,115,252,85,39,158,199,33,150,225,39,104,208,91,79,139,161,224,104,181,248,53,156,204,61,60,196,231,6,207,181,8,125,185,181,99,204,156,115,98,208,20,24,60,232,63,120,198,31,126,188,249,93,32,250,254,23,249,147,121,33,139,119,37,149,71,59,241,144,74,6,196,132,16,212,154,108,54,140,90,30,0,196,47,3,238,68,99,155,196,61,155,221,12,42,185,192,21,191,130,12,32,189,228,67,151,254,236,1,155,252,23,99,210,59,101,218,37,99,164,205,118,34,151,164,48,109,232,114,56,138,84,42,223,185,75,41,137,161,5,235,137,115,223,141,125,22,202,170,85,124,171,62,98,248,68,64,149,229,9,124,173,93,115,206,168,79,112,208,6,93,239,238,106,152,221,76,6,194,128,64,204,144,86,40,217,175,125,215,233,71,39,213,142,77,105,212,125,18,194,180,104,222,150,80,12,148,84,22,228,170,89,45,211,124,37,179,212,113,218,189,83,55,182,232,39,132,252,43,119,164,172,52,140,219,57,96,146,163,50,129,217,52,83,229,11,88,137,243,69,70,194,246,41,210,134,124,52,238,170,50,242,180,105,47,247,75,23,239,191,27,47,143,113,33,220,137,104,130,214,53,86,223,3,73,160,188,116,93,188,218,49,136,220,35,78,215,233,74,171,216,75,127,152,253,6,138,240,57,66,128,4,12,154,31,119,111,135,9,91,168,181,4,223,237,31,108,255,213,37,159,234,118,42,243,23,81,244,240,96,193,193,209,13,157,214,42,124,197,87,49,195,161,1,0,228,74,104,210,190,108,220,142,66,56,240,170,77,213,191,122,107,174,251,83,211,162,121,135,170,224,96,96,209,56,98,219,40,50,226,90,73,137,164,207,17,137,163,43,123,206,23,41,178,1,40,116,210,13,2,186,201,112,222,218,59,126,148,84,117,50,246,115,118,184,2,103,223,243,113,143,208,92,112,208,178,76,50,154,68,48,158,78,0,244,145,73,3,213,144,50,141,141,90,44,231,11,86,134,162,8,109,180,195,82,97,233,96,109,219,11,53,136,216,31,70,198,89,64,179,238,46,147,198,78,80,179,142,56,208,230,47,56,176,1,122,236,133,121,47,231,161,29,219,155,103,43,241,105,32,151,195,114,25,226,17,74,191,246,54,123,221,8,29,131,194,58,126,167,167,47,239,177,63,197,141,72,20,236,188,24,6,161,32,77,166,2,0,168,196,61,97,214,3,96,143,200,28,105,196,27,123,200,212,33,54,144,162,0,224,184,28,194,202,103,82,143,187,40,116,197,27,9,128,1,68,135,10,74,18,230,178,32,247,191,66,100,195,239,88,183,203,36,153,135,15,98,170,243,78,215,220,4,98,154,190,75,26,171,126,3,201,26,112,147,144,77,33,129,254,105,217,139,127,31,192,174,107,155,216,49,114,169,226,112,130,233,61,152,139,72,42,196,145,121,35,143,125,7,178,29,76,137,239,119,112,136,233,56,97,132,26,107,188,76,88,181,92,116,63,229,169,64,156,211,54,125,206,83,22,197,197,53,124,176,1,72,171,210,29,163,198,51,84,146,175,73,47,151,107,0,146,14,105,176,243,76,209,178,245,51,146,201,30,119,170,66,28,175,239,86,96,191,93,15,35,251,4,64,149,23,122,163,221,74,67,194,12,81,208,193,110,200,201,40,115,215,196,31,215,164,8,70,220,24,112,164,113,34,239,201,26,84,157,178,73,117,181,64,23,224,253,88,64,205,11,83,190,233,60,104,246,67,51,229,89,92,3,181,255,44,241,174,111,150,201,91,96,192,214,106,89,250,14,85,170,1,73,233,87,7,249,190,103,70,178,253,118,54,130,70,38,179,236,112,118,141,86,53,216,227,86,178,216,53,41,181,2,35,186,154,31,76,128,5,10,130,31,40,124,188,251,84,158,215,73,116,195,225,70,241,29,78,245,140,126,50,232,160,26,214,190,121,100,170,239,60,36,139,20,125,178,22,126,161,173,81,126,167,16,10,216,219,54,112,165,164,46,173,224,62,248,242,232,67,140,201,123,130,175,7,104,193,225,70,249,140,122,42,156,80,6,254,146,89,118,188,59,2,38,137,14,119,160,4,94,139,67,52,135,250,12,59,165,138,39,108,216,31,8,140,251,78,146,136,56,81,138,10,58,176,157,60,73,161,10,31,131,221,126,42,152,72,58,238,164,28,252,191,31,84,195,142,30,139,170,58,71,165,214,104,135,252,22,80,159,218,0,42,193,22,113,175,246,96,146,237,75,94,209,227,38,253,133,49,112,223,245,1,177,171,12,50,156,72,54,204,117,5,202,202,7,85,133,212,51,81,185,60,66,209,200,5,153,250,92,64,187,16,41,96,146,12,113,161,25,64,238,147,139,4,180,240,57,226,135,72,119,254,29,95,187,195,32,65,169,51,58,170,21,71,185,230,74,245,164,238,115,46,191,16,93,216,224,113,139,204,10,74,233,215,70,189,200,48,48,210,15,67,187,230,99,46,186,20,75,136,17,29,56,185,1,152,161,242,5,106,227,208,117,139,8,69,160,214,20,132,164,30,88,159,187,124,247,204,174,125,141,28,77,5,168,23,116,159,247,26,37,226,28,115,160,17,26,95,148,196,77,164,247,19,161,245,6,133,177,247,17,192,133,61,36,254,164,12,220,143,84,142,220,77,3,251,181,91,2,171,53,122,197,87,97,222,236,70,24,246,124,67,150,246,19,0,190,21,61,108,212,77,24,255,233,76,143,202,112,215,181,15,33,164,158,63,74,162,13,28,140,239,92,148,149,17,100,162,197,23,128,197,15,66,153,27,42,220,230,124,10,228,182,20,244,140,112,214,244,116,92,155,193,4,53,185,236,81,150,226,97,62,177,12,41,182,201,125,32,198,27,124,161,214,110,155,211,7,124,227,27,76,183,227,113,97,174,233,118,78,230,41,78,216,231,2,146,251,18,42,142,116,121,35,143,125,45,159,83,9,235,150,51,177,250,168,100,179,200,87,103,188,81,40,174,19,114,151,134,67,114,177,16,84,162,212,19,134,197,9,70,48,242,5,78,204,162,125,148,225,39,129,195,70,64,179,213,14,45,221,2,61,241,167,31,217,149,68,4,198,84,26,34,156,111,149,174,70,19,169,215,30,70,161,23,110,144,47,98,160,235,50,127,164,134,29,136,215,229,102,192,24,45,254,195,36,119,130,177,27,74,159,25,118,175,91,15,197,189,94,26,226,162,78,223,246,5,156,180,120,91,176,220,58,107,185,206,118,131,44,104,173,238,49,173,248,244,39,44,236,120,60,232,121,23,166,205,80,90,176,91,37,128,252,7,126,167,2,65,249,161,67,18,233,184,12,208,151,16,218,139,103,44,158,239,14,79,208,48,75,185,169,2,175,228,87,130,139,94,26,210,222,5,70,217,57,96,130,207,119,7,177,242,67,133,139,101,129,180,16,68,188,245,44,125,164,239,121,204,29,91,83,237,39,117,221,169,54,1,170,82,127,211,242,55,232,253,84,133,175,17,6,225,180,60,101,164,231,87,136,205,117,79,194,194,107,159,234,93,117,222,18,1,158,218,122,42,156,80,44,211,252,58,185,188,126,204,146,171,56,115,246,5,106,186,89,38,213,233,44,129,175,45,48,188,225,88,147,224,13,69,136,19,66,80,220,59,59,144,9,44,136,231,7,70,240,221,13,79,152,72,58,238,164,28,214,146,48,247,206,30,91,144,240,127,202,231,17,88,187,22,16,215,164,23,124,173,48,64,151,223,126,121,178,231,33,157,217,206,76,141,32,4,251,141,107,203,227,71,20,50,182,101,100,169,20,67,129,186,105,48,234,16,45,160,214,115,148,207,52,80,176,198,27,164,172,29,67,186,30,101,133,220,19,179,142,72,4,41,233,117,57,255,123,54,191,250,81,127,137,58,60,143,247,26,120,137,43,116,133,207,96,158,219,181,61,253,191,39,254,146,61,116,223,236,124,219,212,51,95,168,231,64,175,238,24,198,183,100,44,193,156,82,21,147,91,13,231,219,104,175,250,6,92,168,136,121,130,161,20,75,145,162,24,202,236,18,91,156,56,27,173,216,20,57,195,12,86,195,140,10,125,209,247,83,146,254,87,138,249,11,198,186,244,24,100,182,236,124,223,150,39,250,164,63,114,139,134,33,96,198,43,12,246,162,16,234,159,8,80,183,244,55,249,164,123,140,195,21,98,164,255,48,44,186,19,122,147,212,37,137,248,37,128,190,232,115,207,137,69,3,195,79,19,217,129,88,119,147,22,45,140,170,95,38,201,230,86,137,253,12,65,229,237,92,145,206,123,153,204,0,45,245,176,124,212,228,64,20,222,123,53,133,242,41,146,233,68,11,186,249,47,110,176,232,23,227,244,37,113,175,1,109,248,138,104,200,224,68,42,200,152,104,125,166,29,93,255,242,37,108,225,38,55,209,253,52,206,220,59,2,158,178,18,222,163,49,136,172,13,84,247,180,29,151,206,9,67,190,241,110,70,143,43,86,187,219,22,40,134,102,20,207,65,8,99,162,5,82,251,233,82,156,219,8,157,198,250,10,220,221,63,116,209,230,60,220,178,98,95,156,161,69,162,194,21,130,247,51,104,173,58,31,12,213,24,93,171,249,120,192,247,3,87,199,15,46,128,193,120,43,194,86,85,139,254,89,0,172,13,74,142,168,115,54,207,26,108,183,9,39,184,153,253,82,189,232,121,134,240,43,152,219,20,72,64,226,162,46,242,146,39,154,253,55,182,176,7,90,103,195,4,9,248,95,67,178,230,55,144,194,253,30,174,249,26,198,145,84,102,187,5,72,177,160,28,69,193,249,88,133,242,13,148,192,57,108,152,213,11,100,192,76,16,214,130,95,141,222,51,40,164,243,39,102,253,226,82,179,234,79,158,200,58,22,205,140,64,140,211,16,36,190,3,80,171,141,56,82,191,18,57,128,242,1,209,191,111,33,214,159,64,9,165,11,76,190,174,105,198,213,42,89,188,212,44,179,147,13,98,135,238,119,135,236,53,6,252,180,110,0,159,34,65,214,13,67,162,209,0,63,144,175,65,190,194,37,144,208,32,173,172,233,120,208,149,66,112,179,245,92,133,193,43,101,229,245,86,103,194,15,117,202,34,99,205,185,78,20,221,142,55,151,217,26,132,144,79,32,163,217,43,124,222,20,79,195,232,93,104,218,38,82,244,162,18,196,146,67,104,175,21,78,147,245,37,103,177,252,107,215,172,67,111,206,16,105,170,210,29,78,226,25,92,131,237,33,89,230,110,46,240,143,70,118,221,26,88,190,5,42,158,252,52,45,241,166,118,210,227,45,166,140,89,62,180,247,49,127,166,230,72,161,255,58,173,225,51,158,180,20,36,6,240,92,10,208,129,74,251,135,49,10,194,252,60,151,192,2,106,129,73,21,141,135,39,132,133,230,83,151,255,110,198,215,49,68,240,14,87,105,190,12,123,211,184,111,161,129,62,112,237,125,48,97,197,235,66,250,168,24,202,148,89,104,168,204,17,209,147,97,13,194,67,65,181,226,71,98,188,80,106,208,184,98,206,188,108,244,191,13,83,109,220,29,27,250,171,52,143,207,42,98,194,43,108,142,223,60,101,174,233,91,136,247,60,143,219,213,107,39,175,111,49,191,69,13,203,128,64,134,212,237,74,238,149,110,147,204,46,147,217,53,70,195,201,58,121,184,213,75,156,232,97,43,129,79,16,34,128,96,18,177,7,51,134,247,34,212,155,161,82,131,203,12,158,196,57,211,166,249,126,158,219,41,54,202,170,12,38,140,116,222,160,85,40,143,240,35,119,157,23,82,146,241,36,94,241,38,6,128,225,14,222,248,31,58,224,190,104,254,175,89,11,255,181,71,10,234,56,100,189,115,114,219,243,29,103,172,7,61,171,170,89,42,220,57,109,175,238,108,157,230,65,55,185,250,60,149,204,24,75,190,164,62,141,221,51,144,244,88,62,220,172,116,7,247,169,29,249,166,1,79,204,73,11,153,134,100,15,160,20,67,166,195,52,200,226,72,48,193,173,27,203,151,92,98,204,21,84,149,147,2,10,149,238,46,139,195,35,74,148,54,87,180,29,205,78,180,235,84,147,232,56,77,227,95,39,231,144,30,36,236,106,33,161,231,92,101,194,102,29,205,240,83,137,240,58,146,249,75,113,178,241,48,116,170,253,9,192,138,96,46,136,90,56,152,154,86,100,172,229,84,133,179,120,217,202,11,67,180,255,37,88,178,7,88,223,255,83,161,174,66,34,235,133,107,211,189,67,250,201,60,101,183,91,70,119,166,182,86,137,194,30,122,241,76,114,182,19,79,116,233,113,73,149,242,17,129,204,37,73,171,211,37,202,222,3,148,224,250,115,200,244,34,141,183,247,70,113,237,63,142,224,117,113,216,5,1,102,211,86,20,212,160,78,7,188,70,220,234,110,80,210,255,29,114,157,187,101,209,149,66,111,218,251,62,109,179,39,88,228,44,108,135,42,54,177,167,53,43,144,192,65,58,143,42,106,195,67,53,208,134,126,56,244,178,88,211,139,64,148,171,51,59,138,213,44,159,249,25,119,152,192,63,221,141,166,26,250,165,14,119,200,70,21,150,15,43,168,235,15,82,172,204,47,197,159,69,45,189,110,49,200,186,110,14,177,18,92,149,144,28,32,230,82,68,255,195,53,108,195,50,93,243,89,119,33,141,162,18,196,146,67,99,179,16,101,162,166,41,250,172,49,75,168,226,68,87,143,47,120,161,10,89,141,245,40,153,216,17,115,144,176,110,46,186,126,107,253,135,55,6,192,4,121,212,235,17,234,149,227,94,130,249,49,159,250,74,114,191,0,67,168,247,42,96,155,167,63,207,171,127,223,129,113,44,149,233,42,149,194,118,55,224,29,94,140,197,31,118,181,135,94,119,250,28,114,134,83,51,203,175,124,26,196,176,52,227,128,58,111,170,8,24,165,196,7,150,201,246,112,161,5,44,164,157,99,223,114,195,44,149,209,28,103,215,6,127,162,227,37,117,149,24,41,100,248,32,217,181,14,19,191,30,25,96,211,235,45,190,232,62,159,226,24,79,168,249,43,112,128,117,111,140,25,99,169,196,103,111,140,225,44,101,252,120,114,194,40,118,163,10,85,70,241,251,32,181,191,23,152,225,39,87,247,245,51,128,175,33,56,130,207,34,218,216,51,48,178,203,58,105,194,51,11,199,11,32,133,209,86,123,136,206,53,165,156,22,101,218,64,124,209,80,80,115,216,35,95,130,223,125,147,182,18,63,193,236,42,54,198,59,12,180,19,56,156,203,54,77,234,198,14,109,200,62,33,181,236,127,247,249,90,223,158,174,10,244,147,105,50,174,7,123,202,15,114,128,207,119,99,178,232,37,101,248,24,27,215,24,74,120,199,0,65,192,239,74,186,215,14,38,211,238,86,133,219,4,72,185,42,77,235,98,63,240,145,224,114,137,130,81,152,240,29,62,230,80,60,251,172,122,52,147,69,7,159,192,8,130,151,20,75,99,236,70,32,242,80,48,200,172,18,26,183,233,85,142,189,113,39,159,89,21,157,93,53,192,222,236,115,194,90,106,198,154,122,220,246,92,4,213,129,69,242,136,92,34,234,173,116,39,181,54,92,105,227,46,147,167,48,81,186,29,47,174,244,240,87,136,248,10,219,143,69,61,247,179,59,251,228,114,56,192,84,96,248,136,78,21,221,41,88,100,137,115,223,141,125,47,227,89,17,203,135,69,70,213,181,6,154,219,116,2,156,174,12,236,132,79,53,211,189,105,215,135,121,45,201,118,28,148,195,14,67,196,5,87,150,190,26,36,209,18,99,171,202,127,97,128,115,46,153,69,85,182,226,59,67,140,132,81,148,169,32,104,193,160,39,204,239,57,74,172,48,37,131,194,1,96,212,5,64,173,201,31,186,158,160,46,244,188,16,220,180,68,32,219,187,29,55,157,69,47,155,73,57,193,114,80,119,160,235,60,123,253,28,62,141,90,98,187,26,28,122,225,226,72,191,206,45,118,218,39,113,172,206,61,121,151,124,60,254,76,18,218,174,122,210,201,165,121,217,187,85,59,227,77,57,231,125,36,97,222,7,88,129,200,1,147,251,82,39,182,1,10,137,166,30,98,181,253,93,108,231,19,126,179,222,32,113,251,86,31,154,20,83,163,228,49,159,176,39,105,147,197,31,157,182,15,64,152,95,5,193,142,7,123,190,235,50,119,173,20,52,182,13,62,156,173,123,13,235,75,99,199,173,75,53,225,182,102,216,140,66,58,244,176,56,248,144,37,199,245,31,82,188,209,34,123,192,49,25,187,19,72,159,218,122,44,224,86,14,200,132,66,2,142,82,127,209,155,113,63,179,134,71,172,201,49,203,167,245,47,128,205,37,101,144,12,64,143,38,70,151,223,55,85,186,220,19,103,241,18,51,197,253,125,96,203,44,105,235,74,122,186,237,102,118,178,225,99,135,210,61,93,193,8,80,201,225,78,223,131,80,110,216,132,114,34,148,72,62,246,154,65,244,155,93,43,241,185,13,217,177,65,221,241,123,30,61,146,18,126,240,3,98,169,24,66,191,132,64,101,37,177,117,59,141,87,45,251,85,77,232,172,172,88,161,222,18,108,197,39,102,163,59,20,206,241,121,57,251,73,15,215,171,119,207,181,86,65,147,240,6,56,164,15,122,166,21,72,159,192,27,108,139,214,36,207,213,16,43,245,75,25,243,133,74,42,232,139,67,110,148,5,123,204,4,4,191,213,26,71,192,87,25,231,173,95,228,156,101,115,143,221,32,149,190,3,120,224,26,85,179,244,75,59,166,244,34,117,203,64,27,218,89,19,244,183,42,79,170,5,53,170,239,11,124,223,24,111,167,237,59,114,185,238,116,150,183,73,138,208,40,127,216,175,14,34,130,101,14,233,92,67,177,238,81,125,206,26,111,157,192,18,63,199,14,86,168,253,68,17,188,133,66,168,251,72,229,170,25,114,234,211,60,39,205,7,103,203,78,19,133,241,1,117,169,238,81,83,188,80,48,146,134,63,174,246,81,85,204,21,122,188,224,49,175,147,15,108,185,240,45,100,205,18,87,198,224,74,157,128,52,65,186,194,46,141,208,13,88,243,176,105,161,227,27,193,162,247,73,153,226,126,218,238,78,26,231,226,93,125,214,2,97,164,17,108,201,211,56,98,186,11,2,116,203,23,101,148,82,121,194,240,63,138,199,200,33,158,197,30,47,175,24,82,132,203,15,207,248,70,38,249,161,124,156,206,16,73,184,15,44,101,232,71,125,174,24,87,180,227,48,153,155,21,1,143,223,26,2,223,98,59,180,204,37,234,181,231,71,98,145,125,43,155,103,44,179,225,44,37,209,7,90,165,236,114,219,146,46,127,223,236,67,135,162,61,127,160,1,111,160,243,113,133,214,26,110,141,202,41,107,190,4,127,153,196,125,69,190,11,88,137,243,69,124,207,10,124,161,29,122,178,158,217,87,242,242,75,200,144,100,48,136,88,52,47,165,92,78,162,21,66,169,93,16,255,246,37,74,139,237,53,74,134,0,87,166,239,104,151,239,235,66,183,232,86,161,227,77,57,231,87,9,253,154,120,33,141,3,92,147,230,102,51,130,11,106,159,240,30,100,249,167,67,178,227,76,151,229,72,95,238,166,96,220,154,90,38,234,154,47,137,241,27,112,133,161,28,217,248,47,67,162,4,76,131,128,7,106,177,255,55,157,174,112,254,132,76,32,211,171,81,250,167,2,99,199,176,21,177,228,80,100,171,5,67,180,234,40,121,136,20,71,156,196,31,114,146,79,97,255,95,119,219,129,95,35,216,198,51,98,224,75,14,156,214,77,188,222,83,112,181,235,36,174,153,117,9,233,75,101,203,179,55,29,219,29,76,177,170,98,220,152,124,59,166,232,22,37,239,69,19,237,191,29,253,191,84,214,255,201,52,97,214,24,127,163,174,102,46,190,106,32,227,166,43,141,218,40,101,212,167,66,161,215,105,118,173,78,111,165,94,92,157,199,122,101,243,242,33,98,163,6,69,144,177,78,149,207,25,51,155,166,67,104,221,22,102,167,14,118,202,202,21,175,237,185,102,131,196,53,98,235,79,115,140,201,7,8,238,86,0,236,90,10,252,176,102,222,178,121,60,108,215,29,15,252,171,69,138,224,61,144,237,247,114,134,165,26,102,171,6,98,180,229,15,44,150,25,78,138,23,33,68,192,59,80,150,79,99,42,140,166,12,244,94,10,248,168,26,228,169,50,88,145,195,87,103,162,228,121,128,11,34,169,221,27,110,134,245,50,90,166,1,101,252,247,76,141,168,237,33,132,212,29,136,228,73,137,166,15,17,144,166,9,42,151,254,81,185,226,84,169,199,28,122,164,187,49,124,245,65,5,203,93,103,253,139,102,51,245,24,58,157,190,18,73,187,244,89,145,210,35,5,145,211,72,185,219,86,141,131,53,82,161,150,111,6,168,7,43,156,249,73,137,196,48,111,176,215,79,150,199,55,93,202,196,105,242,141,12,95,163,232,89,180,199,48,212,182,232,81,189,197,71,59,241,169,99,223,167,103,3,154,51,64,136,216,100,112,222,241,75,128,128,32,135,184,100,57,233,113,34,239,144,51,125,180,177,61,193,135,106,39,164,224,77,218,184,24,48,148,122,24,194,191,110,119,171,28,15,140,192,56,151,199,71,155,135,194,74,42,198,28,123,141,196,4,152,205,108,61,233,87,7,249,173,99,219,149,81,15,229,118,2,66,219,168,62,204,166,120,214,182,78,50,152,157,71,25,204,21,77,178,173,101,223,155,99,35,204,90,96,40,188,72,32,240,76,96,234,143,56,71,180,91,7,245,165,23,203,129,121,51,239,173,84,32,228,170,60,198,92,106,196,188,89,144,162,242,29,59,229,81,63,239,161,21,203,131,125,57,232,168,106,248,190,70,218,230,126,14,234,190,52,10,138,230,74,171,231,19,216,240,60,141,195,81,105,50,182,48,87,135,60,100,225,207,47,52,143,89,37,135,250,41,83,160,15,105,177,230,14,33,194,190,6,198,136,22,220,228,120,4,156,172,8,3,227,69,31,197,173,23,195,177,97,211,135,125,28,252,191,30,85,212,244,102,241,128,76,116,193,201,82,164,206,17,219,255,192,94,146,177,90,156,238,226,46,157,164,35,107,180,60,75,150,162,58,49,141,161,1,227,189,99,203,181,97,207,191,113,12,194,186,116,48,238,174,58,212,169,31,34,230,228,87,179,251,64,74,147,127,81,179,226,81,170,182,5,94,141,216,62,140,203,34,200,200,225,121,39,162,79,108,178,95,77,154,194,38,159,191,109,4,246,170,96,216,146,78,12,204,88,28,34,180,165,59,201,163,117,211,179,75,47,191,158,82,141,158,71,9,252,228,39,142,220,44,105,170,19,98,96,222,95,139,229,26,79,180,30,41,150,135,63,77,242,242,85,133,190,122,79,236,248,37,176,186,167,57,195,89,103,193,147,113,209,233,77,51,209,226,78,60,236,94,18,226,173,52,115,246,42,0,247,247,2,154,177,52,101,229,187,6,224,151,56,65,183,204,30,150,178,32,149,148,78,10,200,136,123,63,197,87,97,247,133,31,49,143,111,45,198,252,24,69,236,90,10,252,176,102,222,152,84,220,195,133,19,217,225,117,43,180,226,68,156,235,89,28,217,239,65,146,250,30,205,132,62,124,185,231,43,13,130,26,99,232,191,65,113,252,63,125,194,222,20,152,161,57,10,248,168,26,206,132,124,54,217,161,97,35,177,119,63,147,95,55,199,163,93,19,174,255,40,156,178,23,206,232,60,99,232,21,34,108,137,169,63,154,210,122,199,244,65,159,163,243,18,109,142,50,91,252,168,22,198,184,108,34,193,187,119,255,191,65,207,149,93,27,208,92,103,120,179,14,90,150,235,1,210,180,46,150,197,8,126,129,220,25,64,175,17,87,150,215,97,135,159,189,114,151,176,72,44,146,176,26,198,180,100,214,241,167,31,217,149,29,247,178,35,118,179,27,27,211,232,2,83,181,18,55,145,209,6,216,128,60,93,140,243,16,121,186,245,46,149,243,51,134,255,76,50,254,196,33,128,230,14,126,143,184,109,219,235,9,74,129,241,56,85,185,115,92,216,56,3,130,224,42,71,228,177,26,182,209,62,109,225,122,5,156,252,10,195,199,67,7,131,204,17,213,155,84,30,244,130,28,46,140,108,4,194,99,35,146,233,94,14,241,227,38,137,209,29,144,209,56,125,147,249,104,123,213,231,82,133,253,74,125,207,72,66,175,226,90,157,200,119,97,160,165,53,35,163,37,96,160,243,84,32,186,76,42,138,162,6,236,219,118,66,166,233,82,203,129,121,51,197,90,114,117,252,32,60,141,92,112,138,245,59,178,182,75,90,197,178,27,157,235,42,175,197,2,85,167,207,253,83,248,190,16,218,176,126,216,234,98,5,142,206,57,91,249,172,17,151,231,40,175,210,2,76,158,190,118,173,193,51,52,189,82,38,176,211,114,124,213,253,42,205,185,103,215,163,80,58,233,245,7,84,162,28,67,187,172,112,138,208,63,64,133,249,22,123,198,203,83,141,248,7,201,194,62,116,134,193,81,136,211,61,48,229,76,95,240,204,93,84,184,21,115,217,129,107,253,168,48,116,215,16,54,42,251,164,32,190,225,53,170,150,32,123,215,194,39,203,227,71,45,225,152,75,226,251,63,96,194,186,116,48,146,85,116,218,27,66,175,228,14,5,225,181,21,247,145,119,245,164,124,103,221,0,96,152,193,1,80,139,209,65,162,150,62,102,203,207,73,100,219,13,79,176,44,105,206,191,35,146,191,254,41,139,221,62,130,196,25,86,188,251,90,95,221,246,88,211,186,29,97,218,52,115,208,15,77,140,182,56,96,167,225,48,32,172,112,54,136,185,15,221,157,100,105,194,23,87,233,211,63,152,160,227,100,198,234,36,113,156,36,123,164,32,68,108,234,89,117,143,28,113,133,225,12,67,203,10,74,162,248,61,187,146,12,77,192,190,126,202,164,150,4,223,253,52,135,131,11,112,154,245,66,66,246,236,95,137,230,37,146,193,8,10,222,19,87,134,195,125,6,221,98,91,181,202,69,252,184,30,96,198,191,29,218,214,41,48,228,218,16,140,207,71,68,156,197,103,153,214,39,70,166,53,27,177,222,255,64,133,252,30,208,132,122,24,193,161,99,152,201,111,121,187,0,90,157,233,75,98,221,56,53,159,200,39,160,198,62,118,215,57,28,129,238,228,44,172,210,119,212,147,58,120,145,175,81,178,224,8,107,139,253,82,204,188,110,34,178,125,3,126,250,37,63,203,4,90,179,240,69,142,241,75,64,187,142,58,153,195,32,99,227,13,66,168,232,23,78,136,191,79,129,212,103,51,201,26,102,149,197,40,107,164,74,102,205,161,106,211,194,5,115,135,204,56,156,231,17,111,187,254,114,217,236,41,101,132,176,15,44,225,104,83,221,49,122,179,1,18,41,175,30,94,146,229,71,30,175,98,100,161,241,11,101,231,8,78,163,214,60,143,235,118,111,134,250,35,126,162,35,126,132,65,26,207,226,61,107,179,27,13,206,252,11,115,215,14,4,177,9,63,144,252,73,68,175,250,46,150,248,81,62,237,239,34,155,151,7,112,187,11,85,81,140,52,103,190,224,47,243,188,97,42,202,28,93,222,227,109,53,244,9,80,186,197,63,135,158,64,122,165,14,32,189,198,52,99,164,11,72,144,253,79,4,170,253,32,156,150,109,2,165,14,81,176,246,21,69,243,231,94,143,192,27,106,170,235,108,185,252,116,78,216,107,87,191,232,66,42,151,108,84,169,0,43,148,220,97,109,208,9,66,145,252,52,121,194,250,39,143,244,76,25,140,162,62,131,182,78,152,128,219,21,133,252,41,158,249,8,68,141,10,95,103,203,44,58,201,164,25,216,169,72,109,208,237,2,215,207,42,159,204,19,118,170,239,90,131,198,245,108,230,191,116,46,214,29,44,186,16,115,182,203,3,44,190,248,42,158,209,50,97,155,171,104,141,203,82,114,169,174,81,154,232,57,180,232,1,65,96,216,54,115,233,123,111,211,16,7,184,247,21,77,155,244,14,56,130,81,34,164,4,83,156,143,21,120,161,192,7,146,198,59,102,207,2,64,78,204,67,39,224,126,8,217,181,126,196,152,96,99,169,202,53,96,218,45,109,151,90,105,160,233,11,93,250,165,120,150,199,2,111,137,78,66,173,163,62,179,178,24,79,158,221,38,106,247,111,20,252,163,13,87,192,13,72,156,191,106,187,198,32,80,166,192,31,197,169,14,113,220,37,121,178,62,94,7,167,9,74,130,150,127,38,169,48,65,210,199,56,80,147,49,80,187,30,17,105,198,38,27,231,251,33,126,178,162,55,234,254,127,148,198,89,108,233,251,86,101,198,5,77,188,54,17,202,87,60,145,192,44,78,175,209,118,52,157,68,94,196,200,23,63,199,24,121,218,223,89,168,252,111,28,208,167,104,193,146,15,94,137,59,6,134,29,92,76,141,227,80,178,155,104,53,135,243,72,239,29,32,149,232,40,118,169,45,89,153,219,10,145,176,255,111,34,220,20,41,169,22,57,130,225,85,118,172,184,35,154,207,45,113,186,198,30,162,232,41,221,164,229,118,156,226,33,171,235,67,56,255,241,58,145,236,118,100,223,12,69,144,248,39,87,218,142,110,61,191,69,202,248,85,25,251,71,103,177,135,204,37,155,208,52,42,139,28,73,140,243,103,43,240,123,83,134,17,38,162,159,33,68,163,2,40,100,199,27,2,187,108,21,169,241,86,149,214,181,104,193,192,7,159,174,46,66,147,185,80,167,181,13,111,175,172,95,41,128,80,54,224,180,12,9,222,12,101,139,13,40,175,196,90,89,139,66,102,141,184,1,67,148,3,102,165,3,91,179,146,116,28,195,147,19,54,252,105,5,151,185,11,183,253,8,95,185,14,60,42,131,44,97,172,27,105,41,254,95,117,168,229,120,158,139,92,119,252,24,65,87,174,75,42,203,2,125,166,19,110,177,235,11,124,163,224,56,85,189,92,7,213,230,123,134,228,31,123,214,241,64,169,209,38,32,207,24,125,156,197,5,110,130,53,118,162,127,54,111,242,1,67,190,224,23,69,132,67,4,160,19,64,177,204,55,120,132,85,70,133,204,10,145,221,202,72,177,205,41,12,213,19,100,143,231,73,69,224,81,58,148,209,54,120,180,44,21,176,247,38,182,243,3,83,183,208,3,169,202,109,8,209,171,8,160,248,48,81,149,67,8,189,253,42,45,176,34,61,141,238,19,136,175,22,22,253,92,34,159,255,0,125,159,234,41,33,199,4,3,170,252,79,207,196,95,119,145,27,52,154,142,46,112,223,64,93,142,225,46,100,193,39,61,233,66,23,157,200,9,74,251,199,11,148,165,46,91,171,208,18,190,203,45,155,149,169,66,212,143,43,107,172,213,25,223,86,91,70,211,92,57,163,132,82,126,221,8,121,204,184,76,37,217,12,120,181,16,73,168,243,111,121,166,144,75,101,168,118,69,214,239,87,147,226,116,40,183,23,54,33,202,53,98,202,16,85,155,177,117,57,228,234,113,184,195,122,108,239,45,38,182,27,32,114,175,97,24,232,77,122,163,228,78,130,254,178,102,39,254,48,65,150,253,109,196,16,34,155,193,232,67,247,156,119,101,214,0,111,172,235,72,120,250,16,77,196,5,93,110,186,7,150,161,19,62,141,229,91,69,167,18,63,170,19,70,148,248,10,118,198,140,81,216,217,240,117,171,5,17,252,185,18,112,132,227,63,30,183,100,62,245,75,13,38,242,77,16,183,229,12,226,228,49,134,221,51,27,201,128,125,145,174,16,99,165,24,88,189,235,39,62,186,241,47,101,166,92,23,201,68,13,255,231,77,3,224,89,62,136,221,67,105,168,1,70,155,228,72,29,250,230,75,170,197,93,146,218,31,99,183,202,36,116,215,87,58,170,224,65,245,187,18,125,178,31,81,184,138,85,8,195,29,112,226,179,56,81,220,244,121,239,203,42,146,160,21,47,247,160,81,50,228,94,5,212,25,84,157,237,17,53,173,196,109,108,198,23,120,207,230,82,167,173,12,111,221,31,72,208,159,32,97,168,166,47,246,179,39,87,209,230,107,142,222,13,105,200,44,66,146,160,85,100,211,0,4,225,182,60,181,243,40,120,164,240,99,139,229,6,83,167,24,107,183,247,29,85,158,0,125,173,237,84,250,167,10,77,138,183,102,1,199,15,114,177,11,34,153,207,13,114,147,146,48,105,213,9,116,198,143,48,249,194,93,102,128,3,101,145,240,62,154,137,79,70,167,18,1,127,170,32,60,247,90,94,133,239,47,100,148,197,8,150,214,51,49,183,16,92,182,199,67,228,193,174,87,115,211,16,102,161,37,68,149,202,112,29,216,30,86,187,225,62,188,207,54,100,133,246,55,157,177,92,25,238,31,75,177,252,76,145,255,227,60,85,231,63,118,190,0,85,197,144,30,43,189,28,35,147,241,2,72,230,90,71,183,225,72,111,178,192,111,190,218,17,148,212,44,126,145,188,100,107,202,63,77,187,238,124,248,234,87,139,243,21,59,230,142,71,64,210,20,75,190,252,95,148,235,172,4,169,199,33,152,190,19,113,164,229,117,55,166,22,84,150,89,4,219,236,44,118,219,4,93,116,205,33,54,212,243,91,143,230,60,233,158,96,92,172,175,116,37,176,247,108,182,243,73,186,237,208,73,169,170,70,99,197,35,70,222,141,75,118,219,10,71,249,174,111,179,242,53,133,204,27,117,172,199,33,110,161,51,54,156,247,93,135,248,99,20,193,114,28,207,211,5,68,173,79,17,219,146,42,67,155,88,58,137,250,52,36,140,168,92,112,244,65,61,167,16,94,133,206,80,166,141,39,83,174,253,54,147,183,45,91,164,84,115,212,255,8,74,164,4,64,176,179,39,100,162,16,83,193,187,85,106,182,11,54,219,204,40,131,158,66,40,45,189,110,56,240,91,83,180,244,56,37,248,32,93,190,176,120,204,152,112,0,156,176,58,223,200,23,68,235,87,5,245,167,27,209,137,105,18,244,183,53,120,181,62,68,163,220,90,103,199,55,52,139,225,10,118,177,79,63,241,165,27,211,141,73,56,248,186,8,228,187,36,115,198,10,58,138,235,59,83,182,17,108,167,230,90,131,240,59,104,143,193,14,77,252,82,94,163,180,10,216,178,68,34,233,129,79,230,166,23,63,168,8,93,151,185,52,94,135,30,65,216,166,108,52,162,121,37,244,22,28,122,193,236,91,168,225,27,143,230,34,135,222,162,45,113,161,244,6,221,156,37,150,230,51,250,228,227,73,154,131,105,7,241,119,38,191,227,36,62,246,176,108,244,180,118,196,160,127,47,240,5,7,147,184,83,51,193,166,27,201,247,89,134,211,25,90,185,208,14,123,172,24,91,183,166,126,200,251,87,103,223,246,52,33,193,227,70,169,236,81,65,228,92,24,204,222,64,151,216,3,40,181,8,56,189,157,115,86,169,24,63,158,215,121,141,244,56,6,250,176,104,34,158,92,28,232,172,114,196,223,102,87,182,205,55,195,221,57,108,145,232,81,93,202,30,65,168,224,57,75,176,54,123,128,70,117,201,149,109,61,153,135,32,189,221,28,133,196,28,81,242,185,24,136,192,9,110,191,242,117,158,185,12,65,187,226,114,35,129,97,57,157,67,97,50,180,97,114,171,234,76,208,204,0,135,220,21,77,184,199,41,118,217,9,98,168,171,16,121,141,14,82,129,242,85,138,229,108,98,215,90,24,216,139,101,56,231,177,7,213,133,108,155,241,18,59,200,230,80,22,199,30,66,133,182,110,40,228,108,19,213,163,67,28,140,83,123,182,7,59,140,169,172,30,239,164,28,172,235,50,145,206,16,105,149,201,19,108,191,225,80,172,165,125,195,159,127,221,198,211,47,4,188,31,90,189,238,76,129,225,68,105,253,179,39,147,194,3,66,239,2,91,188,245,76,56,147,246,81,150,225,114,214,252,59,68,224,129,125,59,251,71,11,209,163,109,195,145,65,16,140,231,50,138,132,240,73,170,227,82,154,233,31,69,133,194,93,157,196,124,37,171,8,13,229,181,120,12,236,78,104,228,155,50,152,201,46,142,197,224,101,194,155,11,92,183,236,43,147,222,12,123,190,199,50,146,205,31,34,192,170,22,196,180,102,1,221,130,39,96,229,57,47,239,6,89,218,239,56,111,251,254,68,169,212,62,129,221,106,197,214,161,71,159,240,57,107,162,250,3,129,196,31,41,230,180,36,13,190,30,54,154,106,51,140,250,39,57,167,22,91,205,154,67,153,223,62,137,164,225,55,48,198,29,124,156,168,8,38,138,111,193,136,15,89,140,225,44,105,200,87,83,156,161,101,43,228,132,41,150,226,59,220,240,29,118,158,161,102,107,179,36,77,175,230,38,37,175,44,97,191,121,100,44,130,83,59,246,0,50,181,236,16,125,221,161,75,178,171,29,209,135,85,20,245,179,115,255,192,157,11,206,162,124,200,156,118,137,180,16,117,83,174,31,118,177,233,78,158,207,75,107,198,4,62,177,199,66,101,160,6,85,164,132,121,198,178,249,102,173,238,81,154,187,35,100,222,24,95,209,248,68,8,228,141,99,194,142,100,56,152,116,67,159,211,10,100,177,237,70,138,255,103,115,160,30,66,131,205,18,103,166,60,75,182,178,19,34,208,31,22,143,225,72,132,183,43,152,206,12,119,245,152,86,22,200,139,108,254,136,30,6,171,28,120,184,149,121,223,253,141,62,133,255,38,215,141,69,102,34,170,106,44,144,109,76,210,237,0,208,172,167,7,233,131,105,209,187,103,213,175,90,34,164,205,59,88,250,228,0,200,217,90,96,245,24,97,149,200,95,125,194,50,93,205,229,77,138,210,59,91,196,193,12,138,201,30,216,158,166,58,198,94,85,49,197,165,7,33,135,111,217,133,89,14,219,245,46,138,152,93,16,156,11,5,42,186,72,136,138,253,56,152,235,16,125,248,183,51,199,233,34,65,250,226,39,34,151,100,104,189,17,62,196,84,27,97,251,27,44,132,165,57,108,200,36,111,212,168,26,206,132,124,54,242,176,112,252,128,70,242,228,86,40,138,216,25,217,191,83,53,132,197,63,87,159,224,86,155,201,6,52,208,22,67,199,20,0,211,172,13,83,172,213,97,195,157,67,43,149,168,22,198,184,108,34,154,84,16,206,164,55,144,142,21,51,253,130,103,114,211,60,67,154,85,117,10,160,229,68,129,247,62,101,214,57,44,178,172,77,144,160,123,85,208,175,2,221,250,39,114,175,219,24,198,184,52,148,130,20,119,181,174,42,101,159,163,105,251,133,27,41,131,85,51,147,171,37,241,250,164,16,254,174,96,212,138,66,60,248,64,77,4,243,51,64,153,233,116,131,169,96,131,191,137,40,198,252,40,155,202,23,124,205,4,89,170,181,255,116,167,157,90,35,253,9,96,243,18,49,126,198,47,76,135,252,28,197,240,114,36,163,82,41,138,194,71,155,212,234,99,128,21,62,129,155,238,69,157,203,32,214,130,112,32,146,70,60,244,149,81,15,207,113,50,44,181,10,148,164,47,90,149,247,44,48,144,229,51,141,246,9,154,255,2,41,150,211,0,119,182,33,112,167,17,47,176,239,86,48,192,191,124,114,200,116,108,207,61,127,168,129,121,51,239,173,109,249,189,67,213,159,117,41,233,216,49,156,184,80,100,145,234,41,153,218,59,93,168,141,45,57,199,8,3,145,87,31,243,191,126,14,192,147,81,132,154,73,33,154,45,126,217,236,40,147,231,5,72,172,145,30,217,178,33,120,163,201,46,68,144,122,79,173,29,36,142,205,5,89,186,212,115,100,214,22,152,151,242,125,188,252,40,77,156,226,65,220,236,30,52,225,70,98,211,247,97,211,135,125,31,194,171,105,41,181,83,18,165,217,24,59,128,1,118,214,225,94,183,216,9,73,181,254,82,151,135,51,120,182,50,113,255,77,122,2,188,143,103,145,166,103,218,239,18,110,177,216,37,129,234,62,99,155,31,76,138,200,11,211,254,132,22,10,155,77,214,163,11,98,137,216,66,90,153,229,88,138,232,111,107,210,30,71,216,21,17,148,152,236,117,131,23,36,238,181,82,247,253,197,39,150,149,64,153,193,6,57,241,171,103,15,225,20,85,108,180,99,212,164,58,71,190,9,44,92,193,253,88,155,229,50,186,141,67,59,245,177,96,32,226,90,27,178,27,80,246,155,98,100,211,13,60,155,213,36,176,223,53,104,179,5,90,170,236,170,106,246,186,64,210,156,88,45,212,233,66,133,233,8,103,144,239,52,213,209,56,101,225,31,51,54,190,126,0,164,121,89,164,253,64,119,128,166,27,185,210,49,103,206,53,76,203,14,118,179,221,26,69,166,205,88,151,236,112,58,144,94,18,28,134,42,83,170,5,60,209,203,60,106,193,10,40,139,222,84,208,217,13,96,179,252,14,214,176,250,81,139,252,87,84,155,6,97,214,53,55,172,200,56,115,162,205,100,46,247,58,123,201,23,90,57,254,10,94,200,233,70,189,167,90,9,188,13,83,128,132,97,54,180,60,115,174,15,88,171,248,17,114,149,241,34,180,185,31,120,162,4,123,207,145,34,107,214,80,23,198,214,1,130,209,30,126,136,222,21,149,168,25,121,150,196,13,103,212,2,89,138,146,65,103,201,24,81,222,88,7,232,234,24,125,191,20,43,164,199,48,158,183,30,107,166,210,47,150,195,50,54,162,233,39,109,174,68,31,245,156,114,211,203,63,78,133,75,97,201,169,27,95,143,242,45,130,197,46,56,183,226,121,132,186,101,125,180,6,79,176,198,108,41,209,52,123,182,215,39,151,136,101,42,221,17,127,131,206,15,82,243,251,60,140,214,35,23,186,131,42,238,251,45,117,228,149,32,156,199,116,40,158,86,58,225,16,53,120,139,81,25,237,185,17,33,189,123,28,154,129,116,50,132,44,111,215,31,50,185,249,37,116,197,133,17,213,155,109,55,141,91,53,199,165,47,41,173,29,32,147,130,112,32,146,70,60,244,174,123,244,153,82,57,255,164,3,131,230,62,140,225,253,75,115,204,64,42,150,68,52,230,90,16,200,233,165,99,9,130,122,114,221,93,114,188,56,53,107,222,162,6,236,138,116,32,142,126,48,228,90,121,25,194,10,62,138,62,104,190,214,16,187,242,205,119,212,186,65,62,211,7,112,172,19,86,246,221,25,70,142,250,50,180,244,60,86,150,63,120,181,234,85,40,139,242,10,100,211,61,99,208,78,105,223,151,81,13,149,85,23,229,171,115,237,190,28,39,182,198,114,144,171,24,126,167,28,101,187,207,28,122,191,235,0,223,217,34,47,245,71,17,206,156,118,8,204,107,81,134,168,3,101,206,30,97,150,203,52,125,184,171,51,243,181,41,228,152,69,8,224,144,12,32,129,114,6,242,83,12,187,198,58,107,216,95,90,140,183,47,114,198,1,85,194,222,56,123,217,174,64,161,249,51,139,171,10,47,142,237,127,109,207,18,64,201,81,17,211,139,99,31,226,248,65,151,238,13,96,197,236,24,182,222,52,115,192,75,114,188,230,53,247,182,113,10,219,220,36,113,160,117,118,138,231,2,218,190,100,67,254,182,111,154,193,10,119,163,234,48,237,175,84,53,236,184,10,178,202,19,216,187,3,96,200,198,52,39,248,39,80,238,30,89,139,222,121,57,44,174,62,121,193,6,107,179,4,45,146,208,122,11,176,193,56,137,196,21,55,163,30,99,201,133,116,52,246,68,10,210,140,95,143,201,58,79,234,179,77,51,177,104,56,157,28,82,176,232,32,136,147,188,126,198,157,84,42,242,40,123,238,215,81,107,253,242,78,37,228,29,72,148,2,107,187,204,76,10,158,80,90,173,225,36,135,213,60,119,198,255,109,217,178,23,112,183,0,83,247,29,90,165,232,162,30,220,156,104,44,242,110,35,170,247,68,81,227,6,79,190,241,16,45,223,14,55,233,93,122,24,193,237,100,177,230,83,198,147,98,106,195,241,91,108,195,10,66,169,54,72,185,21,106,253,152,78,6,234,145,115,127,210,11,68,177,164,76,120,216,247,66,175,236,91,195,237,14,100,169,20,40,34,148,82,97,160,47,3,153,10,42,77,128,246,71,153,246,5,78,143,175,72,185,24,76,182,228,88,117,169,215,80,149,209,12,103,173,250,79,99,215,127,2,235,114,123,153,254,75,18,224,30,60,218,128,5,101,175,237,40,169,254,55,185,201,185,73,157,232,58,133,233,73,43,197,129,62,244,130,110,32,240,92,94,139,253,47,56,189,17,71,103,133,79,37,243,103,50,244,22,35,217,179,14,61,159,218,40,115,219,31,4,138,206,75,137,220,65,7,207,163,69,234,158,56,81,239,16,38,162,200,3,122,156,2,113,187,252,35,148,195,18,20,139,202,18,108,161,105,60,193,144,70,251,135,99,92,50,140,116,53,131,16,44,242,166,117,52,240,95,17,147,178,120,153,157,101,110,145,184,5,148,145,43,93,159,41,76,133,49,16,138,255,59,123,149,179,72,108,188,13,74,167,175,20,219,253,92,84,190,227,14,79,221,2,85,175,14,94,169,130,233,108,174,224,113,233,166,53,6,169,126,38,135,196,41,44,193,16,112,175,88,8,250,174,78,241,244,187,48,121,202,9,95,222,254,61,205,171,106,62,146,180,27,132,219,4,118,163,1,77,188,174,3,78,147,56,9,205,87,99,103,244,25,82,243,188,17,110,195,240,69,156,70,74,191,202,24,204,233,161,27,215,149,85,11,200,238,110,139,24,107,44,254,92,22,249,177,28,111,181,23,67,179,247,46,49,235,169,114,233,165,105,248,251,2,151,165,231,56,151,230,8,97,146,219,18,250,170,22,138,212,1,116,253,177,44,117,186,43,76,167,65,39,107,156,74,28,250,90,114,214,188,90,46,221,16,48,111,207,81,76,151,254,83,148,137,81,148,229,160,108,196,190,93,13,236,21,46,137,231,76,133,212,0,117,142,232,82,131,192,4,114,196,237,55,112,171,64,14,232,186,50,213,213,32,155,172,241,117,62,147,1,124,163,229,32,147,192,55,98,243,237,37,174,249,47,123,192,195,2,228,190,100,230,176,64,114,179,24,89,144,179,59,126,166,251,120,104,185,56,8,146,233,85,148,247,80,46,158,122,51,110,195,50,49,166,27,79,132,241,30,193,139,233,118,135,207,83,92,154,19,105,179,237,75,146,168,123,22,205,120,12,179,229,36,243,190,11,67,113,128,68,10,156,140,17,142,234,51,212,180,76,23,253,155,69,49,181,98,69,187,238,99,221,153,72,8,202,88,30,38,186,70,222,196,103,90,176,194,161,7,239,89,5,243,163,21,201,191,119,49,212,146,82,222,200,133,126,138,31,104,194,148,114,57,209,181,27,57,227,79,61,237,95,19,201,129,162,30,230,140,69,255,180,23,150,171,53,88,169,174,10,107,158,232,66,163,240,68,162,234,43,141,172,247,114,48,240,124,0,198,88,98,248,134,96,25,247,87,111,211,185,87,1,237,91,11,253,177,100,43,142,249,76,144,134,80,159,174,52,67,212,244,63,68,167,12,82,147,216,88,136,225,126,209,170,235,26,212,144,78,14,154,94,100,246,128,22,11,229,183,21,245,141,113,215,245,117,38,164,242,66,43,236,247,80,149,235,54,101,255,49,78,245,203,94,97,194,24,118,179,212,97,201,179,31,205,228,86,10,192,184,114,46,236,172,56,252,130,20,5,155,131,46,220,166,29,59,135,33,90,188,254,112,101,179,21,94,194,188,120,192,128,66,208,150,133,25,37,189,77,41,253,93,63,217,191,103,251,201,1,81,177,250,90,146,241,66,71,159,30,26,26,153,241,125,131,192,33,144,249,42,121,192,240,14,46,156,76,62,242,168,96,218,150,30,222,224,85,27,35,183,67,219,235,71,49,214,19,50,149,184,86,81,163,229,64,130,248,21,32,167,253,32,219,130,251,55,147,19,33,158,195,46,135,132,31,75,119,172,76,124,163,92,16,198,190,120,52,188,163,101,243,185,65,213,225,121,9,207,148,87,190,180,246,10,167,243,75,172,244,32,187,156,1,93,101,237,61,115,130,85,82,160,203,29,105,196,109,108,208,182,84,62,234,88,8,250,174,100,246,187,176,3,133,202,94,153,222,62,106,255,165,11,147,210,9,82,163,252,65,172,229,122,138,204,49,86,203,223,14,95,212,26,51,178,245,112,47,233,8,75,179,198,62,212,239,92,69,163,238,24,128,195,226,84,155,95,31,33,175,117,61,145,93,53,197,136,92,22,179,246,91,142,228,28,152,255,56,99,188,231,46,99,138,167,103,188,230,80,151,225,127,68,156,241,16,122,201,43,81,182,246,20,130,255,81,7,255,185,117,253,189,127,231,190,9,106,162,251,6,86,182,27,127,153,208,106,199,184,59,138,180,252,90,159,253,75,15,130,16,94,139,253,60,69,144,27,23,212,235,11,107,215,174,5,196,224,12,98,174,233,77,215,223,90,152,210,39,49,249,180,64,216,232,68,24,210,119,125,207,140,124,208,185,20,78,148,183,58,120,166,241,101,241,181,123,52,254,84,98,214,163,35,136,228,13,123,158,226,73,114,171,16,69,148,187,117,49,185,83,22,197,255,48,210,131,118,84,166,242,119,170,211,48,67,165,14,74,183,173,45,150,204,6,73,195,131,15,58,234,127,21,250,206,85,101,222,41,76,179,10,89,117,176,20,85,164,165,42,138,210,27,253,186,170,35,144,210,53,22,185,173,68,154,241,22,57,237,165,3,143,204,106,173,217,26,82,131,205,0,124,231,53,108,159,220,100,191,212,58,87,229,201,5,176,239,82,5,160,240,80,155,251,51,80,227,17,73,150,172,126,56,203,14,107,128,92,122,151,207,252,73,148,210,64,149,248,36,152,222,75,12,32,168,233,123,162,255,64,141,232,116,154,164,7,78,117,137,111,13,247,137,60,200,162,105,205,157,226,59,187,237,114,129,195,25,120,248,80,96,252,221,122,57,211,185,97,225,154,33,155,194,123,49,208,138,108,41,128,30,81,218,172,118,204,154,116,109,203,129,110,99,195,238,21,193,175,31,209,133,162,26,212,144,24,216,176,69,106,184,15,22,238,229,65,21,245,87,113,215,191,105,213,131,115,37,192,156,67,108,170,231,98,238,178,120,202,148,106,31,249,139,105,201,225,69,43,201,179,31,205,189,124,39,201,225,62,126,230,23,119,210,76,24,186,223,55,66,151,244,93,188,221,33,142,248,55,117,171,213,91,128,197,20,85,192,128,12,208,150,104,25,239,189,23,41,135,103,63,227,73,103,209,189,82,2,244,168,30,252,189,69,141,216,6,116,139,214,57,57,157,235,127,190,252,90,99,210,115,97,189,226,83,141,242,13,108,173,223,71,138,227,45,90,189,246,78,164,240,19,100,201,27,79,174,133,86,2,240,160,18,198,188,116,46,234,114,50,244,169,111,55,139,87,47,255,91,111,207,155,102,127,133,226,66,196,237,42,138,192,41,77,170,188,97,113,243,176,89,145,239,56,219,162,13,106,169,11,63,117,176,244,93,129,244,37,159,192,76,78,217,183,121,199,141,85,41,245,77,29,249,141,109,207,208,182,30,200,180,98,210,174,85,90,131,211,122,103,174,50,117,190,214,29,166,254,5,98,140,40,46,69,245,197,123,144,205,28,197,130,43,99,175,223,81,145,246,107,97,177,40,94,162,245,86,43,239,84,60,144,248,39,210,204,49,97,217,0,4,37,225,95,31,235,175,117,199,145,103,53,143,161,102,198,158,66,40,198,154,49,132,255,36,116,150,183,109,43,174,45,53,218,5,65,181,208,70,141,156,246,89,242,140,114,218,132,112,222,142,64,52,209,137,67,63,253,189,35,224,154,103,45,133,1,91,38,249,45,71,157,3,41,143,212,58,157,206,233,84,149,246,26,159,222,26,117,166,226,74,129,239,18,123,128,231,87,99,194,23,42,142,46,99,197,235,59,84,165,52,79,158,224,57,112,215,77,78,150,243,68,102,199,22,124,165,204,9,138,195,27,64,140,233,2,102,174,33,78,241,98,5,148,196,4,124,157,23,56,204,226,9,109,217,12,44,193,177,99,215,141,69,63,251,185,121,197,137,79,8,210,130,91,159,166,64,41,171,17,75,110,203,85,88,169,228,32,135,198,73,75,196,77,69,223,229,31,111,188,11,26,250,195,106,158,169,10,52,197,177,31,207,129,117,43,227,93,25,215,189,78,14,212,166,112,198,148,110,0,158,126,22,250,138,136,75,181,236,25,203,191,117,45,231,163,43,235,148,98,40,218,105,84,166,253,20,40,136,106,4,209,185,99,207,189,109,223,147,73,1,251,157,88,21,186,232,54,133,134,35,124,197,12,104,207,203,59,113,144,210,93,134,242,59,221,142,75,120,136,203,13,119,205,7,96,176,235,66,154,253,0,93,188,199,32,158,213,44,150,194,51,80,171,30,87,117,189,243,84,165,144,98,44,130,80,42,252,90,97,57,157,67,97,203,183,101,213,135,123,49,195,167,50,171,253,54,184,139,211,100,165,219,26,191,162,223,108,74,228,27,190,244,20,64,245,46,5,47,158,9,75,157,246,44,106,225,68,106,172,39,12,150,241,22,59,252,191,59,145,199,50,37,213,247,45,103,168,108,44,238,124,2,202,94,106,194,249,85,105,201,171,69,43,147,125,41,151,109,20,155,206,66,53,171,251,63,140,199,68,141,186,55,50,157,214,125,147,188,89,117,159,232,62,104,223,235,30,216,197,70,80,197,12,12,154,160,104,252,239,71,23,243,135,103,201,227,73,49,155,109,24,145,229,114,53,224,39,83,153,213,14,118,175,56,33,140,215,16,110,213,52,90,163,28,54,108,223,199,90,137,242,59,109,173,242,71,232,170,56,254,237,65,13,229,181,17,37,133,103,1,231,79,19,225,244,47,148,196,70,67,189,249,51,92,236,7,43,141,196,39,84,218,21,118,208,229,84,182,208,228,119,136,245,40,147,215,1,80,145,70,82,135,243,67,77,214,171,3,211,175,67,35,133,95,5,212,190,106,242,165,122,46,228,92,22,210,144,80,3,199,141,31,3,146,9,105,188,87,55,207,179,64,30,200,180,98,210,132,120,4,203,228,82,161,139,68,159,173,224,117,138,161,125,158,172,8,109,101,130,38,142,205,37,104,209,66,71,182,246,49,65,213,239,32,99,233,71,212,233,11,88,188,1,21,117,215,242,7,208,136,17,113,255,86,64,178,168,33,106,235,63,118,199,91,103,255,143,107,63,198,168,66,40,144,122,38,148,68,28,199,239,92,57,252,186,123,177,198,27,159,169,50,65,128,225,63,189,232,4,121,158,200,63,152,134,19,102,163,200,19,118,135,9,64,151,25,41,176,205,94,45,252,251,100,148,175,0,46,152,68,50,226,84,8,37,157,87,19,209,187,48,124,188,121,30,153,244,37,115,214,57,16,184,27,59,109,194,124,44,158,185,111,39,225,93,37,229,167,53,209,174,89,102,170,230,14,112,199,32,114,171,10,54,164,25,0,217,141,67,59,245,177,111,5,150,118,64,218,224,112,126,195,28,122,217,232,26,188,218,9,100,249,229,48,133,196,35,123,181,10,101,223,22,77,96,209,225,78,145,172,93,32,208,25,70,166,27,70,213,201,54,104,174,21,19,207,141,77,217,157,163,28,12,145,5,96,246,93,103,130,255,95,96,223,252,86,129,224,33,110,164,15,88,149,169,48,163,215,231,106,198,16,39,202,204,42,83,190,201,92,156,194,33,98,193,73,51,178,252,44,69,185,50,38,100,245,2,218,186,13,82,242,82,106,206,158,148,99,207,189,109,245,190,64,16,245,167,55,171,161,55,107,202,19,55,189,216,104,60,156,126,50,8,132,51,109,212,65,58,246,93,25,187,238,58,22,154,239,57,188,140,25,114,147,223,98,159,238,39,88,187,241,18,182,226,19,80,231,84,25,134,215,1,84,208,30,3,248,207,79,98,134,86,56,134,201,26,105,151,73,106,203,24,87,172,204,52,66,129,195,95,147,228,127,8,216,235,119,132,237,59,88,183,95,57,147,202,58,121,155,79,5,253,180,119,34,226,164,50,210,173,80,110,253,72,106,141,234,53,126,179,73,125,218,5,105,239,240,74,125,160,234,40,77,182,49,87,220,94,96,141,18,85,97,220,171,74,161,210,48,96,217,6,57,185,197,12,60,170,15,0,143,5,94,222,230,49,152,205,239,52,221,191,89,63,205,124,52,233,30,89,105,211,31,94,173,136,66,146,214,233,122,159,6,20,115,186,55,117,135,228,117,43,201,2,97,166,255,32,105,168,57,24,204,27,57,175,248,44,208,222,91,46,147,218,54,148,185,28,5,163,26,74,111,222,70,60,244,174,64,5,225,118,124,183,31,15,150,168,42,121,237,71,35,135,248,7,90,177,233,56,149,246,2,112,177,210,38,174,251,88,145,128,7,32,177,234,107,107,220,34,84,183,243,13,61,142,51,101,172,90,94,141,203,9,74,146,86,67,213,181,88,71,211,234,13,163,215,60,155,168,236,106,150,205,50,122,228,14,83,134,25,91,142,208,31,124,253,237,82,126,194,27,103,153,231,86,102,146,44,99,156,28,71,161,241,38,118,228,240,88,149,225,53,116,147,161,59,205,129,38,113,194,13,51,144,248,58,103,219,3,110,244,189,114,171,205,228,118,180,241,97,223,189,0,98,188,3,101,125,237,18,117,251,80,127,161,225,81,206,149,68,59,108,236,56,115,193,91,125,190,26,36,133,169,168,12,242,186,87,47,156,23,120,165,233,76,147,184,52,115,158,0,92,143,252,46,176,186,51,67,138,253,86,114,171,7,110,171,22,95,184,180,32,76,138,200,11,249,186,119,2,164,101,48,245,159,87,61,223,190,1,55,143,82,36,250,71,29,231,128,19,90,132,84,73,174,226,42,140,150,60,78,135,150,32,149,184,24,77,190,86,81,161,255,19,54,235,251,51,113,173,115,53,230,77,85,160,242,48,77,236,76,100,200,132,97,58,224,70,17,234,157,80,47,228,165,41,234,169,25,223,142,118,115,191,153,109,98,211,43,65,185,175,71,185,231,26,117,174,27,77,134,215,77,84,216,4,22,228,175,34,84,206,228,8,234,159,102,129,163,3,83,238,133,119,43,203,116,31,205,69,6,200,179,124,34,232,174,0,49,144,77,36,129,173,82,183,183,27,125,220,24,108,180,162,42,108,162,175,117,190,251,50,117,194,80,111,157,255,7,47,158,58,92,166,205,113,35,136,73,115,187,240,43,245,181,119,197,216,151,2,216,165,87,199,231,71,39,220,164,15,52,139,84,36,251,76,14,143,204,94,48,171,14,37,111,207,87,99,179,21,102,158,233,50,96,199,223,121,116,198,22,60,232,71,69,155,223,91,209,252,87,16,136,225,45,154,224,124,16,240,120,65,53,227,93,39,242,68,23,235,167,121,50,134,76,82,192,135,75,49,178,5,5,251,210,33,151,207,230,2,102,218,2,33,199,30,73,185,252,63,39,207,15,77,231,161,108,154,194,58,118,152,174,19,215,191,2,109,233,85,3,243,143,52,195,133,88,118,51,241,126,34,232,95,1,242,161,3,55,154,84,37,140,180,70,103,218,30,110,174,172,84,158,177,160,110,185,244,68,131,198,102,99,219,11,55,60,137,37,91,161,21,5,243,188,17,136,251,44,91,198,130,64,0,166,125,26,234,164,30,198,165,189,30,247,172,116,222,242,67,37,248,74,16,133,215,73,31,152,17,71,133,229,101,127,201,17,36,121,242,29,115,220,255,29,172,242,70,240,160,123,108,166,254,44,34,158,67,42,171,248,66,153,166,91,53,199,143,40,134,129,122,5,188,21,70,176,198,7,113,189,224,11,166,247,51,144,201,36,36,155,238,60,148,163,101,28,150,234,25,222,175,78,122,169,19,68,137,207,55,114,157,4,77,156,237,18,98,171,60,101,143,226,56,144,201,137,32,211,163,58,126,161,112,63,137,219,92,145,212,96,104,135,252,33,136,207,121,13,237,79,67,226,243,47,113,226,82,4,248,132,75,100,210,31,26,230,170,87,41,243,73,23,219,174,36,148,203,41,35,143,192,43,120,217,28,2,248,176,106,38,174,110,48,229,171,115,199,185,70,127,217,238,11,237,135,109,60,230,82,0,240,162,22,204,174,83,51,168,245,46,123,245,75,88,231,190,15,115,251,91,86,207,238,3,120,200,74,54,238,244,105,156,220,20,152,189,252,86,203,153,32,101,192,11,98,182,240,89,67,191,31,73,240,94,14,192,180,106,34,156,88,125,61,137,77,19,229,175,47,254,164,51,156,203,235,37,136,228,66,115,232,83,10,172,240,40,103,201,93,19,135,222,53,123,211,27,105,190,6,101,38,213,254,89,170,245,113,165,254,81,159,205,13,97,221,155,91,39,235,177,3,205,163,113,203,157,162,2,218,148,73,11,165,88,13,246,250,88,150,144,255,33,170,231,37,255,137,79,117,146,23,65,136,184,2,103,157,172,30,132,237,95,152,195,41,95,138,242,62,116,249,88,9,131,224,29,150,202,30,98,140,225,59,147,206,160,10,246,164,20,198,225,87,15,201,133,13,205,143,29,35,193,82,2,131,154,125,10,184,8,34,141,180,18,200,236,23,83,161,251,55,147,208,2,21,235,227,44,186,219,57,77,188,207,83,187,219,122,61,254,248,89,135,205,75,115,180,238,40,111,171,107,45,187,65,9,196,144,104,56,148,168,8,234,132,106,248,145,39,121,237,71,19,197,149,105,55,249,165,1,216,139,13,14,182,253,74,222,188,28,52,152,126,28,198,153,71,55,233,119,62,159,192,18,143,207,36,157,136,219,45,104,134,93,50,148,226,76,67,218,36,82,237,70,11,175,245,35,190,205,19,86,155,11,74,92,163,239,77,156,170,124,218,186,82,54,156,225,75,55,229,85,45,214,255,44,107,203,103,115,149,13,34,106,239,8,106,161,31,34,196,224,9,13,245,95,11,249,169,27,207,175,80,115,189,244,88,36,232,174,0,202,160,110,226,183,60,150,181,187,97,63,233,85,3,243,165,25,207,135,65,23,193,231,47,185,208,8,222,234,66,18,238,130,98,43,197,171,19,253,169,23,199,185,71,14,207,16,43,112,176,13,6,209,94,60,187,223,32,126,249,25,59,140,240,27,7,243,161,17,195,183,109,37,198,130,10,202,140,26,32,232,86,37,174,245,68,83,231,89,115,216,177,16,199,251,32,187,223,4,39,136,215,0,20,252,164,41,252,194,82,107,132,243,94,151,199,50,154,169,228,69,255,178,127,213,177,170,32,110,233,104,100,253,18,82,223,225,108,116,197,165,24,250,129,52,207,255,44,211,131,117,16,198,190,120,52,242,178,62,194,162,55,45,162,190,81,203,185,18,49,193,62,74,133,233,82,205,237,90,66,140,198,31,148,210,27,214,144,166,108,84,209,7,127,151,237,76,138,135,101,147,194,52,90,133,247,54,147,219,23,93,208,65,96,101,184,229,126,142,232,53,215,183,79,51,153,183,97,205,226,82,4,248,132,75,41,140,117,124,246,116,49,41,233,12,114,183,11,46,193,168,125,113,207,49,105,164,242,75,204,142,120,96,143,252,58,170,234,229,116,146,95,99,129,214,48,135,146,8,101,154,171,23,77,240,191,22,159,132,50,123,193,13,72,249,191,71,219,231,127,15,235,191,31,193,155,107,61,181,226,20,220,182,102,48,141,67,86,220,140,115,19,216,3,117,251,148,99,97,214,32,77,169,243,90,86,191,24,14,192,180,106,34,156,88,32,237,164,91,148,171,121,24,157,249,76,142,251,89,15,130,224,77,139,244,98,152,201,61,121,188,172,81,17,157,161,103,249,131,51,10,211,7,66,197,213,51,136,185,246,13,252,177,30,156,205,44,110,152,226,55,102,225,123,79,214,224,116,135,167,123,2,228,190,100,204,182,72,253,206,55,110,200,84,39,117,171,206,105,171,214,23,103,254,69,223,241,182,60,3,193,43,83,146,232,94,171,178,60,103,179,237,47,144,131,88,211,203,229,113,160,11,61,127,192,236,67,159,205,38,212,128,110,222,186,105,51,141,224,27,72,138,11,92,119,181,98,213,166,241,58,149,194,66,124,215,194,76,158,235,104,218,245,171,73,240,155,56,121,172,35,71,175,30,90,170,236,74,3,254,229,55,97,230,124,146,205,10,71,157,236,119,49,237,171,65,218,178,67,150,200,22,41,180,211,60,155,184,26,71,208,180,63,147,163,81,86,138,207,58,99,236,49,104,143,72,29,148,165,10,94,188,239,28,178,217,61,105,220,124,17,193,179,77,240,209,1,78,201,204,64,139,203,88,44,170,211,52,119,194,112,70,169,26,36,218,191,15,120,169,244,32,141,216,1,222,157,66,51,218,178,55,65,154,236,79,218,186,28,54,182,105,28,217,190,71,193,133,112,51,191,237,35,102,179,82,102,162,255,68,112,238,4,96,199,243,8,248,177,30,78,171,214,66,157,202,48,114,190,123,38,36,226,57,67,148,160,56,200,142,85,156,244,17,97,192,247,81,136,189,102,113,205,34,95,130,194,254,121,168,130,24,220,240,43,146,161,5,120,133,194,60,93,156,171,23,203,243,47,76,214,28,95,129,136,27,132,196,27,98,177,4,54,140,211,50,123,144,247,51,148,238,107,210,133,15,120,166,253,15,68,159,16,18,108,254,61,145,176,122,66,175,249,29,45,202,229,73,130,229,42,133,219,15,124,158,210,87,150,180,43,103,252,20,82,181,132,43,84,251,9,56,147,133,41,146,137,121,43,159,127,89,39,174,230,45,244,234,42,163,206,53,121,202,208,59,207,250,75,117,166,247,42,154,215,52,100,143,240,25,58,246,62,81,193,27,84,175,186,27,1,171,246,80,175,214,53,118,203,113,107,219,8,39,138,146,81,8,141,201,18,154,221,45,119,194,131,29,47,141,71,40,173,1,40,215,138,52,116,168,250,100,208,148,22,179,212,19,99,164,249,65,118,217,198,1,215,187,83,113,246,12,98,217,4,28,194,199,52,114,171,242,52,109,226,55,105,216,248,64,41,247,1,106,200,243,7,163,206,61,117,246,227,84,142,195,46,100,185,42,123,169,28,75,110,145,27,124,197,161,117,213,157,124,115,209,12,28,143,239,62,116,150,0,90,145,214,7,156,146,241,84,147,229,127,139,191,58,125,132,226,89,104,174,165,20,217,168,106,112,217,17,14,208,31,24,205,147,91,5,214,90,123,238,203,99,213,228,85,54,138,254,41,216,134,124,96,147,244,54,112,180,29,94,136,173,113,139,220,50,91,152,30,77,140,221,235,85,196,175,98,132,201,61,54,188,237,119,148,209,107,49,249,77,51,220,245,120,66,247,21,27,165,230,5,167,232,25,65,232,51,103,173,238,196,26,156,220,21,172,151,102,59,198,244,64,183,160,12,79,194,252,32,191,205,59,104,221,84,19,49,235,61,127,200,79,91,170,244,64,147,187,79,22,248,184,85,41,216,34,87,192,3,125,162,233,29,5,207,201,77,188,212,34,123,202,81,119,128,206,47,71,168,51,44,157,255,55,138,217,7,123,137,210,12,168,210,13,102,161,243,71,156,173,51,79,157,224,85,126,195,56,40,216,3,113,171,20,95,0,205,142,37,111,232,91,26,204,6,123,163,184,4,122,221,244,65,184,136,114,222,140,86,3,192,237,35,66,186,48,123,244,69,7,195,182,43,34,194,85,114,128,240,10,117,156,74,48,180,47,59,137,195,31,75,136,234,125,195,202,1,110,163,249,3,143,186,9,107,187,239,8,38,144,124,0,236,186,119,221,153,29,95,224,4,80,173,170,113,39,248,2,52,172,144,124,208,169,6,99,166,82,109,144,211,50,99,190,220,70,143,210,36,104,190,172,118,204,154,94,43,160,10,89,192,175,77,103,193,163,77,133,246,44,118,163,161,116,165,234,67,32,177,4,95,188,234,73,46,130,97,10,253,88,32,213,136,115,119,205,31,7,205,191,62,111,222,240,122,194,209,62,113,192,243,125,187,232,81,137,140,254,31,130,249,111,113,205,34,92,130,1,12,56,138,93,20,245,180,69,220,234,3,106,142,168,117,221,173,94,115,213,7,118,237,247,80,219,144,210,72,148,215,104,62,138,2,79,144,244,80,140,173,0,50,211,181,47,154,200,19,72,182,251,42,153,209,27,36,174,252,71,210,163,108,199,234,87,13,45,195,58,102,153,127,50,225,7,95,147,189,236,95,157,229,34,52,134,80,38,222,99,36,176,192,93,68,180,201,46,157,137,55,121,202,1,72,124,234,60,119,188,22,8,128,229,51,200,134,116,61,155,194,28,116,215,64,47,219,4,63,243,169,72,40,211,181,100,217,212,66,36,229,68,64,168,161,2,35,247,93,81,92,223,45,119,195,7,116,143,144,68,76,209,21,64,159,255,60,141,195,35,80,249,144,109,159,168,12,55,173,12,120,164,17,120,46,230,160,54,247,147,52,126,131,21,73,172,151,125,81,165,5,88,245,228,15,98,197,17,102,177,198,44,99,149,227,122,167,226,105,196,194,47,90,191,248,89,126,205,109,75,172,22,112,167,115,93,8,187,8,74,187,144,85,49,215,13,90,185,211,111,97,206,226,113,208,244,21,132,211,11,116,158,186,34,114,195,26,77,150,76,12,206,92,72,60,161,255,76,217,188,64,96,139,174,11,161,9,32,222,130,66,113,190,251,94,218,158,18,99,163,193,26,118,215,28,96,186,16,53,135,248,87,126,192,253,38,145,216,42,103,236,187,98,151,187,108,42,231,230,120,156,226,35,138,165,71,102,135,169,105,34,131,124,105,196,27,91,192,182,102,52,233,167,34,49,209,2,101,241,75,29,251,113,94,138,191,130,113,216,213,51,124,197,16,10,136,193,75,96,189,127,5,205,161,71,232,199,53,65,164,71,26,97,150,73,126,222,14,125,240,170,28,140,235,235,45,149,221,1,104,190,67,7,173,250,92,171,135,5,80,111,199,51,105,148,2,116,177,168,107,19,156,77,18,131,163,59,190,200,107,51,146,163,56,152,182,76,120,223,9,119,164,90,14,196,188,119,52,147,217,38,39,239,125,9,209,255,82,141,219,44,22,180,229,54,124,148,82,50,249,69,14,104,189,234,120,235,235,114,193,137,29,41,171,124,29,48,153,50,20,234,89,60,186,18,66,185,172,69,3,175,200,39,97,209,17,69,212,242,63,195,200,31,121,206,203,65,172,211,11,119,173,80,31,221,195,10,70,193,5,72,136,22,83,39,187,71,6,252,159,79,54,153,250,24,240,81,6,166,224,57,112,231,83,27,129,236,1,139,179,253,117,140,215,82,34,184,27,127,128,201,69,104,171,29,123,152,135,102,49,172,249,86,180,167,37,182,254,10,76,204,164,116,208,206,105,47,146,226,74,185,172,62,103,210,29,81,174,200,55,101,162,2,69,134,197,24,32,160,7,83,172,27,62,129,252,88,78,148,192,60,105,179,98,45,236,180,65,139,194,63,47,142,16,47,194,146,110,2,200,105,90,138,233,125,41,151,71,57,237,163,27,255,188,11,65,222,134,1,151,166,31,79,175,245,87,184,215,54,216,192,135,7,68,226,37,81,130,218,123,178,220,13,99,243,212,9,145,225,14,81,243,205,105,140,221,73,127,222,15,97,229,26,66,143,216,48,102,160,213,46,125,174,124,64,213,170,4,214,180,20,44,247,93,123,37,145,127,5,204,17,69,134,189,10,88,171,227,117,191,200,67,98,190,83,42,138,59,20,103,129,32,70,129,61,98,129,218,114,165,254,210,6,83,210,50,119,247,205,84,169,162,58,151,209,229,21,136,233,0,102,208,12,113,170,237,97,68,183,70,6,200,86,28,36,184,68,220,236,72,67,9,168,86,7,169,30,77,190,232,71,134,240,21,88,147,146,80,208,164,227,107,144,25,54,200,177,20,101,142,246,106,103,164,8,127,235,64,17,99,175,238,125,167,237,43,181,244,27,146,226,54,48,142,174,13,35,253,163,11,245,161,15,255,177,76,2,250,158,93,39,236,62,112,133,2,51,187,185,10,81,161,20,33,129,181,85,51,175,28,90,112,215,28,12,182,249,80,131,193,97,136,165,49,35,255,146,107,76,239,2,82,140,232,93,166,233,68,122,171,227,87,158,142,76,12,152,92,98,244,229,123,9,227,181,57,222,207,33,144,243,93,9,222,142,64,52,234,162,28,216,160,74,15,252,63,43,249,203,79,120,221,24,111,159,185,31,199,177,68,50,226,84,8,254,182,112,44,234,170,28,215,163,55,70,153,167,1,211,177,17,41,141,115,17,34,142,124,44,158,82,34,237,254,56,187,190,64,53,251,131,23,35,187,75,39,251,91,61,215,189,76,54,226,80,0,216,139,88,154,203,74,76,134,238,48,67,151,239,101,144,11,52,157,175,9,110,176,194,64,104,212,31,115,182,166,88,145,148,28,3,197,83,25,33,181,65,217,233,69,25,249,91,92,2,234,84,0,238,94,16,196,144,95,37,175,195,4,139,201,208,97,186,18,49,188,219,109,193,128,241,64,60,214,9,106,169,31,125,148,249,51,93,225,188,99,181,249,42,156,217,119,75,162,244,49,108,250,160,8,242,94,12,252,174,98,216,144,177,109,43,235,119,59,193,83,29,243,129,27,45,216,127,36,139,252,6,60,234,19,74,186,237,54,3,251,170,34,255,136,67,148,203,121,120,197,252,60,60,218,55,93,173,234,85,252,170,26,204,128,93,21,207,139,73,9,149,89,31,241,187,17,223,224,178,58,221,204,34,151,240,83,16,229,164,26,125,166,9,17,135,24,95,146,248,61,116,219,91,72,101,134,83,118,221,224,20,150,235,88,133,237,31,74,175,179,35,123,178,243,118,165,189,65,156,222,240,62,210,233,64,111,216,36,93,250,164,15,52,155,70,73,188,225,123,190,235,36,159,145,31,93,32,184,72,36,248,88,58,212,186,98,204,184,77,61,239,163,25,209,139,71,5,197,81,21,241,185,26,122,135,92,34,141,250,68,102,220,249,66,108,197,71,119,168,235,79,213,147,75,156,217,36,67,144,176,126,203,251,66,31,186,25,36,208,197,1,100,191,91,75,136,183,111,41,229,163,99,239,154,160,50,252,82,96,250,140,106,202,226,70,44,49,155,71,53,207,122,69,132,241,39,47,190,50,53,188,224,124,220,141,116,8,167,250,93,164,196,46,81,170,28,91,184,255,31,217,132,79,81,132,191,59,116,228,9,95,187,182,92,100,193,46,14,140,255,6,107,177,0,3,177,231,94,215,147,10,114,181,236,88,129,152,110,39,143,162,55,139,247,48,29,190,243,84,173,167,81,128,189,115,43,229,136,70,6,146,86,28,238,184,14,220,182,72,38,237,133,105,229,192,24,71,241,168,95,133,233,125,69,128,19,91,140,170,62,113,140,20,113,150,92,91,110,220,248,25,147,228,81,197,181,103,219,145,176,106,38,228,164,48,244,186,12,214,172,80,249,196,163,89,102,208,34,71,239,230,65,182,227,49,113,174,241,55,170,249,46,200,147,86,109,184,7,23,117,134,1,114,150,229,94,157,181,99,211,133,160,22,206,136,68,2,194,78,18,216,170,116,224,210,80,44,135,224,19,113,248,253,86,184,255,92,98,234,172,84,144,218,30,158,219,52,109,177,59,43,150,166,59,19,189,26,38,129,254,41,134,199,88,70,191,247,35,106,226,160,96,236,176,118,200,249,79,29,247,137,77,234,209,6,97,147,177,31,119,174,22,73,170,180,112,49,169,116,63,192,15,42,159,216,33,9,216,225,72,167,141,55,149,196,88,77,185,168,90,155,138,68,0,254,190,10,206,251,103,58,228,255,91,98,133,108,120,178,9,42,102,177,21,82,250,227,88,155,205,15,182,252,59,122,165,141,98,53,202,28,114,153,253,84,88,193,244,94,158,166,28,131,249,57,126,176,27,111,136,202,52,3,174,248,74,158,179,11,113,214,15,122,158,234,93,8,160,17,89,144,249,60,121,174,120,91,149,230,46,101,137,72,45,185,28,62,159,238,224,22,242,227,91,194,254,37,155,193,10,0,252,225,161,45,241,183,9,249,132,57,148,171,21,33,101,215,36,71,162,13,73,174,174,38,150,209,74,62,166,240,52,134,222,0,39,181,2,27,247,139,82,30,227,189,88,136,247,96,217,128,56,99,183,207,79,108,171,14,92,147,225,30,200,198,59,68,149,224,56,77,135,234,95,176,164,85,137,200,34,88,134,132,28,201,198,51,125,165,13,19,225,237,57,119,160,6,56,186,160,33,157,255,41,32,218,227,60,119,218,15,29,224,165,61,138,198,49,112,186,211,34,204,208,12,103,135,254,26,213,184,47,86,181,252,61,122,244,35,51,141,20,92,166,236,45,107,201,174,66,177,201,63,148,130,110,220,140,143,52,198,143,15,114,178,239,68,133,196,37,37,164,239,83,116,209,108,113,205,5,54,230,149,76,16,255,199,65,193,139,90,207,251,52,172,131,203,7,75,232,53,71,162,195,103,92,239,27,73,226,192,110,174,222,3,68,159,23,88,154,234,37,5,197,170,109,199,232,82,32,157,88,72,135,243,12,91,132,36,105,175,214,27,90,136,31,66,137,9,11,94,246,45,71,147,56,11,202,224,7,111,219,233,59,210,133,76,144,216,15,124,191,183,106,195,170,241,74,146,231,58,171,178,59,152,185,21,80,118,162,18,71,152,171,83,148,206,8,79,161,102,125,192,220,24,99,185,58,26,244,132,106,132,173,225,106,193,167,83,130,246,39,106,164,40,13,151,189,60,79,129,237,35,196,143,108,125,217,15,89,150,203,226,13,181,230,84,134,241,89,6,207,140,25,148,220,37,12,195,6,64,163,182,18,38,134,101,68,198,165,111,221,179,63,148,208,16,49,178,207,27,78,230,170,112,194,140,98,48,138,118,23,133,215,56,35,193,171,23,197,181,103,219,187,100,99,46,254,33,127,210,3,66,169,224,98,157,228,229,74,237,135,109,213,191,107,217,137,123,47,229,132,84,23,182,253,76,156,142,36,111,204,12,105,111,218,88,121,210,13,121,128,225,45,178,133,63,95,206,136,68,204,140,78,220,226,128,19,133,230,89,112,156,251,95,37,206,63,148,193,32,39,153,180,106,8,177,81,30,152,237,47,120,253,6,139,149,165,49,138,252,5,106,145,246,52,146,213,91,39,212,153,101,98,172,47,0,193,62,78,141,92,79,39,247,121,74,131,231,6,41,145,123,39,149,172,30,210,162,109,126,184,241,116,192,132,74,220,205,163,113,203,157,123,219,217,122,121,149,192,113,6,246,168,28,210,138,68,0,136,72,10,152,94,77,33,199,104,81,191,192,101,199,225,71,47,153,172,26,202,188,112,38,158,88,20,210,146,30,34,207,139,70,133,193,44,59,153,121,17,245,91,121,10,246,164,20,198,186,112,40,226,94,38,230,168,29,35,235,127,33,206,246,90,113,215,101,34,229,241,90,131,244,36,149,237,10,125,149,188,53,124,167,233,44,183,137,31,45,135,89,55,151,175,19,32,254,168,20,194,178,100,216,142,70,0,252,68,107,45,187,65,9,157,131,44,159,232,9,117,131,141,104,134,238,41,166,195,43,109,128,88,28,177,166,220,27,128,199,89,105,252,3,37,179,27,116,52,221,50,88,136,243,40,208,196,63,44,228,94,65,201,137,75,217,159,167,59,199,95,111,203,159,166,8,34,136,112,218,134,116,14,187,67,2,189,213,17,93,146,55,97,33,255,9,146,161,32,65,137,232,27,80,216,244,45,182,164,56,32,137,74,44,111,219,41,102,161,119,113,132,26,42,177,141,80,100,196,166,64,38,142,120,36,146,66,52,232,133,125,55,243,177,113,253,129,71,217,201,84,73,141,210,44,216,249,86,99,138,205,61,143,201,61,90,174,133,73,92,214,44,29,195,91,37,190,198,17,94,171,130,98,196,158,68,44,150,66,48,224,185,109,35,155,85,17,207,143,27,223,207,90,68,171,222,50,56,139,118,75,182,17,58,108,195,25,95,130,212,99,115,159,91,35,227,165,51,249,129,124,8,224,176,12,32,128,98,60,226,74,52,224,181,101,215,161,108,119,182,231,57,45,176,127,87,174,199,108,111,215,23,86,150,164,113,165,253,100,71,255,233,40,213,139,67,61,249,65,1,195,81,126,6,154,166,62,206,170,126,222,128,90,42,197,246,33,211,138,124,33,209,18,67,137,199,2,159,161,220,95,67,160,26,103,160,17,115,152,239,92,122,205,253,88,148,254,63,121,233,8,69,214,30,24,159,156,234,113,196,10,108,196,227,124,140,183,195,109,215,131,113,33,147,71,61,245,175,107,41,208,92,96,38,146,111,150,163,8,70,240,2,45,103,218,246,51,140,243,8,211,195,2,102,184,249,52,36,162,58,123,194,4,39,163,203,42,74,214,226,62,108,231,123,100,204,54,103,183,30,96,158,162,235,55,187,242,52,214,253,40,4,204,245,87,148,161,1,55,147,246,107,217,137,123,47,229,93,126,58,130,66,4,184,117,47,176,128,17,33,140,236,77,132,194,0,101,227,43,104,250,85,70,186,209,4,92,137,255,75,142,167,45,127,216,210,52,102,193,58,74,191,28,115,147,192,119,117,220,20,43,110,204,88,44,159,162,98,185,248,18,222,182,173,9,221,189,31,19,178,78,51,218,5,114,163,218,63,97,242,172,102,57,182,118,2,244,58,93,39,214,28,127,145,250,68,243,214,53,110,217,35,19,155,220,14,91,244,126,50,194,0,91,149,228,224,126,159,232,41,171,191,95,100,163,6,111,166,238,104,100,213,56,14,202,136,72,212,152,94,48,11,154,0,140,189,10,47,199,171,17,5,180,76,24,153,239,53,101,221,13,71,158,92,18,255,178,173,55,175,54,105,146,214,55,219,166,18,3,170,206,39,146,246,73,115,166,226,9,36,230,126,52,109,250,54,129,160,56,91,162,31,21,203,167,20,88,131,236,39,180,148,6,117,154,178,58,250,188,113,55,255,83,53,218,201,38,127,195,121,86,173,201,38,141,140,58,103,226,88,16,202,172,105,65,163,250,21,128,157,110,1,223,232,71,169,194,41,81,149,242,33,154,224,49,120,172,59,20,208,88,127,43,162,92,88,165,252,65,118,137,27,122,222,204,61,104,197,58,42,150,9,83,186,239,46,36,197,139,82,151,214,61,93,156,22,109,133,200,9,77,160,16,49,148,227,118,44,211,6,71,191,253,33,199,222,26,94,189,244,70,143,240,6,139,188,232,76,28,177,1,125,214,9,126,234,67,20,136,168,229,37,102,253,18,122,193,16,99,155,30,61,96,239,166,70,177,205,55,104,184,111,30,197,26,51,114,217,86,127,179,14,17,217,173,121,251,204,224,54,157,186,84,58,226,76,56,230,86,34,209,221,31,78,199,133,69,209,149,91,45,247,77,27,220,238,102,1,128,230,75,44,150,66,48,224,82,109,35,155,85,17,153,89,27,233,175,93,230,211,24,35,194,150,118,216,242,88,0,234,86,4,244,141,65,55,239,169,101,35,227,111,25,212,14,70,158,161,60,12,247,74,39,130,229,6,120,175,45,43,150,232,79,124,191,235,121,182,241,7,205,149,80,28,244,132,96,52,148,118,16,246,94,8,244,137,121,43,159,85,13,199,131,107,44,195,20,95,132,154,121,60,204,248,73,152,197,55,139,138,80,109,178,208,28,51,218,27,85,131,20,93,215,225,28,91,238,255,94,102,240,19,122,148,232,93,252,141,121,39,151,73,61,243,171,101,33,159,95,43,214,156,110,56,142,92,28,229,175,4,155,206,44,35,150,235,115,41,215,11,116,189,204,63,160,225,21,76,180,246,69,190,170,22,220,237,80,119,128,221,15,106,223,69,121,166,24,94,133,131,127,61,36,176,116,58,140,86,44,250,84,102,196,164,124,7,237,139,117,11,162,49,116,173,15,19,196,139,33,106,181,27,93,147,233,53,175,156,114,111,189,222,75,97,159,15,124,166,0,73,188,175,103,33,196,130,66,206,146,88,42,244,74,24,242,132,98,3,236,224,88,101,210,57,45,128,79,70,189,248,30,66,217,53,86,167,207,122,158,148,108,60,152,147,115,213,239,85,61,231,83,1,241,163,23,205,236,166,98,10,205,34,117,190,28,18,225,180,68,91,166,55,90,144,232,37,51,149,42,104,132,187,40,54,182,229,52,244,182,4,202,146,102,50,138,129,29,49,145,115,13,243,113,40,190,27,15,200,149,90,68,129,210,58,114,195,6,119,178,245,97,33,199,226,81,166,252,51,134,173,44,53,187,28,43,103,208,4,6,153,0,91,149,242,33,48,202,254,15,137,187,67,80,145,249,94,191,163,15,253,148,70,58,240,168,98,222,156,92,2,193,178,4,53,139,89,51,197,163,3,219,191,101,41,192,89,110,222,144,68,58,242,172,104,240,176,114,234,171,251,76,157,249,125,139,168,25,108,136,253,86,137,247,76,96,161,1,79,138,208,124,126,180,7,10,101,204,10,104,187,33,47,128,226,54,177,141,228,49,151,218,46,107,145,11,66,143,223,79,130,224,69,22,141,167,33,142,194,54,71,187,77,33,132,156,70,50,224,80,2,246,172,78,243,213,28,24,194,134,93,116,163,2,76,174,205,111,171,210,28,18,99,211,53,124,200,9,115,165,252,45,125,237,31,101,235,250,35,140,208,57,112,149,231,64,235,190,23,99,165,28,110,238,172,107,202,208,51,126,221,157,105,45,217,104,6,237,227,66,144,209,90,82,137,234,34,103,206,6,121,234,16,91,133,210,234,127,164,245,1,139,206,32,96,203,125,30,237,163,121,8,181,27,75,184,14,73,141,252,61,82,195,181,62,120,206,29,67,166,222,87,148,204,103,71,175,251,89,196,255,76,75,148,86,68,189,241,30,71,237,98,6,211,12,55,104,216,12,105,133,186,68,105,205,225,88,164,229,127,174,239,123,202,168,232,94,156,153,68,37,172,236,72,157,243,42,67,145,242,69,129,253,46,112,234,26,69,183,233,13,29,194,229,44,163,173,114,253,205,4,150,191,233,63,152,164,5,79,130,233,68,174,239,76,155,225,25,74,128,242,53,29,218,74,5,153,25,44,74,246,78,108,252,16,57,147,212,29,77,160,237,43,91,157,93,67,136,202,95,136,200,104,59,171,229,4,139,203,61,69,232,87,100,137,247,111,134,210,4,107,176,236,53,148,197,5,21,173,228,40,107,162,110,63,198,147,21,184,218,61,244,209,244,54,107,216,10,61,238,171,55,110,229,38,72,183,234,43,128,207,10,100,215,235,79,156,130,104,208,225,103,22,226,15,94,139,240,58,61,189,252,118,126,179,12,89,164,176,6,213,170,26,62,131,109,83,43,155,80,32,245,83,115,174,241,50,136,213,246,48,215,222,47,96,203,55,48,200,166,84,111,161,26,92,235,11,76,182,230,17,223,159,1,84,115,199,1,94,178,229,76,129,203,96,155,253,35,82,148,181,100,31,206,90,65,183,234,77,12,216,24,77,154,15,98,55,190,15,110,176,7,49,139,253,171,71,182,31,72,155,245,92,128,202,15,53,216,150,86,8,203,233,106,137,10,63,198,133,118,121,144,245,93,124,169,54,83,180,238,94,185,193,232,55,165,216,108,250,128,72,246,197,73,85,184,166,19,122,203,231,94,178,243,86,139,226,45,33,204,255,37,120,181,6,4,198,94,52,185,199,45,105,251,31,61,130,242,41,5,166,16,71,178,183,90,79,136,199,79,135,254,2,157,163,9,79,203,191,92,12,231,19,39,130,195,27,197,191,97,134,162,227,83,145,224,82,20,158,203,29,248,140,84,64,160,239,90,188,226,111,153,184,215,92,177,236,19,105,185,254,98,195,166,37,109,197,53,81,152,199,34,112,192,239,41,200,149,72,196,181,39,157,173,19,70,151,190,118,62,242,243,111,137,235,26,1,221,236,115,195,249,94,120,147,100,23,131,236,54,113,183,17,67,198,204,61,135,203,10,254,183,128,31,108,216,20,47,193,173,1,142,207,42,128,187,31,112,250,164,32,155,224,74,64,135,13,30,22,157,229,124,191,246,59,148,224,30,120,193,181,10,115,163,31,78,220,129,109,220,201,38,112,171,14,76,37,187,75,221,187,10,93,178,238,24,35,248,24,71,128,190,88,131,215,120,47,238,238,45,171,183,232,121,136,20,42,195,217,50,144,164,3,54,23,206,125,20,195,138,57,224,175,56,118,197,141,68,179,243,0,217,229,125,13,195,144,20,186,149,244,90,248,168,16,145,249,45,138,255,80,14,49,255,115,1,130,20,34,183,137,49,102,222,35,55,212,180,86,2,236,92,68,189,224,41,101,233,189,3,197,194,70,140,172,37,97,153,171,11,159,172,1,30,196,172,22,194,176,96,210,172,81,52,213,145,79,15,155,95,101,247,129,23,37,149,124,31,178,203,38,155,179,236,73,169,162,82,159,207,241,92,149,246,37,37,191,60,82,217,224,127,201,128,240,85,173,238,5,152,251,6,157,240,63,109,149,233,28,97,186,226,125,173,204,71,155,181,79,6,154,253,90,46,144,122,81,179,235,86,198,234,0,68,145,250,113,143,214,12,149,199,16,97,155,164,13,111,141,13,69,143,204,41,132,190,113,220,165,230,77,179,221,12,93,203,87,27,33,179,125,58,200,136,89,130,253,24,74,216,243,74,200,250,12,124,188,229,97,219,151,31,223,225,111,53,215,149,10,153,164,28,28,236,94,102,222,214,37,147,163,198,65,136,219,38,97,164,224,61,165,214,49,111,141,28,54,143,192,52,211,232,10,123,208,186,77,59,193,112,17,199,191,121,31,144,57,113,200,186,66,214,226,80,39,162,244,95,252,150,124,36,245,161,15,255,155,72,159,221,8,9,199,135,19,62,196,86,96,246,132,30,48,164,67,15,190,8,16,75,187,22,91,191,175,105,141,194,28,137,252,214,93,190,179,58,79,209,252,84,183,246,77,123,133,249,92,173,233,21,155,209,60,98,165,238,107,73,212,30,35,160,190,20,34,188,78,44,140,164,111,213,243,93,9,247,167,25,231,174,114,108,165,233,44,107,242,55,106,193,80,123,131,246,63,214,147,253,81,134,252,88,143,181,32,100,195,6,9,32,175,255,122,187,214,28,145,247,20,147,236,70,84,100,204,61,31,182,226,65,140,183,103,35,228,233,115,254,164,2,143,192,47,48,160,84,55,197,251,65,112,146,217,101,147,187,58,220,139,101,121,149,248,49,8,155,81,26,214,228,59,157,204,55,55,193,232,9,98,195,251,74,197,174,99,129,209,227,106,136,219,78,152,158,32,115,185,1,86,242,233,69,25,249,91,117,219,131,109,217,135,119,41,196,186,88,1,167,226,102,251,203,57,131,217,0,55,188,204,22,158,168,12,123,164,243,38,129,212,21,92,131,180,37,96,243,59,108,195,80,86,165,159,58,66,183,254,23,245,236,121,115,196,49,37,252,174,98,216,144,74,6,196,132,16,212,176,65,83,182,201,79,45,246,46,78,166,35,63,148,194,45,85,181,233,54,179,208,21,136,205,21,122,169,157,55,116,149,165,1,213,181,23,49,151,85,4,179,238,26,197,211,51,103,186,235,37,103,250,51,92,255,235,68,144,235,12,33,218,243,76,170,217,19,6,186,237,22,143,205,57,92,186,55,117,248,161,12,59,221,20,117,195,95,115,211,159,98,53,196,174,26,226,149,55,133,148,81,6,146,213,15,97,144,239,64,191,252,51,152,160,19,119,144,237,39,65,188,244,93,144,240,104,146,215,19,67,216,187,125,203,145,115,0,182,21,97,244,194,33,134,155,232,5,149,234,41,145,205,40,115,169,172,51,87,140,16,69,146,173,57,132,155,37,82,170,23,3,40,130,211,22,144,255,38,248,171,86,25,179,187,52,132,198,107,108,164,2,90,237,191,23,45,165,12,55,136,130,49,214,153,116,117,223,25,90,102,162,230,55,174,240,121,199,151,40,106,218,200,106,204,226,21,120,143,196,98,206,163,112,97,215,248,61,116,183,119,57,135,103,56,229,232,80,223,165,243,85,162,222,63,136,138,47,34,143,68,107,144,196,21,76,134,196,89,144,212,105,63,139,18,95,107,220,38,73,146,72,104,207,190,41,145,207,231,68,215,145,77,213,191,122,41,182,238,5,157,221,239,115,157,241,22,117,148,97,38,193,5,121,155,242,52,110,177,224,92,223,167,109,123,200,28,67,147,213,74,38,155,94,71,165,199,62,135,138,161,19,199,151,88,35,182,46,49,187,12,68,156,195,27,126,149,94,43,208,175,76,97,223,13,98,138,242,34,143,208,10,3,243,191,51,134,192,30,67,149,226,15,214,230,89,36,185,237,71,106,213,161,15,255,177,79,246,159,16,84,147,20,65,160,220,84,113,246,83,30,169,203,39,130,165,23,125,157,244,32,211,137,123,106,181,224,111,217,155,122,18,157,231,53,132,195,114,4,226,66,48,211,168,244,78,253,244,79,142,199,55,116,172,226,99,237,195,102,49,244,27,81,165,238,87,107,201,58,73,150,189,107,209,216,35,98,211,3,64,184,254,21,98,236,173,118,141,223,41,120,203,162,0,224,184,105,4,203,236,64,201,226,33,101,216,8,11,158,180,105,54,215,15,91,180,253,77,159,226,11,105,243,129,113,130,201,53,144,232,67,53,246,163,88,77,191,240,81,206,148,102,48,172,121,34,157,3,103,124,172,8,55,135,248,107,130,139,98,53,190,203,3,128,221,19,103,188,241,71,208,164,122,135,142,226,94,121,217,26,33,143,96,45,218,30,72,102,185,94,28,220,168,70,31,136,19,121,240,9,16,114,202,21,106,231,216,109,196,135,36,108,212,232,61,107,173,36,113,177,64,10,204,231,59,151,180,23,24,207,175,84,47,210,12,108,213,16,61,216,142,70,42,209,182,39,155,136,4,108,169,11,52,159,162,67,122,249,64,3,114,206,62,119,218,233,39,140,209,9,6,130,76,68,208,225,37,131,189,42,25,247,150,107,136,170,12,123,196,75,57,208,130,92,1,232,3,71,218,219,55,97,163,66,113,203,151,60,85,218,47,21,251,173,125,108,210,235,78,130,201,32,44,232,168,46,162,225,113,143,190,6,19,233,181,23,103,198,38,72,164,16,115,133,188,110,44,150,15,80,189,234,116,54,142,68,42,151,206,33,125,200,24,120,209,183,25,243,159,247,86,140,247,45,220,148,64,4,131,7,69,158,201,4,13,227,163,5,146,230,22,110,199,246,11,216,142,108,136,194,59,123,171,238,91,212,207,84,26,203,194,38,100,209,30,108,184,15,122,144,183,72,96,159,245,35,130,225,124,126,166,197,98,232,146,81,154,168,236,79,150,165,117,209,229,111,10,115,142,107,32,223,42,127,211,2,97,167,234,59,94,156,241,40,108,129,7,96,172,6,87,211,116,114,17,235,130,38,154,209,18,36,154,92,10,145,160,56,97,174,11,3,142,12,60,140,193,13,1,194,226,9,101,192,61,111,235,82,120,175,208,79,120,172,251,54,149,135,80,223,170,58,126,180,252,43,146,183,12,0,146,201,55,109,222,110,21,231,143,15,64,217,10,72,200,163,105,241,139,50,116,161,196,41,188,228,7,119,200,33,52,238,26,77,93,251,21,94,130,149,124,37,169,60,115,206,238,57,114,221,42,20,180,31,63,105,222,106,29,200,144,89,6,207,140,32,173,229,124,213,170,18,47,178,250,71,117,195,26,71,188,17,126,182,1,4,221,145,71,21,212,188,113,35,191,89,76,206,233,35,70,138,16,123,206,253,98,254,146,16,104,219,193,51,158,226,83,79,186,5,70,165,27,92,83,178,229,65,156,228,68,36,134,160,44,195,81,6,201,137,97,106,176,17,86,165,145,29,156,181,232,20,40,136,26,112,191,44,108,149,199,0,116,167,247,34,191,201,56,89,181,244,82,188,165,103,245,226,128,19,202,162,114,206,200,111,52,254,185,12,145,200,35,104,237,31,74,190,253,37,47,239,123,102,6,147,88,222,241,70,84,183,2,33,166,234,232,40,138,129,113,35,151,103,40,162,224,3,222,236,54,76,169,24,45,148,211,41,76,165,49,78,124,222,34,39,149,69,55,193,140,68,136,143,80,116,150,202,35,152,163,40,73,161,250,81,135,222,2,114,130,133,113,223,143,107,24,235,163,29,217,162,101,32,181,26,40,191,134,23,115,209,86,106,130,146,93,97,206,10,119,179,26,91,155,229,56,81,154,198,30,108,173,50,80,154,252,71,167,188,55,70,186,31,41,108,221,25,127,214,22,65,149,226,26,104,167,168,120,171,203,92,116,243,30,76,113,202,32,119,177,77,113,170,81,1,243,167,55,17,178,252,53,48,181,29,93,144,246,125,181,186,21,123,246,225,68,182,211,17,98,201,47,111,164,193,31,0,178,1,76,146,84,78,103,197,76,150,157,204,15,118,204,25,83,164,7,101,189,10,94,117,226,30,90,145,142,2,150,255,234,97,143,18,27,106,165,49,103,152,254,78,53,217,2,57,233,130,118,6,201,26,84,167,162,109,175,227,72,128,130,44,117,157,209,22,111,172,238,77,163,16,95,64,196,31,79,161,178,32,105,164,44,60,150,17,54,213,191,13,124,189,4,36,139,229,28,111,141,236,59,111,205,74,70,178,249,0,150,204,121,152,146,22,33,173,194,59,89,207,42,86,166,167,87,109,146,66,52,232,116,59,217,132,4,69,223,14,4,151,182,63,7,237,177,66,180,197,47,146,133,130,34,144,237,126,96,169,229,86,181,92,22,110,218,15,55,162,225,1,104,194,40,104,216,229,55,1,188,111,57,164,28,67,214,153,42,100,173,168,27,223,229,93,44,158,248,100,217,251,74,84,145,22,33,111,200,42,101,206,52,66,187,236,55,185,183,224,119,249,129,21,33,185,73,37,249,115,22,53,191,17,60,179,11,125,185,235,82,177,201,28,44,105,233,8,25,219,8,122,135,13,32,159,201,232,85,162,215,59,126,221,12,58,238,164,28,214,249,65,1,233,124,89,154,251,43,215,169,20,88,154,208,21,82,140,22,123,184,31,75,150,253,52,17,139,194,75,215,155,161,25,208,90,105,181,194,27,102,137,224,65,116,156,68,52,181,21,73,150,136,91,83,218,17,47,174,246,14,209,207,52,64,132,255,126,214,182,17,82,164,9,104,224,239,37,78,167,230,46,97,189,95,20,213,124,18,180,234,18,70,240,92,106,158,247,22,124,169,84,86,191,212,15,107,249,250,105,253,251,73,146,155,32,111,250,217,43,127,206,53,22,168,231,75,182,237,107,51,229,87,87,131,204,109,42,154,95,73,163,236,37,65,236,245,90,175,194,58,133,238,88,4,242,163,86,38,236,17,86,135,20,111,143,226,52,113,160,136,95,102,205,10,108,201,251,78,194,162,22,45,159,79,25,188,228,39,102,147,165,125,180,239,59,74,150,170,104,150,233,120,112,205,29,22,186,204,53,102,245,1,66,141,231,56,188,241,47,201,246,190,18,244,155,2,108,179,86,56,210,184,74,28,148,18,111,188,161,29,207,128,85,3,145,0,122,125,198,4,119,180,10,35,152,206,12,103,201,221,56,92,197,4,90,184,228,76,159,206,97,154,133,26,93,212,184,124,223,228,12,85,160,25,4,111,172,10,115,189,89,22,255,249,44,115,172,213,26,157,221,22,100,250,80,30,248,138,104,200,224,129,60,62,153,23,124,227,92,0,253,190,116,36,151,24,27,228,234,114,203,152,122,74,221,230,83,150,239,15,91,168,45,87,184,251,89,219,217,0,42,107,179,60,121,168,78,5,238,229,66,121,134,1,36,138,224,1,55,227,81,1,243,167,29,213,220,159,51,248,190,10,220,154,101,61,155,228,57,111,159,124,25,170,164,9,255,231,64,148,252,107,68,146,195,48,84,223,6,94,236,171,12,142,236,232,127,187,204,53,169,165,20,68,163,28,17,137,163,25,91,156,88,24,218,168,110,54,138,86,4,8,206,17,53,158,229,89,186,251,71,150,240,109,83,164,231,41,116,171,162,96,187,184,94,140,239,43,105,132,251,77,33,137,20,9,161,16,75,253,150,74,0,210,159,126,246,171,120,138,205,0,103,175,225,10,154,187,7,53,207,181,29,237,158,97,56,234,94,62,225,143,22,78,133,30,66,131,235,81,123,184,36,115,137,240,48,103,217,232,67,153,192,11,113,160,10,22,208,140,20,254,187,100,42,217,173,83,252,165,51,84,241,83,109,211,145,72,124,168,19,8,252,178,106,36,224,94,30,192,131,82,105,178,25,88,176,203,32,150,157,77,115,139,211,16,98,181,17,14,168,230,43,121,252,59,58,172,227,53,138,195,111,63,155,175,15,241,139,113,0,234,86,4,222,139,84,149,192,22,62,175,232,60,122,161,14,21,191,246,93,37,197,42,59,159,172,74,52,224,78,62,218,137,94,156,201,72,208,247,185,7,205,149,105,31,160,25,119,136,173,68,81,179,12,74,244,185,87,145,234,58,38,253,92,18,85,222,24,79,172,179,71,146,249,23,33,197,197,48,137,173,30,123,191,92,19,223,184,60,107,155,85,83,158,165,107,51,135,83,43,251,87,107,50,148,174,62,209,233,86,192,185,54,152,201,22,55,116,220,87,120,189,252,70,129,238,117,129,168,166,74,159,212,104,10,143,92,88,181,234,96,214,245,175,107,243,179,117,233,164,20,118,189,8,95,220,237,80,97,152,225,83,156,245,30,130,193,55,94,133,131,127,61,253,73,13,211,165,69,232,221,17,46,144,164,126,34,134,185,80,250,236,93,158,166,30,95,136,218,17,149,221,32,39,237,4,65,135,204,46,93,236,80,119,205,184,107,138,249,56,70,188,227,34,114,149,30,75,190,255,113,133,196,15,75,190,193,98,194,154,126,14,239,232,86,131,157,79,3,249,177,107,39,175,69,28,251,11,72,200,148,108,60,152,172,12,238,136,110,214,128,70,44,248,238,82,153,204,127,55,173,247,64,155,221,29,81,224,226,66,103,211,46,113,146,7,44,136,220,31,59,237,161,23,207,137,69,205,141,79,221,202,146,102,50,138,112,27,132,239,68,114,140,39,81,162,22,87,132,181,63,108,211,89,81,158,163,78,20,230,176,6,212,174,64,222,190,86,16,205,161,1,126,233,89,11,255,181,109,39,227,107,43,212,162,66,29,192,30,109,248,31,41,141,248,6,17,226,230,90,175,249,31,206,137,18,111,164,252,4,109,236,252,65,134,240,114,129,219,40,149,244,162,120,3,161,24,81,247,239,84,211,139,69,1,240,176,114,192,134,78,34,238,70,22,242,134,76,2,134,235,23,200,249,85,142,239,35,114,220,81,47,104,179,7,90,153,162,34,139,144,38,125,204,161,117,162,131,243,68,177,165,21,199,187,113,41,202,134,14,206,144,30,14,193,5,95,168,245,86,11,246,77,52,153,230,86,147,252,105,151,206,6,43,146,154,88,24,228,168,110,192,138,96,46,136,129,53,210,216,63,33,246,237,80,151,240,32,149,179,253,96,119,254,37,111,236,11,10,208,227,2,116,208,253,64,235,137,20,211,239,38,145,135,121,20,202,130,124,56,246,156,47,136,201,86,124,190,177,72,147,255,92,97,155,127,0,218,179,104,149,175,10,87,137,202,7,153,130,9,138,185,252,60,105,206,87,51,199,167,35,14,137,113,219,135,95,33,186,252,45,32,154,86,20,254,141,109,110,249,249,64,148,231,56,168,255,31,120,157,183,49,159,163,4,90,169,241,98,112,178,45,123,164,49,48,104,205,15,100,161,81,101,197,167,65,39,143,121,38,215,228,89,152,210,126,58,246,178,111,160,130,235,68,159,226,42,133,222,10,157,189,26,59,157,164,23,4,246,225,84,153,218,22,109,132,70,21,224,131,66,155,174,23,80,170,207,38,182,219,9,91,246,239,72,145,238,110,98,213,19,65,156,213,67,7,205,95,67,210,201,41,124,151,119,15,243,128,94,8,244,136,63,205,238,110,42,180,18,97,153,223,78,98,225,41,91,164,226,67,104,143,38,40,136,243,72,200,182,102,216,140,66,58,244,176,85,21,225,143,70,178,195,29,34,193,18,97,214,209,52,155,143,226,94,143,184,49,132,197,5,110,104,169,39,98,185,41,7,151,216,63,157,228,57,6,232,130,104,208,186,102,212,174,91,100,165,16,45,53,241,246,115,129,200,79,39,187,84,62,245,179,94,119,194,63,95,136,245,109,138,204,59,34,140,211,38,147,135,15,158,157,165,57,197,119,64,57,204,240,67,71,156,32,143,203,54,114,219,26,1,143,222,22,89,133,93,124,39,253,6,141,164,237,54,157,203,20,120,213,184,46,143,255,35,146,249,175,103,33,183,72,120,188,117,38,195,3,45,103,160,28,55,129,164,50,101,207,57,110,144,64,25,205,169,86,60,181,234,59,184,250,9,146,178,86,34,137,209,34,149,160,7,126,214,140,41,143,163,247,23,193,216,36,59,143,30,94,147,85,99,143,165,5,68,133,128,37,142,213,4,101,198,48,21,129,242,37,111,216,16,124,207,133,87,138,172,24,54,179,216,0,44,215,49,127,162,31,49,150,165,95,18,193,251,60,108,217,9,110,179,199,117,155,178,57,67,202,235,78,244,147,74,23,233,12,87,128,153,78,145,199,58,55,241,173,107,1,154,171,106,169,215,95,107,193,1,97,144,170,2,231,249,175,13,243,250,80,159,204,3,59,185,40,112,108,230,51,86,220,164,121,132,252,124,151,253,29,45,174,183,98,130,204,54,115,212,85,13,203,135,190,60,201,210,75,107,212,2,101,186,19,100,137,222,122,31,134,227,82,153,233,34,104,203,89,27,202,132,68,212,222,231,120,140,27,41,181,152,122,15,223,208,56,144,194,44,138,226,71,51,170,235,25,90,129,52,4,102,255,44,214,228,126,16,238,181,77,49,189,152,91,133,252,105,219,143,69,61,222,154,98,8,201,123,101,155,92,52,189,251,126,81,168,238,63,113,198,33,187,201,56,123,160,28,44,119,170,172,108,248,188,66,212,158,116,2,156,149,115,249,198,70,97,128,244,5,147,194,49,110,158,195,49,48,211,5,65,217,25,86,145,251,66,76,173,237,104,229,215,40,104,213,45,100,201,41,44,155,194,19,73,158,207,82,218,224,114,60,146,135,97,51,145,113,9,237,121,92,149,194,61,113,254,252,63,111,222,6,145,204,196,106,177,232,83,70,207,238,67,219,253,84,55,157,69,47,155,73,96,210,172,81,113,189,230,45,40,180,120,62,186,172,30,39,248,31,102,193,245,74,166,141,121,41,233,170,16,210,136,42,107,189,48,60,173,9,71,77,212,247,57,219,200,20,217,254,29,111,227,5,35,154,255,61,36,206,85,66,135,194,70,139,211,203,65,223,225,22,159,239,9,104,145,234,74,121,187,238,24,155,247,43,112,213,86,87,214,19,90,158,197,47,49,255,91,101,144,210,63,154,167,24,37,210,241,2,222,134,27,126,185,254,41,74,254,21,82,77,179,125,211,225,123,13,235,75,73,234,208,252,89,200,182,102,216,140,66,58,244,154,21,214,188,52,61,169,20,110,239,203,54,122,209,39,55,140,226,52,153,222,57,105,180,19,74,200,132,169,105,245,185,127,209,155,113,63,153,129,36,224,181,23,58,131,255,37,157,203,62,73,165,12,83,113,237,8,37,195,4,84,171,235,92,113,219,23,95,168,213,57,112,203,62,40,152,74,62,244,172,77,9,199,135,19,215,183,66,119,202,21,99,201,192,57,73,174,0,33,138,224,54,103,192,11,123,137,210,23,219,221,20,43,241,185,13,217,177,65,4,242,149,84,113,210,22,44,136,70,43,245,92,45,98,162,203,33,96,249,54,111,204,26,46,251,250,7,44,140,164,8,196,161,118,34,144,64,24,224,138,63,123,180,121,57,251,73,37,250,202,59,119,144,162,106,214,218,30,121,182,74,120,182,1,57,100,197,79,9,197,131,67,207,147,89,1,216,246,14,159,236,8,42,222,166,77,42,218,18,123,145,242,57,33,215,22,71,195,87,123,171,236,35,48,225,73,100,161,216,53,128,240,16,119,232,84,105,217,139,127,53,237,141,78,49,225,63,126,247,205,24,158,223,61,70,171,51,48,133,199,27,119,144,255,34,163,196,58,99,184,173,40,245,213,73,115,172,78,86,179,193,81,126,146,116,14,244,92,109,217,135,93,4,141,83,89,138,129,2,94,197,247,57,130,219,21,108,215,197,85,163,235,46,137,187,250,38,133,200,115,58,157,52,67,138,5,19,112,203,19,87,160,184,16,32,188,80,48,146,172,83,12,130,117,39,149,75,57,248,172,104,155,152,220,24,209,144,63,51,142,82,118,147,247,67,198,165,77,118,213,227,33,158,212,9,120,243,225,40,155,215,22,40,238,182,10,214,174,126,218,196,99,30,51,149,127,37,151,74,54,238,29,10,159,137,161,104,113,171,112,48,200,1,121,191,72,37,194,148,161,100,165,200,54,147,206,125,99,162,26,94,126,238,118,54,248,70,12,212,168,94,225,149,58,115,223,244,71,123,210,14,103,162,31,86,177,173,64,82,145,201,44,136,213,30,107,166,9,91,248,189,21,104,172,173,76,107,211,60,127,155,77,1,222,188,125,12,148,84,22,206,135,54,136,215,106,97,253,145,91,254,169,29,126,229,81,63,239,161,124,50,234,142,77,215,202,50,107,128,10,92,179,221,117,11,177,22,84,173,227,0,103,216,29,120,159,142,40,102,171,249,124,187,186,71,132,210,37,67,239,191,27,47,143,113,11,241,89,3,239,93,94,11,212,21,64,150,190,40,100,205,56,94,168,192,45,57,213,236,3,227,187,31,197,227,77,57,228,147,121,97,215,19,98,134,17,85,158,227,110,80,164,244,99,144,252,25,68,195,229,90,145,229,58,107,212,68,37,238,242,56,153,238,22,106,191,209,105,127,200,20,126,143,161,1,217,189,99,1,210,190,70,241,193,6,56,249,238,35,186,237,53,113,174,247,15,128,249,50,150,187,2,45,137,228,124,99,223,1,94,172,23,73,136,253,122,52,135,171,61,122,193,81,39,245,79,75,210,2,44,219,245,134,36,143,195,22,104,165,30,77,156,197,65,51,185,2,74,158,233,113,201,153,117,35,196,75,76,50,154,110,29,218,0,69,244,170,98,220,178,144,51,155,216,7,96,189,69,19,237,191,29,253,252,160,44,9,135,105,40,148,72,48,243,245,52,70,197,31,86,183,233,6,196,143,35,114,216,228,39,156,169,80,124,172,15,60,162,27,66,135,128,228,81,146,221,40,121,161,67,94,228,244,69,146,167,15,85,173,164,7,122,217,14,54,189,19,75,49,174,245,122,188,255,90,197,140,37,104,209,22,93,120,201,42,8,189,27,69,184,19,10,179,222,79,5,243,185,42,116,192,29,70,225,228,111,205,152,251,70,169,236,83,172,250,8,127,136,84,6,33,151,79,9,197,77,39,226,25,45,110,191,75,10,218,182,74,42,140,140,33,253,3,81,240,252,4,70,241,237,74,150,211,7,108,181,201,123,140,210,23,107,148,27,122,214,186,96,62,232,84,2,217,139,127,53,237,141,78,226,246,54,243,210,12,71,153,231,48,183,173,28,107,128,250,103,230,230,42,98,219,3,70,147,223,51,112,161,2,64,159,193,10,36,242,76,30,252,92,116,216,190,92,6,217,173,90,103,216,27,95,197,207,94,134,207,73,73,156,198,42,131,194,49,67,178,13,38,200,246,8,45,155,75,61,241,167,31,217,191,126,93,218,194,4,34,252,66,13,247,188,94,191,198,53,153,117,206,51,38,149,1,114,241,169,99,223,141,74,25,150,247,33,133,216,13,113,220,237,66,169,210,61,97,218,12,57,244,91,75,128,233,52,118,165,221,32,40,162,1,73,175,226,8,218,184,24,26,214,168,119,103,218,10,103,166,23,90,129,129,113,46,169,226,117,132,197,76,90,130,22,107,140,231,59,106,235,29,124,170,36,5,241,227,44,143,193,237,20,44,193,3,127,204,225,123,132,242,82,251,183,152,87,168,210,3,99,174,3,103,179,232,49,69,135,30,79,136,90,44,105,255,7,108,218,97,109,10,205,237,76,219,118,67,176,241,84,142,213,229,94,214,218,6,117,176,239,110,198,92,106,196,215,118,127,157,242,29,59,229,81,21,194,229,91,119,234,164,96,232,168,106,248,190,108,247,162,48,48,209,229,69,39,193,167,15,249,165,19,195,181,122,43,186,246,49,50,242,126,2,200,90,100,250,239,73,27,249,89,113,213,187,115,46,230,24,64,103,244,30,73,135,242,69,198,132,82,153,176,59,46,151,214,43,11,183,23,90,150,227,94,205,244,4,120,175,240,28,214,146,80,16,156,160,102,248,233,127,13,231,185,23,247,143,115,217,247,139,32,34,146,68,56,238,166,96,220,164,100,38,180,122,105,253,137,97,49,141,161,43,206,249,45,142,181,72,54,230,88,12,194,186,116,48,238,174,58,254,235,125,7,157,171,5,253,152,80,96,208,25,91,103,215,12,115,226,88,2,196,188,122,131,207,11,107,183,196,25,39,162,79,110,178,30,111,149,192,21,118,165,84,4,246,170,96,216,146,78,12,204,191,67,9,155,165,59,201,163,117,211,179,75,47,252,176,105,126,219,6,84,244,163,39,137,202,52,7,197,70,29,41,187,4,144,162,27,85,190,93,160,10,171,21,69,156,236,85,141,242,53,56,168,223,24,155,239,224,119,138,11,51,146,147,37,158,158,180,94,118,163,78,125,161,17,64,128,227,41,84,229,227,46,245,187,67,215,227,123,11,231,187,66,36,254,164,12,246,162,16,192,178,102,246,185,181,113,47,239,123,63,197,87,97,247,133,31,49,246,86,110,210,184,86,0,198,119,78,178,245,102,5,255,187,3,195,133,19,217,225,117,1,153,169,108,0,224,66,28,194,128,57,132,224,91,208,132,161,25,211,143,77,13,153,93,99,245,191,21,35,228,182,20,244,140,112,214,244,94,32,213,227,91,112,185,225,29,217,161,97,35,177,119,63,147,95,30,46,138,94,62,224,186,96,200,178,30,204,188,85,9,255,183,113,7,198,238,98,169,213,19,192,154,233,79,155,224,90,73,221,61,18,252,168,22,45,159,83,9,193,187,119,255,191,65,207,149,93,24,36,188,76,40,252,92,62,216,190,102,250,145,31,68,187,243,29,220,202,30,91,157,85,21,206,152,174,58,213,179,98,194,165,90,53,138,165,14,47,155,71,63,243,167,77,150,149,88,154,222,32,115,44,245,17,159,174,78,94,180,21,48,210,195,27,72,189,11,66,197,255,61,108,233,174,101,191,219,230,119,172,19,35,191,221,7,204,238,43,99,92,133,8,106,172,31,15,131,244,50,96,247,62,100,242,184,64,212,224,120,8,228,184,24,250,148,161,9,243,95,13,253,175,99,217,145,75,45,232,167,57,121,144,22,30,244,130,28,46,140,108,4,207,181,83,61,233,87,7,249,173,99,219,149,81,0,192,130,16,214,158,114,20,187,227,87,132,226,127,4,255,230,92,178,249,83,174,210,62,47,233,140,74,10,150,90,96,242,188,18,32,186,76,42,241,137,109,211,241,91,7,245,165,23,203,129,121,48,251,16,91,104,250,116,53,213,9,102,144,160,87,42,157,187,31,132,226,84,155,241,40,221,149,184,103,40,234,168,102,183,190,68,130,245,10,214,146,252,74,99,131,35,74,174,234,95,205,242,39,79,172,236,39,244,248,48,133,212,84,105,180,27,27,113,170,89,127,155,250,99,196,187,43,146,203,229,118,134,212,13,114,196,90,119,143,199,98,141,144,24,43,205,235,12,108,220,225,82,195,177,97,58,238,164,28,214,146,26,218,156,106,48,248,76,127,215,231,67,23,247,89,115,243,172,32,150,192,14,76,194,184,112,42,230,164,100,240,180,122,204,253,83,97,251,141,107,203,227,71,45,203,181,97,54,230,88,12,232,151,49,101,234,44,58,149,78,60,156,210,39,77,130,230,92,247,145,119,223,137,92,10,250,172,96,214,142,72,4,194,130,14,210,255,81,27,241,191,25,43,137,105,1,207,102,39,127,174,0,4,255,239,53,138,198,78,218,135,88,1,209,218,34,116,193,235,124,209,179,25,106,216,229,96,190,160,92,132,247,50,34,161,236,41,114,199,4,29,169,240,15,221,183,73,39,135,95,3,208,238,88,4,242,162,20,200,190,118,48,236,116,27,221,171,91,20,132,91,51,193,15,62,209,246,249,91,172,162,91,149,243,44,212,192,15,83,143,169,171,118,187,242,95,131,254,123,200,231,0,104,101,230,42,12,186,227,83,143,254,102,220,148,78,113,249,185,123,201,143,87,43,247,79,31,251,143,86,56,210,184,96,202,182,78,249,201,62,48,225,128,77,80,151,1,82,157,229,48,136,202,54,97,158,239,37,60,200,230,93,136,237,22,131,214,51,88,131,198,23,153,208,103,110,166,12,81,237,177,63,20,166,25,54,214,190,104,212,130,114,36,152,181,109,39,227,161,97,237,177,119,201,147,105,29,213,207,59,132,161,2,42,213,178,95,129,243,60,65,156,228,56,45,249,52,116,202,7,19,231,179,114,2,158,178,18,244,142,116,220,134,114,32,144,169,29,211,139,111,44,255,191,11,207,149,103,49,238,188,22,40,134,102,62,226,72,102,208,188,106,43,222,174,31,215,143,71,209,151,92,38,226,245,105,50,195,165,100,216,181,24,127,151,120,44,210,240,70,128,161,120,43,225,95,17,223,173,102,119,233,188,95,223,236,76,119,129,94,8,164,209,61,70,245,86,25,151,254,36,98,165,107,116,190,0,0,120,203,19,98,189,90,115,206,245,7,113,246,231,84,134,255,38,217,143,71,1,253,187,123,199,242,184,10,212,170,120,210,228,66,34,250,94,46,36,189,26,69,169,175,97,219,145,86,89,143,10,53,135,226,26,105,177,0,95,248,200,34,143,232,240,80,134,221,47,144,198,59,110,229,25,82,217,192,76,16,214,168,114,200,150,112,2,224,64,24,35,137,141,60,244,169,31,199,210,114,38,228,171,28,222,197,97,84,240,78,90,169,238,87,103,144,90,111,209,187,105,211,161,100,92,139,53,120,225,226,86,92,191,253,51,220,196,62,113,250,247,127,151,157,92,39,128,226,90,167,247,42,154,217,14,110,102,243,49,123,206,72,16,228,176,8,216,180,175,15,241,139,113,217,131,111,221,167,82,49,235,136,16,113,252,232,80,137,230,106,98,193,16,109,105,131,126,59,203,29,38,185,238,38,133,137,49,91,145,195,4,208,144,82,32,230,174,2,206,166,93,57,205,173,15,41,143,93,12,195,62,99,201,184,108,40,238,82,93,148,239,46,113,205,32,32,215,172,29,33,213,1,120,151,143,39,146,199,52,66,194,252,62,107,230,108,98,181,60,69,160,162,83,54,165,87,63,147,232,51,35,217,58,105,216,252,98,146,194,5,62,248,186,120,217,214,78,116,137,226,1,193,173,58,157,182,23,1,155,199,52,10,243,174,44,147,204,9,104,216,20,75,232,160,89,68,162,32,3,185,204,43,138,169,75,119,211,241,30,130,197,54,107,174,92,94,159,150,98,38,211,165,111,197,147,109,63,157,125,63,212,86,127,66,191,234,89,166,188,124,104,170,235,98,137,248,50,117,166,37,75,169,254,117,61,194,36,66,187,222,39,131,253,2,147,215,28,73,250,242,58,117,231,238,60,130,223,5,116,198,28,85,214,246,67,109,194,177,24,138,243,42,157,222,74,72,129,11,32,125,191,69,13,225,173,5,213,177,69,37,135,136,68,251,137,110,159,199,61,94,171,27,76,189,251,177,65,133,198,41,72,213,28,123,178,63,125,118,213,36,122,142,250,45,156,197,122,45,232,231,8,140,223,41,152,174,234,81,134,230,39,134,227,230,77,101,195,56,222,138,120,40,154,78,4,252,157,89,23,215,137,74,99,250,1,139,237,78,16,220,193,27,127,180,215,22,214,138,58,103,204,15,32,61,166,38,106,131,117,69,133,20,33,130,145,6,39,200,163,70,103,215,40,65,193,3,86,146,139,73,115,180,225,52,140,159,14,144,166,19,5,136,210,53,148,183,80,62,152,200,51,32,153,64,88,158,202,23,103,139,65,106,202,54,125,191,203,15,94,177,134,32,129,226,72,48,154,70,52,228,189,91,10,208,29,21,218,154,23,112,189,53,68,134,222,47,127,201,63,118,162,25,29,62,195,51,80,147,242,121,122,177,22,102,183,224,55,179,204,64,72,168,253,88,103,132,106,127,230,28,119,162,185,105,219,143,111,16,247,179,113,49,151,108,67,142,207,96,106,205,14,123,221,228,81,190,152,12,71,150,231,32,139,143,9,68,181,17,5,148,24,7,94,215,170,86,157,224,66,100,205,94,4,236,189,67,250,142,123,126,174,30,65,184,141,71,159,138,197,86,75,234,31,116,177,48,114,128,251,126,7,144,179,124,209,208,58,104,177,22,27,175,226,15,149,172,168,60,200,160,90,225,224,64,34,252,163,92,159,201,48,37,211,14,85,186,246,59,104,144,160,42,120,233,18,153,184,68,88,177,28,56,55,202,187,49,158,241,111,103,220,75,3,253,185,66,5,227,122,109,136,21,54,191,203,29,60,150,227,13,110,199,26,113,192,17,124,143,27,89,152,146,168,60,183,195,5,218,249,122,95,226,248,83,154,190,25,59,217,131,111,247,160,127,51,233,161,104,19,194,8,77,150,24,33,172,199,89,120,205,199,99,139,205,16,121,210,17,49,175,22,79,169,156,24,91,145,221,28,116,169,54,2,222,239,0,57,151,119,37,222,80,117,111,196,58,70,159,89,42,106,169,20,71,176,245,102,179,228,82,108,243,215,23,113,215,99,32,227,5,124,160,2,63,189,205,1,117,184,176,110,46,186,84,41,150,160,54,43,175,122,113,219,232,17,179,208,43,104,220,29,39,146,140,10,108,175,22,71,150,82,86,101,252,243,63,159,253,127,139,206,21,1,175,26,63,237,132,118,0,205,81,16,139,192,5,158,211,240,68,114,254,0,85,247,91,119,135,230,93,80,201,26,76,135,230,48,100,171,58,2,165,237,35,151,184,204,76,162,19,36,136,240,115,150,172,56,87,241,153,114,114,194,72,114,183,243,35,102,234,118,58,39,147,110,217,231,65,19,219,124,45,131,246,81,38,139,232,47,155,198,13,68,250,248,108,171,212,48,105,195,25,38,179,223,103,114,206,26,71,253,216,57,108,144,6,123,230,92,20,206,160,101,1,249,246,16,176,179,50,92,222,253,127,237,143,47,116,159,200,15,142,217,46,121,128,26,86,157,58,89,87,214,0,32,185,241,85,104,198,22,85,155,129,66,99,193,39,126,158,28,69,185,253,32,40,205,141,25,247,206,40,100,149,190,61,139,232,89,79,181,2,49,154,138,52,105,217,1,72,252,182,89,33,203,142,56,255,236,94,154,227,46,102,187,247,38,117,178,56,102,219,11,60,160,237,81,132,178,227,62,109,183,55,64,208,18,127,235,118,71,31,214,228,75,222,191,1,124,211,1,106,173,246,58,111,175,58,75,141,3,64,187,254,9,144,168,233,18,146,255,29,114,165,80,114,184,15,88,133,207,85,15,203,137,99,248,144,26,124,186,63,81,97,183,28,115,192,235,92,121,200,18,71,170,23,52,107,220,89,8,157,9,90,170,225,58,155,155,22,43,133,213,54,220,246,92,4,196,119,1,189,220,4,85,189,236,44,107,164,123,114,176,14,119,155,161,42,121,162,2,51,172,244,0,113,162,82,39,148,198,17,126,185,230,125,251,241,74,146,214,24,74,213,162,73,124,214,63,62,215,171,14,250,141,113,45,158,14,20,181,252,71,13,211,0,72,147,132,125,10,206,235,91,163,200,114,199,190,2,58,223,192,55,100,177,15,70,158,13,25,149,251,3,74,183,236,22,38,130,86,28,181,187,74,148,194,117,108,213,4,83,163,220,39,100,166,239,108,218,174,61,117,198,227,116,153,236,10,110,199,47,62,151,173,88,15,186,66,3,171,246,33,185,246,227,93,244,249,92,149,242,11,114,132,86,62,130,216,1,102,205,0,93,241,28,80,190,213,10,68,96,224,82,19,186,119,57,186,22,47,226,133,73,86,170,135,45,96,224,89,123,190,16,83,129,194,46,88,172,5,87,146,250,122,210,226,126,56,223,178,93,117,172,4,109,164,25,92,187,179,103,39,154,195,0,148,249,92,124,177,11,84,130,136,52,108,128,229,108,47,159,13,126,181,7,82,159,175,21,87,233,8,85,175,248,44,230,181,90,45,149,210,34,139,167,89,13,233,4,75,186,247,90,148,167,170,52,109,161,56,96,250,24,85,169,246,81,94,235,15,45,134,173,3,118,179,14,122,130,167,66,54,176,254,125,210,151,1,198,194,38,99,221,192,19,112,193,54,85,167,10,9,245,163,19,239,205,95,7,132,197,22,77,250,0,81,175,252,94,55,222,229,64,187,213,54,132,189,83,49,227,93,116,42,250,29,71,130,23,96,216,234,45,96,199,207,17,43,235,11,118,225,251,80,142,189,95,132,218,11,82,184,237,16,112,169,229,100,164,182,8,57,143,119,26,141,233,66,223,131,105,7,219,112,123,123,192,25,62,252,176,101,228,180,36,139,138,196,89,129,244,53,141,190,3,87,131,242,94,137,219,61,102,169,49,65,143,209,12,127,136,7,75,111,196,95,37,251,94,103,137,228,41,110,243,247,63,103,216,20,50,251,92,88,143,222,93,166,198,0,74,159,255,119,207,159,123,15,239,81,107,251,205,91,54,182,27,6,243,185,106,43,155,85,23,139,150,81,115,253,78,27,251,205,32,151,218,50,22,126,204,5,90,206,31,86,190,186,62,109,242,26,76,169,226,33,201,136,109,100,205,252,13,163,177,21,113,164,84,2,242,164,24,206,134,64,22,12,232,111,51,247,69,17,224,178,26,103,132,57,104,193,160,27,55,156,68,126,187,241,95,202,222,245,112,129,231,74,153,215,103,46,139,15,111,142,230,36,65,166,56,72,179,229,92,129,182,32,101,134,206,51,63,139,79,21,231,177,7,213,133,108,73,162,190,107,140,163,4,127,175,22,73,147,190,6,93,130,18,67,156,163,39,120,133,5,113,188,200,0,127,192,232,18,246,219,16,172,225,38,212,241,169,99,245,176,77,41,240,179,73,142,241,60,64,148,237,65,148,212,102,4,238,90,34,213,163,1,126,167,238,44,189,244,32,201,201,0,106,187,237,48,143,168,78,60,143,229,74,150,174,16,159,171,22,70,147,209,18,117,172,8,79,129,236,63,110,248,94,57,153,162,118,220,215,239,73,172,207,125,123,160,28,93,142,244,13,199,223,72,106,169,248,59,158,248,98,79,169,61,58,135,243,40,152,225,76,3,185,250,42,155,203,22,75,129,251,38,109,186,28,22,188,195,35,143,212,86,15,234,135,116,111,213,8,43,218,166,97,105,236,57,96,201,248,39,137,235,47,110,215,238,90,185,134,108,212,229,123,18,178,250,21,214,131,49,117,150,243,70,122,183,3,92,163,199,92,117,241,71,54,154,64,69,5,182,20,98,235,66,21,155,201,42,143,206,224,65,141,220,33,67,218,13,123,145,168,10,36,241,115,46,171,19,72,255,186,52,122,147,3,80,79,146,0,94,133,224,83,157,232,46,147,238,48,77,144,172,20,57,169,18,65,169,179,63,96,146,94,92,158,193,40,121,205,10,118,185,0,2,148,218,230,86,247,231,68,251,171,29,209,173,82,125,146,223,90,47,183,235,10,152,231,3,208,202,52,104,151,234,44,69,187,24,87,145,245,78,158,208,170,40,171,230,36,254,208,9,83,226,18,90,153,165,28,98,131,253,90,173,207,75,156,244,54,37,130,247,122,56,248,68,34,227,169,98,142,193,33,53,188,17,34,157,129,83,11,167,230,85,131,214,86,92,157,203,117,204,220,93,103,166,29,8,234,215,58,93,189,30,7,209,240,88,186,229,50,150,173,128,79,246,181,95,83,183,244,56,254,132,28,93,162,239,92,184,194,121,134,179,230,19,137,242,24,127,177,223,100,34,166,46,98,255,106,37,149,135,43,118,199,232,115,187,214,38,168,254,51,148,168,14,71,200,128,122,54,222,153,68,129,222,95,72,175,244,88,221,166,27,127,219,28,95,128,229,5,115,164,25,97,152,209,15,145,136,74,216,158,167,76,36,193,16,101,134,224,75,100,212,103,151,163,19,94,191,254,51,152,152,88,87,135,12,54,15,237,248,79,128,224,47,137,214,31,98,212,253,26,121,182,16,6,246,237,51,34,146,100,117,165,24,55,66,191,7,111,146,79,46,140,247,25,37,160,29,79,180,237,105,204,140,50,97,189,244,32,108,181,201,37,138,26,30,149,204,56,142,239,78,96,114,164,53,76,165,235,92,158,201,18,88,214,254,34,162,129,5,156,170,14,93,199,172,75,238,205,238,92,185,130,59,130,246,41,34,154,84,16,31,216,72,7,152,14,34,190,200,48,100,151,117,120,203,190,80,15,190,225,68,141,194,59,97,208,137,78,135,194,75,139,180,52,83,159,161,5,223,228,72,120,141,229,86,135,194,100,154,203,20,119,173,149,82,87,218,235,58,190,215,93,108,209,85,67,168,221,34,146,191,242,94,151,172,96,216,136,250,48,154,228,36,124,196,127,13,192,227,116,153,223,202,30,164,201,10,206,184,100,210,130,116,40,197,151,90,58,248,253,124,149,200,109,116,252,9,0,157,246,81,98,192,41,87,150,174,18,194,190,91,15,221,196,40,137,196,49,213,194,241,120,151,204,23,120,140,203,4,146,197,56,153,246,114,40,173,245,38,175,193,20,124,213,23,90,103,246,45,104,130,207,52,151,226,1,102,152,182,96,204,186,81,3,247,135,72,214,200,45,108,172,39,105,174,229,26,111,164,2,37,150,236,21,123,199,124,115,176,230,94,132,201,26,118,187,236,41,169,200,89,106,136,53,36,147,217,48,132,163,2,82,134,235,30,102,239,161,21,203,131,125,57,129,107,46,223,251,14,142,230,45,75,169,247,81,136,249,5,124,184,225,67,182,187,63,145,254,31,90,132,207,71,77,154,62,54,175,199,59,52,212,59,10,238,84,89,41,194,14,89,175,220,62,100,213,87,194,159,219,88,147,173,44,84,243,245,90,147,232,80,125,147,227,126,154,252,97,211,135,125,31,194,162,97,67,210,239,47,172,210,119,127,210,29,100,222,237,37,151,158,248,96,175,238,90,209,154,127,117,180,240,43,82,227,63,76,150,174,105,158,246,21,141,166,243,99,135,244,34,128,243,113,37,155,83,39,29,231,166,116,177,205,66,99,248,17,152,240,66,23,116,195,56,65,177,238,79,135,210,111,109,206,251,40,132,199,54,208,144,238,123,148,12,61,166,229,28,68,168,211,60,156,230,71,240,165,110,48,209,215,27,64,141,46,80,99,224,49,160,187,49,125,148,253,2,125,193,224,82,157,183,105,215,141,168,98,198,221,53,108,163,6,54,167,0,81,162,163,12,75,179,54,121,147,198,37,146,255,121,37,132,251,52,113,128,176,41,179,201,18,135,211,43,103,220,147,61,148,171,12,95,135,245,14,153,196,10,93,156,128,54,119,253,49,76,164,121,54,221,234,62,94,181,239,27,241,149,46,107,192,43,104,133,229,102,152,209,0,93,135,136,70,141,209,41,97,191,198,77,112,202,28,5,235,93,43,151,192,112,39,245,184,42,159,204,27,168,206,11,99,139,164,33,64,221,249,80,217,185,27,53,177,110,105,133,250,93,149,200,63,97,236,181,102,112,252,31,39,176,235,86,102,241,10,94,223,240,70,182,141,94,10,248,130,55,199,192,57,98,177,63,118,185,226,127,113,220,22,99,132,237,34,145,185,95,124,157,224,74,204,176,61,108,215,25,94,150,235,29,101,180,213,93,152,229,15,178,180,6,43,207,250,47,18,240,170,79,148,247,56,108,223,2,94,241,191,12,128,199,59,49,169,22,32,141,208,6,213,208,240,49,159,248,58,149,222,36,44,173,237,23,91,156,26,64,223,172,123,135,209,16,69,190,6,12,124,221,226,126,148,225,43,143,138,12,121,177,218,81,247,178,71,30,191,1,94,217,174,22,59,174,16,35,143,193,28,159,220,57,110,206,1,12,45,233,167,77,222,190,116,131,216,59,114,227,251,59,129,191,66,119,128,241,54,134,209,59,124,158,179,121,51,185,123,39,206,4,85,172,207,17,109,165,236,87,142,150,114,118,212,61,82,194,13,79,195,221,14,69,132,233,93,148,237,63,98,194,2,28,46,140,108,46,197,10,34,147,130,112,32,146,135,78,210,204,5,136,153,81,41,230,167,11,133,217,166,127,130,238,93,70,200,15,120,242,10,117,136,205,52,84,185,228,14,112,234,38,117,202,35,95,101,238,5,34,130,162,13,236,198,53,116,193,209,69,158,206,32,51,242,119,123,184,19,66,161,194,9,123,157,160,116,212,182,80,54,158,72,30,228,168,107,141,218,77,14,202,131,72,200,152,92,84,223,184,38,208,239,74,32,136,231,94,105,223,191,71,155,240,29,143,216,3,73,157,7,82,167,223,15,96,181,6,98,227,146,43,128,191,84,112,140,250,40,155,137,125,51,235,165,97,223,159,65,59,213,172,122,206,144,116,1,227,77,90,199,240,165,18,201,226,100,209,143,63,96,188,236,41,167,196,47,68,168,3,74,180,128,1,48,196,42,73,173,209,36,133,225,59,102,222,29,74,195,243,60,39,191,248,122,204,150,108,58,148,166,4,206,145,8,105,203,188,45,131,222,53,96,207,16,72,133,253,11,104,221,1,79,226,229,92,151,251,30,103,247,223,62,223,221,45,102,231,21,118,189,227,97,8,189,130,92,157,222,106,52,138,88,24,233,230,39,68,229,75,105,211,149,64,212,214,23,104,241,152,78,223,134,88,116,163,180,117,128,244,57,172,131,252,71,75,219,60,98,223,2,74,179,22,96,127,163,247,44,97,218,61,115,220,27,32,254,80,66,39,203,30,87,166,243,35,136,196,34,45,252,190,58,113,184,59,64,164,17,69,139,166,114,202,193,93,113,209,179,103,30,138,69,99,208,79,8,213,144,67,1,201,181,58,207,134,12,46,245,68,115,157,164,17,100,176,187,83,125,202,15,121,214,224,34,212,198,11,72,223,7,90,173,252,112,217,247,22,75,170,143,35,144,168,30,117,227,79,61,212,134,122,48,232,136,51,213,158,106,44,254,70,124,206,146,55,0,187,75,30,245,246,70,47,145,236,75,131,195,96,102,180,237,68,160,253,82,130,245,84,21,185,229,92,89,221,32,91,139,25,64,145,206,49,36,212,15,69,143,240,122,58,134,74,119,201,147,105,29,188,236,69,225,176,75,141,136,246,91,152,255,43,110,221,35,88,147,1,87,216,214,25,90,166,227,66,219,249,2,43,217,255,72,168,214,61,114,212,66,58,147,164,76,149,222,88,11,207,149,77,28,151,85,50,193,19,126,131,244,60,52,133,243,51,218,140,64,54,196,133,109,228,223,20,119,166,197,87,132,230,0,144,189,8,111,124,199,122,106,223,55,122,163,26,95,132,188,52,92,158,230,33,25,168,101,8,174,22,31,224,93,16,76,135,192,43,142,203,61,102,219,39,94,147,166,40,49,191,0,68,128,239,69,234,202,40,7,211,176,28,126,241,6,107,200,15,123,190,237,19,83,168,244,34,199,199,16,96,162,15,59,198,151,111,43,242,13,74,109,197,44,118,249,17,110,189,197,5,66,217,1,120,198,200,57,132,202,101,40,248,201,57,130,169,56,122,161,24,117,158,5,93,45,233,12,85,150,208,49,121,128,24,89,174,251,62,71,182,14,113,165,239,64,102,215,7,123,170,171,90,5,196,225,99,168,133,16,134,222,83,106,156,246,87,126,197,56,6,224,16,123,190,10,71,114,149,5,81,168,237,50,101,131,71,13,159,131,75,52,142,160,62,180,155,19,132,208,13,52,226,185,107,245,184,44,75,130,29,11,209,91,3,101,165,230,8,150,230,29,124,207,246,10,242,92,8,221,141,127,51,195,140,95,153,208,85,99,229,183,100,111,132,28,126,171,8,121,134,184,80,121,174,237,103,181,197,60,101,235,184,124,233,200,39,184,176,174,68,135,166,118,210,230,70,40,194,168,58,12,157,123,121,210,81,122,157,247,52,118,191,60,17,96,195,33,113,181,31,80,187,44,63,147,232,200,107,202,133,23,107,218,7,9,143,254,68,136,188,126,4,204,160,108,196,148,112,46,201,86,96,127,218,127,86,248,7,122,170,233,94,172,195,16,21,151,205,27,108,171,54,67,173,238,81,248,141,91,96,147,200,35,35,223,4,122,160,235,97,221,140,76,14,156,162,106,212,167,107,48,140,162,14,201,236,78,56,217,76,111,239,92,7,144,190,119,16,148,195,49,97,246,60,8,131,172,100,150,247,56,89,186,95,49,102,208,14,125,227,87,13,197,230,162,42,234,134,23,201,138,30,40,140,82,37,34,140,45,6,177,89,62,237,6,0,245,163,35,85,169,241,110,117,128,89,10,253,232,125,143,232,30,59,215,242,84,178,215,69,49,159,79,1,245,146,74,46,237,65,74,202,84,95,46,244,9,151,129,242,11,112,193,161,11,171,28,81,161,236,70,56,178,12,87,135,156,23,146,160,233,110,196,90,79,41,209,116,125,159,240,27,57,227,79,23,192,134,115,98,188,209,71,167,234,56,165,245,0,216,199,231,54,155,177,12,118,247,241,95,178,240,95,97,148,11,72,190,247,38,48,240,124,0,198,88,73,223,199,106,93,185,18,111,211,185,87,1,237,130,114,14,181,10,72,133,188,4,196,134,20,218,201,93,105,193,145,109,43,204,65,20,193,171,27,38,150,79,97,184,243,18,147,222,7,92,206,13,4,137,231,115,5,229,181,77,253,141,115,215,251,136,114,109,213,22,127,236,185,30,136,246,17,125,216,19,55,168,206,91,47,139,95,63,225,187,97,48,154,70,52,228,86,10,192,184,88,3,169,255,83,102,233,123,5,155,169,3,213,179,19,43,143,92,80,9,196,44,111,144,0,89,135,238,120,206,233,169,53,244,135,25,43,179,77,32,164,9,110,8,161,0,113,182,6,81,187,252,30,216,158,76,115,105,181,65,5,153,173,55,199,245,33,144,193,245,89,187,214,66,51,156,30,106,129,241,33,150,173,22,76,131,85,27,35,183,67,219,235,71,27,34,132,94,4,236,86,2,218,141,92,131,244,32,21,133,221,14,171,203,246,114,147,87,33,177,208,86,98,156,243,104,115,173,13,116,234,26,89,198,229,95,27,227,163,101,243,185,65,213,225,83,36,197,226,68,43,246,172,16,184,225,120,133,181,110,82,252,187,102,32,227,113,67,193,93,87,182,215,5,91,238,25,41,132,255,84,35,234,12,90,187,229,31,80,184,235,1,205,215,67,150,239,54,114,191,192,106,114,223,3,85,140,168,18,254,172,28,53,233,95,23,209,141,75,33,186,21,36,187,233,122,25,226,170,18,171,222,63,212,180,21,8,246,141,127,51,233,161,27,253,114,82,100,251,60,61,229,132,78,120,251,5,125,210,232,77,143,244,28,125,160,16,72,177,181,111,43,233,169,53,249,191,82,47,152,233,68,210,185,67,101,201,38,121,190,195,46,100,219,89,84,173,240,52,173,189,49,132,250,219,66,115,186,70,107,191,14,117,214,238,43,115,225,79,63,241,143,54,142,214,73,26,199,23,59,80,196,239,101,196,18,49,141,225,10,42,144,149,127,1,180,73,59,239,165,55,250,215,85,158,196,82,24,32,158,109,156,166,1,24,248,90,116,1,233,83,63,199,112,75,141,252,113,43,231,165,76,216,156,162,52,254,84,98,214,163,40,130,161,175,21,51,157,73,55,231,89,13,195,187,117,49,224,160,98,218,155,58,156,219,118,6,226,182,22,223,249,95,7,241,93,11,251,173,97,215,143,73,108,42,192,91,126,142,23,28,242,128,26,44,138,81,105,205,179,81,59,231,85,5,247,171,97,217,250,182,62,254,128,36,249,216,62,121,148,164,0,59,155,125,23,253,165,15,251,169,25,203,191,117,20,206,138,72,8,148,88,30,240,186,16,222,146,156,6,171,203,34,153,140,15,64,251,238,80,157,143,10,91,149,14,72,134,233,114,58,142,90,50,41,133,89,57,155,181,27,195,173,25,199,183,105,4,250,178,108,40,230,166,50,246,188,14,216,174,163,23,226,226,73,37,128,102,5,185,230,67,133,214,7,76,159,226,55,157,160,46,143,222,17,109,139,249,8,64,163,25,124,133,252,105,152,229,44,125,190,235,24,158,195,70,64,136,25,92,185,250,24,51,205,36,109,153,228,5,39,141,171,21,193,150,70,56,236,162,26,212,144,24,216,154,104,46,221,177,125,213,229,65,21,245,87,113,253,146,39,121,162,14,12,146,243,32,97,165,246,44,161,209,11,127,190,7,90,249,205,32,201,225,69,43,201,154,70,52,228,86,10,192,184,114,46,182,118,56,237,179,123,207,155,115,41,178,186,17,167,202,59,77,175,14,70,183,201,28,220,200,10,75,136,227,39,100,175,6,127,171,243,94,79,157,35,115,170,248,13,56,249,82,80,177,230,87,151,196,2,155,152,233,69,148,207,40,57,221,224,126,158,253,19,20,250,162,12,248,166,22,200,188,114,42,228,160,69,5,145,85,27,237,183,13,219,181,109,8,203,193,32,154,236,84,86,165,239,75,135,208,32,96,148,15,124,217,169,114,105,139,18,98,190,53,97,114,212,251,80,131,170,82,138,245,102,216,196,29,38,124,162,207,107,186,235,108,188,222,123,211,248,244,10,103,203,45,100,250,228,66,183,248,39,218,189,253,46,247,190,123,130,192,20,123,147,79,21,65,167,61,44,148,250,87,128,247,98,148,205,61,70,129,194,67,1,193,77,17,215,169,115,201,151,88,106,200,168,64,36,138,168,18,254,134,49,199,173,19,94,153,206,29,152,210,49,66,167,4,82,128,182,38,87,242,84,110,212,188,102,210,128,112,9,253,179,107,37,225,95,31,235,175,117,199,145,78,28,220,165,40,131,214,22,40,207,178,81,143,181,58,80,184,219,109,35,251,48,97,194,4,11,137,213,49,110,146,244,92,187,196,49,218,192,62,68,245,174,25,148,196,2,109,155,191,1,172,192,37,12,168,246,93,110,199,100,122,169,70,100,206,225,79,63,241,165,27,211,141,73,209,145,83,33,206,150,106,54,164,115,117,138,174,25,35,152,54,76,167,231,95,140,241,12,115,164,58,1,137,226,28,81,171,224,68,151,209,6,99,214,82,109,182,160,18,111,164,93,65,138,185,53,103,174,39,108,216,170,19,52,218,27,106,252,88,108,204,174,72,21,253,167,19,193,177,99,215,141,69,21,214,247,229,100,164,182,90,151,230,63,145,182,14,111,155,193,40,83,241,27,66,251,173,97,215,143,73,5,244,180,118,196,138,120,11,251,72,72,179,196,35,114,153,253,84,166,179,23,139,205,60,99,128,9,19,108,183,44,74,154,239,22,220,214,47,84,158,184,125,115,194,235,70,186,253,87,132,220,55,108,154,138,94,147,215,45,100,240,68,16,232,184,20,15,239,81,107,209,185,73,226,243,40,151,199,73,97,32,219,17,93,186,202,53,138,199,40,126,195,215,32,176,153,119,68,144,196,3,133,246,61,221,188,251,108,40,176,112,50,128,70,14,200,131,73,121,153,164,4,231,199,42,133,197,33,146,195,30,76,139,225,90,110,191,244,79,139,196,44,99,225,228,92,102,213,40,49,206,17,40,138,231,44,213,160,235,24,146,203,18,206,130,47,222,182,227,70,51,139,91,55,225,134,13,39,141,117,245,166,61,94,135,182,108,36,158,112,53,156,234,45,46,128,177,7,213,175,65,223,149,122,127,175,250,105,213,234,90,12,192,182,110,40,228,108,44,196,81,70,127,192,81,41,249,85,105,201,171,69,43,147,125,16,254,174,96,212,160,111,120,182,243,118,194,134,179,5,207,165,115,205,159,125,221,245,89,63,221,238,90,8,248,128,51,144,194,3,2,138,74,12,193,135,79,35,239,71,23,243,135,103,201,227,73,24,194,174,28,204,190,114,2,205,83,68,145,221,11,91,152,247,33,150,220,107,55,155,55,82,161,140,162,7,248,227,67,132,253,4,102,165,244,103,155,145,2,37,168,20,65,164,195,93,100,209,40,60,206,182,96,204,186,106,220,144,70,62,248,180,89,25,229,169,111,193,139,97,47,137,91,57,153,152,124,34,234,135,68,129,253,42,138,217,28,78,112,224,109,36,189,74,27,159,249,76,211,210,23,82,169,242,32,152,235,44,163,219,55,107,176,53,57,119,162,248,69,207,141,2,41,194,25,127,188,202,82,122,207,6,101,155,249,39,134,237,60,96,152,200,5,203,139,77,219,225,169,61,201,161,113,52,200,168,10,36,138,114,220,136,118,38,152,76,105,33,155,87,21,255,140,117,43,239,8,221,150,248,38,153,200,24,116,203,250,29,130,193,29,113,184,230,39,100,151,36,108,191,48,63,218,91,43,103,160,82,42,135,235,13,100,144,122,38,148,68,29,209,135,127,57,245,179,115,255,131,73,219,229,162,112,202,156,122,218,242,86,60,218,174,93,144,176,239,79,209,221,27,122,243,11,69,194,27,101,102,165,68,20,240,132,100,198,224,70,46,152,68,25,201,187,111,37,157,87,19,209,145,29,33,231,138,71,189,192,41,127,212,27,68,177,29,42,99,161,216,71,157,252,27,107,173,8,67,170,211,112,111,171,16,68,163,247,66,97,130,121,62,176,20,88,189,251,43,140,203,67,119,180,242,32,99,187,166,108,254,136,30,44,134,88,54,150,174,18,248,253,167,19,193,177,99,215,141,69,63,209,110,10,46,184,64,4,158,213,87,213,210,59,34,138,30,60,130,252,125,144,200,54,69,175,24,86,131,206,180,29,196,196,93,99,240,41,112,179,19,102,141,195,125,87,132,242,80,131,129,117,43,227,93,25,200,136,74,216,158,166,58,198,94,110,202,158,126,7,33,135,111,217,175,94,35,149,73,63,247,177,84,18,210,94,98,40,186,68,218,232,66,20,242,185,81,53,155,185,73,226,249,35,154,147,73,1,34,158,102,38,232,118,60,196,88,100,252,140,104,99,195,165,127,37,141,119,35,187,108,118,170,28,18,120,179,245,60,191,128,72,214,226,122,6,161,212,56,133,167,16,59,215,156,109,158,198,60,95,128,199,5,112,199,68,6,148,90,98,246,130,26,17,237,129,97,195,157,67,43,149,65,47,159,81,108,34,154,84,16,206,142,48,243,170,51,72,194,139,108,114,192,39,89,241,91,100,223,135,123,104,143,249,62,108,221,88,34,238,225,127,185,238,90,70,218,227,72,215,251,47,114,167,71,116,209,4,54,130,217,64,108,189,224,108,104,246,61,2,213,200,84,123,203,54,96,218,171,73,188,147,125,41,254,174,96,212,138,66,60,248,64,0,194,80,22,5,153,165,61,205,169,125,221,149,116,63,231,81,100,210,130,116,40,158,86,16,204,138,74,214,154,135,25,35,185,71,33,243,81,27,228,233,93,116,194,174,28,204,190,114,40,224,90,22,158,94,96,213,155,163,55,195,91,107,199,155,123,221,221,112,40,152,199,112,32,146,70,60,244,174,106,40,232,91,31,37,183,65,215,229,127,17,239,79,103,203,152,182,96,204,186,64,241,219,7,123,170,246,60,35,229,115,57,193,85,97,249,137,101,57,153,123,124,34,138,116,32,142,126,48,228,90,18,204,136,173,109,249,189,67,255,178,48,86,207,251,13,240,236,17,123,155,236,34,187,219,51,46,228,92,22,57,129,65,3,145,87,31,243,191,23,39,131,87,30,192,154,64,40,146,126,44,156,78,2,248,176,81,13,225,166,89,158,169,39,61,154,228,110,159,198,114,6,255,84,126,222,155,101,54,138,89,16,56,131,66,203,157,161,35,247,191,17,143,250,69,77,155,253,83,81,144,5,99,217,14,50,168,238,52,115,225,236,39,96,231,45,108,145,31,127,190,128,91,50,220,237,78,179,252,63,97,213,9,95,211,143,30,106,156,103,126,172,8,87,219,233,50,127,153,234,63,218,188,86,60,228,78,58,232,88,113,37,155,83,13,201,135,71,211,151,93,47,249,182,68,222,240,78,46,236,135,91,111,221,22,112,201,187,111,37,157,87,19,155,91,29,235,177,121,52,192,88,104,196,152,120,218,244,90,2,236,88,109,221,143,67,57,241,129,74,96,176,35,97,251,169,126,149,175,51,92,164,47,55,129,174,76,54,201,183,103,217,141,67,59,245,177,57,249,187,9,54,254,82,30,246,134,98,54,150,120,18,248,160,113,221,139,81,0,175,18,71,157,133,74,70,218,232,20,210,144,99,0,150,174,75,167,205,52,132,146,185,103,217,140,117,41,225,11,92,207,3,79,69,250,90,95,163,249,80,44,210,17,99,217,252,115,98,193,50,123,205,24,55,177,227,46,101,239,207,90,145,204,36,105,144,26,118,139,168,1,34,167,20,45,152,233,39,123,208,61,61,255,208,62,181,134,29,127,183,254,14,156,251,7,141,190,23,27,53,155,67,45,153,71,55,233,93,19,203,133,168,102,38,178,118,60,142,88,46,252,86,104,198,141,165,35,194,198,54,102,195,3,51,231,93,21,54,242,122,58,252,74,16,216,172,120,208,224,124,119,215,185,83,57,225,75,55,229,85,7,251,177,80,10,236,169,1,133,198,14,44,235,76,91,185,162,25,99,160,244,68,43,149,65,47,159,81,5,34,154,84,16,152,88,26,232,174,118,202,150,110,101,193,149,117,215,241,87,63,233,85,3,243,143,109,120,171,224,48,34,235,43,103,170,30,20,230,142,121,7,235,8,44,138,249,1,112,157,77,49,147,199,1,86,182,166,114,184,241,64,194,211,38,82,161,215,76,51,213,60,15,245,93,7,243,161,120,42,158,84,12,198,130,64,0,140,80,22,232,153,111,61,151,169,7,231,191,99,227,202,88,63,208,130,38,103,158,19,93,141,58,26,149,247,47,93,229,235,84,118,242,29,63,212,227,90,169,241,43,38,139,72,121,191,235,10,100,158,18,107,173,212,33,55,141,91,53,199,165,5,221,129,103,5,214,130,112,32,146,70,60,244,174,106,242,178,116,41,239,183,11,253,130,2,146,148,28,101,133,240,4,100,211,7,103,163,30,16,213,130,61,111,185,235,115,117,202,22,100,181,83,101,195,163,123,223,236,138,116,32,142,126,48,228,90,18,204,136,16,55,249,71,13,213,169,117,205,157,83,32,162,11,80,101,202,6,117,166,28,65,187,253,35,100,159,129,77,220,145,74,41,186,73,69,190,197,97,193,192,164,10,40,146,126,44,156,78,2,248,176,106,13,149,85,23,229,171,115,199,147,65,22,158,163,33,128,160,21,120,168,23,67,163,231,114,152,193,194,123,154,210,42,125,147,10,84,179,252,15,60,230,21,74,140,233,2,126,217,9,105,169,228,22,121,174,232,124,191,181,3,201,145,101,49,137,89,28,48,144,114,12,242,90,4,240,94,14,192,180,81,9,195,149,80,120,218,1,82,163,175,24,211,213,235,75,182,244,3,149,173,78,118,169,27,69,105,155,83,13,201,81,17,211,161,103,47,131,79,14,222,186,78,46,144,170,16,248,162,14,252,134,104,57,239,167,97,221,155,91,39,235,177,3,205,138,88,50,196,162,2,218,190,100,2,236,88,44,240,134,65,61,251,248,98,230,162,127,247,143,30,13,170,174,116,144,175,24,111,133,180,31,194,174,65,61,225,83,4,192,180,63,60,243,22,12,151,128,87,34,165,85,96,200,226,45,143,197,186,3,223,137,123,33,227,83,4,141,128,7,158,138,69,0,129,163,112,194,216,35,89,173,86,52,137,227,10,93,210,10,85,188,171,126,221,220,26,86,141,192,21,99,188,5,20,162,193,93,177,218,122,32,37,143,123,41,153,75,63,245,173,103,35,171,107,20,226,168,112,196,144,104,56,148,130,37,234,132,81,57,227,79,61,237,95,19,201,129,123,55,245,156,104,44,242,68,14,228,178,12,244,145,88,122,186,165,67,45,153,71,55,233,93,19,203,133,65,48,240,178,0,198,142,98,46,134,86,50,198,140,66,77,161,18,1,237,91,11,253,177,103,223,153,188,122,58,134,74,16,226,172,2,208,170,124,218,225,185,29,195,225,75,29,200,17,73,190,177,105,10,198,78,14,208,94,100,44,128,76,36,244,80,75,43,141,167,13,245,95,11,249,169,27,207,133,164,30,218,152,114,9,172,224,69,202,160,110,200,193,95,63,215,187,97,63,233,85,3,243,165,25,54,238,168,100,236,172,110,252,130,74,222,234,66,121,213,233,73,43,197,129,62,185,231,82,199,185,84,10,194,188,120,54,246,66,6,204,94,104,254,243,77,31,253,93,117,217,191,93,7,243,161,17,42,158,84,12,198,130,10,202,140,26,32,232,86,66,140,214,54,85,165,73,99,201,177,27,199,181,76,62,242,168,96,218,150,84,20,224,164,106,252,237,67,17,235,189,27,251,147,119,221,251,165,17,38,150,72,60,242,170,100,32,168,104,42,146,83,124,193,223,42,53,152,232,13,181,196,37,130,236,2,117,190,92,13,198,236,61,125,190,226,119,150,163,20,70,225,175,9,219,185,25,49,149,123,25,42,150,68,52,230,90,16,200,130,126,198,134,72,61,195,139,31,43,131,83,47,195,163,5,223,133,84,62,234,88,8,250,174,100,246,187,28,85,152,215,71,64,159,239,118,205,167,121,215,183,79,51,192,158,72,52,226,82,4,248,174,102,32,156,100,11,205,91,97,41,189,73,33,241,77,97,193,163,164,10,242,92,8,246,166,50,225,139,120,48,249,158,17,36,237,213,63,207,21,40,145,214,56,207,128,224,74,60,180,29,0,249,160,31,199,192,123,105,227,250,110,161,189,79,147,164,43,78,166,165,18,112,150,168,13,250,235,20,136,247,41,111,212,185,117,51,243,127,3,201,91,101,251,137,99,53,250,90,114,214,188,90,4,240,94,14,192,180,106,9,195,191,7,199,137,23,221,229,121,5,157,173,112,46,201,68,98,198,252,87,196,230,58,145,252,171,94,132,214,21,17,128,161,51,161,215,25,107,169,249,87,180,144,116,218,248,162,14,252,172,30,57,239,167,97,221,165,101,39,181,123,3,151,163,98,50,142,162,2,228,190,100,204,182,98,208,128,89,13,195,187,117,27,194,225,126,183,209,23,40,156,248,72,141,249,85,44,154,48,85,148,237,87,43,166,26,76,171,251,123,145,204,69,218,155,245,82,125,207,29,109,194,168,74,159,214,43,153,154,16,72,182,197,37,217,193,0,13,196,91,73,109,221,243,109,200,172,62,151,224,13,125,140,241,83,112,241,11,1,179,226,99,221,153,97,33,227,113,30,38,186,70,222,238,74,30,254,160,122,32,136,89,5,243,163,21,201,191,119,49,237,171,107,247,226,168,58,238,119,97,202,198,55,133,165,2,46,124,174,14,83,227,28,64,140,197,123,42,191,58,37,183,210,0,216,168,61,79,167,240,28,254,152,165,13,247,163,17,193,179,103,221,149,79,11,201,240,124,0,198,88,98,248,134,96,50,144,112,8,211,185,87,1,237,91,11,215,156,41,154,209,1,4,205,132,88,159,160,55,110,206,242,67,174,184,75,124,144,194,15,130,252,90,149,133,61,122,237,144,78,14,154,94,100,246,128,22,36,190,80,46,245,141,113,215,245,95,11,249,169,27,207,133,125,30,218,162,98,36,152,85,79,208,160,49,193,172,12,107,175,250,37,135,246,92,158,248,11,119,220,223,104,107,161,237,106,154,207,81,138,253,74,143,135,250,82,123,198,117,93,180,169,84,148,252,41,10,206,195,120,146,207,4,208,150,94,50,254,86,77,41,253,93,63,217,191,103,209,189,107,219,141,168,30,214,144,76,10,202,86,26,10,159,50,151,143,245,115,192,177,84,48,147,227,94,142,249,53,119,166,228,53,151,150,88,151,224,110,52,252,80,67,219,235,71,27,251,93,119,221,133,111,219,137,160,18,198,188,116,46,192,133,104,244,184,126,208,193,87,101,255,145,111,207,231,75,49,207,185,101,58,234,92,16,198,190,82,25,248,50,123,140,67,65,135,174,121,0,247,241,90,175,212,22,119,193,245,67,246,226,33,152,223,25,70,137,210,18,203,195,7,90,188,207,77,102,217,33,80,164,79,35,123,162,12,8,232,230,39,136,215,63,142,214,9,92,215,217,58,122,196,235,70,215,183,25,51,153,168,18,254,172,28,206,130,120,48,234,166,100,36,151,91,97,243,189,19,11,150,92,43,217,236,7,221,227,20,75,162,231,117,152,206,47,121,248,42,90,99,226,32,115,222,9,53,216,161,39,144,254,244,78,143,228,80,159,247,108,110,211,6,92,196,248,225,118,173,254,124,143,253,42,148,235,15,96,40,140,114,16,250,166,20,196,182,106,32,152,82,117,253,189,127,205,147,91,47,251,83,99,213,190,90,60,214,188,100,206,186,104,216,138,126,52,236,141,73,7,199,83,23,221,175,121,207,157,93,36,199,172,66,35,149,167,19,128,183,106,222,219,123,69,223,150,25,211,213,40,101,184,0,3,163,196,19,87,148,23,49,142,203,108,197,134,100,96,223,237,48,70,179,233,48,188,181,55,140,212,34,119,252,142,108,204,228,72,46,204,182,98,208,128,114,13,195,187,117,49,185,121,59,137,79,23,193,154,127,4,230,191,29,188,151,112,42,217,115,124,150,165,41,148,219,8,72,217,209,74,132,214,7,120,183,212,83,44,151,106,19,174,15,62,149,237,58,73,162,230,97,149,210,12,152,219,89,39,237,181,112,60,148,164,0,212,180,22,48,150,126,40,148,169,25,203,191,117,45,231,137,76,40,165,35,114,167,245,92,196,253,7,105,230,237,65,190,193,114,24,243,241,80,158,240,27,124,168,33,124,247,9,51,121,193,22,50,194,94,114,210,180,78,52,156,173,25,199,183,105,221,147,75,5,193,191,127,203,246,188,36,245,191,124,203,232,20,99,183,238,88,68,163,239,68,140,179,43,156,214,0,71,147,83,124,202,144,88,44,248,80,96,252,144,112,210,236,185,97,203,183,101,213,135,123,49,195,142,31,221,196,80,20,218,172,118,204,154,116,6,228,68,28,39,141,171,21,193,175,31,209,133,81,30,163,236,80,140,154,106,98,179,8,87,162,188,26,51,208,87,120,223,237,44,130,204,63,63,220,2,70,175,169,231,54,167,178,60,132,213,106,58,144,164,31,151,225,0,102,136,221,82,136,233,38,35,221,31,51,46,243,59,121,232,1,81,188,253,12,154,241,179,19,245,143,117,221,135,115,33,145,67,55,237,140,70,2,192,128,12,208,188,69,59,138,82,58,122,130,110,50,237,65,109,130,184,21,217,133,9,93,130,209,1,206,157,84,38,234,190,4,204,161,220,35,175,202,15,47,155,57,112,194,56,53,181,228,55,94,179,225,76,222,183,110,113,203,17,72,150,240,19,108,133,17,64,164,202,35,219,137,121,18,198,188,116,46,234,114,50,244,66,8,208,164,87,47,255,91,69,226,179,73,49,203,12,47,201,236,35,174,158,4,71,188,253,48,200,145,82,112,141,238,13,132,164,17,35,183,30,70,108,193,121,14,254,176,100,218,146,76,8,144,80,18,224,166,85,41,245,77,29,249,167,64,129,172,7,99,225,189,96,158,193,58,111,138,244,68,159,238,100,34,182,250,26,211,219,52,65,160,13,25,185,237,0,18,178,233,94,143,206,120,118,163,166,46,238,176,101,43,243,71,19,235,187,23,43,139,109,7,199,145,111,208,204,53,96,215,32,6,246,254,52,113,163,204,33,148,195,46,83,203,239,118,249,173,73,109,130,252,83,172,255,33,97,248,3,77,144,5,115,40,131,5,84,167,240,69,217,249,8,106,196,192,114,218,132,112,222,142,64,52,234,162,28,216,253,189,9,205,185,72,97,192,27,121,255,15,120,120,172,9,2,139,247,41,182,199,59,96,165,166,15,152,145,83,33,231,175,3,207,167,119,211,231,174,58,7,153,122,103,195,61,66,211,23,92,169,227,85,95,151,238,35,82,215,30,113,184,45,89,108,203,60,36,161,207,45,138,224,59,109,200,27,113,54,231,61,106,181,51,74,171,228,32,132,251,21,41,152,231,72,98,215,3,99,214,74,60,240,141,69,63,251,185,121,197,137,79,11,198,15,74,152,182,64,41,250,17,71,116,227,33,97,250,68,105,159,204,29,68,192,87,74,208,226,5,241,206,7,91,164,236,39,137,178,5,52,218,4,121,232,136,119,110,174,28,75,177,149,107,70,190,22,19,131,217,47,82,248,51,83,174,233,126,110,221,66,25,203,191,117,45,231,163,1,198,164,126,140,200,22,118,165,253,64,97,128,39,65,190,59,104,171,252,63,139,203,12,1,181,248,60,97,194,11,94,130,142,40,115,207,17,112,156,180,24,254,182,107,25,199,183,105,247,190,91,5,220,73,76,158,21,7,120,174,239,82,153,230,70,106,201,225,71,188,129,109,219,139,87,28,186,4,25,200,147,0,146,143,196,11,104,204,5,101,186,90,118,147,245,83,45,203,183,101,213,173,86,49,233,163,31,205,138,20,144,161,172,83,130,235,61,132,180,43,104,151,194,49,143,196,43,109,155,1,87,168,227,54,99,216,234,45,102,212,74,114,171,6,83,185,12,62,116,130,236,36,144,215,58,37,205,0,73,193,251,37,44,238,124,2,224,115,99,192,192,43,76,171,234,17,101,220,30,43,159,3,117,164,235,120,129,171,228,63,164,194,2,151,142,100,95,171,253,66,180,251,10,113,146,215,50,100,230,77,121,164,228,43,12,220,4,69,154,228,38,189,136,105,50,223,202,34,157,138,75,57,223,11,124,173,52,95,146,178,19,112,144,218,41,66,240,47,72,211,250,69,120,236,117,93,190,28,22,43,199,49,102,225,17,60,107,228,169,42,187,228,119,174,199,95,81,188,189,85,105,204,47,98,179,28,107,172,53,71,187,217,32,36,182,253,51,95,176,20,70,211,164,126,97,200,91,48,155,255,92,186,244,65,39,217,1,47,146,243,28,81,172,15,96,140,24,85,66,162,253,77,154,175,94,35,215,26,75,164,22,87,191,199,25,125,169,25,66,155,144,28,157,163,233,116,41,191,77,39,211,122,115,129,246,25,100,175,2,43,134,212,23,96,177,239,88,180,235,52,176,186,231,111,156,245,52,159,225,15,102,181,247,11,163,198,63,38,204,3,76,250,242,57,46,238,122,62,1,144,78,223,178,23,88,161,27,40,135,249,60,100,218,196,60,107,222,47,80,173,232,75,164,192,55,118,161,65,34,178,206,12,49,246,52,124,143,217,59,75,154,13,99,141,240,24,150,192,13,12,246,129,12,150,164,28,11,235,241,95,186,195,12,104,137,214,57,184,202,14,125,140,184,117,173,199,9,64,214,48,107,176,208,122,125,137,25,115,222,224,79,44,241,49,85,172,29,73,147,180,120,104,157,216,85,66,179,42,81,208,193,69,157,248,119,10,189,15,31,114,142,97,44,200,28,65,192,246,28,102,170,235,53,251,131,23,9,150,15,105,190,130,55,112,171,5,98,178,63,78,165,233,88,132,186,227,43,47,245,45,80,195,228,101,197,17,52,126,194,174,91,173,241,16,44,206,5,114,240,224,12,63,251,67,3,239,126,16,35,252,20,190,187,233,25,97,206,44,0,226,16,76,167,22,115,144,178,11,90,169,201,3,144,251,185,103,186,12,34,104,134,24,117,143,255,122,58,205,24,125,177,27,57,91,237,24,84,160,230,99,236,183,54,134,248,14,110,134,223,61,111,182,160,8,242,94,38,209,156,65,108,185,254,36,127,187,24,98,147,28,73,148,173,20,90,155,11,7,154,241,21,60,166,25,36,139,208,7,84,189,183,115,190,194,64,153,183,117,78,209,166,69,120,210,59,50,211,226,94,185,145,65,51,231,119,56,198,130,92,28,135,89,19,205,247,106,6,236,167,5,226,128,14,181,130,23,34,137,205,115,34,181,16,85,154,62,21,141,226,22,45,149,214,95,89,156,22,127,222,247,112,151,208,51,99,222,31,76,189,179,109,41,231,167,51,222,228,92,45,159,166,55,149,251,66,103,252,112,57,158,222,40,76,147,79,4,152,211,18,137,207,164,64,145,225,114,34,176,28,124,189,44,110,145,146,83,127,218,15,124,131,240,92,163,199,6,75,101,254,124,2,148,94,52,194,92,110,230,129,1,92,185,214,125,41,151,71,19,192,170,18,197,132,64,12,215,69,4,222,190,110,195,238,32,113,132,242,22,109,161,95,46,185,20,65,142,212,103,123,131,198,5,181,206,229,65,230,30,37,184,205,6,98,140,223,95,112,213,14,115,229,87,11,193,185,90,22,158,116,77,231,182,117,210,156,122,10,224,146,47,148,177,18,87,191,83,78,183,226,77,129,167,225,62,40,230,122,56,252,80,0,164,247,94,94,189,63,111,203,176,33,80,146,83,118,154,208,68,54,172,236,121,136,234,73,161,128,34,127,208,200,9,106,220,9,89,186,237,68,191,167,23,201,228,90,18,204,136,108,43,222,23,72,161,204,92,86,210,246,13,224,133,37,142,185,24,119,163,232,63,102,176,92,11,210,14,83,154,229,34,104,140,243,86,100,204,27,55,153,179,25,193,171,23,197,182,99,76,189,248,62,38,168,229,100,187,206,94,104,220,248,59,211,171,71,98,211,34,127,167,232,51,110,204,76,68,179,241,35,180,253,122,200,142,189,59,240,188,76,49,224,85,59,193,162,31,197,137,95,40,228,194,113,188,197,11,80,132,64,1,109,222,23,126,156,81,57,134,229,14,70,223,236,9,60,216,1,116,171,204,75,151,252,90,151,214,4,85,219,175,123,211,227,127,19,243,127,66,220,230,71,56,232,86,4,254,189,63,117,173,236,104,148,217,20,125,173,28,82,163,137,105,201,159,65,16,52,203,23,125,142,92,8,255,211,3,67,216,91,104,132,200,123,197,205,41,68,233,229,84,128,238,22,71,174,25,106,165,237,110,158,203,10,73,99,229,113,53,251,77,23,237,187,63,10,201,36,48,135,218,30,127,167,24,84,242,171,28,152,207,229,118,141,233,92,128,206,107,42,143,12,104,128,218,120,94,185,227,69,186,164,20,198,186,112,40,201,133,105,46,193,22,81,191,181,71,152,231,10,126,184,203,35,132,190,84,30,238,18,81,144,245,45,65,154,24,78,217,225,36,112,218,25,104,253,128,84,52,188,157,31,247,184,4,208,178,104,200,229,191,103,47,241,177,63,249,213,110,161,228,56,106,140,166,27,114,203,38,71,145,86,94,179,226,6,92,163,244,30,239,249,50,135,202,63,116,182,192,14,159,188,27,114,206,180,28,198,178,96,208,233,119,62,194,135,79,49,241,24,66,144,243,56,46,174,25,46,198,225,48,107,220,239,81,139,170,91,96,178,9,84,155,248,17,219,193,59,108,133,248,61,163,250,48,85,178,19,0,129,255,22,156,164,27,78,189,177,105,35,159,93,29,233,173,89,1,184,9,82,160,134,116,196,129,93,38,136,239,21,96,235,3,76,190,251,57,41,245,63,114,129,190,118,215,139,110,114,219,250,65,132,216,37,151,176,85,69,186,165,25,207,135,107,16,242,179,83,126,173,25,81,152,253,70,101,198,50,111,158,10,6,122,203,14,115,186,229,25,157,202,4,128,195,146,43,230,185,97,54,130,82,54,159,225,75,124,188,93,85,188,231,17,132,249,36,113,214,26,110,0,150,3,67,188,243,92,165,178,74,108,197,26,34,165,253,18,120,152,8,72,147,183,114,41,169,17,86,151,200,57,119,244,30,107,180,31,44,202,223,236,80,180,233,59,210,166,99,197,139,89,120,117,210,31,92,238,248,71,132,233,0,204,232,50,64,159,192,11,31,172,30,122,171,226,90,157,217,174,119,242,254,49,128,201,60,104,177,62,74,189,170,7,101,203,253,88,128,224,81,231,146,122,43,216,130,100,121,169,4,77,164,164,34,133,198,35,17,193,171,55,154,199,226,97,227,228,82,186,239,15,93,149,136,13,208,222,37,100,175,46,66,167,235,43,88,162,22,105,131,246,34,130,247,65,240,210,131,118,32,129,90,86,167,254,63,182,222,43,82,185,215,97,141,216,62,108,141,129,58,213,181,83,2,180,241,62,105,218,60,101,241,29,12,172,210,40,116,219,129,38,199,170,100,215,243,39,140,150,160,22,192,134,42,118,173,235,65,186,140,104,95,168,252,91,98,250,108,45,217,0,107,140,241,11,104,184,160,11,206,203,1,191,223,11,142,226,221,36,114,198,21,31,228,160,9,113,195,52,148,130,92,14,204,182,56,103,218,30,121,214,240,47,86,173,219,7,219,227,48,148,233,22,124,236,167,12,123,156,29,78,191,230,56,38,255,106,105,169,210,53,102,198,7,115,247,31,38,132,230,15,3,213,171,12,168,234,91,190,138,64,54,244,230,49,97,173,222,3,159,246,62,178,159,115,149,188,30,48,65,169,43,28,180,233,104,151,206,5,82,220,175,108,255,198,8,82,191,16,90,168,133,41,134,139,225,90,234,129,48,231,181,114,117,218,10,91,110,170,71,9,195,163,57,132,196,42,126,209,26,120,153,198,225,88,130,166,28,132,251,4,50,172,204,90,205,146,29,97,170,11,78,167,242,93,119,234,0,39,143,251,82,224,149,66,247,164,105,22,240,221,25,82,201,138,100,187,199,90,45,135,89,30,212,187,115,51,254,164,22,155,226,43,155,142,226,51,35,200,96,97,233,21,106,157,250,82,148,198,216,70,150,134,106,220,178,104,147,211,52,109,159,143,54,114,161,252,1,203,133,29,37,189,81,73,139,240,93,66,154,126,16,131,255,33,158,140,16,86,159,204,73,144,207,2,141,208,201,33,133,207,58,50,198,166,8,34,136,112,218,172,89,45,245,255,40,150,205,22,93,134,25,99,37,239,29,71,132,162,50,149,238,6,99,254,160,42,159,247,1,68,190,226,105,35,159,103,13,196,119,61,197,128,102,9,253,9,48,141,234,9,100,207,44,119,247,228,94,155,204,125,59,183,255,48,176,196,3,14,135,229,58,129,154,116,157,165,24,123,142,140,24,70,167,236,25,195,194,12,124,203,75,74,208,214,3,222,234,66,18,238,130,98,196,180,105,44,241,171,68,194,185,119,122,207,28,93,134,205,90,82,191,94,52,254,223,99,56,140,50,64,179,21,24,99,243,253,17,144,178,109,63,218,14,111,162,250,26,124,232,47,13,226,184,88,97,205,48,115,143,191,92,137,252,55,131,216,65,36,243,251,53,81,180,164,38,189,197,83,102,132,86,52,148,134,90,212,182,224,69,182,175,109,155,196,10,105,186,237,59,34,246,49,79,206,229,123,189,229,10,147,162,213,14,139,253,36,211,205,58,96,203,20,95,97,180,178,114,131,203,85,104,144,101,8,217,91,93,127,208,81,52,161,227,92,155,191,109,41,128,206,63,144,134,6,132,201,240,125,150,92,108,200,195,137,40,155,203,40,215,131,113,33,185,106,127,220,138,82,81,208,18,50,115,236,7,138,230,64,121,215,183,79,51,153,157,76,131,254,35,137,145,204,42,97,202,100,57,251,116,91,142,23,52,250,183,4,97,193,163,125,9,166,101,33,221,48,49,177,192,1,100,177,195,61,191,235,8,151,150,59,46,145,222,117,200,237,51,123,148,233,107,149,200,225,89,128,132,126,58,130,104,41,130,88,50,187,231,2,78,144,239,94,172,200,4,124,223,62,91,137,243,62,105,152,79,14,173,192,89,138,226,56,36,184,198,47,53,147,115,11,197,120,122,159,137,82,79,200,250,37,107,200,27,110,181,228,48,250,182,55,74,212,249,89,178,243,72,118,219,23,126,150,246,106,128,218,49,101,254,233,38,104,247,46,77,212,169,52,99,207,22,27,188,160,89,171,212,214,94,179,254,90,210,132,19,116,185,55,106,144,218,53,84,216,231,107,132,245,63,211,233,5,120,159,248,43,222,197,62,100,221,0,14,202,136,72,17,210,193,89,100,183,69,223,241,101,2,147,243,61,98,144,227,72,142,188,109,38,227,28,81,210,194,0,159,218,218,97,153,28,29,137,213,44,189,147,246,47,153,193,0,144,209,1,118,177,172,104,13,205,89,29,35,181,85,248,173,56,71,185,77,69,32,150,230,81,202,197,21,158,203,10,125,179,213,34,90,183,41,114,139,31,83,162,225,44,67,187,237,59,78,198,51,155,192,63,85,178,25,125,98,168,254,39,182,205,12,150,201,58,9,155,179,114,159,191,32,120,147,234,104,132,201,120,81,166,196,53,118,250,51,66,244,1,69,180,201,89,105,189,218,83,138,221,51,103,254,50,107,223,0,67,221,193,0,69,201,207,92,217,159,113,59,187,114,105,48,146,112,4,238,47,39,223,248,15,38,158,243,50,140,222,79,212,149,13,104,164,244,67,193,223,231,71,148,180,81,115,200,13,46,135,72,124,148,203,58,118,161,234,103,107,242,52,114,195,89,22,36,190,122,3,195,243,100,188,207,46,36,143,169,102,155,221,56,67,163,52,105,185,48,65,152,249,243,125,157,232,57,174,247,17,110,171,76,56,205,189,69,14,155,44,9,199,139,75,209,208,14,88,159,226,76,145,171,24,101,196,166,0,44,148,169,13,139,248,27,88,155,87,17,151,87,27,172,219,31,124,240,27,35,150,223,118,197,242,12,88,148,201,59,148,223,5,55,163,232,38,108,175,111,26,32,178,86,255,224,122,12,234,96,79,214,172,227,84,199,188,55,131,248,13,120,165,167,101,178,162,35,97,178,31,72,244,153,96,121,193,24,92,156,211,111,151,200,58,100,211,85,13,199,131,107,69,253,186,124,208,150,114,50,154,162,74,189,211,12,43,198,252,48,159,194,35,39,210,18,69,132,180,59,112,197,0,78,189,245,70,34,163,82,96,175,230,55,98,219,121,107,214,10,114,191,171,101,8,198,172,63,214,156,110,56,164,113,63,133,227,57,76,233,67,16,131,194,50,90,192,10,120,161,255,22,159,202,9,101,162,255,4,140,226,5,143,153,254,23,118,213,3,106,195,69,53,231,91,59,29,174,232,33,36,176,116,58,166,123,113,161,84,80,43,246,247,70,174,240,38,108,202,43,88,161,199,42,97,191,42,127,250,72,14,214,170,118,206,197,139,88,155,242,25,99,159,52,97,162,16,126,115,219,11,92,173,198,7,158,199,23,120,179,74,43,150,165,73,111,136,165,11,41,147,85,0,196,228,37,103,221,6,79,213,88,85,163,248,61,200,230,83,55,190,208,115,153,174,22,114,171,83,1,216,138,84,25,236,166,98,32,202,65,116,184,13,121,207,157,119,35,202,69,90,135,232,11,83,157,246,45,155,223,44,115,180,224,81,244,242,72,133,158,79,25,236,129,88,124,208,61,3,190,30,81,145,134,118,40,156,82,10,196,128,84,19,196,11,51,153,151,111,126,209,230,73,135,189,37,136,170,225,48,149,204,54,67,156,16,66,133,53,16,212,148,82,23,174,250,78,145,181,2,106,197,226,17,102,195,51,119,216,3,58,240,168,98,244,177,94,72,157,208,60,112,200,48,49,197,190,3,158,242,13,36,218,205,43,138,217,68,58,242,172,104,240,151,89,13,192,251,76,157,249,125,219,170,3,102,71,150,59,107,253,64,50,249,69,14,131,205,61,47,47,224,52,99,192,83,111,190,81,99,193,161,138,41,165,204,114,215,223,49,107,182,49,92,134,172,125,102,165,12,74,131,238,115,133,210,119,70,151,224,7,52,144,57,50,178,31,68,220,129,78,40,156,228,127,214,143,1,127,180,51,89,163,212,32,105,138,231,69,103,254,50,107,223,0,67,246,217,14,72,220,31,63,206,169,113,197,204,50,57,225,144,32,147,129,1,127,177,28,127,152,237,81,101,160,163,83,156,222,38,97,217,104,15,184,232,116,27,228,23,82,143,239,16,126,245,6,111,165,193,43,124,191,237,49,189,242,66,136,195,73,2,179,229,26,51,142,35,71,181,12,107,170,25,92,112,214,29,64,193,241,58,120,200,7,59,206,135,71,107,223,225,86,171,180,95,144,163,40,124,163,249,32,96,220,21,11,218,79,92,156,26,49,68,164,248,77,220,244,13,111,193,228,36,219,169,73,114,223,12,103,190,224,77,211,220,29,106,170,234,12,92,231,37,90,216,229,67,145,234,48,69,153,237,63,143,229,65,42,239,232,49,172,201,43,184,174,253,69,151,238,122,154,171,9,99,138,134,57,15,188,59,97,164,127,38,141,239,44,99,178,17,110,52,134,80,12,217,71,98,172,17,36,136,197,135,111,215,156,121,39,157,91,100,183,226,11,131,183,3,77,130,164,36,135,214,116,76,164,31,43,82,155,67,35,159,76,109,188,251,51,190,149,93,37,142,197,6,107,128,94,80,165,210,28,252,148,95,47,14,195,60,111,195,73,120,160,229,42,113,195,21,64,224,242,33,140,142,52,121,146,245,85,138,170,12,98,178,77,111,164,19,17,129,246,83,49,240,183,111,110,190,7,38,207,185,102,174,207,62,112,141,194,73,127,210,34,101,179,15,121,211,175,235,111,169,176,112,150,217,52,105,214,84,48,43,139,71,42,228,93,113,164,16,93,184,225,48,66,246,246,52,121,199,24,14,253,170,69,157,230,238,111,204,242,73,193,147,26,102,166,16,70,172,197,78,68,133,15,67,130,118,79,0,147,67,49,217,185,75,39,223,236,74,164,93,76,164,230,92,120,186,162,16,138,211,0,112,163,255,62,133,17,1,107,255,14,120,128,245,94,107,231,20,79,184,194,61,96,169,192,96,234,166,110,244,142,70,155,129,238,51,146,168,43,43,203,240,87,178,243,90,66,132,16,65,172,144,91,30,217,73,89,224,113,8,112,189,10,91,251,70,115,132,237,61,81,163,199,59,123,156,82,10,196,170,37,196,207,75,146,140,231,109,216,149,52,83,164,52,46,147,250,88,44,154,74,60,218,139,18,218,192,20,91,214,209,27,105,172,8,125,235,187,4,249,200,48,176,172,196,51,105,148,70,58,240,130,79,210,234,47,102,157,241,36,255,130,115,38,153,163,15,245,170,124,60,201,15,118,230,72,92,139,232,53,119,134,176,39,105,172,127,27,205,226,83,154,242,97,47,142,160,59,114,221,17,50,228,88,14,236,173,112,214,248,173,38,193,204,71,96,242,30,106,142,237,3,4,234,82,22,197,90,4,191,252,40,212,223,2,52,113,254,28,89,200,255,104,135,218,53,128,253,162,13,236,147,8,123,161,29,13,165,233,49,146,128,31,4,217,20,82,40,171,83,205,188,25,94,41,197,237,75,254,14,72,177,240,88,133,195,42,92,134,198,17,138,171,253,114,130,85,62,130,199,85,53,200,229,76,110,176,24,60,238,189,20,133,174,236,83,231,167,105,247,151,104,213,231,56,78,145,180,55,45,140,244,90,155,164,8,138,247,58,68,184,196,113,49,236,125,68,139,13,42,173,197,29,73,248,88,112,212,144,117,14,236,78,97,147,153,45,114,169,171,16,215,133,21,198,227,50,79,150,219,58,2,226,68,30,238,129,77,202,231,47,125,163,234,108,144,197,14,74,201,60,127,181,200,18,12,251,184,88,191,217,114,148,183,227,67,182,187,110,29,192,172,90,142,241,55,45,224,60,79,181,228,55,127,254,244,69,145,166,32,131,216,74,24,236,71,3,134,247,58,107,163,248,118,143,215,57,117,134,232,77,186,158,57,37,146,33,91,176,226,125,39,181,22,78,133,251,28,133,207,22,158,172,193,81,101,255,44,126,187,45,26,152,201,4,19,200,90,1,187,230,76,154,216,31,104,201,95,22,77,201,225,104,184,231,57,151,250,62,119,216,201,19,78,135,15,118,159,131,76,241,186,22,155,134,19,54,9,252,10,153,236,72,28,252,116,85,12,253,69,3,253,179,19,200,189,13,33,174,243,25,175,180,244,119,146,15,35,137,228,126,157,169,240,17,96,164,3,53,249,15,94,147,252,60,67,228,185,102,186,245,11,130,171,41,69,150,180,86,102,191,226,103,167,228,66,182,197,101,219,147,77,112,46,238,122,20,233,24,37,190,208,30,125,207,22,109,151,254,85,63,235,89,35,214,238,55,152,179,251,97,150,202,87,138,178,33,99,150,237,71,126,207,18,80,147,230,68,255,176,29,130,194,58,24,158,207,15,67,212,92,98,244,190,62,15,181,189,93,188,194,59,150,189,8,79,255,235,85,140,169,242,54,245,138,77,118,241,51,124,198,12,119,104,225,93,115,214,185,91,130,229,92,143,235,56,8,187,244,112,96,166,227,65,250,141,31,220,187,183,19,211,189,1,57,152,123,70,190,233,27,215,204,29,92,131,255,0,254,163,64,128,219,21,100,106,232,4,87,245,23,120,149,252,9,157,254,36,73,134,140,49,221,158,74,4,221,69,10,222,188,180,34,215,87,19,168,221,10,100,195,233,23,214,200,5,112,191,197,30,197,148,78,147,210,35,81,47,249,4,155,168,41,75,188,22,60,175,169,64,24,252,94,13,196,255,40,101,155,168,42,183,244,226,89,173,16,46,180,251,71,224,140,60,47,192,147,74,42,232,71,14,144,242,57,84,180,54,121,179,246,19,129,218,58,78,151,157,58,188,198,43,92,242,67,12,185,224,43,148,196,31,105,202,200,50,121,128,63,79,182,204,82,89,161,70,70,178,230,6,60,245,86,84,189,248,44,159,247,94,148,186,195,78,185,207,52,112,220,209,43,248,240,68,84,191,224,16,225,170,95,128,194,63,125,161,210,71,69,208,27,94,157,233,84,146,240,63,3,164,129,110,134,168,31,114,246,172,65,143,206,118,117,155,20,74,158,255,23,59,146,91,127,134,29,50,86,206,243,81,141,218,26,132,249,41,145,216,102,64,108,180,235,114,177,189,18,217,235,56,155,171,239,64,67,216,53,67,177,208,86,140,225,39,172,253,251,50,184,244,49,225,188,115,0,171,20,56,101,180,40,118,149,249,45,160,182,53,132,205,37,88,157,251,71,24,197,3,80,130,236,59,189,215,29,45,131,192,68,100,207,239,89,142,154,77,219,239,240,73,144,200,88,149,235,107,39,178,8,94,128,180,7,101,162,29,21,194,197,39,151,195,116,16,193,228,61,108,188,226,47,159,179,53,138,214,29,44,208,161,64,231,166,8,105,224,153,46,156,176,3,78,147,185,115,47,183,93,20,142,79,92,133,145,7,106,137,180,80,183,223,58,222,199,32,9,189,238,83,156,204,33,1,201,207,95,144,192,80,26,240,190,50,7,198,45,72,176,74,42,155,137,83,87,186,231,31,145,216,103,248,191,122,108,135,233,0,83,146,240,113,210,187,28,39,157,126,76,172,235,25,135,244,62,37,167,232,83,150,254,89,82,167,249,67,211,255,29,43,245,48,107,231,170,25,83,252,229,92,128,229,38,122,179,50,118,146,165,61,119,207,86,100,142,25,36,158,253,15,75,132,248,66,135,224,47,143,216,14,13,168,252,246,63,251,160,95,134,248,46,156,228,76,112,185,224,61,95,161,201,21,186,252,36,156,155,10,71,177,234,46,155,202,23,101,186,78,3,250,204,39,91,209,251,94,138,250,47,249,168,83,2,229,237,8,67,205,7,66,153,165,57,133,219,124,86,167,237,15,96,217,231,92,241,228,77,142,142,107,124,159,129,25,204,203,54,120,160,0,22,236,161,24,127,129,32,16,188,205,6,211,205,48,96,216,1,70,11,235,162,37,175,249,32,154,215,27,102,196,221,15,197,151,6,106,142,231,79,142,200,57,100,153,172,53,97,245,51,54,153,74,87,165,251,92,83,216,194,65,167,217,27,219,201,48,156,192,13};
local _0x9f8d484 = 97;
local _0x976b56e = 74;
local _0x95b0973 = 54;
local _0x7df24ef = 39;

local _0x_unp = function(data, key, p1, p2, p3)
    local bxor = (bit32 and bit32.bxor) or (bit and bit.bxor) or function(a,b)
        local r,p=0,1 while a>0 or b>0 do local ra,rb=a%2,b%2 if ra~=rb then r=r+p end a,b,p=(a-ra)/2,(b-rb)/2,p*2 end return r
    end;

    local strTbl = {};
    local total = #data;
    for i = total, 1, -1 do
        local idx = total - i;
        local k = (key + idx * p1 + (idx * idx % p2) + (idx * 3 % p3)) % 256;
        table.insert(strTbl, string.char(bxor(data[i], k)));
    end;
    return table.concat(strTbl);
end;

local _0x_fn = (loadstring or load)(_0x_unp(_0x7bf4d8f, _0x9f8d484, _0x976b56e, _0x95b0973, _0x7df24ef));
if _0x_fn then
    _0x_fn();
end;

else
    local _0xdecoy = math.sin(os.clock());
end
