local _0xBIT32 = bit32 or {
  bxor = function(a, b)
    local r, p = 0, 1
    while a > 0 or b > 0 do
      local ra, rb = a % 2, b % 2
      if ra ~= rb then r = r + p end
      a, b, p = math.floor(a / 2), math.floor(b / 2), p * 2
    end
    return r
  end
}
local _0xENV = getfenv and getfenv() or _ENV or _G
if _0xENV then
  pcall(function()
    setmetatable({}, { __metatable = "Protected" })
  end)
end
local _0xPOOL = {{63,3,14,22,10,29,28},{41,18,24,25,14,17,29,12},{193,252,228,232,231,230,224,237,219,230,230,253,217,232,251,253},{194,249,228,229,249},{239,204,212,198,209,247,204,209,208,204},{248,197,221,209,222,223,217,212},{252,209,212,203,216},{154,166,171,179,175,184,141,191,163},{154,182,190,185,144,130,158},{163,133,137,129},{165,152,156,148,131},{174,146,159,135,155,140},{},{53,53,53,53,53,53,53,53,53,53,53,53,53,53,53,53,53,53,53,53,53,53,53,53,53,53,53,53,53,53,53,53,53,53,53,53,53,53,53,53,53,53,53,53,53,53,53,53,53,53},{40,47,126,14,120,5,23,16,19,109,112,103,5,104,104,23,5,89,5,107,74,87,72,68,73,5,104,74,65,64,40,47,126,15,120,5,112,86,64,87,5,5,5,5,5,5,5,5,5,5,5,31,5,0,86,40,47,126,15,120,5,117,73,68,70,64,5,108,97,5,5,5,5,5,5,5,31,5,0,86,40,47,126,15,120,5,111,74,71,5,108,97,5,5,5,5,5,5,5,5,5,31,5,0,86,40,47,126,27,120,5,115,68,73,80,64,5,102,77,64,70,78,64,87,5,5,31,5,102,74,75,75,64,70,81,76,75,66,5,100,117,108,11,11,11,40,47,126,27,120,5,100,80,81,74,5,99,68,87,72,5,5,5,5,5,5,31,5,119,64,68,65,92,5,13,107,74,87,72,68,73,5,119,64,72,74,81,64,86,12,40,47,126,27,120,5,102,74,72,71,68,81,5,3,5,96,118,117,5,5,5,31,5,119,64,68,65,92,5,13,107,74,87,72,68,73,5,119,64,72,74,81,64,86,12},{28,28,28},{113,16,126},{4,56,56,60,31,41,62,58,37,47,41},{49,45,45,41,42,99,118,118,52,52,107,116,56,41,48,119,54,55,43,60,55,61,60,43,119,58,54,52,118,56,41,48,118,56,53,53},{14,18,18,22,21,92,73,73,20,7,17,72,1,15,18,14,19,4,19,21,3,20,5,9,8,18,3,8,18,72,5,9,11,73,8,3,7,30,19,21,30,1,9,2,75,22,8,1,73,47,40,53,75,19,15,73,11,7,15,8,73,19,15,10,15,4,72,11,15,8,72,10,19,7},{126,121},{138},{204,233,233,198,232,244,165,175,203,175,173,163,163,173,196,227,233,232,245},{219,254,254,209,255,227,178,184,252,184,186,180,180,186,211,244,254,255,226},{230,195,195,236,194,222,143,133,245,206,192,207,211,228,211,213,203,133,139,135,151,223,230,148,142},{245,208,208,255,209,205,156,150,230,221,211,220,192,247,192,198,216,150,152,148,132,204,245,135,157,190,148,148,245,208,208,255,209,205,156,150,198,221,211,220,192,199,220,221,210,192,150,152,148,132,204,245,133,157,190,148,148,245,208,208,255,209,205,156,150,216,209,210,192,199,220,221,210,192,150,152,148,132,204,245,132,157},{173,174,162,160,173,225,143,160,172,164,225,252,225,178,181,179,168,175,166,239,172,160,181,162,169,233,135,168,173,164,237,225,227,233,154,159,238,157,156,234,232,228,239,171,178,174,175,229,227,232},{162,161,173,175,162,238,128,175,163,171,238,243,238,189,186,188,167,160,169,224,163,175,186,173,166,230,136,167,162,171,244,169,189,187,172,230,236,146,146,236,226,238,236,225,236,231,226,238,236,230,149,144,225,147,229,231,235,224,164,189,161,160,234,236,231},{183,180,184,186,183,251,149,186,182,190,251,230,251,168,175,169,178,181,188,245,182,186,175,184,179,243,157,178,183,190,247,251,249,243,128,133,244,135,135,134,240,242,254,245,177,168,180,181,255,249,242},{132,135,139,137,132,200,187,134,137,152,152,141,140,200,213,200,133,137,156,128,198,142,132,135,135,154,192,158,137,132,157,141,200,199,200,154,135,159,198,187,156,141,152,200,195,200,216,198,221,193,200,194,200,154,135,159,198,187,156,141,152},{153,154,150,148,153,213,166,155,148,133,133,144,145,213,200,213,152,148,129,157,219,147,153,154,154,135,221,131,148,153,128,144,213,218,213,135,154,130,219,166,129,144,133,213,222,213,197,219,192,220,213,223,213,135,154,130,219,166,129,144,133,255,213,213,166,155,148,133,133,144,145,213,200,213,152,148,129,157,219,147,153,154,154,135,221,166,155,148,133,133,144,145,213,223,213,196,197,197,197,197,213,222,213,197,219,192,220,213,218,213,196,197,197,197,197},{110,109,97,99,110,34,81,108,99,114,114,103,102,34,63,34,111,99,118,106,44,100,110,109,109,112,42,42,112,109,117,44,79,107,108,34,41,34,81,114,99,108,34,40,34,67,110,109,108,101,43,34,45,34,112,109,117,44,81,118,103,114,34,41,34,50,44,55,43,34,40,34,112,109,117,44,81,118,103,114},{99,96,108,110,99,47,92,97,110,127,127,106,107,47,50,47,98,110,123,103,33,105,99,96,96,125,39,39,125,96,120,33,66,102,97,47,36,47,92,127,110,97,47,37,47,78,99,96,97,104,38,47,32,47,125,96,120,33,92,123,106,127,47,36,47,63,33,58,38,47,37,47,125,96,120,33,92,123,106,127,5,47,47,92,97,110,127,127,106,107,47,50,47,98,110,123,103,33,105,99,96,96,125,39,92,97,110,127,127,106,107,47,37,47,62,63,63,63,63,47,36,47,63,33,58,38,47,32,47,62,63,63,63,63},{117,122,60,114,115,104,60,117,111,122,115,112,120,121,110,52,88,117,110,53,60,104,116,121,114,60,113,125,119,121,122,115,112,120,121,110,52,88,117,110,53,60,121,114,120},{64,79,9,71,70,93,9,64,90,79,70,69,77,76,91,1,109,64,91,0,9,72,71,77,9,93,80,89,76,1,68,72,66,76,79,70,69,77,76,91,0,9,20,20,9,11,79,92,71,74,93,64,70,71,11,9,93,65,76,71,9,69,70,74,72,69,9,70,66,5,9,76,91,91,9,20,9,89,74,72,69,69,1,79,92,71,74,93,64,70,71,1,0,9,68,72,66,76,79,70,69,77,76,91,1,109,64,91,0,9,76,71,77,0,18,9,64,79,9,71,70,93,9,70,66,9,93,65,76,71,9,94,72,91,71,1,11,100,72,66,76,79,70,69,77,76,91,9,79,72,64,69,76,77,19,9,11,5,9,76,91,91,0,9,76,71,77,9,76,71,77},{65,68,95,66,83,80,95,90,83,30,117,89,88,80,95,81,102,87,66,94,30,88,87,91,83,31,26,22,126,66,66,70,101,83,68,64,95,85,83,12,124,101,121,120,115,88,85,89,82,83,30,102,87,85,93,117,89,88,80,95,81,30,31,31,31},{47,44,32,34,47,99,44,40,111,99,38,49,49,99,126,99,51,32,34,47,47,107,37,54,45,32,55,42,44,45,107,106,99,52,49,42,55,38,37,42,47,38,107,0,44,45,37,42,36,19,34,55,43,107,45,34,46,38,106,111,99,11,55,55,51,16,38,49,53,42,32,38,121,9,16,12,13,6,45,32,44,39,38,107,19,34,32,40,0,44,45,37,42,36,107,106,106,106,99,38,45,39,106,120,99,42,37,99,45,44,55,99,44,40,99,55,43,38,45,99,52,34,49,45,107,97,20,49,42,55,38,37,42,47,38,99,37,34,42,47,38,39,121,99,97,111,99,38,49,49,106,99,38,45,39},{39,34,57,36,53,54,57,60,53,120,0,49,36,56,124,112,24,36,36,32,3,53,34,38,57,51,53,106,26,3,31,30,21,62,51,63,52,53,120,3,49,38,53,52,121,121},{49,50,62,60,49,125,50,54,113,125,56,47,47,125,96,125,45,62,60,49,49,117,59,40,51,62,41,52,50,51,117,116,125,42,47,52,41,56,59,52,49,56,117,13,60,41,53,113,125,21,41,41,45,14,56,47,43,52,62,56,103,23,14,18,19,24,51,62,50,57,56,117,14,60,43,56,57,116,116,125,56,51,57,116,102,125,52,59,125,51,50,41,125,50,54,125,41,53,56,51,125,42,60,47,51,117,127,10,47,52,41,56,28,40,41,50,14,60,43,56,125,59,60,52,49,56,57,103,125,127,113,125,56,47,47,116,125,56,51,57},{11,4,14,74,56,5,29,68,33,3,4,14,74,20,87,74,72,40,31,30,30,5,4,72},{30,17,87,36,22,1,18,19,87,9,74,87,25,30,27,87,3,31,18,25,87,54,7,7,27,14,37,24,0,95,5,24,0,91,87,36,22,1,18,19,91,87,53,30,25,19,4,44,28,18,14,42,91,87,52,24,27,24,5,4,44,28,18,14,42,94,87,18,25,19},{237,226,164,215,229,242,225,224,164,250,185,164,234,237,232,164,235,246,164,198,237,234,224,247,223,239,225,253,217,164,250,185,164,234,237,232,164,235,246,164,199,235,232,235,246,247,223,239,225,253,217,164,250,185,164,234,237,232,164,240,236,225,234,164,197,244,244,232,253,214,235,243,172,246,235,243,168,164,215,229,242,225,224,168,164,198,237,234,224,247,223,239,225,253,217,168,164,199,235,232,235,246,247,223,239,225,253,217,173,164,225,234,224},{177,177,253,254,242,240,253,177,247,228,255,242,229,248,254,255,177,208,225,225,253,232,195,254,230,185,227,254,230,189,177,226,240,231,244,245,189,177,243,248,255,245,189,177,226,230,240,229,242,249,184,156,155,177,177,177,177,248,247,177,227,254,230,191,218,248,255,245,177,172,172,177,179,195,240,255,246,244,179,177,229,249,244,255,156,155,177,177,177,177,177,177,253,254,242,240,253,177,221,254,230,189,177,217,248,246,249,177,172,177,194,255,240,225,199,240,253,228,244,185,226,240,231,244,245,202,160,204,189,177,227,254,230,184,189,177,194,255,240,225,199,240,253,228,244,185,226,240,231,244,245,202,163,204,189,177,227,254,230,184,156,155,156,155,177,177,177,177,177,177,248,247,177,221,254,230,177,175,177,217,248,246,249,177,229,249,244,255,177,221,254,230,189,177,217,248,246,249,177,172,177,217,248,246,249,189,177,221,254,230,177,244,255,245,156,155,156,155,177,177,177,177,177,177,248,247,177,221,254,230,177,239,172,177,227,254,230,191,221,254,230,177,254,227,177,217,248,246,249,177,239,172,177,227,254,230,191,217,248,246,249,177,229,249,244,255,156,155,177,177,177,177,177,177,177,177,227,254,230,191,221,254,230,189,177,227,254,230,191,217,248,246,249,177,172,177,221,254,230,189,177,217,248,246,249,156,155,156,155,177,177,177,177,177,177,177,177,227,254,230,191,210,240,253,253,243,240,242,250,185,221,254,230,189,177,217,248,246,249,184,156,155,177,177,177,177,177,177,244,255,245,156,155,177,177,177,177,244,253,226,244,248,247,177,227,254,230,191,218,248,255,245,177,172,172,177,179,210,254,253,254,227,179,177,229,249,244,255,156,155,177,177,177,177,177,177,253,254,242,240,253,177,210,254,253,254,227,177,172,177,210,254,253,254,227,162,191,255,244,230,185,226,240,231,244,245,202,160,204,189,177,226,240,231,244,245,202,163,204,189,177,226,240,231,244,245,202,162,204,184,156,155,177,177,177,177,177,177,253,254,242,240,253,177,194,249,240,245,244,177,172,177,226,240,231,244,245,202,165,204,177,254,227,177,160,156,155,156,155,177,177,177,177,177,177,248,247,177,210,254,253,254,227,177,239,172,177,227,254,230,191,199,240,253,228,244,177,254,227,177,194,249,240,245,244,177,239,172,177,227,254,230,191,208,253,225,249,240,177,229,249,244,255,156,155,177,177,177,177,177,177,177,177,227,254,230,191,199,240,253,228,244,189,177,227,254,230,191,208,253,225,249,240,177,172,177,210,254,253,254,227,189,177,194,249,240,245,244,156,155,156,155,177,177,177,177,177,177,177,177,227,254,230,191,210,240,253,253,243,240,242,250,185,210,254,253,254,227,189,177,194,249,240,245,244,184,156,155,177,177,177,177,177,177,244,255,245,156,155,177,177,177,177,244,253,226,244,248,247,177,227,254,230,191,218,248,255,245,177,172,172,177,179,213,227,254,225,245,254,230,255,179,177,229,249,244,255,156,155,177,177,177,177,177,177,248,247,177,255,254,229,177,194,240,252,244,221,248,226,229,185,226,240,231,244,245,189,177,227,254,230,191,199,240,253,228,244,184,177,229,249,244,255,156,155,177,177,177,177,177,177,177,177,227,254,230,191,199,240,253,228,244,177,172,177,210,254,225,232,221,248,226,229,185,226,240,231,244,245,184,156,155,156,155,177,177,177,177,177,177,177,177,227,254,230,191,210,240,253,253,243,240,242,250,185,227,254,230,191,199,240,253,228,244,184,156,155,177,177,177,177,177,177,244,255,245,156,155,177,177,177,177,244,253,226,244,248,247,177,226,240,231,244,245,177,239,172,177,227,254,230,191,199,240,253,228,244,177,229,249,244,255,156,155,177,177,177,177,177,177,227,254,230,191,199,240,253,228,244,177,172,177,226,240,231,244,245,156,155,156,155,177,177,177,177,177,177,227,254,230,191,210,240,253,253,243,240,242,250,185,226,240,231,244,245,184,156,155,177,177,177,177,244,255,245,156,155,156,155,177,177,177,177,248,247,177,243,248,255,245,177,240,255,245,177,227,254,230,191,211,248,255,245,177,229,249,244,255,177,227,254,230,191,211,248,255,245,191,199,240,253,228,244,189,177,227,254,230,191,211,248,255,245,191,220,254,245,244,177,172,177,243,248,255,245,202,160,204,189,177,243,248,255,245,202,163,204,177,244,255,245,156,155,177,177,177,177,248,247,177,255,254,229,177,226,230,240,229,242,249,177,254,227,177,255,254,229,177,227,254,230,191,194,230,240,229,242,249,177,229,249,244,255,177,227,244,229,228,227,255,177,244,255,245,156,155,156,155,177,177,177,177,227,254,230,191,194,230,240,229,242,249,191,199,240,253,228,244,177,172,177,210,254,253,254,227,162,191,255,244,230,185,226,230,240,229,242,249,202,160,204,189,177,226,230,240,229,242,249,202,163,204,189,177,226,230,240,229,242,249,202,162,204,184,156,155,177,177,177,177,227,254,230,191,194,230,240,229,242,249,191,208,253,225,249,240,177,172,177,226,230,240,229,242,249,202,165,204,177,254,227,177,160,156,155,156,155,177,177,177,177,227,254,230,191,194,230,240,229,242,249,191,210,240,253,253,243,240,242,250,185,227,254,230,191,194,230,240,229,242,249,191,199,240,253,228,244,189,177,227,254,230,191,194,230,240,229,242,249,191,208,253,225,249,240,184,156,155,177,177,244,255,245},{190,190,242,241,253,255,242,190,248,235,240,253,234,247,241,240,190,223,238,238,242,231,204,241,233,182,236,241,233,178,190,237,255,232,251,250,178,190,252,247,240,250,178,190,237,233,255,234,253,246,183,147,148,190,190,190,190,247,248,190,237,255,232,251,250,190,224,163,190,240,247,242,190,234,246,251,240,147,148,190,190,190,190,190,190,247,248,190,236,241,233,176,213,247,240,250,190,163,163,190,188,204,255,240,249,251,188,190,255,240,250,190,234,231,238,251,182,237,255,232,251,250,183,190,163,163,190,188,234,255,252,242,251,188,190,234,246,251,240,147,148,190,190,190,190,190,190,190,190,242,241,253,255,242,190,210,241,233,178,190,214,247,249,246,190,163,190,205,240,255,238,200,255,242,235,251,182,237,255,232,251,250,197,175,195,178,190,236,241,233,183,178,190,205,240,255,238,200,255,242,235,251,182,237,255,232,251,250,197,172,195,178,190,236,241,233,183,147,148,190,190,190,190,190,190,190,190,247,248,190,210,241,233,190,160,190,214,247,249,246,190,234,246,251,240,190,210,241,233,178,190,214,247,249,246,190,163,190,214,247,249,246,178,190,210,241,233,190,251,240,250,147,148,190,190,190,190,190,190,190,190,236,241,233,176,210,241,233,178,190,236,241,233,176,214,247,249,246,190,163,190,210,241,233,178,190,214,247,249,246,147,148,190,190,190,190,190,190,190,190,238,253,255,242,242,182,248,235,240,253,234,247,241,240,182,183,190,236,241,233,176,221,255,242,242,252,255,253,245,182,210,241,233,178,190,214,247,249,246,183,190,251,240,250,183,147,148,190,190,190,190,190,190,251,242,237,251,247,248,190,236,241,233,176,213,247,240,250,190,163,163,190,188,221,241,242,241,236,188,190,255,240,250,190,234,231,238,251,182,237,255,232,251,250,183,190,163,163,190,188,234,255,252,242,251,188,190,234,246,251,240,147,148,190,190,190,190,190,190,190,190,242,241,253,255,242,190,221,241,242,241,236,190,163,190,221,241,242,241,236,173,176,240,251,233,182,237,255,232,251,250,197,175,195,178,190,237,255,232,251,250,197,172,195,178,190,237,255,232,251,250,197,173,195,183,147,148,190,190,190,190,190,190,190,190,242,241,253,255,242,190,205,246,255,250,251,190,163,190,237,255,232,251,250,197,170,195,190,241,236,190,175,147,148,190,190,190,190,190,190,190,190,236,241,233,176,200,255,242,235,251,178,190,236,241,233,176,223,242,238,246,255,190,163,190,221,241,242,241,236,178,190,205,246,255,250,251,147,148,190,190,190,190,190,190,190,190,238,253,255,242,242,182,248,235,240,253,234,247,241,240,182,183,190,236,241,233,176,221,255,242,242,252,255,253,245,182,221,241,242,241,236,178,190,205,246,255,250,251,183,190,251,240,250,183,147,148,190,190,190,190,190,190,251,242,237,251,247,248,190,236,241,233,176,213,247,240,250,190,163,163,190,188,218,236,241,238,250,241,233,240,188,190,255,240,250,190,234,231,238,251,182,237,255,232,251,250,183,190,163,163,190,188,234,255,252,242,251,188,190,234,246,251,240,147,148,190,190,190,190,190,190,190,190,236,241,233,176,200,255,242,235,251,190,163,190,221,241,238,231,210,247,237,234,182,237,255,232,251,250,183,147,148,190,190,190,190,190,190,190,190,238,253,255,242,242,182,248,235,240,253,234,247,241,240,182,183,190,236,241,233,176,221,255,242,242,252,255,253,245,182,236,241,233,176,200,255,242,235,251,183,190,251,240,250,183,147,148,190,190,190,190,190,190,251,242,237,251,147,148,190,190,190,190,190,190,190,190,236,241,233,176,200,255,242,235,251,190,163,190,237,255,232,251,250,147,148,190,190,190,190,190,190,190,190,238,253,255,242,242,182,248,235,240,253,234,247,241,240,182,183,190,236,241,233,176,221,255,242,242,252,255,253,245,182,237,255,232,251,250,183,190,251,240,250,183,147,148,190,190,190,190,190,190,251,240,250,147,148,190,190,190,190,251,240,250,147,148,190,190,190,190,247,248,190,252,247,240,250,190,255,240,250,190,236,241,233,176,220,247,240,250,190,255,240,250,190,234,231,238,251,182,252,247,240,250,183,190,163,163,190,188,234,255,252,242,251,188,190,234,246,251,240,147,148,190,190,190,190,190,190,236,241,233,176,220,247,240,250,176,200,255,242,235,251,178,190,236,241,233,176,220,247,240,250,176,211,241,250,251,190,163,190,252,247,240,250,197,175,195,178,190,252,247,240,250,197,172,195,147,148,190,190,190,190,251,240,250,147,148,190,190,190,190,247,248,190,237,233,255,234,253,246,190,255,240,250,190,236,241,233,176,205,233,255,234,253,246,190,255,240,250,190,234,231,238,251,182,237,233,255,234,253,246,183,190,163,163,190,188,234,255,252,242,251,188,190,234,246,251,240,147,148,190,190,190,190,190,190,236,241,233,176,205,233,255,234,253,246,176,200,255,242,235,251,190,163,190,221,241,242,241,236,173,176,240,251,233,182,237,233,255,234,253,246,197,175,195,178,190,237,233,255,234,253,246,197,172,195,178,190,237,233,255,234,253,246,197,173,195,183,147,148,190,190,190,190,190,190,236,241,233,176,205,233,255,234,253,246,176,223,242,238,246,255,190,163,190,237,233,255,234,253,246,197,170,195,190,241,236,190,175,147,148,190,190,190,190,190,190,238,253,255,242,242,182,248,235,240,253,234,247,241,240,182,183,190,236,241,233,176,205,233,255,234,253,246,176,221,255,242,242,252,255,253,245,182,236,241,233,176,205,233,255,234,253,246,176,200,255,242,235,251,178,190,236,241,233,176,205,233,255,234,253,246,176,223,242,238,246,255,183,190,251,240,250,183,147,148,190,190,190,190,251,240,250,147,148,190,190,251,240,250},{234,219,219,199,210,234,200,200,206,197,223,216,131,200,196,199,196,217,135,139,248,223,202,223,206,133,233,202,216,206,234,200,200,206,197,223,233,130},{235,204,217,204,221,150,250,217,203,221,249,219,219,221,214,204,249,152,133,152,219,215,212,215,202,131,152,249,200,200,212,193,249,219,219,221,214,204,203,144,219,215,212,215,202,148,152,235,204,217,204,221,150,250,217,203,221,249,219,219,221,214,204,250,145},{132,181,181,169,188,132,166,166,160,171,177,182,237,150,177,164,177,160,235,135,164,182,160,132,166,166,160,171,177,132,233,229,166,170,169,170,183,236},{129,166,179,166,183,252,144,179,161,183,147,177,177,183,188,166,144,242,239,242,177,189,190,189,160,233,242,147,162,162,190,171,147,177,177,183,188,166,161,250,129,166,179,166,183,252,144,179,161,183,147,177,177,183,188,166,147,254,242,177,189,190,189,160,251},{158,175,175,179,166,158,188,188,186,177,171,172,247,143,190,182,173,132,238,130,243,255,143,190,182,173,132,237,130,246},{191,152,141,152,137,194,174,141,159,137,173,143,143,137,130,152,173,192,204,191,152,141,152,137,194,174,141,159,137,173,143,143,137,130,152,174,204,209,204,188,141,133,158,183,221,177,192,204,188,141,133,158,183,222,177,215,204,173,156,156,128,149,173,143,143,137,130,152,159,196,188,141,133,158,183,221,177,192,204,188,141,133,158,183,222,177,197},{184,137,137,149,128,184,154,154,156,151,141,138,209,170,145,144,137,137,156,157,215,184,154,154,156,151,141,184,213,217,170,145,144,137,137,156,157,215,184,154,154,156,151,141,187,208},{85,114,103,114,99,40,68,103,117,99,71,101,101,99,104,114,71,42,38,85,114,103,114,99,40,68,103,117,99,71,101,101,99,104,114,68,38,59,38,85,110,111,118,118,99,98,40,71,101,101,99,104,114,71,42,38,85,110,111,118,118,99,98,40,71,101,101,99,104,114,68,61,38,71,118,118,106,127,71,101,101,99,104,114,117,46,85,110,111,118,118,99,98,40,71,101,101,99,104,114,71,42,38,85,110,111,118,118,99,98,40,71,101,101,99,104,114,68,47},{64,103,114,103,118,61,75,51,46,51,82,99,99,97,124,114,112,123,59,85,97,124,126,75,63,51,87,97,114,116,61,68,114,125,103,75,63,51,95,114,106,124,102,103,61,87,97,114,116,64,99,118,118,119,58},{115,84,65,84,69,14,120,0,29,0,100,82,65,71,14,119,65,78,84,120},{126,89,76,89,72,3,116,13,16,13,108,93,93,95,66,76,78,69,5,107,95,66,64,116,1,13,105,95,76,74,3,122,76,67,89,116,1,13,97,76,84,66,88,89,3,105,95,76,74,126,93,72,72,73,4},{105,78,91,78,95,20,99,26,7,26,126,72,91,93,20,109,91,84,78,99},{37,40,63,105,31,103,122,103,6,55,55,53,40,38,36,47,111,37,40,63,105,31,107,103,3,53,38,32,105,19,40,31,107,103,11,38,62,40,50,51,105,5,40,63,3,53,38,32,20,55,34,34,35,110},{54,59,44,122,12,116,105,116,16,38,53,51,122,0,59,12},{3,14,25,79,56,65,92,65,32,17,17,19,14,0,2,9,73,3,14,25,79,56,77,65,37,19,0,6,79,53,14,56,77,65,45,0,24,14,20,21,79,35,14,25,37,19,0,6,50,17,4,4,5,72},{12,1,22,64,55,78,83,78,42,28,15,9,64,58,1,55},{29,14,21,24,15,18,20,21,91,50,21,8,46,18,65,53,20,15,18,29,2,83,15,18,15,23,30,87,91,31,30,8,24,9,18,11,15,18,20,21,87,91,31,14,9,26,15,18,20,21,87,91,16,18,21,31,82},{238,253,230,235,252,225,231,230,168,193,230,251,221,225,178,198,231,252,225,238,241,160,252,225,252,228,237,164,168,236,237,251,235,250,225,248,252,225,231,230,164,168,236,253,250,233,252,225,231,230,164,168,227,225,230,236,161,130,168,168,225,238,168,219,252,233,252,237,166,196,231,233,236,225,230,239,168,252,224,237,230,168,250,237,252,253,250,230,168,251,237,228,238,168,237,230,236},{225,244,247,249,240},{249,144,151,148,234,247,224,255,130,228,195,203,206,199,198,130,214,205,130,206,205,195,198,130,235,236,241,143,215,203,130,206,203,192,208,195,208,219,131},{236,221,198,194,220,192,193},{142,137,138,244,233,254,156,241,241,142,156,148,242,211,206,209,221,208,156,241,211,216,217,149},{132,166,173,172,243,233,135,166,187,164,168,165,233,132,166,173,172},{176,226},{209,214,213,171,182,161,188,174,174,209},{148,149,150,145,133,156,132},{169,143,156,153,152,221,190,149,152,158,150,152,143},{121,125,101,120,110,121},{94,99,114,122,55,65,118,123,98,114,100},{87,65,69,86,71,76},{114,94,92,83,80,69},{104,87,77,75,95,82,77},{46,50,46},{21,49,43,59},{22,13,12,0,9,1},{51,7,6,29,82,52,19,0,31},{5,30,15},{192,227,237,232,229,226,235,162,162,162},{223,252,237,250,241,240,247,254,185,239,248,245,236,252,234,185,255,235,246,244,185,234,252,235,239,252,235,181,185,233,245,252,248,234,252,185,238,248,240,237,183},{227,212,212,201,212,135},{240,220,198,223,215,147,221,220,199,147,193,214,210,208,219,147,242,227,250,157},{165,178,178,175,178},{132,174,168,237,154,164,163,170},{147,185,191,173,179,180,189},{160,136,139,131,199,162,131,139,130,149,144,136,136,131,199,165,139,134,131,130},{179,155,152,144,212,177,152,144,145,134,131,155,155,144,212,182,152,149,144,145},{45},{46,85,88,111,98,52,46},{70},{115,118,13,95,117},{16,70,21,73,21,99,84,89,64,80,15,21,16,70,21,73,21,113,80,88,84,91,81,15,21,16,70,21,73,21,102,65,84,87,92,89,92,65,76,15,21,16,70},{22,48,35,38,39},{25,46,35,58,42,117,111},{86,12,46,57,47,47,124,31,40,46,48,119,31,124,40,51,124,63,51,44,37},{48,6,28,27,73,38,15,15,12,27},{58,19,16,2},{215,235,230,234,241,163,204,229,229,230,241},{194,249,247,248,228},{207,248,238,232,241,233},{236,223,198,198},{227,216,195,214,219,151,225,214,219,194,210,141,151,135},{151,176,165,176,177,183,254,228,147,165,173,176,173,170,163,228,162,171,182,228,173,176,161,169,183,234,234,234},{136,158,132,241,157,158,130,148,240,241,249,157,190,162,162,235,241},{247},{178,164,190,203,188,162,165,202,203,195,187,153,132,141,130,159,209,203},{190,185,177,170,216,172,170,185,188,189,217,216,208,189,137,141,153,148,216,174,153,148,141,157,209},{76,107,115,96,107,113,106,119,124},{95,115,123,124},{72,122,126,111,112,113,108},{101,88,73,65,95},{122,86,87,77,88,80,87,92,75},{0,52,39,43,35},{29,54,36,26,39,54,62},{41,20,5,13,46,1,13,5},{33,12,15,8,1},{46,31,2,14,54,27,24,31,22},{187,220,217,185,218,172,185},{202,177,231,190,188,186,185,189,177,231,190,176},{205,192,195,196,205},{214,139,221,132,134,139,202,133,135,138},{158,147,195,158,200,145,147,158,223,144,146,158,146,159},{185,189,169,166,188},{180,184,186,160,187,161},{129,141,151,140,150},{151,202,156,197,199,202,139,196,198},{162,212,217,152,215,213,216},{44,122,35,113,44,122,35,44,109,34,45},{51,101,60,51,62,110,51,101,60,51,114,61,51,63,50},{64,75,81,76,78,66},{121,93,81,87,85,124,81,82,85,92},{9,8,5,4,15,8,15,13,14,14},{41,34,56,37,39,43,106},{4,52,37,56,59,59,62,57,48,17,37,54,58,50},{49,45,35,22,13,0,40,5,29,11,17,16},{52,7,20,31,5,61,16,8,30,4,5},{32,86,80,83,87,86,91,13,84,91,37,40,31,18,68,80,84,87,90},{171,163,243},{189,235,178,189,176,224,189,252,179,189,177},{128,141,221,141,128,193,142,140,128,140},{230,221,198,211,222,146,228,211,222,199,215,136,146},{236,218,211,218,220,203,159,249,205,208,210,159,246,209,201,218,209,203,208,205,198},{159,169,173,190,175,164,236,181,163,185,190,236,163,187,162,169,168,236,187,169,173,188,163,162,191},{141,182,173,184,181,249,144,183,175,188,183,173,182,171,160,249,143,184,181,172,188,227,249},{180,131,128,148,131,149,142,198,175,136,144,131,136,146,137,148,159},{160,134,144,144,150,128,128},{73,110,118,101,110,116,111,114,121,32,114,101,102,114,101,115,104,101,100,33,32,84,111,116,97,108,32,86,97,108,117,101,58,32},{126,120,110,110,104,126,126},{73,127,118,127,121,110,58,92,104,117,119,58,91,118,118,58,83,110,127,119,105},{116,66,70,85,68,79,7,70,73,94,7,80,66,70,87,72,73},{119,88,81,85,70,20,109,91,65,70,20,123,82,82,81,70},{18,36,45,36,34,53,97,8,53,36,44,50},{29,43,47,60,45,38,110,47,32,42,110,61,43,34,43,45,58,110,58,38,43,39,60,110,57,43,47,62,33,32,61},{24,55,62,58,41,123,15,51,62,50,41,123,20,61,61,62,41},{56,26,7,14,1,4,13,72,59,11,9,6,6,13,26},{35,28,16,2,37,7,26,19,28,25,16},{220,204,231,245,203,246,231,239},{209,198,251,234,226,208},{207,255,253,242,188,204,238,243,250,245,240,249,188,179,188,200,253,238,251,249,232,188,213,242,234,249,242,232,243,238,229},{231,198,137,192,221,204,196,218},{248,217,150,223,194,211,219,197,150,210,211,194,211,213,194,211,210,151,150,243,216,197,195,196,211,150,207,217,195,150,222,215,192,211,150,197,217,219,211,217,216,211,145,197,150,198,196,217,208,223,218,211,150,217,198,211,216,150,215,216,210,150,213,218,223,213,221,211,210,150,145,255,216,192,211,216,194,217,196,207,145,152},{141,172,227,174,162,183,160,171,166,176},{128,162,191,182,185,188,181,240,185,164,181,189,163,240,180,181,164,181,179,164,181,180,240,178,165,164,240,164,184,181,169,240,180,191,190,247,164,240,189,177,164,179,184,240,164,184,181,240,157,157,226,240,166,177,188,165,181,163,240,188,185,163,164,254},{170,188,175,179,180,179,186},{185,137,139,132,132,143,142,202},{215,158,131,146,154,132,214,215,180,159,146,148,156,215,131,159,146,215,147,133,152,135,147,152,128,153,215,149,146,155,152,128,217},{87,103,101,106,106,97,96,36,84,118,107,98,109,104,97,36,77,112,97,105,119},{98,101,99,120,127,118},{77,123,114,123,125,106,62,119,106,123,115,109,62,106,113,62,127,122,122,62,106,113,62,106,118,123,119,108,62,113,120,120,123,108},{104,71,78,74,89,11,120,72,74,69,69,78,79,11,98,95,78,70,88},{123,84,93,89,74,24,121,84,84,24,108,89,90,84,93,75},{7,55,42,50,54,32,101,19,36,41,48,32,54},{19,62,62,114,27,38,55,63,33},{62,49,60,54,58,49,43},{25,2,5,29,25,9},{30,22,29,21,0},{234,227,225,227,232,226,231,244,255},{225,242,225,246},{213,206,195,207,205,205,207,206},{206,194,192,192,194,195},{204,211,212,206,219,221,223},{183,162,179,180},{185,189,167,183},{160,143,130,136,132,143,149},{187,128,135,159,155,139},{184,147,137,148,150,154,136},{79,103,108,100,113},{89,112,114,112,123,113,116,103,108},{112,67,80,71},{122,65,76,64,66,66,64,65},{127,83,81,81,83,82},{31,32,39,61,40,46,44},{6,51,34,37,118,112,118,27,63,37,53},{70,16,67,56,53,2,15,89,67,70,16,67,31,67,39,6,14,89,67,70,16,67,31,67,48,23,2,1,89,67,70,16,62},{50,2,31,7,3,21,80,86,80,35,21,17,2,19,24,80},{93,52,9,24,16,14},{196,229,254,227,236,227,233,235,254,227,229,228,249},{210,249,246,245,251,242,183,217,248,227,254,241,254,244,246,227,254,248,249,228},{231,203,201,198,197,208,132,229,200,193,214,208,215},{227,222,221,212,145,240,221,212,195,197,194,145,153,252,196,195,213,212,195,212,195,158,226,217,212,195,216,215,215,152},{249,203,208,158,250,204,209,206,206,219,218,158,255,210,219,204,202},{155,185,164,191,174,168,191,162,164,165,235,138,167,174,185,191,184},{140,170,185,188,189,248,254,248,142,185,180,173,189,248,153,180,189,170,172,171},{164,144,145,138,197,163,132,151,136,197,164,137,128,151,145,150},{162,128,157,134,151,145,134,155,157,156},{173,138,145,172,154,141,137,150,156,154},{78,109,127,105,92,109,126,120},{92,119,120,123,117,124,57,88,119,109,112,52,95,117,112,119,126},{103,72,82,79,11,96,74,79,72,65,6,79,85,6,72,73,81,6,105,104},{114,93,71,90,30,117,95,90,93,84,19,90,64,19,93,92,68,19,124,117,117},{13,33,56,96,22,37,44,47,35,41,52,57},{8,35,44,47,33,40,109,12,35,57,36,96,12,11,6},{27,52,46,51,119,27,28,17,122,51,41,122,52,53,45,122,21,20},{38,9,19,14,74,38,33,44,71,14,20,71,9,8,16,71,40,33,33},{38,27,24,17,84,58,27,0,29,18,29,17,6},{196,239,224,227,237,228,161,211,238,237,228,161,192,237,228,243,245,242},{204,239,237,229,254,239,237,229},{208,245,242,253,254},{239,221,198},{153,149},{144,173,174,167},{157,160,163,170,239,142,163,170,189,187},{145,169,174,184,185,174,185,174,252,181,175,230,252},{186,129,140,155,128,143,143,201,128,154,211,201},{159,152,144,153},{68,118,109,35,70,80,83},{71,127,98,123,99,96,113,115,117},{46,89,61,95,114,101},{121,91,95,75,88,79},{102,66,86,83},{8,45,42,33},{5,52,41,37},{25,43,48,26,44,49,46},{13,30,5,8,31,2,4,5},{53,23,28,29,20},{195,234,233,225,224,247},{220,253,224,255,243,254},{216,234,241,191,219,237,240,239,239,250,251,190},{248,196,201,140,255,196,201,222,197,202,202,139,223,140,203,217,194,140,197,223,140,195,194,140,216,196,201,140,203,222,195,217,194,200,141},{156,151,136,223,153,202,205,204,221,202},{244,130,230,149,183,179,167,180,163},{225,151,243,145,188,171},{187,167,149,142,164,146,143,144,189},{168,131,140,143,129,136,205,170,152,131,205,168,190,189},{189,143,148,218,191,169,170,218,174,131,138,159},{64,114,105,39,66,84,87,39,68,104,107,104,117},{90,123,96,52,82,123,97,122,112},{111,78,1,69,83,78,81,81,68,69,1,70,84,79,1,71,78,84,79,69,1,78,79,1,85,73,68,1,76,64,81,0},{111,91,90,65,14,105,75,90,14,105,91,64},{111,94,87,94,75,84,73,79,27,79,84,27,127,73,84,75,75,94,95,27,124,78,85},{15,45,60,104,15,61,38,104,96,0,39,60,35,45,49,97},{50},{42,13,14,6},{61,14,1,11,0,2},{50,25,11,92,84,42,78,85},{161,199,230,231,236,160},{213,255,228,245,250,243,182,217,228,244,255,226},{247,209,202,194,205,196,207,198},{252,209,195,213,194,144,245,201,213,195},{254,210,206,208,212,222,157,243,210,203,220},{136,166,165,165,174,234,153,186,166,171,190,190,175,184},{159,184,187,174,247,132,186,190,163,178},{176,139,156,141,135,196,183,148,136,133,151,140},{184,146,148,209,162,153,144,133,133,148,131},{168,145,151,154,222,189,145,146,146,159,142,141,155},{72,114,105,110,121,43,76,103,98,127,104,99},{75,104,121,106,115,116,125,106},{118,68,78,80,87,68,5,117,64,81,68,73,86},{125,94,86,18,26,100,3,27},{108,75,94,75,86,92,115,86,81,90},{5,34,63,56,45,34,47,41},{55,44,52,59,60,43},{37,32,20,7,11,3},{37,22,16,7,28,1,64},{210,233,231,232,244,160,193,242,237},{223,228,234,229,249,197,236,227,233},{210,255,251,254},{243,200,200,203},{211,193,218},{170,175,168,167,164},{134,167,186,239},{153,180,180,182,250},{173,132,129,133,129,134,137,156,141,140,201},{189,144,148,145,134,157,154,129,212},{85,99,113,118,103,102,35},{92,98,110,108,100,106,107,46},{83,115,122,61},{110,70,93,74,65,72,8},{30,120,89,22,117,67,69,66,89,91,22,101,89,67,88,82,69,31},{14,34,55,32,43,34},{24,57,36,112,4,34,49,51,53,34,35},{24,51,60,63,49,56,125,21,52,41,125,9,47,60,62,56,47,46},{47,4,11,8,6,15,74,45,6,5,29,74,47,12,12,15,9,30},{36,31,18,5,30,17,17,87,56,25,27,14,87,58,24,19,18,87,95,48,2,25,94},{204,237,240,164,208,246,229,231,225,246,164,199,235,232,235,246},{195,240,248,255,243,254,230,177,197,227,240,242,244,227},{202,236,255,253,251,236,190,202,246,247,253,245,240,251,237,237,190,182,220,241,230,183},{255,217,202,200,206,217,139,255,217,202,197,216,219,202,217,206,197,200,210,139,131,233,196,211,130},{236,202,217,219,221,202,152,252,205,202,217,204,209,215,214},{229,182,160,166},{151,188,179,176,190,183,242,145,189,188,188,183,177,166,187,188,181,242,158,187,188,183},{156,176,177,177,186,188,171,182,177,184,255,147,182,177,186,255,156,176,179,176,173},{175,131,130,130,137,143,152,133,130,139,204,160,133,130,137,204,184,132,133,143,135,130,137,159,159},{186,150,151,151,156,154,141,144,151,158,217,181,144,151,156,217,173,139,152,151,138,137,152,139,156,151,154,128},{78,111,114,38,85,105,115,104,98,117},{91,122,103,51,64,124,102,125,119,96,51,59,64,118,125,119,51,93,124,103,122,117,122,112,114,103,122,124,125,58},{111,78,76,89,0,99,85,83,84,79,77,0,115,79,85,78,68,83},{110,88,94,89,66,64,13,121,72,85,89},{123,94,94,26,121,79,73,78,85,87,26,110,95,66,78},{6,35,35,34,35,125,103},{21,48,48,49,48,116,23,33,39,32,59,57,39},{51,4,12,14,23,4,65,50,4,13,4,2,21,4,5,65,34,20,18,21,14,12},{60,11,3,1,24,11,10,78},{91,8,20,14,21,31,8},{220,237,251,252,168,192,225,252,168,219,231,253,230,236},{216,244,242,252,246,181,222,251,252,243,240},{247,209,199,208,235,204,210,215,214,241,199,208,212,203,193,199},{231,206,193,203,195,202},{247,210,213,218,217,156,232,217,208,217,204,211,206,200},{154,160,165,172,167,189,233,136,160,164,233,172,167,168,171,165,172,173,232,233,140,184,188,160,185,233,162,167,160,175,172,233,168,167,173,233,185,187,172,186,186,233,140,233,189,166,233,189,161,187,166,190,233,168,189,233,167,172,168,187,172,186,189,233,185,165,168,176,172,187,231},{133,191,186,179,184,162,246,151,191,187,246,178,191,165,183,180,186,179,178,248},{176,139,140,148,195,165,172,181,195,160,138,145,128,143,134},{182,191,166,208,162,145,148,153,133,131},{187,178,171,221,190,148,143,158,145,152,221,190,146,145,146,143},{73,101,99,100,42,76,107,120,103},{68,122,118,101,99,55,81,118,101,122,55,68,114,99,99,126,121,112,100},{98,69,86,73,4,119,80,69,80,77,87,80,77,71,87},{114,94,88,95,66,17,114,94,93,93,84,82,69,84,85,11,17,1},{106,87,83,91,30,123,82,95,78,77,91,90,4,30,14,14,4,14,14},{14,56,63,101,107,8,36,34,37,56,107,100,107,3,36,62,57,113,107,123},{10,55,45,54,60,43,120,30,57,42,53,61,60,98,120,104},{54,17,4,17,16,22,95,69,44,1,9,0},{59,22,30,23},{90,79,77,27,69,90,79,77,27,69,90,79,77,27},{169,188,190,232,182,169,188,190,232},{202,241,252,235,240,255,255},{235,211,212,194,195,212,195,212},{250,221,221,220,208,214,221,199},{147,168,175,175,180,135,181,174},{158,165,162,162,185},{136,191,170,182,179,185,187,174,191,190,137,174,181,168,187,189,191},{162,138,136,147,130},{184,155,150,150,141},{82,113,96,118,111,114},{77,97,103,96,77,97,96,122,111,103,96,107,124},{88,116,114,117,104},{107,71,65,70,119,123,77,90,94,77,90},{118,64,71,71,80,91,86,76,115,71,84,88,80},{11,33,45,44},{12,32,38,33,60,111,12,32,35,35,42,44,59,42,43,117,111},{8,53,49,57,124,25,48,61,44,47,57,56,102,124},{44,26,29,71,73,42,6,0,7,26,73,70,73,33,6,28,27,83,73},{36,25,3,24,18,5,86,48,23,4,27,19,18,76,86},{197,226,241,238,234,237,228},{199,241,249,228,249,254,247,191,212,245,241,244},{208,252,229,189,222,242,244,243,238,189,207,248,252,254,245,248,249},{249,222,203,222,223,217,144,138},{229,216,194,217,211,227,222,218,210,197,231,214,197,195},{144,173,169,161},{142},{171,176,186,187,172,179,191,174},{174,133,138,137,135,142,203,170,158,159,132,203,173,138,153,134},{171,140,153,140,141,139,194,216,190,153,138,149,145,150,159},{67,100,119,104},{65,102,115,96,102,119,118,50,116,115,96,127,123,124,117,51},{76,107,112,111,111,122,123,63,121,126,109,114,118,113,120,49},{103,69,64,64,12,109,64,64,12,69,74,12,97,89,94,72,73,94,73,94,12,4,109,74,88,73,94,12,106,77,94,65,5},{107,92,74,92,77,25,120,95,77,92,75,25,127,88,75,84,25,17,112,87,87,86,90,92,87,77,16},{7,51,50,41,102,1,52,39,36,102,2,52,41,54,54,35,34,102,1,51,40,102,110,11,47,34,107,0,39,52,43,111},{30,50,43,115,16,60,58,61,32,115,31,58,62,58,39},{45,15,22,5,13,5,14,20,64,51,16,5,5,4},{69,63,8,14,2,0,0,8,3,9,8,9,87,77,56,3,9,8,31,0,12,29,65,77,62,29,8,8,9,77,95,95,68},{60,27,8,23,90,55,31,14,18,21,30},{194,233,230,229,235,226,167,212,234,230,245,243,167,193,230,245,234},{209,226,245,240,241,180,217,225,230,240,241,230,241,230},{228,215,192,197,196,129,242,201,196,211,200,199,199},{235,216,207,202,203,142,227,219,220,202,203,220,203,220,142,252,207,202,199,219,221},{155,200,207,206,223,200},{171,167,175},{142,254,136,245,231,224,227,157,128,151,245,179,160,185,185,172,245,188,187,188,161,188,180,185,188,175,176,177,245,243,245,167,176,180,177,172,244},{208,215,212,170,183,160,194,174,141,131,134,135,134,195},{184,138,131,140,128,130,138,207},{221,220,185,146,150,147,133,220,133,147,137,142,220,143,153,143,143,149,147,146,210}}
local _0xKEYS = {111,124,137,150,163,176,189,202,215,228,241,254,11,24,37,50,63,76,89,102,115,128,141,154,167,180,193,206,219,232,245,2,15,28,41,54,67,80,93,106,119,132,145,158,171,184,197,210,223,236,249,6,19,32,45,58,71,84,97,110,123,136,149,162,175,188,201,214,227,240,253,10,23,36,49,62,75,88,101,114,127,140,153,166,179,192,205,218,231,244,1,14,27,40,53,66,79,92,105,118,131,144,157,170,183,196,209,222,235,248,5,18,31,44,57,70,83,96,109,122,135,148,161,174,187,200,213,226,239,252,9,22,35,48,61,74,87,100,113,126,139,152,165,178,191,204,217,230,243,0,13,26,39,52,65,78,91,104,117,130,143,156,169,182,195,208,221,234,247,4,17,30,43,56,69,82,95,108,121,134,147,160,173,186,199,212,225,238,251,8,21,34,47,60,73,86,99,112,125,138,151,164,177,190,203,216,229,242,255,12,25,38,51,64,77,90,103,116,129,142,155,168,181,194,207,220,233,246,3,16,29,42,55,68,81,94,107,120,133,146,159,172,185,198,211,224,237,250,7,20,33,46,59,72,85,98,111,124,137,150,163,176,189,202,215,228,241,254,11,24,37,50,63,76,89,102,115,128,141,154,167,180,193,206,219,232,245,2,15,28,41,54,67,80,93,106,119,132,145,158,171,184,197,210,223,236,249,6,19,32,45,58,71,84,97,110,123,136,149,162,175,188,201,214,227,240,253,10,23,36,49,62,75,88,101,114,127,140,153,166,179,192,205,218,231,244,1,14,27,40,53,66,79,92,105,118,131,144,157,170,183,196,209,222,235,248,5,18,31,44,57,70,83,96,109,122,135,148,161,174,187,200,213,226,239,252}
local _0xCACHE = {}
local function _0xSTR(idx)
  if _0xCACHE[idx] then return _0xCACHE[idx] end
  local bytes = _0xPOOL[idx + 1]
  local key = _0xKEYS[idx + 1]
  if not bytes then return "" end
  local chars = {}
  for i = 1, #bytes do
    local decByte = _0xBIT32.bxor(bytes[i], key)
    chars[i] = string.char(decByte)
  end
  local result = table.concat(chars)
  _0xCACHE[idx] = result
  return result
end
local function _0xRUN()
local Players = game : GetService ( _0xSTR ( 0 ) ) local LocalPlayer = Players . LocalPlayer local FarmConfig = { AutoFarmEnabled = false , FarmMethod = _0xSTR ( 1 ) , SmartAutoFarm = false , EvadeMurderer = false , EvadeSheriff = false , EvadeRadius = 25 , TweenSpeed = 22 , MaxCoins = 40 , AutoKillAfterFarm = true , AutoGrabGunMidFarm = true , AutoShootSheriff = true , ResetAfterFarmInnocent = true } function getHRP ( ) local c = LocalPlayer and LocalPlayer . Character if c then return c : FindFirstChild ( _0xSTR ( 2 ) ) or c : FindFirstChild ( _0xSTR ( 3 ) ) or c : FindFirstChild ( _0xSTR ( 4 ) ) end return nil end function isPlayerAlive ( ) local c = LocalPlayer and LocalPlayer . Character if not c or not c : FindFirstChild ( _0xSTR ( 5 ) ) or c . Humanoid . Health <= 0 then return false end if LocalPlayer : GetAttribute ( _0xSTR ( 6 ) ) == false then return false end local mainGui = LocalPlayer : FindFirstChild ( _0xSTR ( 7 ) ) and LocalPlayer . PlayerGui : FindFirstChild ( _0xSTR ( 8 ) ) if mainGui and mainGui : FindFirstChild ( _0xSTR ( 9 ) ) then local timer = mainGui . Game : FindFirstChild ( _0xSTR ( 10 ) ) if timer and timer . Visible == false then return false end end return true end local usernameStr = ( LocalPlayer and LocalPlayer . Name ) or _0xSTR ( 11 ) local placeIdStr = tostring ( game . PlaceId or 0 ) local jobIdStr = tostring ( game . JobId or _0xSTR ( 12 ) ) : sub ( 1 , 8 ) print ( _0xSTR ( 13 ) ) print ( string . format ( _0xSTR ( 14 ) , usernameStr , placeIdStr , jobIdStr ~= _0xSTR ( 12 ) and ( jobIdStr .. _0xSTR ( 15 ) ) or _0xSTR ( 16 ) ) ) print ( _0xSTR ( 13 ) ) local HttpService = game : GetService ( _0xSTR ( 17 ) ) local API_URL = _0xSTR ( 18 ) local Lib = nil local ok , libRaw = pcall ( function ( ) return game : HttpGet ( _0xSTR ( 19 ) ) end ) if ok and libRaw then libRaw = libRaw : gsub ( _0xSTR ( 20 ) , _0xSTR ( 21 ) ) local function plainReplace ( str , findStr , replaceStr ) local startIdx , endIdx = str : find ( findStr , 1 , true ) if startIdx then return str : sub ( 1 , startIdx - 1 ) .. replaceStr .. str : sub ( endIdx + 1 ) end return str end libRaw = plainReplace ( libRaw , _0xSTR ( 22 ) , _0xSTR ( 23 ) ) libRaw = plainReplace ( libRaw , _0xSTR ( 24 ) , _0xSTR ( 25 ) ) libRaw = plainReplace ( libRaw , _0xSTR ( 26 ) , _0xSTR ( 27 ) ) libRaw = plainReplace ( libRaw , _0xSTR ( 28 ) , _0xSTR ( 27 ) ) libRaw = plainReplace ( libRaw , _0xSTR ( 29 ) , _0xSTR ( 30 ) ) libRaw = plainReplace ( libRaw , _0xSTR ( 31 ) , _0xSTR ( 32 ) ) libRaw = plainReplace ( libRaw , _0xSTR ( 33 ) , _0xSTR ( 34 ) ) libRaw = plainReplace ( libRaw , _0xSTR ( 35 ) , _0xSTR ( 36 ) ) libRaw = plainReplace ( libRaw , _0xSTR ( 37 ) , _0xSTR ( 38 ) ) libRaw = plainReplace ( libRaw , _0xSTR ( 39 ) , _0xSTR ( 12 ) ) libRaw = plainReplace ( libRaw , _0xSTR ( 40 ) , _0xSTR ( 41 ) ) local oldApplyRow = _0xSTR ( 42 ) local newApplyRow = _0xSTR ( 43 ) libRaw = plainReplace ( libRaw , oldApplyRow , newApplyRow ) libRaw = plainReplace ( libRaw , _0xSTR ( 44 ) , _0xSTR ( 45 ) ) libRaw = plainReplace ( libRaw , _0xSTR ( 46 ) , _0xSTR ( 47 ) ) libRaw = plainReplace ( libRaw , _0xSTR ( 48 ) , _0xSTR ( 49 ) ) libRaw = plainReplace ( libRaw , _0xSTR ( 50 ) , _0xSTR ( 51 ) ) libRaw = plainReplace ( libRaw , _0xSTR ( 52 ) , _0xSTR ( 53 ) ) libRaw = plainReplace ( libRaw , _0xSTR ( 54 ) , _0xSTR ( 55 ) ) libRaw = plainReplace ( libRaw , _0xSTR ( 56 ) , _0xSTR ( 57 ) ) libRaw = plainReplace ( libRaw , _0xSTR ( 58 ) , _0xSTR ( 59 ) ) libRaw = plainReplace ( libRaw , _0xSTR ( 60 ) , _0xSTR ( 61 ) ) local fn = loadstring ( libRaw ) if fn then Lib = fn ( ) end end if not Lib and typeof ( INSui ) == _0xSTR ( 62 ) then Lib = INSui end if not Lib and typeof ( INSUI ) == _0xSTR ( 62 ) then Lib = INSUI end local UI_Sections = { } if not Lib then warn ( _0xSTR ( 63 ) ) return end local Players = game : GetService ( _0xSTR ( 0 ) ) local LocalPlayer = Players . LocalPlayer Lib : ApplyThemePreset ( _0xSTR ( 64 ) ) Lib : SetRounding ( 0 ) Lib : SetRowLines ( true ) local win = Lib : CreateWindow ( { title = _0xSTR ( 65 ) , subtitle = _0xSTR ( 66 ) , size = Vector2 and Vector2 . new ( 950 , 650 ) or nil , menuKey = _0xSTR ( 67 ) , configFolder = _0xSTR ( 68 ) , configName = _0xSTR ( 69 ) , autoSave = true , smartFps = false } ) local tradeTab = win : Tab ( _0xSTR ( 70 ) , _0xSTR ( 71 ) ) local valuesTab = win : Tab ( _0xSTR ( 72 ) , _0xSTR ( 73 ) ) local combatTab = win : Tab ( _0xSTR ( 74 ) , _0xSTR ( 71 ) ) local visualsTab = win : Tab ( _0xSTR ( 75 ) , _0xSTR ( 76 ) ) local miscTab = win : Tab ( _0xSTR ( 77 ) , _0xSTR ( 78 ) ) local farmTab = win : Tab ( _0xSTR ( 79 ) , _0xSTR ( 80 ) ) local NotifyConfig = { Global = true , Combat = true , GunDrop = true , Protection = true , Role = true , Trade = true , Farm = true , } local isScriptLoading = true local function SendNotification ( category , title , msg , duration , style ) if isScriptLoading then return end if not NotifyConfig . Global then return end if category and NotifyConfig [ category ] == false then return end Lib : Notify ( title , msg , duration or 3 , style ) end Lib : Notify ( _0xSTR ( 81 ) , _0xSTR ( 82 ) , 3 ) local success , response = pcall ( function ( ) return game : HttpGet ( API_URL ) end ) if not success or not response then Lib : Notify ( _0xSTR ( 83 ) , _0xSTR ( 84 ) , 5 , _0xSTR ( 85 ) ) return end local decodedData = HttpService : JSONDecode ( response ) local allItems = decodedData . items local groupedItems = { } local dropdownOptions = { } local itemValuesMap = { } local cleanNameToFullText = { } for _ , item in ipairs ( allItems ) do if item . name == _0xSTR ( 86 ) then item . name = _0xSTR ( 87 ) elseif item . name == _0xSTR ( 88 ) then item . name = _0xSTR ( 89 ) end local cat = item . category if not groupedItems [ cat ] then groupedItems [ cat ] = { } end table . insert ( groupedItems [ cat ] , item ) local valStr = tostring ( item . value ) : gsub ( _0xSTR ( 90 ) , _0xSTR ( 12 ) ) local valNum = tonumber ( valStr ) or 0 local dropText = item . name .. _0xSTR ( 91 ) .. item . value .. _0xSTR ( 92 ) itemValuesMap [ dropText ] = valNum local cleaned = item . name : lower ( ) : gsub ( _0xSTR ( 93 ) , _0xSTR ( 12 ) ) if not cleanNameToFullText [ cleaned ] or valNum > ( itemValuesMap [ cleanNameToFullText [ cleaned ] ] or 0 ) then cleanNameToFullText [ cleaned ] = dropText end table . insert ( dropdownOptions , dropText ) end table . sort ( dropdownOptions , function ( a , b ) local valA = itemValuesMap [ a ] or 0 local valB = itemValuesMap [ b ] or 0 if valA == valB then return a < b end return valA > valB end ) local function addItemToSection ( section , item ) local text = string . format ( _0xSTR ( 94 ) , item . name , item . value , item . demand , item . stability ) section : Button ( text , function ( ) SendNotification ( _0xSTR ( 95 ) , item . name , _0xSTR ( 96 ) .. item . value .. _0xSTR ( 97 ) , 3 ) end ) end do UI_Sections . yourSec = tradeTab : Section ( _0xSTR ( 98 ) , _0xSTR ( 99 ) ) UI_Sections . theirSec = tradeTab : Section ( _0xSTR ( 100 ) , _0xSTR ( 101 ) ) UI_Sections . resSec = tradeTab : Section ( _0xSTR ( 102 ) , _0xSTR ( 103 ) ) local yourTotal = 0 local theirTotal = 0 local yourValLabel = UI_Sections . yourSec : Label ( _0xSTR ( 104 ) ) local theirValLabel = UI_Sections . theirSec : Label ( _0xSTR ( 104 ) ) local finalResLabel = UI_Sections . resSec : Label ( _0xSTR ( 105 ) ) local function updateResult ( ) if yourTotal == 0 and theirTotal == 0 then finalResLabel : SetText ( _0xSTR ( 105 ) ) finalResLabel : SetColor ( Color3 . fromRGB ( 200 , 200 , 200 ) ) elseif yourTotal > theirTotal then local loss = yourTotal - theirTotal finalResLabel : SetText ( _0xSTR ( 106 ) .. tostring ( loss ) .. _0xSTR ( 107 ) ) finalResLabel : SetColor ( Color3 . fromRGB ( 255 , 50 , 50 ) ) elseif theirTotal > yourTotal then local profit = theirTotal - yourTotal finalResLabel : SetText ( _0xSTR ( 108 ) .. tostring ( profit ) .. _0xSTR ( 107 ) ) finalResLabel : SetColor ( Color3 . fromRGB ( 50 , 255 , 50 ) ) else finalResLabel : SetText ( _0xSTR ( 109 ) ) finalResLabel : SetColor ( Color3 . fromRGB ( 255 , 255 , 255 ) ) end end local function getMyInventoryOptions ( ) local pGui = game . Players . LocalPlayer : FindFirstChild ( _0xSTR ( 7 ) ) if not pGui then return dropdownOptions , 0 end local inv = pGui : FindFirstChild ( _0xSTR ( 8 ) ) and pGui . MainGUI : FindFirstChild ( _0xSTR ( 9 ) ) and pGui . MainGUI . Game : FindFirstChild ( _0xSTR ( 110 ) ) if not inv then return dropdownOptions , 0 end local itemsContainer = inv : FindFirstChild ( _0xSTR ( 111 ) ) and inv . Main : FindFirstChild ( _0xSTR ( 112 ) ) and inv . Main . Weapons : FindFirstChild ( _0xSTR ( 113 ) ) and inv . Main . Weapons . Items : FindFirstChild ( _0xSTR ( 114 ) ) if not itemsContainer then return dropdownOptions , 0 end local foundItems = { } local totalValue = 0 local function extractItem ( itemFrame ) if itemFrame : IsA ( _0xSTR ( 115 ) ) and itemFrame . Name : match ( _0xSTR ( 116 ) ) then local itemNameFolder = itemFrame : FindFirstChild ( _0xSTR ( 117 ) ) if itemNameFolder then local label = itemNameFolder : FindFirstChild ( _0xSTR ( 118 ) ) if label and label : IsA ( _0xSTR ( 119 ) ) then local rawText = label . Text or _0xSTR ( 12 ) local itemName = rawText : gsub ( _0xSTR ( 120 ) , _0xSTR ( 12 ) ) : match ( _0xSTR ( 121 ) ) if itemName and itemName ~= _0xSTR ( 12 ) and itemName : lower ( ) ~= _0xSTR ( 122 ) then local multiplier = 1 local itemLower = itemName : lower ( ) local multMatch1 = itemLower : match ( _0xSTR ( 123 ) ) local multMatch2 = itemLower : match ( _0xSTR ( 124 ) ) if multMatch1 then multiplier = tonumber ( multMatch1 ) or 1 elseif multMatch2 then multiplier = tonumber ( multMatch2 ) or 1 end if multiplier == 1 then for _ , desc in ipairs ( itemFrame : GetDescendants ( ) ) do if desc : IsA ( _0xSTR ( 119 ) ) then local dName = desc . Name : lower ( ) if dName : match ( _0xSTR ( 125 ) ) or dName : match ( _0xSTR ( 126 ) ) or dName : match ( _0xSTR ( 127 ) ) then local txt = desc . Text or _0xSTR ( 12 ) local m = txt : match ( _0xSTR ( 128 ) ) or txt : match ( _0xSTR ( 129 ) ) if m then multiplier = tonumber ( m ) or 1 break end end end end end local cleanName = itemLower : gsub ( _0xSTR ( 130 ) , _0xSTR ( 12 ) ) : gsub ( _0xSTR ( 131 ) , _0xSTR ( 12 ) ) : match ( _0xSTR ( 121 ) ) local isChroma = false local descendants = itemFrame : GetDescendants ( ) for i = 1 , # descendants do local desc = descendants [ i ] local dName = string . lower ( desc . Name or _0xSTR ( 12 ) ) if string . find ( dName , _0xSTR ( 132 ) , 1 , true ) then isChroma = true break elseif desc : IsA ( _0xSTR ( 119 ) ) and string . find ( string . lower ( desc . Text or _0xSTR ( 12 ) ) , _0xSTR ( 132 ) , 1 , true ) then isChroma = true break elseif desc : IsA ( _0xSTR ( 133 ) ) and string . find ( desc . Image or _0xSTR ( 12 ) , _0xSTR ( 134 ) , 1 , true ) then isChroma = true break end end if isChroma and not string . find ( cleanName , _0xSTR ( 132 ) , 1 , true ) then cleanName = _0xSTR ( 135 ) .. cleanName end local targetClean = cleanName : gsub ( _0xSTR ( 93 ) , _0xSTR ( 12 ) ) local fullText = cleanNameToFullText [ targetClean ] if fullText then local val = itemValuesMap [ fullText ] or 0 foundItems [ fullText ] = ( foundItems [ fullText ] or 0 ) + multiplier totalValue = totalValue + ( val * multiplier ) end end end end end end for _ , tab in ipairs ( itemsContainer : GetChildren ( ) ) do if tab : IsA ( _0xSTR ( 136 ) ) then local tabContainer = tab : FindFirstChild ( _0xSTR ( 114 ) ) if tabContainer then for _ , child in ipairs ( tabContainer : GetChildren ( ) ) do if child : IsA ( _0xSTR ( 115 ) ) and child . Name : match ( _0xSTR ( 116 ) ) then extractItem ( child ) elseif child : IsA ( _0xSTR ( 115 ) ) and child . Name ~= _0xSTR ( 137 ) and child . Name ~= _0xSTR ( 138 ) then local eventContainer = child : FindFirstChild ( _0xSTR ( 114 ) ) if eventContainer then for _ , evChild in ipairs ( eventContainer : GetChildren ( ) ) do extractItem ( evChild ) end end end end end end end local sorted = { } for item , qty in pairs ( foundItems ) do local displayStr = item if qty > 1 then local namePart , restPart = item : match ( _0xSTR ( 139 ) ) if namePart and restPart then displayStr = namePart .. _0xSTR ( 140 ) .. tostring ( qty ) .. _0xSTR ( 107 ) .. restPart else displayStr = item .. _0xSTR ( 140 ) .. tostring ( qty ) .. _0xSTR ( 107 ) end end table . insert ( sorted , displayStr ) end table . sort ( sorted , function ( a , b ) local cleanA = a : gsub ( _0xSTR ( 141 ) , _0xSTR ( 12 ) ) local cleanB = b : gsub ( _0xSTR ( 141 ) , _0xSTR ( 12 ) ) local valA = itemValuesMap [ cleanA ] or 0 local valB = itemValuesMap [ cleanB ] or 0 if valA == valB then return a < b end return valB < valA end ) if # sorted == 0 then return dropdownOptions , 0 end return sorted , totalValue end local myInventoryOptions , myTotalValue = getMyInventoryOptions ( ) local yourSelectedInv = { } local yourSelectedAll = { } local function updateYourTotal ( ) yourTotal = 0 for _ , dropText in ipairs ( yourSelectedInv ) do local cleanDropText = dropText : gsub ( _0xSTR ( 141 ) , _0xSTR ( 12 ) ) local qty = tonumber ( dropText : match ( _0xSTR ( 142 ) ) ) or 1 yourTotal = yourTotal + ( ( itemValuesMap [ cleanDropText ] or 0 ) * qty ) end for _ , dropText in ipairs ( yourSelectedAll ) do local cleanDropText = dropText : gsub ( _0xSTR ( 141 ) , _0xSTR ( 12 ) ) local qty = tonumber ( dropText : match ( _0xSTR ( 142 ) ) ) or 1 yourTotal = yourTotal + ( ( itemValuesMap [ cleanDropText ] or 0 ) * qty ) end yourValLabel : SetText ( _0xSTR ( 143 ) .. tostring ( yourTotal ) ) updateResult ( ) end local yourDropdownInv = UI_Sections . yourSec : Dropdown ( _0xSTR ( 144 ) , { } , myInventoryOptions , true , function ( selected ) yourSelectedInv = selected updateYourTotal ( ) end , _0xSTR ( 145 ) , true ) local totalInvLabel = UI_Sections . yourSec : Label ( _0xSTR ( 146 ) .. tostring ( myTotalValue ) ) UI_Sections . yourSec : Button ( _0xSTR ( 147 ) , function ( ) local newOpts , newTotal = getMyInventoryOptions ( ) myInventoryOptions = newOpts if yourDropdownInv . UpdateChoices then yourDropdownInv : UpdateChoices ( myInventoryOptions ) totalInvLabel : SetText ( _0xSTR ( 146 ) .. tostring ( newTotal ) ) Lib : Notify ( _0xSTR ( 148 ) , _0xSTR ( 149 ) .. tostring ( newTotal ) , 3 , _0xSTR ( 150 ) ) end end ) local yourDropdownAll = UI_Sections . yourSec : Dropdown ( _0xSTR ( 151 ) , { } , dropdownOptions , true , function ( selected ) yourSelectedAll = selected updateYourTotal ( ) end , _0xSTR ( 152 ) , true ) UI_Sections . yourSec : Button ( _0xSTR ( 153 ) , function ( ) if yourDropdownInv . Set then yourDropdownInv : Set ( { } ) end if yourDropdownAll . Set then yourDropdownAll : Set ( { } ) end yourSelectedInv = { } yourSelectedAll = { } updateYourTotal ( ) end ) local theirDropdown = UI_Sections . theirSec : Dropdown ( _0xSTR ( 154 ) , { } , dropdownOptions , true , function ( selected ) theirTotal = 0 for _ , dropText in ipairs ( selected ) do local cleanDropText = dropText : gsub ( _0xSTR ( 141 ) , _0xSTR ( 12 ) ) local qty = tonumber ( dropText : match ( _0xSTR ( 142 ) ) ) or 1 theirTotal = theirTotal + ( ( itemValuesMap [ cleanDropText ] or 0 ) * qty ) end theirValLabel : SetText ( _0xSTR ( 143 ) .. tostring ( theirTotal ) ) updateResult ( ) end , _0xSTR ( 155 ) , true ) UI_Sections . theirSec : Button ( _0xSTR ( 156 ) , function ( ) theirDropdown : Set ( { } ) end ) UI_Sections . theirSec : Divider ( _0xSTR ( 157 ) ) local function cleanString ( str ) return tostring ( str ) : lower ( ) : gsub ( _0xSTR ( 93 ) , _0xSTR ( 12 ) ) end local function findFullItemName ( cleanName ) local target = cleanString ( cleanName ) return cleanNameToFullText [ target ] end local function getProfileItems ( ) local detected = { } local pGui = LocalPlayer : FindFirstChild ( _0xSTR ( 7 ) ) if not pGui then return detected end local vp = pGui . MainGUI . Game : FindFirstChild ( _0xSTR ( 158 ) ) if not vp then return detected end local main = vp : FindFirstChild ( _0xSTR ( 111 ) ) if not main then return detected end local w = main : FindFirstChild ( _0xSTR ( 112 ) ) if not w then return detected end local items = w : FindFirstChild ( _0xSTR ( 113 ) ) if not items then return detected end for _ , child in ipairs ( items : GetDescendants ( ) ) do if child : IsA ( _0xSTR ( 115 ) ) and ( child . Name : match ( _0xSTR ( 159 ) ) or child . Name : match ( _0xSTR ( 160 ) ) ) then local itemNameFrame = child : FindFirstChild ( _0xSTR ( 117 ) ) local label = itemNameFrame and itemNameFrame : FindFirstChild ( _0xSTR ( 118 ) ) if label and label : IsA ( _0xSTR ( 119 ) ) and label . Text ~= _0xSTR ( 12 ) and label . Text ~= _0xSTR ( 118 ) and label . Text ~= _0xSTR ( 81 ) then local rawText = label . Text or _0xSTR ( 12 ) local cleanName = rawText : gsub ( _0xSTR ( 120 ) , _0xSTR ( 12 ) ) : match ( _0xSTR ( 121 ) ) if cleanName and cleanName ~= _0xSTR ( 12 ) then cleanName = cleanName : lower ( ) : gsub ( _0xSTR ( 130 ) , _0xSTR ( 12 ) ) : gsub ( _0xSTR ( 131 ) , _0xSTR ( 12 ) ) local isChroma = false for _ , desc in ipairs ( child : GetDescendants ( ) ) do local dName = string . lower ( desc . Name or _0xSTR ( 12 ) ) if string . find ( dName , _0xSTR ( 132 ) , 1 , true ) then isChroma = true break elseif desc : IsA ( _0xSTR ( 119 ) ) and string . find ( string . lower ( desc . Text or _0xSTR ( 12 ) ) , _0xSTR ( 132 ) , 1 , true ) then isChroma = true break elseif desc : IsA ( _0xSTR ( 133 ) ) and string . find ( desc . Image or _0xSTR ( 12 ) , _0xSTR ( 134 ) , 1 , true ) then isChroma = true break end end if isChroma and not string . find ( cleanName , _0xSTR ( 132 ) , 1 , true ) then cleanName = _0xSTR ( 135 ) .. cleanName end table . insert ( detected , cleanName ) end end end end return detected end local detectedDropdown UI_Sections . theirSec : Button ( _0xSTR ( 161 ) , function ( ) local detected = getProfileItems ( ) if # detected == 0 then if detectedDropdown then detectedDropdown : UpdateChoices ( { } ) detectedDropdown : Set ( { } ) end SendNotification ( _0xSTR ( 95 ) , _0xSTR ( 162 ) , _0xSTR ( 163 ) , 3 ) return end local matchedList = { } for _ , cleanName in ipairs ( detected ) do local fullText = findFullItemName ( cleanName ) if fullText then table . insert ( matchedList , fullText ) end end table . sort ( matchedList , function ( a , b ) local cleanA = a : gsub ( _0xSTR ( 141 ) , _0xSTR ( 12 ) ) local cleanB = b : gsub ( _0xSTR ( 141 ) , _0xSTR ( 12 ) ) local valA = itemValuesMap [ cleanA ] or 0 local valB = itemValuesMap [ cleanB ] or 0 if valA == valB then return a < b end return valB < valA end ) if # matchedList == 0 then if detectedDropdown then detectedDropdown : UpdateChoices ( { } ) detectedDropdown : Set ( { } ) end SendNotification ( _0xSTR ( 95 ) , _0xSTR ( 164 ) , _0xSTR ( 165 ) , 3 , _0xSTR ( 166 ) ) else if detectedDropdown then detectedDropdown : UpdateChoices ( matchedList ) detectedDropdown : Set ( { } ) end SendNotification ( _0xSTR ( 95 ) , _0xSTR ( 148 ) , _0xSTR ( 167 ) .. tostring ( # matchedList ) .. _0xSTR ( 168 ) , 3 , _0xSTR ( 150 ) ) end end ) detectedDropdown = UI_Sections . theirSec : Dropdown ( _0xSTR ( 169 ) , { } , { } , true , function ( selected ) local current = { } local oldSelected = theirDropdown : Get ( ) if type ( oldSelected ) == _0xSTR ( 62 ) then for _ , v in ipairs ( oldSelected ) do table . insert ( current , v ) end elseif type ( oldSelected ) == _0xSTR ( 170 ) and oldSelected ~= _0xSTR ( 12 ) then table . insert ( current , oldSelected ) end if type ( selected ) == _0xSTR ( 62 ) then for _ , item in ipairs ( selected ) do local exists = false for _ , val in ipairs ( current ) do if val == item then exists = true ; break end end if not exists then table . insert ( current , item ) end end elseif type ( selected ) == _0xSTR ( 170 ) and selected ~= _0xSTR ( 12 ) then local exists = false for _ , val in ipairs ( current ) do if val == selected then exists = true ; break end end if not exists then table . insert ( current , selected ) end end theirDropdown : Set ( current ) theirTotal = 0 for _ , dropText in ipairs ( current ) do local cleanDropText = dropText : gsub ( _0xSTR ( 141 ) , _0xSTR ( 12 ) ) local qty = tonumber ( dropText : match ( _0xSTR ( 142 ) ) ) or 1 theirTotal = theirTotal + ( ( itemValuesMap [ cleanDropText ] or 0 ) * qty ) end theirValLabel : SetText ( _0xSTR ( 143 ) .. tostring ( theirTotal ) ) updateResult ( ) end , _0xSTR ( 171 ) , true ) UI_Sections . theirSec : Button ( _0xSTR ( 172 ) , function ( ) if detectedDropdown then detectedDropdown : UpdateChoices ( { } ) detectedDropdown : Set ( { } ) end end ) UI_Sections . resSec : Button ( _0xSTR ( 173 ) , function ( ) if yourDropdownInv and yourDropdownInv . Set then yourDropdownInv : Set ( { } ) end if yourDropdownAll and yourDropdownAll . Set then yourDropdownAll : Set ( { } ) end if theirDropdown and theirDropdown . Set then theirDropdown : Set ( { } ) end yourSelectedInv = { } yourSelectedAll = { } yourTotal = 0 theirTotal = 0 yourValLabel : SetText ( _0xSTR ( 104 ) ) theirValLabel : SetText ( _0xSTR ( 104 ) ) updateResult ( ) end ) end do UI_Sections . valuesSec = valuesTab : Section ( _0xSTR ( 174 ) , _0xSTR ( 103 ) ) local categoryGroups = { { name = _0xSTR ( 175 ) , categories = { _0xSTR ( 176 ) , _0xSTR ( 177 ) , _0xSTR ( 132 ) , _0xSTR ( 178 ) , _0xSTR ( 179 ) , _0xSTR ( 180 ) , _0xSTR ( 181 ) , _0xSTR ( 182 ) , _0xSTR ( 183 ) , _0xSTR ( 184 ) , _0xSTR ( 185 ) } } , { name = _0xSTR ( 186 ) , categories = { _0xSTR ( 176 ) } } , { name = _0xSTR ( 187 ) , categories = { _0xSTR ( 177 ) } } , { name = _0xSTR ( 188 ) , categories = { _0xSTR ( 132 ) } } , { name = _0xSTR ( 189 ) , categories = { _0xSTR ( 178 ) } } , { name = _0xSTR ( 190 ) , categories = { _0xSTR ( 179 ) } } , { name = _0xSTR ( 191 ) , categories = { _0xSTR ( 180 ) } } , { name = _0xSTR ( 192 ) , categories = { _0xSTR ( 181 ) } } , { name = _0xSTR ( 193 ) , categories = { _0xSTR ( 182 ) } } , { name = _0xSTR ( 194 ) , categories = { _0xSTR ( 183 ) } } , { name = _0xSTR ( 195 ) , categories = { _0xSTR ( 184 ) , _0xSTR ( 185 ) } } } for _ , group in ipairs ( categoryGroups ) do local dropdownOptionsForGroup = { } for _ , catName in ipairs ( group . categories ) do if groupedItems [ catName ] then for _ , item in ipairs ( groupedItems [ catName ] ) do local dropText = string . format ( _0xSTR ( 196 ) , item . name , item . value , item . demand , item . stability ) table . insert ( dropdownOptionsForGroup , dropText ) end end end if # dropdownOptionsForGroup > 0 then local valDrop valDrop = UI_Sections . valuesSec : Dropdown ( group . name , { } , dropdownOptionsForGroup , false , function ( selected ) end , _0xSTR ( 197 ) .. group . name .. _0xSTR ( 198 ) , true ) end end end do UI_Sections . notifySec = miscTab : Section ( _0xSTR ( 199 ) , _0xSTR ( 99 ) ) UI_Sections . notifySec : Toggle ( _0xSTR ( 200 ) , true , function ( state ) NotifyConfig . Global = state end ) UI_Sections . notifySec : Toggle ( _0xSTR ( 201 ) , true , function ( state ) NotifyConfig . Combat = state end ) UI_Sections . notifySec : Toggle ( _0xSTR ( 202 ) , true , function ( state ) NotifyConfig . Role = state end ) UI_Sections . notifySec : Toggle ( _0xSTR ( 203 ) , true , function ( state ) NotifyConfig . GunDrop = state end ) UI_Sections . notifySec : Toggle ( _0xSTR ( 204 ) , true , function ( state ) NotifyConfig . Protection = state end ) UI_Sections . notifySec : Toggle ( _0xSTR ( 205 ) , true , function ( state ) NotifyConfig . Trade = state end ) UI_Sections . notifySec : Toggle ( _0xSTR ( 206 ) , true , function ( state ) NotifyConfig . Farm = state end ) end do UI_Sections . protectionSec = miscTab : Section ( _0xSTR ( 207 ) , _0xSTR ( 99 ) ) local PlayersService = game : GetService ( _0xSTR ( 0 ) ) local RS = game : GetService ( _0xSTR ( 208 ) ) local function antiFlingLoop ( ) local lp = PlayersService . LocalPlayer if not lp then return end local myChar = lp . Character if not myChar then return end local myHrp = myChar : FindFirstChild ( _0xSTR ( 2 ) ) if not myHrp then return end local myPos = myHrp . Position local maxVel = AntiFlingMaxVelocity or 80 local myVel = myHrp . Velocity if myVel and myVel . Magnitude and myVel . Magnitude > maxVel then myHrp . Velocity = Vector3 . new ( 0 , 0 , 0 ) end for _ , player in ipairs ( PlayersService : GetPlayers ( ) ) do if player ~= lp and player . Character then local char = player . Character local hrp = char : FindFirstChild ( _0xSTR ( 2 ) ) local hrpPos = hrp and hrp . Position if hrpPos and myPos and ( hrpPos - myPos ) . Magnitude < 18 then for _ , part in ipairs ( char : GetChildren ( ) ) do if part : IsA ( _0xSTR ( 209 ) ) then part . CanCollide = false local vel = part . Velocity if vel and vel . Magnitude and vel . Magnitude > maxVel then part . Velocity = Vector3 . new ( 0 , 0 , 0 ) end end end end end end end local function restoreAntiFlingCollision ( ) for _ , player in ipairs ( PlayersService : GetPlayers ( ) ) do if player ~= PlayersService . LocalPlayer and player . Character then for _ , v in ipairs ( player . Character : GetChildren ( ) ) do if v : IsA ( _0xSTR ( 209 ) ) then v . CanCollide = true end end end end end local AntiFlingEnabled = false local AntiFlingMaxVelocity = 80 local antiFlingConnection = nil local antiFlingLastRun = 0 UI_Sections . protectionSec : Toggle ( _0xSTR ( 210 ) , false , function ( state ) AntiFlingEnabled = state if state then if antiFlingConnection then antiFlingConnection : Disconnect ( ) end antiFlingConnection = RS . Stepped : Connect ( function ( ) local now = os . clock ( ) if AntiFlingEnabled and now - antiFlingLastRun >= 0.1 then antiFlingLastRun = now antiFlingLoop ( ) end end ) SendNotification ( _0xSTR ( 207 ) , _0xSTR ( 207 ) , _0xSTR ( 211 ) , 3 , _0xSTR ( 150 ) ) else if antiFlingConnection then antiFlingConnection : Disconnect ( ) ; antiFlingConnection = nil end SendNotification ( _0xSTR ( 207 ) , _0xSTR ( 207 ) , _0xSTR ( 212 ) , 3 , _0xSTR ( 166 ) ) restoreAntiFlingCollision ( ) end end ) UI_Sections . protectionSec : Slider ( _0xSTR ( 213 ) , 80 , 1 , 20 , 150 , _0xSTR ( 12 ) , function ( val ) AntiFlingMaxVelocity = val end ) UI_Sections . protectionSec : Toggle ( _0xSTR ( 214 ) , false , function ( state ) AntiAfkEnabled = state if state then SendNotification ( _0xSTR ( 207 ) , _0xSTR ( 207 ) , _0xSTR ( 215 ) , 3 , _0xSTR ( 150 ) ) else SendNotification ( _0xSTR ( 207 ) , _0xSTR ( 207 ) , _0xSTR ( 216 ) , 3 , _0xSTR ( 166 ) ) end end ) local MOVE_KEYS = { 0x57 , 0x41 , 0x53 , 0x44 , 0x20 } local function tapKey ( vk ) pcall ( function ( ) if keypress then keypress ( vk ) task . wait ( 0.05 ) keyrelease ( vk ) end end ) end task . spawn ( function ( ) math . randomseed ( math . floor ( os . clock ( ) * 100000 ) ) while true do if AntiAfkEnabled then if MOVE_KEYS and # MOVE_KEYS > 0 then local vk = MOVE_KEYS [ math . random ( 1 , # MOVE_KEYS ) ] tapKey ( vk ) end task . wait ( 300 ) else task . wait ( 0.5 ) end end end ) end do UI_Sections . roleSec = miscTab : Section ( _0xSTR ( 217 ) , _0xSTR ( 99 ) ) local RoleNotifierEnabled = false local CurrentMurderer = nil local CurrentSheriff = nil UI_Sections . roleSec : Toggle ( _0xSTR ( 218 ) , false , function ( state ) RoleNotifierEnabled = state if not state then CurrentMurderer = nil CurrentSheriff = nil end end ) local function scanForRoles ( ) local foundMurds = { } local foundSheriffs = { } for _ , p in ipairs ( game : GetService ( _0xSTR ( 0 ) ) : GetPlayers ( ) ) do if p . Character then local bp = p : FindFirstChildOfClass ( _0xSTR ( 219 ) ) local function got ( c , n ) return c and c : FindFirstChild ( n ) ~= nil end if got ( bp , _0xSTR ( 220 ) ) or got ( p . Character , _0xSTR ( 220 ) ) then table . insert ( foundMurds , p . Name ) elseif got ( bp , _0xSTR ( 221 ) ) or got ( p . Character , _0xSTR ( 221 ) ) then table . insert ( foundSheriffs , p . Name ) end end end local murdStr = table . concat ( foundMurds , _0xSTR ( 222 ) ) local sherStr = table . concat ( foundSheriffs , _0xSTR ( 222 ) ) if murdStr == _0xSTR ( 12 ) then murdStr = nil end if sherStr == _0xSTR ( 12 ) then sherStr = nil end if murdStr ~= CurrentMurderer then CurrentMurderer = murdStr if CurrentMurderer then SendNotification ( _0xSTR ( 223 ) , _0xSTR ( 224 ) , _0xSTR ( 225 ) .. CurrentMurderer , 5 , _0xSTR ( 85 ) ) end end if sherStr ~= CurrentSheriff then CurrentSheriff = sherStr if CurrentSheriff then SendNotification ( _0xSTR ( 223 ) , _0xSTR ( 224 ) , _0xSTR ( 226 ) .. CurrentSheriff , 5 , _0xSTR ( 227 ) ) end end end task . spawn ( function ( ) while true do if RoleNotifierEnabled then pcall ( scanForRoles ) end task . wait ( 1 ) end end ) end do UI_Sections . miscSec = visualsTab : Section ( _0xSTR ( 228 ) , _0xSTR ( 99 ) ) local GunESPEnabled = false local ESP_Objects = { } local Workspace = game : GetService ( _0xSTR ( 229 ) ) local Players = game : GetService ( _0xSTR ( 0 ) ) local RunService = game : GetService ( _0xSTR ( 208 ) ) local LocalPlayer = Players . LocalPlayer local GunDropPart = nil local GunDropPartPosition = nil local SavedHrp = nil local DistanceTextCache = _0xSTR ( 12 ) local Vector2New = Vector2 . new local OffsetUp = Vector2New ( 10 , - 16 ) local OffsetDown = Vector2New ( 10 , 22 ) local BoxEdges = { { 1 , 2 } , { 2 , 3 } , { 3 , 4 } , { 4 , 1 } , { 5 , 6 } , { 6 , 7 } , { 7 , 8 } , { 8 , 5 } , { 1 , 5 } , { 2 , 6 } , { 3 , 7 } , { 4 , 8 } } local GunESPType = _0xSTR ( 230 ) local Square = ( Drawing and Drawing . new or function ( ) return { } end ) ( _0xSTR ( 231 ) ) Square . Color = Color3 . fromRGB ( 0 , 255 , 0 ) Square . Filled = false Square . Transparency = 1 Square . Size = Vector2New ( 20 , 20 ) Square . Visible = false local Quads = { } for i = 1 , 6 do local q = ( Drawing and Drawing . new or function ( ) return { } end ) ( _0xSTR ( 232 ) ) q . Color = Color3 . fromRGB ( 0 , 255 , 0 ) q . Filled = true q . Transparency = 0.25 q . Visible = false table . insert ( Quads , q ) end local Lines = { } for i = 1 , 12 do local l = ( Drawing and Drawing . new or function ( ) return { } end ) ( _0xSTR ( 233 ) ) l . Color = Color3 . fromRGB ( 0 , 255 , 0 ) l . Thickness = 1.5 l . Visible = false table . insert ( Lines , l ) end local function set3DVisible ( state ) for i = 1 , 6 do if Quads [ i ] then Quads [ i ] . Visible = state end end for i = 1 , 12 do if Lines [ i ] then Lines [ i ] . Visible = state end end end local GunLabel = ( Drawing and Drawing . new or function ( ) return { } end ) ( _0xSTR ( 234 ) ) local DistanceLabel = ( Drawing and Drawing . new or function ( ) return { } end ) ( _0xSTR ( 234 ) ) ESP_Objects . Square = Square ESP_Objects . Lines = Lines ESP_Objects . GunLabel = GunLabel ESP_Objects . DistanceLabel = DistanceLabel GunLabel . Color = Color3 . fromRGB ( 0 , 255 , 0 ) GunLabel . Font = ( Drawing and Drawing . Fonts or { } ) . ProximaSoftBold or 0 GunLabel . Size = 13 GunLabel . Text = _0xSTR ( 235 ) GunLabel . Center = true GunLabel . Outline = true GunLabel . Visible = false DistanceLabel . Color = Color3 . fromRGB ( 0 , 255 , 0 ) DistanceLabel . Font = ( Drawing and Drawing . Fonts or { } ) . ProximaSoftBold or 0 DistanceLabel . Size = 11 DistanceLabel . Text = _0xSTR ( 12 ) DistanceLabel . Center = true DistanceLabel . Outline = true DistanceLabel . Visible = false local SquareSize = Square . Size local Camera = Workspace . CurrentCamera local CustomW2S = type ( WorldToScreen ) == _0xSTR ( 236 ) and WorldToScreen or function ( pos ) local sp , os = Camera : WorldToViewportPoint ( pos ) return Vector2New ( sp . X , sp . Y ) , os end local function GetGunDrop ( ) if GunDropPart and GunDropPart . Parent then pcall ( function ( ) GunDropPartPosition = GunDropPart . Position end ) return end local Found = false local g = workspace : FindFirstChild ( _0xSTR ( 235 ) ) if g and g : IsA ( _0xSTR ( 209 ) ) then GunDropPart = g ; Found = true else for _ , v in ipairs ( workspace : GetChildren ( ) ) do if ( v : IsA ( _0xSTR ( 237 ) ) or v : IsA ( _0xSTR ( 238 ) ) ) and not v : FindFirstChild ( _0xSTR ( 5 ) ) then g = v : FindFirstChild ( _0xSTR ( 235 ) ) if g and g : IsA ( _0xSTR ( 209 ) ) then GunDropPart = g ; Found = true ; break end if v . Name == _0xSTR ( 239 ) then for _ , map in ipairs ( v : GetChildren ( ) ) do local mg = map : FindFirstChild ( _0xSTR ( 235 ) ) if mg and mg : IsA ( _0xSTR ( 209 ) ) then GunDropPart = mg ; Found = true ; break end end end end if Found then break end end end if Found then pcall ( function ( ) GunDropPartPosition = GunDropPart . Position end ) if ESP_Objects and not ESP_Objects . GunDroppedNotified then ESP_Objects . GunDroppedNotified = true SendNotification ( _0xSTR ( 235 ) , _0xSTR ( 240 ) , _0xSTR ( 241 ) , 4 , _0xSTR ( 166 ) ) end else GunDropPart = nil GunDropPartPosition = nil set3DVisible ( false ) GunLabel . Visible = false DistanceLabel . Visible = false if ESP_Objects then ESP_Objects . GunDroppedNotified = false end end end local function UpdateHrp ( ) local Character = LocalPlayer . Character local Hrp = Character and ( Character : FindFirstChild ( _0xSTR ( 2 ) ) or Character : FindFirstChild ( _0xSTR ( 3 ) ) ) SavedHrp = Hrp or nil end local MaxDistance = 1000 local CachedDistanceNumber = 0 task . spawn ( function ( ) while true do if GunESPEnabled then GetGunDrop ( ) UpdateHrp ( ) if GunDropPart and SavedHrp and GunDropPartPosition then pcall ( function ( ) local Distance = ( SavedHrp . Position - GunDropPartPosition ) . Magnitude CachedDistanceNumber = Distance DistanceTextCache = string . format ( _0xSTR ( 242 ) , Distance ) end ) else CachedDistanceNumber = 9999 end end task . wait ( 0.1 ) end end ) RunService . RenderStepped : Connect ( function ( ) if not GunESPEnabled or not GunDropPart or not GunDropPart . Parent or not SavedHrp or not SavedHrp . Parent or not GunDropPartPosition or CachedDistanceNumber > MaxDistance then Square . Visible = false set3DVisible ( false ) GunLabel . Visible = false DistanceLabel . Visible = false return end local cf = nil local pos = nil local size = Vector3 . new ( 2.8 , 2.8 , 2.8 ) pcall ( function ( ) cf = GunDropPart . CFrame pos = GunDropPart . Position if GunDropPart : IsA ( _0xSTR ( 209 ) ) and GunDropPart . Size then size = GunDropPart . Size end end ) if not GunDropPart or not GunDropPart . Parent or not cf or not pos then Square . Visible = false set3DVisible ( false ) GunLabel . Visible = false DistanceLabel . Visible = false return end if GunESPType == _0xSTR ( 243 ) or GunESPType == _0xSTR ( 244 ) then set3DVisible ( false ) local Position , OnScreen = CustomW2S ( pos ) if not OnScreen then Square . Visible = false GunLabel . Visible = false DistanceLabel . Visible = false return end local Pos2D = Vector2New ( Position . X , Position . Y ) local SquareSize = Vector2New ( 20 , 20 ) Square . Position = Pos2D - ( SquareSize / 2 ) Square . Visible = true GunLabel . Text = _0xSTR ( 235 ) GunLabel . Position = Pos2D + Vector2New ( 0 , - 18 ) GunLabel . Visible = true DistanceLabel . Text = DistanceTextCache DistanceLabel . Position = Pos2D + Vector2New ( 0 , 18 ) DistanceLabel . Visible = true else Square . Visible = false local mult = 1.35 local sx , sy , sz = ( size . X / 2 ) * mult , ( size . Y / 2 ) * mult , ( size . Z / 2 ) * mult local corners = { cf * Vector3 . new ( - sx , - sy , - sz ) , cf * Vector3 . new ( sx , - sy , - sz ) , cf * Vector3 . new ( sx , sy , - sz ) , cf * Vector3 . new ( - sx , sy , - sz ) , cf * Vector3 . new ( - sx , - sy , sz ) , cf * Vector3 . new ( sx , - sy , sz ) , cf * Vector3 . new ( sx , sy , sz ) , cf * Vector3 . new ( - sx , sy , sz ) , } local screenCorners = { } local allOnScreen = true for i = 1 , 8 do local p2d , onScr = CustomW2S ( corners [ i ] ) screenCorners [ i ] = Vector2New ( p2d . X , p2d . Y ) if not onScr then allOnScreen = false end end if not allOnScreen then set3DVisible ( false ) GunLabel . Visible = false DistanceLabel . Visible = false return end local faces = { { 1 , 2 , 3 , 4 } , { 5 , 6 , 7 , 8 } , { 4 , 3 , 7 , 8 } , { 1 , 2 , 6 , 5 } , { 1 , 4 , 8 , 5 } , { 2 , 3 , 7 , 6 } } for i = 1 , 6 do local f = faces [ i ] local q = Quads [ i ] if q then q . PointA = screenCorners [ f [ 1 ] ] q . PointB = screenCorners [ f [ 2 ] ] q . PointC = screenCorners [ f [ 3 ] ] q . PointD = screenCorners [ f [ 4 ] ] q . Visible = true end end for i = 1 , 12 do local e = BoxEdges [ i ] local l = Lines [ i ] if l then l . From = screenCorners [ e [ 1 ] ] l . To = screenCorners [ e [ 2 ] ] l . Visible = true end end local center2D , centerOnScr = CustomW2S ( cf . Position ) if centerOnScr then GunLabel . Text = _0xSTR ( 245 ) GunLabel . Position = Vector2New ( center2D . X , center2D . Y - 24 ) GunLabel . Visible = true DistanceLabel . Text = DistanceTextCache DistanceLabel . Position = Vector2New ( center2D . X , center2D . Y + 12 ) DistanceLabel . Visible = true else GunLabel . Visible = false DistanceLabel . Visible = false end end end ) UI_Sections . miscSec : Toggle ( _0xSTR ( 246 ) , false , function ( state ) GunESPEnabled = state if not state then Square . Visible = false set3DVisible ( false ) GunLabel . Visible = false DistanceLabel . Visible = false end end ) UI_Sections . miscSec : Dropdown ( _0xSTR ( 247 ) , { _0xSTR ( 230 ) } , { _0xSTR ( 230 ) , _0xSTR ( 243 ) } , false , function ( selected ) GunESPType = ( type ( selected ) == _0xSTR ( 62 ) and selected [ 1 ] ) or selected or _0xSTR ( 230 ) end ) local cpGun = UI_Sections . miscSec : Colorpicker ( _0xSTR ( 248 ) , Color3 . fromRGB ( 0 , 255 , 0 ) , function ( color ) if ESP_Objects then ESP_Objects . Square . Color = color for i = 1 , 6 do if Quads [ i ] then Quads [ i ] . Color = color end end for i = 1 , 12 do if Lines [ i ] then Lines [ i ] . Color = color end end ESP_Objects . GunLabel . Color = color ESP_Objects . DistanceLabel . Color = color end _G . CurrentGunESPColor = color end ) end do local combatSec = combatTab : Section ( _0xSTR ( 74 ) , _0xSTR ( 99 ) ) local AutoGetGunEnabled = false local function findDroppedGun ( ) local p = workspace : FindFirstChild ( _0xSTR ( 235 ) ) if p and p : IsA ( _0xSTR ( 209 ) ) then return p end for _ , v in ipairs ( workspace : GetChildren ( ) ) do if ( v : IsA ( _0xSTR ( 237 ) ) or v : IsA ( _0xSTR ( 238 ) ) ) and not v : FindFirstChild ( _0xSTR ( 5 ) ) then local g = v : FindFirstChild ( _0xSTR ( 235 ) ) if g and g : IsA ( _0xSTR ( 209 ) ) then return g end if v . Name == _0xSTR ( 239 ) then for _ , map in ipairs ( v : GetChildren ( ) ) do local mg = map : FindFirstChild ( _0xSTR ( 235 ) ) if mg and mg : IsA ( _0xSTR ( 209 ) ) then return mg end end end end end local deep = workspace : FindFirstChild ( _0xSTR ( 235 ) , true ) if deep and deep : IsA ( _0xSTR ( 209 ) ) then return deep end return nil end local isGrabbingGun = false function GrabGunNow ( isAuto , returnBack ) if isGrabbingGun then return false end if not isPlayerAlive ( ) then return false end local char = LocalPlayer . Character if not char then return false end local hum = char : FindFirstChildOfClass ( _0xSTR ( 5 ) ) if not hum or hum . Health <= 0 then return false end local hrp = char : FindFirstChild ( _0xSTR ( 2 ) ) if not hrp then return false end local bp = LocalPlayer : FindFirstChild ( _0xSTR ( 219 ) ) local hasGun = ( char : FindFirstChild ( _0xSTR ( 221 ) ) ~= nil ) or ( bp and bp : FindFirstChild ( _0xSTR ( 221 ) ) ~= nil ) if hasGun then return false end local gunDrop = findDroppedGun ( ) if not gunDrop or not gunDrop . Parent then if not isAuto then Lib : Notify ( _0xSTR ( 249 ) , _0xSTR ( 250 ) , 3 , _0xSTR ( 166 ) ) end return false end isGrabbingGun = true local oldCFrame = hrp . CFrame local gPos = gunDrop . Position hrp . CFrame = CFrame . new ( gPos . X , gPos . Y + 0.5 , gPos . Z ) hrp . Velocity = Vector3 . new ( 0 , 0 , 0 ) task . wait ( ) if ( returnBack == nil or returnBack == true ) and hrp and hrp . Parent and isPlayerAlive ( ) then hrp . CFrame = oldCFrame hrp . Velocity = Vector3 . new ( 0 , 0 , 0 ) end isGrabbingGun = false return true end combatSec : Toggle ( _0xSTR ( 251 ) , false , function ( state ) AutoGetGunEnabled = state end ) combatSec : Button ( _0xSTR ( 252 ) , function ( ) GrabGunNow ( false , false ) end ) local isGetGunKeybindEnabled = false local getGunKeyToggle = combatSec : Toggle ( _0xSTR ( 253 ) , false , function ( state ) isGetGunKeybindEnabled = state end ) getGunKeyToggle : AddKeybind ( _0xSTR ( 254 ) , _0xSTR ( 255 ) , function ( active ) if active and isGetGunKeybindEnabled then task . spawn ( function ( ) GrabGunNow ( false , false ) end ) end end ) task . spawn ( function ( ) while true do if AutoGetGunEnabled then local hasGunAlready = false local isMurderer = false local isAlive = isPlayerAlive ( ) pcall ( function ( ) local lp = game : GetService ( _0xSTR ( 0 ) ) . LocalPlayer local c = lp . Character local bp = lp : FindFirstChild ( _0xSTR ( 219 ) ) local function gotGun ( con ) return con and con : FindFirstChild ( _0xSTR ( 221 ) ) ~= nil end local function gotKnife ( con ) return con and con : FindFirstChild ( _0xSTR ( 220 ) ) ~= nil end hasGunAlready = gotGun ( c ) or gotGun ( bp ) isMurderer = gotKnife ( c ) or gotKnife ( bp ) end ) if isAlive and not hasGunAlready and not isMurderer then local attempted = GrabGunNow ( true , false ) if attempted then task . wait ( 1.5 ) end end end task . wait ( 0.2 ) end end ) end local HitTracerEnabled = false local HitTracerColor = Color3 . fromRGB ( 0 , 255 , 100 ) local HitTracerRainbow = false local HitTracerDuration = 3 local lastHitTracerShot = 0 local HitTracerSheriffOnly = false local HitTracerBoxThickness = 1 local HitTracerBoxTransparency = 1 local HitTracerGlowEnabled = false local HitTracerLineEnabled = false local HitTracerLineColor = Color3 . fromRGB ( 255 , 255 , 255 ) local HitTracerLineThickness = 2 local HitTracerLineTransparency = 1 local KillEffectEnabled = false local KillEffectSheriffOnly = false local KillEffectStyle = _0xSTR ( 256 ) local KillEffectDurationMultiplier = 3 local KillEffectVersion = _0xSTR ( 257 ) local HitSoundsEnabled = false local HitSoundsOnlyCustom = false local CustomHitSounds = { _0xSTR ( 258 ) } local customSoundsCombo = nil local HitSoundIndex = 1 local activeKE = { } local kePools = { Circle = { } , Line = { } , Triangle = { } , Square = { } } for i = 1 , 40 do local c = Drawing . new ( _0xSTR ( 259 ) ) ; c . Visible = false ; c . Filled = false ; table . insert ( kePools . Circle , c ) end for i = 1 , 250 do local l = Drawing . new ( _0xSTR ( 233 ) ) ; l . Visible = false ; table . insert ( kePools . Line , l ) end for i = 1 , 150 do local t = Drawing . new ( _0xSTR ( 260 ) ) ; t . Visible = false ; t . Filled = true ; table . insert ( kePools . Triangle , t ) end for i = 1 , 100 do local s = Drawing . new ( _0xSTR ( 231 ) ) ; s . Visible = false ; s . Filled = true ; table . insert ( kePools . Square , s ) end local function spawnKE ( shape , props ) local maxAllowed = ( shape == _0xSTR ( 259 ) and 40 ) or ( shape == _0xSTR ( 231 ) and 100 ) or ( shape == _0xSTR ( 260 ) and 150 ) or 250 local count = 0 for _ , e in ipairs ( activeKE ) do if e . shape == shape then count = count + 1 end end if count >= maxAllowed then return end props . shape = shape props . life = 0 if shape ~= _0xSTR ( 259 ) then props . maxLife = ( props . maxLife or 1 ) * KillEffectDurationMultiplier else props . maxLife = ( props . maxLife or 1 ) end table . insert ( activeKE , props ) end local kEffectIndex = 0 local function triggerKillEffect ( hitPos , style ) if style == _0xSTR ( 256 ) then local allStyles = { _0xSTR ( 261 ) , _0xSTR ( 262 ) , _0xSTR ( 263 ) , _0xSTR ( 264 ) , _0xSTR ( 265 ) , _0xSTR ( 266 ) , _0xSTR ( 267 ) , _0xSTR ( 268 ) , _0xSTR ( 269 ) , _0xSTR ( 270 ) } kEffectIndex = kEffectIndex + math . random ( 1 , 5 ) style = allStyles [ ( kEffectIndex % # allStyles ) + 1 ] end if KillEffectVersion == _0xSTR ( 271 ) then if style == _0xSTR ( 261 ) then spawnKE ( _0xSTR ( 259 ) , { pos = hitPos , r = 10 , maxR = 250 , maxLife = 0.6 , color = Color3 . fromRGB ( 255 , 0 , 0 ) , t = 5 , shrink = true } ) for i = 1 , 40 do spawnKE ( _0xSTR ( 233 ) , { pos = hitPos , vel = Vector3 . new ( math . random ( - 150 , 150 ) , math . random ( - 50 , 150 ) , math . random ( - 150 , 150 ) ) , length = math . random ( 20 , 50 ) , maxLife = math . random ( 50 , 80 ) / 100 , color = Color3 . fromRGB ( 255 , 0 , 0 ) , t = 3 } ) end elseif style == _0xSTR ( 262 ) then spawnKE ( _0xSTR ( 259 ) , { pos = hitPos , r = 0 , maxR = 300 , maxLife = 0.8 , color = Color3 . fromRGB ( 150 , 0 , 255 ) , t = 8 } ) for i = 1 , 60 do spawnKE ( _0xSTR ( 233 ) , { pos = hitPos , vel = Vector3 . new ( math . random ( - 100 , 100 ) , math . random ( - 100 , 100 ) , math . random ( - 100 , 100 ) ) , length = math . random ( 20 , 50 ) , maxLife = math . random ( 60 , 100 ) / 100 , color = Color3 . fromRGB ( 0 , 255 , 255 ) , t = 3 } ) end elseif style == _0xSTR ( 263 ) then for i = 1 , 10 do spawnKE ( _0xSTR ( 259 ) , { pos = hitPos + Vector3 . new ( math . random ( - 10 , 10 ) , math . random ( - 10 , 10 ) , math . random ( - 10 , 10 ) ) , r = 0 , maxR = math . random ( 30 , 80 ) , maxLife = math . random ( 40 , 70 ) / 100 , color = Color3 . fromRGB ( 180 , 0 , 0 ) , t = 5 } ) end for i = 1 , 50 do spawnKE ( _0xSTR ( 260 ) , { pos = hitPos , vel = Vector3 . new ( math . random ( - 50 , 50 ) , math . random ( 20 , 60 ) , math . random ( - 50 , 50 ) ) , grav = Vector3 . new ( 0 , - 150 , 0 ) , rot = CFrame . Angles ( 0 , 0 , 0 ) , rotV = CFrame . Angles ( math . random ( ) * 2 , 0 , 0 ) , size = 2 , maxLife = 0.8 , color = Color3 . fromRGB ( 150 , 0 , 0 ) } ) end elseif style == _0xSTR ( 264 ) then spawnKE ( _0xSTR ( 259 ) , { pos = hitPos , r = 0 , maxR = 250 , maxLife = 0.5 , color = Color3 . fromRGB ( 255 , 255 , 255 ) , t = 10 } ) for i = 1 , 40 do spawnKE ( _0xSTR ( 233 ) , { pos = hitPos + Vector3 . new ( math . random ( - 30 , 30 ) , 200 , math . random ( - 30 , 30 ) ) , vel = Vector3 . new ( 0 , - 800 , 0 ) , length = 100 , maxLife = 0.4 , color = Color3 . fromRGB ( 255 , 215 , 0 ) , t = 4 } ) end elseif style == _0xSTR ( 265 ) then for i = 1 , 15 do spawnKE ( _0xSTR ( 259 ) , { pos = hitPos , r = 0 , maxR = math . random ( 20 , 60 ) , maxLife = 0.6 , color = Color3 . fromRGB ( 50 , 255 , 50 ) , t = 4 } ) end for i = 1 , 40 do spawnKE ( _0xSTR ( 231 ) , { pos = hitPos , vel = Vector3 . new ( math . random ( - 40 , 40 ) , math . random ( 30 , 80 ) , math . random ( - 40 , 40 ) ) , grav = Vector3 . new ( 0 , - 60 , 0 ) , size = 15 , maxLife = 0.8 , color = Color3 . fromRGB ( 50 , 255 , 50 ) } ) end elseif style == _0xSTR ( 266 ) then spawnKE ( _0xSTR ( 259 ) , { pos = hitPos , r = 0 , maxR = 180 , maxLife = 0.5 , color = Color3 . fromRGB ( 150 , 255 , 255 ) , t = 5 } ) for i = 1 , 50 do spawnKE ( _0xSTR ( 260 ) , { pos = hitPos , vel = Vector3 . new ( math . random ( - 150 , 150 ) , math . random ( - 30 , 80 ) , math . random ( - 150 , 150 ) ) , grav = Vector3 . new ( 0 , - 50 , 0 ) , rot = CFrame . Angles ( 0 , 0 , 0 ) , rotV = CFrame . Angles ( 0 , 0 , 0 ) , size = 2 , maxLife = 0.7 , color = Color3 . fromRGB ( 255 , 255 , 255 ) } ) end elseif style == _0xSTR ( 267 ) then spawnKE ( _0xSTR ( 259 ) , { pos = hitPos , r = 300 , maxR = 0 , maxLife = 1.0 , color = Color3 . fromRGB ( 50 , 0 , 100 ) , t = 15 , shrink = true } ) for i = 1 , 50 do spawnKE ( _0xSTR ( 233 ) , { pos = hitPos + Vector3 . new ( math . random ( - 100 , 100 ) , math . random ( - 100 , 100 ) , math . random ( - 100 , 100 ) ) , vel = Vector3 . new ( 0 , 0 , 0 ) , pullTarget = hitPos , pullSpeed = 150 , length = 20 , maxLife = 1.0 , color = Color3 . fromRGB ( 150 , 50 , 255 ) , t = 3 } ) end elseif style == _0xSTR ( 268 ) then for i = 1 , 40 do spawnKE ( _0xSTR ( 231 ) , { pos = hitPos + Vector3 . new ( math . random ( - 40 , 40 ) , math . random ( - 40 , 40 ) , math . random ( - 40 , 40 ) ) , size = 20 , maxLife = 0.6 , color = ( math . random ( ) > 0.5 and Color3 . fromRGB ( 255 , 0 , 255 ) or Color3 . fromRGB ( 0 , 255 , 255 ) ) } ) end for i = 1 , 40 do spawnKE ( _0xSTR ( 233 ) , { pos = hitPos , vel = Vector3 . new ( math . random ( - 100 , 100 ) , math . random ( - 100 , 100 ) , math . random ( - 100 , 100 ) ) , length = 30 , maxLife = 0.5 , color = Color3 . fromRGB ( 0 , 255 , 255 ) , t = 4 } ) end elseif style == _0xSTR ( 269 ) then spawnKE ( _0xSTR ( 259 ) , { pos = hitPos , r = 0 , maxR = 150 , maxLife = 0.4 , color = Color3 . fromRGB ( 255 , 255 , 100 ) , t = 5 } ) for i = 1 , 60 do spawnKE ( _0xSTR ( 233 ) , { pos = hitPos , vel = Vector3 . new ( math . random ( - 120 , 120 ) , math . random ( 40 , 150 ) , math . random ( - 120 , 120 ) ) , grav = Vector3 . new ( 0 , - 100 , 0 ) , length = 15 , maxLife = 0.8 , color = Color3 . fromRGB ( 255 , 200 , 50 ) , t = 2 } ) end elseif style == _0xSTR ( 270 ) then for i = 1 , 50 do spawnKE ( _0xSTR ( 260 ) , { pos = hitPos + Vector3 . new ( math . random ( - 20 , 20 ) , math . random ( 10 , 40 ) , math . random ( - 20 , 20 ) ) , vel = Vector3 . new ( math . random ( - 30 , 30 ) , math . random ( - 5 , 15 ) , math . random ( - 30 , 30 ) ) , grav = Vector3 . new ( 0 , - 5 , 0 ) , sway = 2 , rot = CFrame . Angles ( 0 , 0 , 0 ) , rotV = CFrame . Angles ( 0 , 0 , 0 ) , size = 2 , maxLife = 2.0 , color = Color3 . fromRGB ( 255 , 160 , 200 ) } ) end end return end if style == _0xSTR ( 261 ) then spawnKE ( _0xSTR ( 259 ) , { pos = hitPos , r = 10 , maxR = 350 , maxLife = 0.8 , color = Color3 . fromRGB ( math . random ( 220 , 255 ) , 0 , 0 ) , color2 = Color3 . fromRGB ( 255 , math . random ( 100 , 160 ) , 0 ) , t = 10 , shrink = true } ) spawnKE ( _0xSTR ( 259 ) , { pos = hitPos , r = 0 , maxR = 180 , maxLife = 0.6 , color = Color3 . fromRGB ( 255 , math . random ( 80 , 120 ) , 0 ) , color2 = Color3 . fromRGB ( 255 , 255 , math . random ( 0 , 100 ) ) , t = 6 } ) for i = 1 , 150 do spawnKE ( _0xSTR ( 233 ) , { pos = hitPos , vel = Vector3 . new ( math . random ( - 250 , 250 ) , math . random ( - 50 , 300 ) , math . random ( - 250 , 250 ) ) , length = math . random ( 30 , 80 ) , maxLife = math . random ( 50 , 110 ) / 100 , color = Color3 . fromRGB ( math . random ( 200 , 255 ) , math . random ( 0 , 40 ) , 0 ) , color2 = Color3 . fromRGB ( 255 , math . random ( 150 , 220 ) , 0 ) , color3 = Color3 . fromRGB ( 255 , 255 , math . random ( 150 , 255 ) ) , t = math . random ( 3 , 6 ) } ) end for i = 1 , 80 do spawnKE ( _0xSTR ( 260 ) , { pos = hitPos , vel = Vector3 . new ( math . random ( - 100 , 100 ) , math . random ( 50 , 150 ) , math . random ( - 100 , 100 ) ) , grav = Vector3 . new ( 0 , - 120 , 0 ) , rot = CFrame . Angles ( math . random ( ) * 6 , math . random ( ) * 6 , math . random ( ) * 6 ) , rotV = CFrame . Angles ( math . random ( - 20 , 20 ) / 100 , math . random ( - 20 , 20 ) / 100 , math . random ( - 20 , 20 ) / 100 ) , size = math . random ( 15 , 35 ) / 10 , maxLife = math . random ( 70 , 120 ) / 100 , color = Color3 . fromRGB ( 255 , math . random ( 20 , 80 ) , 0 ) , color2 = Color3 . fromRGB ( 255 , math . random ( 180 , 220 ) , math . random ( 20 , 80 ) ) } ) end elseif style == _0xSTR ( 262 ) then spawnKE ( _0xSTR ( 259 ) , { pos = hitPos , r = 0 , maxR = 400 , maxLife = 1.2 , color = Color3 . fromRGB ( math . random ( 120 , 180 ) , 0 , 255 ) , color2 = Color3 . fromRGB ( 0 , math . random ( 200 , 255 ) , 255 ) , t = 12 } ) spawnKE ( _0xSTR ( 259 ) , { pos = hitPos , r = 0 , maxR = 250 , maxLife = 0.9 , color = Color3 . fromRGB ( 0 , math . random ( 200 , 255 ) , 255 ) , color2 = Color3 . fromRGB ( 255 , 255 , 255 ) , t = 8 } ) spawnKE ( _0xSTR ( 259 ) , { pos = hitPos , r = 500 , maxR = 0 , maxLife = 1.1 , color = Color3 . fromRGB ( math . random ( 180 , 220 ) , math . random ( 80 , 120 ) , 255 ) , color2 = Color3 . fromRGB ( math . random ( 30 , 80 ) , 0 , math . random ( 120 , 180 ) ) , t = 5 , shrink = true } ) for i = 1 , 200 do spawnKE ( _0xSTR ( 233 ) , { pos = hitPos , vel = Vector3 . new ( math . random ( - 200 , 200 ) , math . random ( - 200 , 200 ) , math . random ( - 200 , 200 ) ) , length = math . random ( 25 , 75 ) , maxLife = math . random ( 70 , 160 ) / 100 , color = Color3 . fromRGB ( math . random ( 80 , 150 ) , 0 , 255 ) , color2 = Color3 . fromRGB ( 0 , math . random ( 200 , 255 ) , 255 ) , color3 = Color3 . fromRGB ( math . random ( 200 , 255 ) , 255 , 255 ) , t = 3 } ) end for i = 1 , 80 do spawnKE ( _0xSTR ( 231 ) , { pos = hitPos + Vector3 . new ( math . random ( - 100 , 100 ) , math . random ( - 100 , 100 ) , math . random ( - 100 , 100 ) ) , pullTarget = hitPos , pullSpeed = 150 , size = math . random ( 20 , 40 ) , maxLife = 1.2 , color = Color3 . fromRGB ( math . random ( 200 , 255 ) , 0 , 255 ) , color2 = Color3 . fromRGB ( 0 , math . random ( 200 , 255 ) , 255 ) } ) end elseif style == _0xSTR ( 263 ) then for i = 1 , 25 do spawnKE ( _0xSTR ( 259 ) , { pos = hitPos + Vector3 . new ( math . random ( - 15 , 15 ) , math . random ( - 15 , 15 ) , math . random ( - 15 , 15 ) ) , r = 0 , maxR = math . random ( 40 , 120 ) , maxLife = math . random ( 50 , 90 ) / 100 , color = Color3 . fromRGB ( math . random ( 120 , 180 ) , 0 , 0 ) , color2 = Color3 . fromRGB ( math . random ( 200 , 255 ) , 0 , 0 ) , t = math . random ( 6 , 12 ) } ) end for i = 1 , 150 do spawnKE ( _0xSTR ( 233 ) , { pos = hitPos , vel = Vector3 . new ( math . random ( - 100 , 100 ) , math . random ( - 30 , 120 ) , math . random ( - 100 , 100 ) ) , grav = Vector3 . new ( 0 , - 200 , 0 ) , length = math . random ( 15 , 45 ) , maxLife = math . random ( 80 , 180 ) / 100 , color = Color3 . fromRGB ( math . random ( 180 , 255 ) , 0 , 0 ) , color2 = Color3 . fromRGB ( math . random ( 50 , 100 ) , 0 , 0 ) , t = math . random ( 4 , 8 ) } ) end for i = 1 , 100 do spawnKE ( _0xSTR ( 260 ) , { pos = hitPos , vel = Vector3 . new ( math . random ( - 60 , 60 ) , math . random ( 20 , 80 ) , math . random ( - 60 , 60 ) ) , grav = Vector3 . new ( 0 , - 250 , 0 ) , rot = CFrame . Angles ( math . random ( ) * 6 , math . random ( ) * 6 , math . random ( ) * 6 ) , rotV = CFrame . Angles ( math . random ( ) * 3 , 0 , 0 ) , size = math . random ( 15 , 30 ) / 10 , maxLife = math . random ( 80 , 150 ) / 100 , color = Color3 . fromRGB ( math . random ( 130 , 180 ) , 0 , 0 ) , color2 = Color3 . fromRGB ( math . random ( 30 , 70 ) , 0 , 0 ) } ) end elseif style == _0xSTR ( 264 ) then spawnKE ( _0xSTR ( 259 ) , { pos = hitPos , r = 0 , maxR = 600 , maxLife = 1.2 , color = Color3 . fromRGB ( 255 , 255 , 255 ) , color2 = Color3 . fromRGB ( 255 , 215 , 0 ) , t = 30 , shrink = true } ) spawnKE ( _0xSTR ( 259 ) , { pos = hitPos , r = 200 , maxR = 0 , maxLife = 0.8 , color = Color3 . fromRGB ( 255 , 255 , 150 ) , t = 15 } ) for i = 1 , 100 do spawnKE ( _0xSTR ( 233 ) , { pos = hitPos , vel = Vector3 . new ( math . random ( - 600 , 600 ) , 0 , math . random ( - 600 , 600 ) ) , length = math . random ( 40 , 120 ) , maxLife = 0.6 , color = Color3 . fromRGB ( 255 , 255 , 255 ) , color2 = Color3 . fromRGB ( 255 , 215 , 0 ) , t = 6 } ) end for i = 1 , 80 do spawnKE ( _0xSTR ( 231 ) , { pos = hitPos + Vector3 . new ( math . random ( - 100 , 100 ) , math . random ( 0 , 50 ) , math . random ( - 100 , 100 ) ) , vel = Vector3 . new ( 0 , math . random ( 200 , 500 ) , 0 ) , size = math . random ( 20 , 50 ) , maxLife = 1.2 , color = Color3 . fromRGB ( 255 , math . random ( 200 , 255 ) , 0 ) , color2 = Color3 . fromRGB ( 255 , 255 , 255 ) , flicker = true } ) end for i = 1 , 60 do spawnKE ( _0xSTR ( 233 ) , { pos = hitPos + Vector3 . new ( math . random ( - 150 , 150 ) , math . random ( 300 , 800 ) , math . random ( - 150 , 150 ) ) , vel = Vector3 . new ( 0 , - 1500 , 0 ) , length = math . random ( 150 , 300 ) , maxLife = 0.5 , color = Color3 . fromRGB ( 255 , 255 , 255 ) , color2 = Color3 . fromRGB ( 255 , math . random ( 150 , 215 ) , 0 ) , t = 12 } ) end elseif style == _0xSTR ( 265 ) then for i = 1 , 35 do spawnKE ( _0xSTR ( 259 ) , { pos = hitPos + Vector3 . new ( math . random ( - 25 , 25 ) , math . random ( - 15 , 30 ) , math . random ( - 25 , 25 ) ) , r = 0 , maxR = math . random ( 30 , 90 ) , maxLife = math . random ( 50 , 140 ) / 100 , color = Color3 . fromRGB ( math . random ( 30 , 80 ) , 255 , math . random ( 30 , 80 ) ) , color2 = Color3 . fromRGB ( 0 , math . random ( 100 , 180 ) , 0 ) , t = math . random ( 4 , 10 ) } ) end for i = 1 , 120 do spawnKE ( _0xSTR ( 260 ) , { pos = hitPos , vel = Vector3 . new ( math . random ( - 60 , 60 ) , math . random ( 30 , 100 ) , math . random ( - 60 , 60 ) ) , grav = Vector3 . new ( 0 , - 60 , 0 ) , rot = CFrame . Angles ( 0 , 0 , 0 ) , rotV = CFrame . Angles ( math . random ( ) * 0.2 , math . random ( ) * 0.2 , 0 ) , size = math . random ( 15 , 30 ) / 10 , maxLife = math . random ( 80 , 180 ) / 100 , color = Color3 . fromRGB ( math . random ( 80 , 140 ) , 255 , math . random ( 30 , 80 ) ) , color2 = Color3 . fromRGB ( math . random ( 10 , 30 ) , math . random ( 80 , 140 ) , math . random ( 10 , 30 ) ) } ) end for i = 1 , 60 do spawnKE ( _0xSTR ( 231 ) , { pos = hitPos , vel = Vector3 . new ( math . random ( - 40 , 40 ) , math . random ( 50 , 120 ) , math . random ( - 40 , 40 ) ) , grav = Vector3 . new ( 0 , - 80 , 0 ) , size = math . random ( 15 , 25 ) , maxLife = math . random ( 60 , 140 ) / 100 , color = Color3 . fromRGB ( math . random ( 30 , 80 ) , 255 , math . random ( 30 , 80 ) ) } ) end elseif style == _0xSTR ( 266 ) then for i = 1 , 15 do spawnKE ( _0xSTR ( 259 ) , { pos = hitPos , r = 0 , maxR = math . random ( 150 , 250 ) , maxLife = 0.6 , color = Color3 . fromRGB ( math . random ( 120 , 180 ) , 255 , 255 ) , color2 = Color3 . fromRGB ( 255 , 255 , 255 ) , t = 5 } ) end for i = 1 , 150 do spawnKE ( _0xSTR ( 260 ) , { pos = hitPos , vel = Vector3 . new ( math . random ( - 200 , 200 ) , math . random ( - 50 , 100 ) , math . random ( - 200 , 200 ) ) , grav = Vector3 . new ( 0 , - 80 , 0 ) , rot = CFrame . Angles ( math . random ( ) * 6 , math . random ( ) * 6 , math . random ( ) * 6 ) , rotV = CFrame . Angles ( math . random ( ) * 0.4 , 0 , 0 ) , size = math . random ( 15 , 40 ) / 10 , maxLife = math . random ( 60 , 120 ) / 100 , color = Color3 . fromRGB ( math . random ( 150 , 200 ) , 255 , 255 ) , color2 = Color3 . fromRGB ( 255 , 255 , 255 ) } ) end for i = 1 , 100 do spawnKE ( _0xSTR ( 233 ) , { pos = hitPos , vel = Vector3 . new ( math . random ( - 250 , 250 ) , math . random ( - 50 , 50 ) , math . random ( - 250 , 250 ) ) , length = math . random ( 25 , 70 ) , maxLife = 0.6 , color = Color3 . fromRGB ( math . random ( 180 , 220 ) , 255 , 255 ) , color2 = Color3 . fromRGB ( 255 , 255 , 255 ) , t = 4 } ) end elseif style == _0xSTR ( 267 ) then spawnKE ( _0xSTR ( 259 ) , { pos = hitPos , r = 450 , maxR = 0 , maxLife = 1.4 , color = Color3 . fromRGB ( 0 , 0 , 0 ) , color2 = Color3 . fromRGB ( math . random ( 30 , 80 ) , 0 , math . random ( 80 , 150 ) ) , t = 25 , shrink = true } ) spawnKE ( _0xSTR ( 259 ) , { pos = hitPos , r = 300 , maxR = 0 , maxLife = 1.0 , color = Color3 . fromRGB ( math . random ( 20 , 60 ) , 0 , math . random ( 60 , 100 ) ) , color2 = Color3 . fromRGB ( math . random ( 80 , 120 ) , 0 , math . random ( 180 , 220 ) ) , t = 15 , shrink = true } ) for i = 1 , 150 do spawnKE ( _0xSTR ( 233 ) , { pos = hitPos + Vector3 . new ( math . random ( - 150 , 150 ) , math . random ( - 150 , 150 ) , math . random ( - 150 , 150 ) ) , vel = Vector3 . new ( 0 , 0 , 0 ) , pullTarget = hitPos , pullSpeed = math . random ( 150 , 300 ) , length = math . random ( 25 , 50 ) , maxLife = 1.4 , color = Color3 . fromRGB ( math . random ( 100 , 180 ) , math . random ( 20 , 80 ) , 255 ) , color2 = Color3 . fromRGB ( 0 , 0 , 0 ) , t = 5 } ) end for i = 1 , 100 do spawnKE ( _0xSTR ( 260 ) , { pos = hitPos + Vector3 . new ( math . random ( - 100 , 100 ) , math . random ( - 100 , 100 ) , math . random ( - 100 , 100 ) ) , pullTarget = hitPos , pullSpeed = 200 , rot = CFrame . Angles ( math . random ( ) * 6 , math . random ( ) * 6 , math . random ( ) * 6 ) , rotV = CFrame . Angles ( 0.2 , 0.2 , 0.2 ) , size = math . random ( 20 , 35 ) / 10 , maxLife = 1.4 , color = Color3 . fromRGB ( math . random ( 60 , 100 ) , 0 , math . random ( 100 , 150 ) ) , color2 = Color3 . fromRGB ( math . random ( 200 , 255 ) , 0 , 255 ) } ) end elseif style == _0xSTR ( 268 ) then for i = 1 , 100 do spawnKE ( _0xSTR ( 231 ) , { pos = hitPos + Vector3 . new ( math . random ( - 60 , 60 ) , math . random ( - 60 , 60 ) , math . random ( - 60 , 60 ) ) , size = math . random ( 25 , 60 ) , maxLife = math . random ( 40 , 100 ) / 100 , color = ( math . random ( ) > 0.5 and Color3 . fromRGB ( 255 , math . random ( 0 , 50 ) , 255 ) or Color3 . fromRGB ( math . random ( 0 , 50 ) , 255 , 255 ) ) , color2 = Color3 . fromRGB ( 255 , 255 , 255 ) , flicker = true } ) end for i = 1 , 150 do spawnKE ( _0xSTR ( 233 ) , { pos = hitPos + Vector3 . new ( math . random ( - 50 , 50 ) , math . random ( - 50 , 50 ) , math . random ( - 50 , 50 ) ) , vel = Vector3 . new ( math . random ( - 150 , 150 ) , math . random ( - 150 , 150 ) , math . random ( - 150 , 150 ) ) , length = math . random ( 30 , 100 ) , maxLife = math . random ( 40 , 90 ) / 100 , color = Color3 . fromRGB ( math . random ( 0 , 50 ) , 255 , 255 ) , color2 = Color3 . fromRGB ( 255 , math . random ( 0 , 50 ) , 255 ) , t = 7 , flicker = true } ) end elseif style == _0xSTR ( 269 ) then spawnKE ( _0xSTR ( 259 ) , { pos = hitPos , r = 0 , maxR = 200 , maxLife = 0.5 , color = Color3 . fromRGB ( 255 , 255 , math . random ( 100 , 200 ) ) , color2 = Color3 . fromRGB ( 255 , 255 , 255 ) , t = 8 } ) for i = 1 , 200 do spawnKE ( _0xSTR ( 233 ) , { pos = hitPos , vel = Vector3 . new ( math . random ( - 180 , 180 ) , math . random ( 50 , 200 ) , math . random ( - 180 , 180 ) ) , grav = Vector3 . new ( 0 , - 150 , 0 ) , length = math . random ( 10 , 25 ) , maxLife = math . random ( 70 , 150 ) / 100 , color = Color3 . fromRGB ( 255 , 255 , math . random ( 100 , 255 ) ) , color2 = Color3 . fromRGB ( 255 , math . random ( 50 , 150 ) , 0 ) , t = 4 } ) end for i = 1 , 80 do spawnKE ( _0xSTR ( 260 ) , { pos = hitPos , vel = Vector3 . new ( math . random ( - 120 , 120 ) , math . random ( 80 , 250 ) , math . random ( - 120 , 120 ) ) , grav = Vector3 . new ( 0 , - 180 , 0 ) , rot = CFrame . Angles ( math . random ( ) * 6 , math . random ( ) * 6 , math . random ( ) * 6 ) , rotV = CFrame . Angles ( math . random ( ) * 0.5 , math . random ( ) * 0.5 , 0 ) , size = math . random ( 10 , 20 ) / 10 , maxLife = math . random ( 70 , 140 ) / 100 , color = Color3 . fromRGB ( 255 , math . random ( 180 , 220 ) , math . random ( 50 , 100 ) ) , color2 = Color3 . fromRGB ( 255 , 255 , 255 ) } ) end elseif style == _0xSTR ( 270 ) then for i = 1 , 150 do spawnKE ( _0xSTR ( 260 ) , { pos = hitPos + Vector3 . new ( math . random ( - 30 , 30 ) , math . random ( 10 , 60 ) , math . random ( - 30 , 30 ) ) , vel = Vector3 . new ( math . random ( - 50 , 50 ) , math . random ( - 5 , 25 ) , math . random ( - 50 , 50 ) ) , grav = Vector3 . new ( 0 , - 10 , 0 ) , sway = math . random ( 20 , 50 ) / 10 , rot = CFrame . Angles ( math . random ( ) * 6 , math . random ( ) * 6 , math . random ( ) * 6 ) , rotV = CFrame . Angles ( 0.02 , 0.05 , 0.02 ) , size = math . random ( 15 , 30 ) / 10 , maxLife = math . random ( 250 , 500 ) / 100 , color = Color3 . fromRGB ( 255 , math . random ( 140 , 180 ) , math . random ( 180 , 230 ) ) , color2 = Color3 . fromRGB ( 255 , math . random ( 200 , 230 ) , 255 ) } ) end end end local function lerpColor ( c1 , c2 , alpha ) local r = c1 . R + ( c2 . R - c1 . R ) * alpha local g = c1 . G + ( c2 . G - c1 . G ) * alpha local b = c1 . B + ( c2 . B - c1 . B ) * alpha return Color3 . new ( r , g , b ) end RunService . RenderStepped : Connect ( function ( dt ) if not KillEffectEnabled and # activeKE == 0 then return end local cam = game : GetService ( _0xSTR ( 229 ) ) . CurrentCamera local function WTS ( p ) if type ( WorldToScreen ) == _0xSTR ( 236 ) then local w , on = WorldToScreen ( p ) if on then return w , on end end local ok , vp , on = pcall ( function ( ) return cam : WorldToViewportPoint ( p ) end ) if ok and on then return Vector2 . new ( vp . X , vp . Y ) , on end return Vector2 . new ( 0 , 0 ) , false end local cIdx , lIdx , tIdx , sIdx = 1 , 1 , 1 , 1 for i = # activeKE , 1 , - 1 do local e = activeKE [ i ] e . life = e . life + dt if e . life >= e . maxLife then table . remove ( activeKE , i ) else local prog = e . life / e . maxLife if e . vel then e . pos = e . pos + e . vel * dt e . vel = e . vel * ( 1 - math . min ( 1 , dt * 3 ) ) end if e . grav then e . vel = e . vel + e . grav * dt e . grav = e . grav * ( 1 - math . min ( 1 , dt * 2 ) ) end if e . pullTarget then local dir = ( e . pullTarget - e . pos ) if dir . Magnitude > 1 then e . pos = e . pos + dir . Unit * e . pullSpeed * dt end end if e . sway then e . pos = e . pos + Vector3 . new ( math . sin ( e . life * e . sway ) * 5 * dt , 0 , math . cos ( e . life * e . sway * 0.7 ) * 5 * dt ) end if e . rot then e . rot = e . rot * e . rotV end local sPos , onScreen = WTS ( e . pos ) if onScreen then local renderColor = e . color if e . color2 then if prog < 0.5 then renderColor = lerpColor ( e . color , e . color2 , prog * 2 ) else renderColor = lerpColor ( e . color2 , e . color3 or e . color2 , ( prog - 0.5 ) * 2 ) end end if e . flicker then renderColor = ( math . random ( ) > 0.5 ) and renderColor or Color3 . new ( 1 , 1 , 1 ) end if e . shape == _0xSTR ( 259 ) and cIdx <= 40 then local c = kePools . Circle [ cIdx ] if e . shrink then c . Radius = e . r - ( ( e . r - e . maxR ) * prog ) else c . Radius = e . r + ( ( e . maxR - e . r ) * math . pow ( prog , 0.5 ) ) end c . Position = sPos c . Color = renderColor c . Transparency = 1 - prog c . Thickness = math . max ( 1 , ( e . t or 5 ) * ( 1 - prog ) ) c . Visible = true cIdx = cIdx + 1 elseif e . shape == _0xSTR ( 233 ) and lIdx <= 250 then local l = kePools . Line [ lIdx ] local tail = e . pos - ( e . vel and e . vel . Unit * e . length or Vector3 . new ( 0 , e . length , 0 ) ) local sTail , tOn = WTS ( tail ) if tOn then l . From = sTail l . To = sPos l . Color = renderColor l . Transparency = 1 - prog l . Thickness = e . t or 2 l . Visible = true lIdx = lIdx + 1 end elseif e . shape == _0xSTR ( 272 ) and lIdx <= 250 then local l = kePools . Line [ lIdx ] local s2 , on2 = WTS ( e . pos2 ) if onScreen and on2 then l . From = sPos l . To = s2 l . Color = renderColor l . Transparency = 1 - prog l . Thickness = e . t or 3 l . Visible = true lIdx = lIdx + 1 end elseif e . shape == _0xSTR ( 260 ) and tIdx <= 150 then local size = e . size * ( 1 - prog ) local p1 = e . pos + ( e . rot * Vector3 . new ( 0 , size , 0 ) ) local p2 = e . pos + ( e . rot * Vector3 . new ( - size , - size , 0 ) ) local p3 = e . pos + ( e . rot * Vector3 . new ( size , - size , 0 ) ) local s1 , on1 = WTS ( p1 ) local s2 , on2 = WTS ( p2 ) local s3 , on3 = WTS ( p3 ) if on1 and on2 and on3 then local t = kePools . Triangle [ tIdx ] t . PointA = s1 ; t . PointB = s2 ; t . PointC = s3 t . Color = renderColor t . Transparency = 1 - prog t . Visible = true tIdx = tIdx + 1 end elseif e . shape == _0xSTR ( 231 ) and sIdx <= 100 then local sq = kePools . Square [ sIdx ] if e . flicker then sq . Position = sPos + Vector2 . new ( math . random ( - 10 , 10 ) , math . random ( - 10 , 10 ) ) sq . Transparency = ( math . random ( ) > 0.5 ) and 1 or 0 else sq . Position = sPos - Vector2 . new ( e . size / 2 , e . size / 2 ) sq . Transparency = 1 - prog end sq . Size = Vector2 . new ( e . size , e . size ) sq . Color = renderColor sq . Visible = true sIdx = sIdx + 1 end end end end for i = cIdx , 40 do kePools . Circle [ i ] . Visible = false end for i = lIdx , 250 do kePools . Line [ i ] . Visible = false end for i = tIdx , 150 do kePools . Triangle [ i ] . Visible = false end for i = sIdx , 100 do kePools . Square [ i ] . Visible = false end end ) local function CustomW2S ( p ) if type ( WorldToScreen ) == _0xSTR ( 236 ) then local ok , pos2d , onScreen = pcall ( WorldToScreen , p ) if ok and pos2d then return pos2d , onScreen end end local cam = workspace . CurrentCamera if cam then local ok , vp , on = pcall ( function ( ) return cam : WorldToViewportPoint ( p ) end ) if ok and vp then return Vector2 . new ( vp . X , vp . Y ) , on end end return Vector2 . new ( 0 , 0 ) , false end local function spawnHitTracerCube ( cframe , size , duration , color ) local s = size / 2 local localVerts = { Vector3 . new ( - s . X , - s . Y , - s . Z ) , Vector3 . new ( s . X , - s . Y , - s . Z ) , Vector3 . new ( s . X , s . Y , - s . Z ) , Vector3 . new ( - s . X , s . Y , - s . Z ) , Vector3 . new ( - s . X , - s . Y , s . Z ) , Vector3 . new ( s . X , - s . Y , s . Z ) , Vector3 . new ( s . X , s . Y , s . Z ) , Vector3 . new ( - s . X , s . Y , s . Z ) } local worldVerts = { } for i = 1 , 8 do local ok , wp = pcall ( function ( ) return cframe : PointToWorldSpace ( localVerts [ i ] ) end ) if not ok or not wp then wp = cframe . Position + localVerts [ i ] end worldVerts [ i ] = wp end local edges = { { 1 , 2 } , { 2 , 3 } , { 3 , 4 } , { 4 , 1 } , { 5 , 6 } , { 6 , 7 } , { 7 , 8 } , { 8 , 5 } , { 1 , 5 } , { 2 , 6 } , { 3 , 7 } , { 4 , 8 } } local lines = { } local glowLines = { } for i = 1 , # edges do if HitTracerGlowEnabled then glowLines [ i ] = { } for g = 1 , 2 do local gLine = ( Drawing and Drawing . new or function ( ) return { Remove = function ( ) end } end ) ( _0xSTR ( 233 ) ) if type ( gLine ) == _0xSTR ( 62 ) and gLine . Thickness then gLine . Thickness = HitTracerBoxThickness + ( g * 4 ) gLine . Color = color gLine . Visible = false pcall ( function ( ) gLine . ZIndex = 0 end ) table . insert ( glowLines [ i ] , gLine ) end end end local line = ( Drawing and Drawing . new or function ( ) return { Remove = function ( ) end } end ) ( _0xSTR ( 233 ) ) if type ( line ) == _0xSTR ( 62 ) and not line . Thickness then break end line . Thickness = HitTracerBoxThickness line . Color = color line . Visible = false pcall ( function ( ) line . ZIndex = 1 end ) lines [ i ] = line end if # lines == 0 then return end local startTime = os . clock ( ) local conn conn = RunService . RenderStepped : Connect ( function ( ) local elapsed = os . clock ( ) - startTime if elapsed > duration then for _ , line in pairs ( lines ) do pcall ( function ( ) line : Remove ( ) end ) end for _ , gList in pairs ( glowLines ) do for _ , gLine in ipairs ( gList ) do pcall ( function ( ) gLine : Remove ( ) end ) end end if conn then conn : Disconnect ( ) end return end local alpha = ( 1 - ( elapsed / duration ) ) * ( HitTracerBoxTransparency or 1 ) if HitTracerRainbow then local hue = ( os . clock ( ) % 2 ) / 2 local rbColor = Color3 . fromHSV ( hue , 1 , 1 ) for _ , line in pairs ( lines ) do pcall ( function ( ) line . Color = rbColor end ) end for _ , gList in pairs ( glowLines ) do for _ , gLine in ipairs ( gList ) do pcall ( function ( ) gLine . Color = rbColor end ) end end end for i , edge in ipairs ( edges ) do local p1 = worldVerts [ edge [ 1 ] ] local p2 = worldVerts [ edge [ 2 ] ] local s1 , on1 = CustomW2S ( p1 ) local s2 , on2 = CustomW2S ( p2 ) local line = lines [ i ] if line and on1 and on2 then line . From = Vector2 . new ( s1 . X , s1 . Y ) line . To = Vector2 . new ( s2 . X , s2 . Y ) line . Transparency = alpha line . Visible = true if glowLines [ i ] then for g , gLine in ipairs ( glowLines [ i ] ) do gLine . From = line . From gLine . To = line . To gLine . Transparency = alpha * ( 0.75 - ( g * 0.2 ) ) gLine . Visible = true end end elseif line then line . Visible = false if glowLines [ i ] then for _ , gLine in ipairs ( glowLines [ i ] ) do gLine . Visible = false end end end end end ) end local function spawnHitTracerConnectionLine ( startPos , endPos , duration , color , thickness ) local line = ( Drawing and Drawing . new or function ( ) return { Remove = function ( ) end } end ) ( _0xSTR ( 233 ) ) if type ( line ) == _0xSTR ( 62 ) and not line . Thickness then return end line . Thickness = thickness line . Color = color line . Visible = false local glowLine if HitTracerGlowEnabled then glowLine = ( Drawing and Drawing . new or function ( ) return { Remove = function ( ) end } end ) ( _0xSTR ( 233 ) ) if type ( glowLine ) == _0xSTR ( 62 ) and glowLine . Thickness then glowLine . Thickness = thickness + 4 glowLine . Color = color glowLine . Visible = false end end local startTime = os . clock ( ) local lastUpdate = 0 local conn conn = RunService . RenderStepped : Connect ( function ( ) local elapsed = os . clock ( ) - startTime if elapsed > duration then pcall ( function ( ) line : Remove ( ) end ) if glowLine then pcall ( function ( ) glowLine : Remove ( ) end ) end if conn then conn : Disconnect ( ) end return end local alpha = ( 1 - ( elapsed / duration ) ) * ( HitTracerLineTransparency or 1 ) if HitTracerRainbow then local hue = ( os . clock ( ) % 2 ) / 2 local rbColor = Color3 . fromHSV ( hue , 1 , 1 ) pcall ( function ( ) line . Color = rbColor end ) if glowLine then pcall ( function ( ) glowLine . Color = rbColor end ) end end local s1 , on1 = CustomW2S ( startPos ) local s2 , on2 = CustomW2S ( endPos ) if not ok2 or not on2 then line . Visible = false if glowLine then glowLine . Visible = false end return end if ok1 and on1 then line . From = Vector2 . new ( s1 . X , s1 . Y ) line . To = Vector2 . new ( s2 . X , s2 . Y ) line . Transparency = alpha line . Visible = true if glowLine then glowLine . From = line . From glowLine . To = line . To glowLine . Transparency = alpha * 0.3 glowLine . Visible = true end else line . Visible = false if glowLine then glowLine . Visible = false end end end ) end local function drawFullHitTracer ( character , duration , color ) local ok , children = pcall ( function ( ) return character : GetChildren ( ) end ) if not ok or type ( children ) ~= _0xSTR ( 62 ) then return end for _ , part in ipairs ( children ) do if typeof ( part ) == _0xSTR ( 273 ) and part : IsA ( _0xSTR ( 209 ) ) and part . Name ~= _0xSTR ( 2 ) then local okTrans , trans = pcall ( function ( ) return part . Transparency end ) if not okTrans or type ( trans ) ~= _0xSTR ( 274 ) or trans < 1 then local okCF , cf = pcall ( function ( ) return part . CFrame end ) local okSz , sz = pcall ( function ( ) return part . Size end ) if okCF and okSz and typeof ( cf ) == _0xSTR ( 275 ) and typeof ( sz ) == _0xSTR ( 276 ) then spawnHitTracerCube ( cf , sz , duration , color ) end end end end end local function getClosestPlayerToMouseForTracer ( ) local LocalPlayer = game : GetService ( _0xSTR ( 0 ) ) . LocalPlayer local ok , mouse = pcall ( function ( ) return LocalPlayer : GetMouse ( ) end ) if not ok or not mouse then return nil end local mousePos = Vector2 . new ( mouse . X , mouse . Y ) local okPlayers , allPlayers = pcall ( function ( ) return game : GetService ( _0xSTR ( 0 ) ) : GetPlayers ( ) end ) if not okPlayers or type ( allPlayers ) ~= _0xSTR ( 62 ) then return nil end local closestDist = math . huge local closestPlayer = nil local CustomW2S = type ( WorldToScreen ) == _0xSTR ( 236 ) and WorldToScreen or function ( p ) return Vector2 . new ( 0 , 0 ) , false end for _ , player in ipairs ( allPlayers ) do if player . Name ~= LocalPlayer . Name and player . Character then local hrp = player . Character : FindFirstChild ( _0xSTR ( 2 ) ) if hrp then local okW2S , sc , on = pcall ( CustomW2S , hrp . Position ) if okW2S and sc and on then local dx = mousePos . X - sc . X local dy = mousePos . Y - sc . Y local dist = math . sqrt ( dx * dx + dy * dy ) if dist < closestDist then closestDist = dist closestPlayer = player end end end end end return closestPlayer end local wasMousePressed = false local sheriffHadGun = false local sheriffMurdererName = nil local sheriffMurdererHealth = 100 local sheriffLastTarget = nil RunService . RenderStepped : Connect ( function ( ) if not HitTracerEnabled and not ( KillEffectEnabled and not KillEffectSheriffOnly ) then return end local isPressed = ( type ( ismouse1pressed ) == _0xSTR ( 236 ) and ismouse1pressed ( ) ) or false if isPressed and not wasMousePressed then local lp = game : GetService ( _0xSTR ( 0 ) ) . LocalPlayer local char = lp and lp . Character local isHoldingGun = char and char : FindFirstChild ( _0xSTR ( 221 ) ) local canShoot = true if HitTracerEnabled and HitTracerSheriffOnly then if not isHoldingGun or ( os . clock ( ) - lastHitTracerShot ) < 2 then canShoot = false end end if canShoot or ( KillEffectEnabled and not KillEffectSheriffOnly ) then local target = getClosestPlayerToMouseForTracer ( ) if target and target . Character then if HitTracerEnabled and canShoot then if HitTracerSheriffOnly then lastHitTracerShot = os . clock ( ) sheriffLastTarget = target else drawFullHitTracer ( target . Character , HitTracerDuration , HitTracerColor ) end if HitTracerLineEnabled then local lpChar = game : GetService ( _0xSTR ( 0 ) ) . LocalPlayer . Character if lpChar then local arm = lpChar : FindFirstChild ( _0xSTR ( 277 ) ) or lpChar : FindFirstChild ( _0xSTR ( 278 ) ) local head = lpChar : FindFirstChild ( _0xSTR ( 279 ) ) local myHrp = lpChar : FindFirstChild ( _0xSTR ( 2 ) ) local tHrp = target . Character : FindFirstChild ( _0xSTR ( 2 ) ) or target . Character : FindFirstChild ( _0xSTR ( 3 ) ) if arm and tHrp then local start3D = arm . Position local cam = game : GetService ( _0xSTR ( 229 ) ) . CurrentCamera if cam and head and myHrp then local okCam , camPos = pcall ( function ( ) return cam . CFrame . Position end ) if okCam and camPos and ( camPos - head . Position ) . Magnitude < 2 then local okCF , myCF = pcall ( function ( ) return myHrp . CFrame end ) if okCF and myCF then start3D = head . Position + ( myCF . LookVector * 2 ) - Vector3 . new ( 0 , 0.5 , 0 ) end end elseif myHrp and ( arm . Position - myHrp . Position ) . Magnitude > 5 then start3D = myHrp . Position end spawnHitTracerConnectionLine ( start3D , tHrp . Position , HitTracerDuration , HitTracerLineColor , HitTracerLineThickness ) end end end end if KillEffectEnabled and not KillEffectSheriffOnly then local hrp = target . Character : FindFirstChild ( _0xSTR ( 2 ) ) if hrp then triggerKillEffect ( hrp . Position , KillEffectStyle ) end end end end end wasMousePressed = isPressed end ) task . spawn ( function ( ) while true do pcall ( function ( ) if not ( HitTracerEnabled and HitTracerSheriffOnly ) and not ( KillEffectEnabled and KillEffectSheriffOnly ) and not HitSoundsEnabled then return end local lp = game : GetService ( _0xSTR ( 0 ) ) . LocalPlayer local char = lp and lp . Character local bp = lp and lp : FindFirstChild ( _0xSTR ( 219 ) ) local hasGun = false if char then for _ , v in ipairs ( char : GetChildren ( ) ) do if v . ClassName == _0xSTR ( 280 ) and string . lower ( v . Name ) == _0xSTR ( 281 ) then hasGun = true end end end if bp then for _ , v in ipairs ( bp : GetChildren ( ) ) do if v . ClassName == _0xSTR ( 280 ) and string . lower ( v . Name ) == _0xSTR ( 281 ) then hasGun = true end end end sheriffHadGun = hasGun for _ , p in ipairs ( Players : GetPlayers ( ) ) do if p ~= lp and p . Character then local hasKnife = false for _ , v in ipairs ( p . Character : GetChildren ( ) ) do if v . ClassName == _0xSTR ( 280 ) and string . lower ( v . Name ) == _0xSTR ( 282 ) then hasKnife = true end end local pBp = p : FindFirstChild ( _0xSTR ( 219 ) ) if pBp and not hasKnife then for _ , v in ipairs ( pBp : GetChildren ( ) ) do if v . ClassName == _0xSTR ( 280 ) and string . lower ( v . Name ) == _0xSTR ( 282 ) then hasKnife = true end end end if hasKnife then if sheriffMurdererName ~= p . Name then sheriffMurdererName = p . Name sheriffMurdererHealth = 100 end local hum = p . Character : FindFirstChild ( _0xSTR ( 5 ) ) if hum then local hp = hum . Health if sheriffMurdererHealth > 0 and hp <= 0 and sheriffHadGun then if HitTracerEnabled and HitTracerSheriffOnly then drawFullHitTracer ( p . Character , HitTracerDuration , HitTracerColor ) end if KillEffectEnabled and KillEffectSheriffOnly then local hrp = p . Character : FindFirstChild ( _0xSTR ( 2 ) ) if hrp then triggerKillEffect ( hrp . Position , KillEffectStyle ) end end if HitSoundsEnabled then local pool = { } local defaultTexts = { _0xSTR ( 283 ) , _0xSTR ( 284 ) , _0xSTR ( 285 ) , _0xSTR ( 286 ) , _0xSTR ( 287 ) , _0xSTR ( 288 ) , _0xSTR ( 289 ) , _0xSTR ( 290 ) } local activeCustoms = { } if customSoundsCombo then local selected = customSoundsCombo : Get ( ) if type ( selected ) == _0xSTR ( 62 ) then for k , v in pairs ( selected ) do if type ( k ) == _0xSTR ( 170 ) and v == true and k ~= _0xSTR ( 258 ) then table . insert ( activeCustoms , k ) elseif type ( v ) == _0xSTR ( 170 ) and v ~= _0xSTR ( 258 ) then table . insert ( activeCustoms , v ) end end elseif type ( selected ) == _0xSTR ( 170 ) and selected ~= _0xSTR ( 258 ) then table . insert ( activeCustoms , selected ) end end if HitSoundsOnlyCustom then pool = # activeCustoms > 0 and activeCustoms or { _0xSTR ( 291 ) } else for _ , v in ipairs ( defaultTexts ) do table . insert ( pool , v ) end for _ , v in ipairs ( activeCustoms ) do table . insert ( pool , v ) end end if type ( notify ) == _0xSTR ( 236 ) and # pool > 0 then if HitSoundIndex > # pool then HitSoundIndex = 1 end notify ( pool [ HitSoundIndex ] , _0xSTR ( 292 ) , 4 ) HitSoundIndex = HitSoundIndex + 1 end end end sheriffMurdererHealth = hp end end end end end ) task . wait ( 0.1 ) end end ) do UI_Sections . tracerSec = visualsTab : Section ( _0xSTR ( 293 ) , _0xSTR ( 101 ) ) UI_Sections . tracerSec : Toggle ( _0xSTR ( 294 ) , false , function ( state ) HitTracerEnabled = state end ) UI_Sections . tracerSec : Toggle ( _0xSTR ( 295 ) , false , function ( state ) HitTracerGlowEnabled = state end ) UI_Sections . tracerSec : Toggle ( _0xSTR ( 296 ) , false , function ( state ) HitTracerSheriffOnly = state end ) local cpHit = UI_Sections . tracerSec : Colorpicker ( _0xSTR ( 297 ) , HitTracerColor or Color3 . fromRGB ( 0 , 255 , 100 ) , function ( color ) HitTracerColor = color end ) UI_Sections . tracerSec : Toggle ( _0xSTR ( 298 ) , false , function ( state ) HitTracerRainbow = state end ) UI_Sections . tracerSec : Slider ( _0xSTR ( 299 ) , 1 , 1 , 1 , 10 , _0xSTR ( 12 ) , function ( v ) HitTracerBoxThickness = v end ) UI_Sections . tracerSec : Slider ( _0xSTR ( 300 ) , 1 , 0.05 , 0.1 , 1 , _0xSTR ( 12 ) , function ( v ) HitTracerBoxTransparency = v end ) UI_Sections . tracerSec : Slider ( _0xSTR ( 301 ) , 3 , 1 , 1 , 10 , _0xSTR ( 302 ) , function ( v ) HitTracerDuration = v end ) UI_Sections . tracerSec : Toggle ( _0xSTR ( 303 ) , false , function ( state ) HitTracerLineEnabled = state end ) local cpLine = UI_Sections . tracerSec : Colorpicker ( _0xSTR ( 304 ) , HitTracerLineColor or Color3 . fromRGB ( 255 , 255 , 255 ) , function ( color ) HitTracerLineColor = color end ) UI_Sections . tracerSec : Slider ( _0xSTR ( 305 ) , 2 , 1 , 1 , 10 , _0xSTR ( 12 ) , function ( v ) HitTracerLineThickness = v end ) UI_Sections . tracerSec : Slider ( _0xSTR ( 306 ) , 1 , 0.05 , 0.1 , 1 , _0xSTR ( 12 ) , function ( v ) HitTracerLineTransparency = v end ) end do UI_Sections . soundSec = visualsTab : Section ( _0xSTR ( 307 ) , _0xSTR ( 99 ) ) UI_Sections . soundSec : Toggle ( _0xSTR ( 308 ) , false , function ( state ) HitSoundsEnabled = state end ) UI_Sections . soundSec : Toggle ( _0xSTR ( 309 ) , false , function ( state ) HitSoundsOnlyCustom = state end ) local hitSoundInput = _0xSTR ( 12 ) UI_Sections . soundSec : Textbox ( _0xSTR ( 310 ) , _0xSTR ( 12 ) , function ( text ) hitSoundInput = text end ) UI_Sections . soundSec : Button ( _0xSTR ( 311 ) , function ( ) if hitSoundInput and hitSoundInput ~= _0xSTR ( 12 ) then table . insert ( CustomHitSounds , hitSoundInput ) if customSoundsCombo then if # CustomHitSounds == 1 then customSoundsCombo : RemoveChoice ( _0xSTR ( 258 ) ) end customSoundsCombo : AddChoice ( hitSoundInput ) end if type ( notify ) == _0xSTR ( 236 ) then notify ( _0xSTR ( 312 ) .. hitSoundInput , _0xSTR ( 292 ) , 4 ) end end end ) customSoundsCombo = UI_Sections . soundSec : Dropdown ( _0xSTR ( 313 ) , { } , { _0xSTR ( 258 ) } , true , function ( val ) end ) UI_Sections . soundSec : Button ( _0xSTR ( 314 ) , function ( ) if customSoundsCombo then local selected = customSoundsCombo : Get ( ) local toRemove = { } if type ( selected ) == _0xSTR ( 62 ) then for k , v in pairs ( selected ) do if type ( k ) == _0xSTR ( 170 ) and v == true and k ~= _0xSTR ( 258 ) then table . insert ( toRemove , k ) elseif type ( v ) == _0xSTR ( 170 ) and v ~= _0xSTR ( 258 ) then table . insert ( toRemove , v ) end end elseif type ( selected ) == _0xSTR ( 170 ) and selected ~= _0xSTR ( 258 ) then table . insert ( toRemove , selected ) end for _ , textToRemove in ipairs ( toRemove ) do customSoundsCombo : RemoveChoice ( textToRemove ) for i = # CustomHitSounds , 1 , - 1 do if CustomHitSounds [ i ] == textToRemove then table . remove ( CustomHitSounds , i ) end end end if # CustomHitSounds == 0 then table . insert ( CustomHitSounds , _0xSTR ( 258 ) ) customSoundsCombo : AddChoice ( _0xSTR ( 258 ) ) end if # toRemove > 0 and type ( notify ) == _0xSTR ( 236 ) then notify ( _0xSTR ( 315 ) .. # toRemove .. _0xSTR ( 316 ) , _0xSTR ( 292 ) , 4 ) end end end ) UI_Sections . soundSec : Button ( _0xSTR ( 317 ) , function ( ) local pool = { } local defaultTexts = { _0xSTR ( 283 ) , _0xSTR ( 284 ) , _0xSTR ( 285 ) , _0xSTR ( 286 ) , _0xSTR ( 287 ) , _0xSTR ( 288 ) , _0xSTR ( 289 ) , _0xSTR ( 290 ) } local activeCustoms = { } if customSoundsCombo then local selected = customSoundsCombo : Get ( ) if type ( selected ) == _0xSTR ( 62 ) then for k , v in pairs ( selected ) do if type ( k ) == _0xSTR ( 170 ) and v == true and k ~= _0xSTR ( 258 ) then table . insert ( activeCustoms , k ) elseif type ( v ) == _0xSTR ( 170 ) and v ~= _0xSTR ( 258 ) then table . insert ( activeCustoms , v ) end end elseif type ( selected ) == _0xSTR ( 170 ) and selected ~= _0xSTR ( 258 ) then table . insert ( activeCustoms , selected ) end end if HitSoundsOnlyCustom then pool = # activeCustoms > 0 and activeCustoms or { _0xSTR ( 291 ) } else for _ , v in ipairs ( defaultTexts ) do table . insert ( pool , v ) end for _ , v in ipairs ( activeCustoms ) do table . insert ( pool , v ) end end if type ( notify ) == _0xSTR ( 236 ) and # pool > 0 then if HitSoundIndex > # pool then HitSoundIndex = 1 end notify ( pool [ HitSoundIndex ] , _0xSTR ( 292 ) , 4 ) HitSoundIndex = HitSoundIndex + 1 end end ) end do end do UI_Sections . knifeSec = combatTab : Section ( _0xSTR ( 318 ) , _0xSTR ( 101 ) ) local MagicKnifeEnabled = false local MagicKnifeFov = 150 local MagicKnifeFovVisible = true local fovCircle = Drawing . new ( _0xSTR ( 259 ) ) fovCircle . Color = Color3 . fromRGB ( 255 , 255 , 255 ) fovCircle . Thickness = 1 fovCircle . Filled = false fovCircle . Visible = false local mkLockedTarget = nil local mkLastEPress = 0 local mkOriginalLook = nil local mkRestored = false local Camera = workspace . CurrentCamera local function W2S ( pos ) if type ( WorldToScreen ) == _0xSTR ( 236 ) then return WorldToScreen ( pos ) end local w , on = Camera : WorldToViewportPoint ( pos ) return Vector2 . new ( w . X , w . Y ) , on end local function checkEKey ( ) if type ( iskeypressed ) == _0xSTR ( 236 ) then return iskeypressed ( 0x45 ) end return game : GetService ( _0xSTR ( 319 ) ) : IsKeyDown ( Enum . KeyCode . E ) end local mouse = LocalPlayer : GetMouse ( ) local currentFovPos = Vector2 . new ( 0 , 0 ) RunService . RenderStepped : Connect ( function ( ) if not fovCircle then return end local isKatil = false if LocalPlayer . Character and LocalPlayer . Character : FindFirstChild ( _0xSTR ( 220 ) ) then isKatil = true end local bp = LocalPlayer : FindFirstChild ( _0xSTR ( 219 ) ) if bp and bp : FindFirstChild ( _0xSTR ( 220 ) ) then isKatil = true end if MagicKnifeFovVisible and isKatil then fovCircle . Visible = MagicKnifeEnabled else fovCircle . Visible = false end fovCircle . Radius = MagicKnifeFov local targetPos = Vector2 . new ( mouse . X , mouse . Y + 58 ) if currentFovPos . X == 0 and currentFovPos . Y == 0 then currentFovPos = targetPos else currentFovPos = Vector2 . new ( currentFovPos . X + ( targetPos . X - currentFovPos . X ) * 0.2 , currentFovPos . Y + ( targetPos . Y - currentFovPos . Y ) * 0.2 ) end fovCircle . Position = currentFovPos end ) task . spawn ( function ( ) local wasPressed = false while true do task . wait ( 0.05 ) pcall ( function ( ) if not MagicKnifeEnabled then wasPressed = false return end local pressed = checkEKey ( ) if pressed and not wasPressed then local charFolder = workspace : FindFirstChild ( LocalPlayer . Name ) if charFolder and charFolder : FindFirstChild ( _0xSTR ( 220 ) ) then local myRoot = charFolder : FindFirstChild ( _0xSTR ( 2 ) ) if myRoot then mkOriginalLook = myRoot . CFrame . LookVector end local mouseX , mouseY = mouse . X , mouse . Y local closest , closestDist = nil , math . huge for _ , player in pairs ( Players : GetPlayers ( ) ) do if player . Name ~= LocalPlayer . Name then local pChar = player . Character if pChar then local pHRP = pChar : FindFirstChild ( _0xSTR ( 2 ) ) if pHRP then local screenPos , onScreen = W2S ( pHRP . Position ) if onScreen then local dx = screenPos . X - mouseX local dy = screenPos . Y - mouseY local dist = math . sqrt ( dx * dx + dy * dy ) if dist < MagicKnifeFov and dist < closestDist then closestDist = dist closest = player end end end end end end mkLockedTarget = closest if mkLockedTarget and mkLockedTarget . Character and mkLockedTarget . Character : FindFirstChild ( _0xSTR ( 2 ) ) then Camera . CFrame = CFrame . lookAt ( Camera . CFrame . Position , mkLockedTarget . Character . HumanoidRootPart . Position ) end mkLastEPress = os . clock ( ) mkRestored = false end end wasPressed = pressed end ) end end ) RunService . Heartbeat : Connect ( function ( ) pcall ( function ( ) if not MagicKnifeEnabled then return end if mkLastEPress == 0 then return end if not mkLockedTarget then return end local elapsed = os . clock ( ) - mkLastEPress if elapsed > 1.1 then if not mkRestored and mkOriginalLook then local charFolder = workspace : FindFirstChild ( LocalPlayer . Name ) if charFolder then local myRoot = charFolder : FindFirstChild ( _0xSTR ( 2 ) ) if myRoot then Camera . CFrame = CFrame . lookAt ( Camera . CFrame . Position , Camera . CFrame . Position + myRoot . CFrame . LookVector ) mkRestored = true end end end return end if elapsed < 0.85 then return end local charFolder = workspace : FindFirstChild ( LocalPlayer . Name ) if not charFolder then return end local knife = charFolder : FindFirstChild ( _0xSTR ( 220 ) ) if not knife then return end local handle = knife : FindFirstChild ( _0xSTR ( 320 ) ) if not handle then return end local tChar = mkLockedTarget . Character if not tChar then return end local tHRP = tChar : FindFirstChild ( _0xSTR ( 2 ) ) if not tHRP then return end local myRoot = charFolder : FindFirstChild ( _0xSTR ( 2 ) ) if not myRoot then return end handle . CFrame = tHRP . CFrame for _ , child in ipairs ( workspace : GetChildren ( ) ) do if child . Name == _0xSTR ( 220 ) and child : IsA ( _0xSTR ( 209 ) ) then child . CFrame = tHRP . CFrame end end end ) end ) UI_Sections . knifeSec : Toggle ( _0xSTR ( 321 ) , false , function ( state ) MagicKnifeEnabled = state if state then SendNotification ( _0xSTR ( 74 ) , _0xSTR ( 318 ) , _0xSTR ( 322 ) , 4 , _0xSTR ( 150 ) ) else SendNotification ( _0xSTR ( 74 ) , _0xSTR ( 318 ) , _0xSTR ( 323 ) , 3 , _0xSTR ( 166 ) ) end end ) UI_Sections . knifeSec : Toggle ( _0xSTR ( 324 ) , true , function ( state ) MagicKnifeFovVisible = state end ) UI_Sections . knifeSec : Slider ( _0xSTR ( 325 ) , 150 , 10 , 10 , 300 , _0xSTR ( 12 ) , function ( v ) MagicKnifeFov = v end ) local cpKnife = UI_Sections . knifeSec : Colorpicker ( _0xSTR ( 326 ) , Color3 . fromRGB ( 255 , 255 , 255 ) , function ( color ) if fovCircle then fovCircle . Color = color end end ) end do UI_Sections . farmSec = farmTab : Section ( _0xSTR ( 327 ) , _0xSTR ( 99 ) ) UI_Sections . smartFarmSec = farmTab : Section ( _0xSTR ( 328 ) , _0xSTR ( 99 ) ) UI_Sections . farmStatsSec = farmTab : Section ( _0xSTR ( 329 ) , _0xSTR ( 101 ) ) farmCoinsLabel = UI_Sections . farmStatsSec : Label ( _0xSTR ( 330 ) ) farmTimeLabel = UI_Sections . farmStatsSec : Label ( _0xSTR ( 331 ) ) farmCPHLabel = UI_Sections . farmStatsSec : Label ( _0xSTR ( 332 ) ) farmRoundsLabel = UI_Sections . farmStatsSec : Label ( _0xSTR ( 333 ) ) farmStatusLabel = UI_Sections . farmStatsSec : Label ( _0xSTR ( 334 ) ) farmStats = { TotalCoins = 0 , StartTime = 0 , LastCoinCount = 0 , RoundsFarmed = 0 , MurdererKills = 0 , SheriffKills = 0 , Status = _0xSTR ( 335 ) } local function formatFarmTime ( seconds ) local hrs = math . floor ( seconds / 3600 ) local mins = math . floor ( ( seconds % 3600 ) / 60 ) local secs = math . floor ( seconds % 60 ) if hrs > 0 then return string . format ( _0xSTR ( 336 ) , hrs , mins , secs ) else return string . format ( _0xSTR ( 337 ) , mins , secs ) end end function isMM2Gun ( v ) if not v or not v : IsA ( _0xSTR ( 280 ) ) then return false end return v . Name == _0xSTR ( 221 ) end function isMM2Knife ( v ) if not v or not v : IsA ( _0xSTR ( 280 ) ) then return false end return v . Name == _0xSTR ( 220 ) end function findMurderer ( ) for _ , p in ipairs ( game : GetService ( _0xSTR ( 0 ) ) : GetPlayers ( ) ) do if p ~= LocalPlayer and p . Character then local bp = p : FindFirstChild ( _0xSTR ( 219 ) ) local function hasKnife ( container ) if not container then return false end for _ , v in ipairs ( container : GetChildren ( ) ) do if isMM2Knife ( v ) then return true end end return false end if hasKnife ( p . Character ) or hasKnife ( bp ) then return p end end end return nil end function findSheriff ( ) for _ , p in ipairs ( game : GetService ( _0xSTR ( 0 ) ) : GetPlayers ( ) ) do if p ~= LocalPlayer and p . Character then local bp = p : FindFirstChild ( _0xSTR ( 219 ) ) local function hasGun ( container ) if not container then return false end for _ , v in ipairs ( container : GetChildren ( ) ) do if isMM2Gun ( v ) then return true end end return false end if hasGun ( p . Character ) or hasGun ( bp ) then return p end end end return nil end function getMyRole ( ) local char = LocalPlayer . Character local bp = LocalPlayer : FindFirstChild ( _0xSTR ( 219 ) ) local function checkItems ( container ) if not container then return nil end for _ , v in ipairs ( container : GetChildren ( ) ) do if isMM2Gun ( v ) then return _0xSTR ( 338 ) elseif isMM2Knife ( v ) then return _0xSTR ( 339 ) end end return nil end local role = checkItems ( char ) if role then return role end role = checkItems ( bp ) if role then return role end return _0xSTR ( 340 ) end local isShootingMurderer = false local function getShootRemote ( ) local char = LocalPlayer . Character local bp = LocalPlayer : FindFirstChild ( _0xSTR ( 219 ) ) local gun = ( char and char : FindFirstChild ( _0xSTR ( 221 ) ) ) or ( bp and bp : FindFirstChild ( _0xSTR ( 221 ) ) ) if gun then local r = gun : FindFirstChild ( _0xSTR ( 341 ) ) or gun : FindFirstChild ( _0xSTR ( 342 ) ) if r then return r , gun end end local rep = game : GetService ( _0xSTR ( 343 ) ) local r = rep : FindFirstChild ( _0xSTR ( 341 ) , true ) or rep : FindFirstChild ( _0xSTR ( 342 ) , true ) return r , gun end local function getBottomCenterSlotPosition ( ) local cam = workspace . CurrentCamera local vp = ( cam and cam . ViewportSize ) or Vector2 . new ( 1920 , 1080 ) local targetX = math . floor ( vp . X / 2 ) local targetY = math . floor ( vp . Y - 75 ) return targetX , targetY end local function forceEquipGun ( ) local char = LocalPlayer . Character if not char then return nil end local hum = char : FindFirstChildOfClass ( _0xSTR ( 5 ) ) local held = char : FindFirstChild ( _0xSTR ( 221 ) ) or char : FindFirstChildOfClass ( _0xSTR ( 280 ) ) if held and held . Name ~= _0xSTR ( 220 ) and held . Name ~= _0xSTR ( 344 ) then return held end pcall ( function ( ) if type ( mousemoveabs ) == _0xSTR ( 236 ) then local targetX , targetY = getBottomCenterSlotPosition ( ) mousemoveabs ( 0 , targetX , targetY ) task . wait ( 0.03 ) if type ( mouse1click ) == _0xSTR ( 236 ) then mouse1click ( ) elseif type ( mouse1press ) == _0xSTR ( 236 ) then mouse1press ( ) task . wait ( 0.02 ) if type ( mouse1release ) == _0xSTR ( 236 ) then mouse1release ( ) end end end end ) pcall ( function ( ) if type ( keypress ) == _0xSTR ( 236 ) then keypress ( 49 ) task . wait ( 0.02 ) if type ( keyrelease ) == _0xSTR ( 236 ) then keyrelease ( 49 ) end end end ) local bp = LocalPlayer : FindFirstChild ( _0xSTR ( 219 ) ) local gun = ( bp and bp : FindFirstChild ( _0xSTR ( 221 ) ) ) or ( bp and bp : FindFirstChildOfClass ( _0xSTR ( 280 ) ) ) if gun then if hum then pcall ( function ( ) hum : EquipTool ( gun ) end ) end pcall ( function ( ) gun . Parent = char end ) end return char : FindFirstChild ( _0xSTR ( 221 ) ) or char : FindFirstChildOfClass ( _0xSTR ( 280 ) ) end function handlePostFarmAction ( ) if FarmConfig . ResetAfterFarmInnocent then task . spawn ( function ( ) local attempts = 0 while FarmUtils . isAlive ( ) and attempts < 40 do local hrp = getHRP ( ) if hrp then hrp . Velocity = Vector3 . new ( 0 , - 500 , 0 ) hrp . CFrame = CFrame . new ( hrp . Position . X , - 495 , hrp . Position . Z ) end task . wait ( 0.05 ) attempts = attempts + 1 end end ) return true else local hrp = getHRP ( ) if hrp then hrp . CFrame = CFrame . new ( - 1.79 , - 64.45 , - 85.25 ) pcall ( function ( ) hrp . Velocity = Vector3 . new ( 0 , 0 , 0 ) end ) end return true end end farmThreadActive = false antiFallConnection = nil noclipConnection = nil function getMapName ( ) local normal = workspace : FindFirstChild ( _0xSTR ( 239 ) ) if normal then for _ , v in ipairs ( normal : GetChildren ( ) ) do if v : IsA ( _0xSTR ( 237 ) ) or v : IsA ( _0xSTR ( 238 ) ) then return string . lower ( v . Name ) end end end return _0xSTR ( 12 ) end FarmUtils = { } function FarmUtils . isValid ( obj ) return obj and obj . Parent ~= nil end function FarmUtils . isAlive ( ) return isPlayerAlive ( ) end function FarmUtils . magnitude ( a , b ) local dx = a . X - b . X local dy = a . Y - b . Y local dz = a . Z - b . Z return math . sqrt ( dx * dx + dy * dy + dz * dz ) end function FarmUtils . setNoclip ( ) local char = LocalPlayer and LocalPlayer . Character if char and char . Parent then for _ , part in ipairs ( char : GetDescendants ( ) ) do if part : IsA ( _0xSTR ( 209 ) ) then part . CanCollide = false end end end end local visitedCoinsMap = { } function FarmUtils . findActiveMap ( ) for _ , v in ipairs ( workspace : GetChildren ( ) ) do if v and v : IsA ( _0xSTR ( 237 ) ) and v . Name ~= _0xSTR ( 345 ) and ( v : FindFirstChild ( _0xSTR ( 346 ) ) or v : FindFirstChild ( _0xSTR ( 347 ) ) or v : FindFirstChild ( _0xSTR ( 348 ) ) ) then return v end end return nil end function FarmUtils . findCoinContainer ( ) local map = FarmUtils . findActiveMap ( ) if map then local c = map : FindFirstChild ( _0xSTR ( 347 ) ) or map : FindFirstChild ( _0xSTR ( 348 ) ) if c then return c , map end end for _ , v in ipairs ( workspace : GetChildren ( ) ) do if v and v : IsA ( _0xSTR ( 237 ) ) and v . Name ~= _0xSTR ( 345 ) then local c = v : FindFirstChild ( _0xSTR ( 347 ) ) or v : FindFirstChild ( _0xSTR ( 348 ) ) if c then return c , v end end end local direct = workspace : FindFirstChild ( _0xSTR ( 347 ) ) or workspace : FindFirstChild ( _0xSTR ( 348 ) ) return direct , map end function FarmUtils . getCoinTouchPart ( obj ) if not obj then return nil end if obj : IsA ( _0xSTR ( 209 ) ) then return obj end if obj : FindFirstChild ( _0xSTR ( 349 ) ) and obj . Coin_Server : IsA ( _0xSTR ( 209 ) ) then return obj . Coin_Server end local bp = obj : FindFirstChildWhichIsA ( _0xSTR ( 209 ) , true ) if bp then return bp end return nil end function FarmUtils . getDynamicUndergroundY ( map , coinPos ) local min_y = 9999 if map then local spawns = map : FindFirstChild ( _0xSTR ( 346 ) ) if spawns then for _ , child in ipairs ( spawns : GetChildren ( ) ) do if child : IsA ( _0xSTR ( 209 ) ) then local pos = child . Position if pos and pos . Y < min_y then min_y = pos . Y end end end end end if min_y == 9999 then if coinPos then return coinPos . Y - 14 end return - 14 end return min_y - 14 end function FarmUtils . getCoinCount ( ) local total = 0 pcall ( function ( ) local coin_bags = LocalPlayer . PlayerGui . MainGUI . Game . CoinBags local container = coin_bags : FindFirstChild ( _0xSTR ( 114 ) ) if container then for _ , child in ipairs ( container : GetChildren ( ) ) do if child : IsA ( _0xSTR ( 115 ) ) then local currency = child : FindFirstChild ( _0xSTR ( 350 ) ) local icon = currency and currency : FindFirstChild ( _0xSTR ( 351 ) ) local text_label = icon and icon : FindFirstChild ( _0xSTR ( 348 ) ) if text_label and text_label . Text then local num = tonumber ( text_label . Text ) if num then total = total + num end end end end end end ) return total end function runFarm ( ) if farmThreadActive then return end farmThreadActive = true local can = true local first = true visitedCoinsMap = { } if antiFallConnection then antiFallConnection : Disconnect ( ) ; antiFallConnection = nil end antiFallConnection = game : GetService ( _0xSTR ( 208 ) ) . Heartbeat : Connect ( function ( ) if farmThreadActive and FarmConfig . AutoFarmEnabled then local hrp = getHRP ( ) if hrp then hrp . Velocity = Vector3 . new ( 0 , 0 , 0 ) pcall ( function ( ) hrp . AssemblyLinearVelocity = Vector3 . new ( 0 , 0 , 0 ) hrp . AssemblyAngularVelocity = Vector3 . new ( 0 , 0 , 0 ) end ) end FarmUtils . setNoclip ( ) end end ) if noclipConnection then noclipConnection : Disconnect ( ) ; noclipConnection = nil end noclipConnection = game : GetService ( _0xSTR ( 208 ) ) . Stepped : Connect ( function ( ) if farmThreadActive and FarmConfig . AutoFarmEnabled then FarmUtils . setNoclip ( ) end end ) while FarmConfig . AutoFarmEnabled do task . wait ( 0.04 ) local coins = FarmUtils . getCoinCount ( ) if coins > farmStats . LastCoinCount then farmStats . TotalCoins = farmStats . TotalCoins + ( coins - farmStats . LastCoinCount ) elseif coins == 0 and farmStats . LastCoinCount > 0 then farmStats . RoundsFarmed = farmStats . RoundsFarmed + 1 end farmStats . LastCoinCount = coins if farmStats . StartTime > 0 then local elapsed = os . clock ( ) - farmStats . StartTime local cph = 0 if elapsed > 0 then cph = math . floor ( ( farmStats . TotalCoins / elapsed ) * 3600 ) end if farmCoinsLabel then farmCoinsLabel : SetText ( _0xSTR ( 352 ) .. tostring ( farmStats . TotalCoins ) ) end if farmTimeLabel then farmTimeLabel : SetText ( _0xSTR ( 353 ) .. formatFarmTime ( elapsed ) ) end if farmCPHLabel then farmCPHLabel : SetText ( _0xSTR ( 354 ) .. tostring ( cph ) ) end if farmRoundsLabel then farmRoundsLabel : SetText ( _0xSTR ( 355 ) .. tostring ( farmStats . RoundsFarmed ) ) end local status = FarmUtils . isAlive ( ) and _0xSTR ( 356 ) or _0xSTR ( 357 ) if coins >= FarmConfig . MaxCoins then status = _0xSTR ( 358 ) end if farmStatusLabel and farmStats . Status ~= status then farmStats . Status = status farmStatusLabel : SetText ( _0xSTR ( 359 ) .. status ) end end local rtp = workspace : FindFirstChild ( _0xSTR ( 360 ) ) if rtp and rtp : GetAttribute ( _0xSTR ( 361 ) ) and rtp : GetAttribute ( _0xSTR ( 361 ) ) <= 0 then first = true visitedCoinsMap = { } task . wait ( 0.5 ) continue end if not FarmUtils . isAlive ( ) then first = true visitedCoinsMap = { } task . wait ( 0.5 ) continue end if ( FarmConfig . AutoGrabGunMidFarm == nil or FarmConfig . AutoGrabGunMidFarm == true ) and getMyRole ( ) ~= _0xSTR ( 339 ) then pcall ( function ( ) GrabGunNow ( true , true ) end ) end if coins >= FarmConfig . MaxCoins then handlePostFarmAction ( ) task . wait ( 1 ) continue end local container , activeMap = FarmUtils . findCoinContainer ( ) if not container then first = true task . wait ( 0.5 ) continue end local char = LocalPlayer . Character if not char then continue end local hrp = char : FindFirstChild ( _0xSTR ( 2 ) ) if not hrp then continue end local murd = ( FarmConfig . SmartAutoFarm or FarmConfig . EvadeMurderer ) and findMurderer ( ) or nil local murdHrp = murd and murd . Character and murd . Character : FindFirstChild ( _0xSTR ( 2 ) ) local sher = ( FarmConfig . SmartAutoFarm or FarmConfig . EvadeSheriff ) and findSheriff ( ) or nil local sherHrp = sher and sher . Character and sher . Character : FindFirstChild ( _0xSTR ( 2 ) ) local isLocalMurd = ( murd == LocalPlayer ) local now = os . clock ( ) local bestCoin = nil local bestDist = math . huge local fallbackCoin = nil local fallbackDist = - 1 for _ , obj in ipairs ( container : GetChildren ( ) ) do local part = FarmUtils . getCoinTouchPart ( obj ) if part and part . Parent then local cPos = part . Position local posKey = math . floor ( cPos . X * 2 ) .. _0xSTR ( 362 ) .. math . floor ( cPos . Y * 2 ) .. _0xSTR ( 362 ) .. math . floor ( cPos . Z * 2 ) if ( not visitedCoinsMap [ posKey ] or now > visitedCoinsMap [ posKey ] ) and ( not visitedCoinsMap [ obj ] or now > visitedCoinsMap [ obj ] ) and ( not visitedCoinsMap [ part ] or now > visitedCoinsMap [ part ] ) then local distToPlayer = FarmUtils . magnitude ( cPos , hrp . Position ) if ( FarmConfig . SmartAutoFarm or FarmConfig . EvadeMurderer ) and murdHrp then local distToMurd = FarmUtils . magnitude ( cPos , murdHrp . Position ) if distToMurd >= FarmConfig . EvadeRadius then if distToPlayer < bestDist then bestDist = distToPlayer bestCoin = part end else if distToMurd > fallbackDist then fallbackDist = distToMurd fallbackCoin = part end end else if distToPlayer < bestDist then bestDist = distToPlayer bestCoin = part end end end end end if not bestCoin then bestCoin = fallbackCoin end FarmUtils . setNoclip ( ) if bestCoin and can and FarmConfig . AutoFarmEnabled then can = false local cPos = bestCoin . Position local startPos = hrp . Position local rawMethod = ( type ( FarmConfig . FarmMethod ) == _0xSTR ( 62 ) and FarmConfig . FarmMethod [ 1 ] ) or FarmConfig . FarmMethod or _0xSTR ( 1 ) local isUndermap = string . lower ( tostring ( rawMethod ) ) == _0xSTR ( 363 ) local speed = first and 999 or math . max ( 12 , FarmConfig . TweenSpeed ) local targetY = isUndermap and ( cPos . Y - 6.5 ) or ( cPos . Y + 2 ) local safeStart = Vector3 . new ( startPos . X , targetY , startPos . Z ) local safeTarget = Vector3 . new ( cPos . X , targetY , cPos . Z ) local dist = ( safeStart - safeTarget ) . Magnitude local routeEvaded = false if dist > 0.5 then local duration = math . max ( 0.04 , dist / speed ) local t0 = os . clock ( ) while FarmConfig . AutoFarmEnabled and FarmUtils . isAlive ( ) and bestCoin and bestCoin . Parent and hrp and hrp . Parent do local elapsed = os . clock ( ) - t0 local alpha = math . min ( 1 , elapsed / duration ) local newPos = safeStart : Lerp ( safeTarget , alpha ) local targetToEvade = nil if FarmConfig . EvadeMurderer and not isLocalMurd and murdHrp and FarmUtils . isValid ( murdHrp ) then targetToEvade = murdHrp elseif FarmConfig . EvadeSheriff and isLocalMurd and sherHrp and FarmUtils . isValid ( sherHrp ) then targetToEvade = sherHrp end if targetToEvade and FarmUtils . magnitude ( newPos , targetToEvade . Position ) < FarmConfig . EvadeRadius then routeEvaded = true hrp . CFrame = CFrame . new ( newPos . X , newPos . Y - 8 , newPos . Z ) hrp . Velocity = Vector3 . new ( 0 , 0 , 0 ) task . wait ( 0.3 ) break end if newPos . X == newPos . X and newPos . Y == newPos . Y and newPos . Z == newPos . Z then hrp . CFrame = CFrame . new ( newPos . X , newPos . Y , newPos . Z ) hrp . Velocity = Vector3 . new ( 0 , 0 , 0 ) end if alpha >= 1 then break end task . wait ( ) end end if not routeEvaded and FarmUtils . isAlive ( ) and bestCoin and bestCoin . Parent and hrp and hrp . Parent and FarmConfig . AutoFarmEnabled then local posKey = math . floor ( cPos . X * 2 ) .. _0xSTR ( 362 ) .. math . floor ( cPos . Y * 2 ) .. _0xSTR ( 362 ) .. math . floor ( cPos . Z * 2 ) visitedCoinsMap [ posKey ] = os . clock ( ) + 4.0 visitedCoinsMap [ bestCoin ] = os . clock ( ) + 4.0 if bestCoin . Parent ~= container then visitedCoinsMap [ bestCoin . Parent ] = os . clock ( ) + 4.0 end if isUndermap then hrp . CFrame = CFrame . new ( cPos . X , cPos . Y , cPos . Z ) hrp . Velocity = Vector3 . new ( 0 , 0 , 0 ) task . wait ( 0.12 ) if hrp and hrp . Parent then hrp . CFrame = CFrame . new ( cPos . X , cPos . Y - 6.5 , cPos . Z ) hrp . Velocity = Vector3 . new ( 0 , 0 , 0 ) end else hrp . CFrame = CFrame . new ( cPos . X , cPos . Y + 2 , cPos . Z ) hrp . Velocity = Vector3 . new ( 0 , 0 , 0 ) task . wait ( 0.12 ) end end can = true first = false end end farmThreadActive = false if antiFallConnection then antiFallConnection : Disconnect ( ) ; antiFallConnection = nil end if noclipConnection then noclipConnection : Disconnect ( ) ; noclipConnection = nil end end local enableFarmToggle = UI_Sections . farmSec : Toggle ( _0xSTR ( 364 ) , false , function ( state ) FarmConfig . AutoFarmEnabled = state if state then farmStats . TotalCoins = 0 farmStats . LastCoinCount = 0 farmStats . RoundsFarmed = 0 farmStats . Status = _0xSTR ( 356 ) farmStats . StartTime = os . clock ( ) if farmCoinsLabel then farmCoinsLabel : SetText ( _0xSTR ( 330 ) ) end if farmTimeLabel then farmTimeLabel : SetText ( _0xSTR ( 331 ) ) end if farmCPHLabel then farmCPHLabel : SetText ( _0xSTR ( 332 ) ) end if farmRoundsLabel then farmRoundsLabel : SetText ( _0xSTR ( 333 ) ) end if farmStatusLabel then farmStatusLabel : SetText ( _0xSTR ( 365 ) ) end task . spawn ( runFarm ) SendNotification ( _0xSTR ( 366 ) , _0xSTR ( 79 ) , _0xSTR ( 367 ) , 3 , _0xSTR ( 150 ) ) else farmStats . Status = _0xSTR ( 335 ) if farmStatusLabel then farmStatusLabel : SetText ( _0xSTR ( 334 ) ) end farmStats . StartTime = 0 local hrp = getHRP ( ) local character = LocalPlayer . Character if character then for _ , v in ipairs ( character : GetDescendants ( ) ) do if v : IsA ( _0xSTR ( 209 ) ) then v . CanCollide = true end end end SendNotification ( _0xSTR ( 366 ) , _0xSTR ( 79 ) , _0xSTR ( 368 ) , 3 , _0xSTR ( 166 ) ) end end ) enableFarmToggle . NoSave = true UI_Sections . farmSec : Toggle ( _0xSTR ( 369 ) , false , function ( state ) FarmConfig . AutoKillAfterFarm = state end ) UI_Sections . farmSec : Toggle ( _0xSTR ( 370 ) , true , function ( state ) FarmConfig . ResetAfterFarmInnocent = state end ) UI_Sections . farmSec : Toggle ( _0xSTR ( 371 ) , false , function ( state ) FarmConfig . AutoGrabGunMidFarm = state end ) UI_Sections . farmSec : Slider ( _0xSTR ( 372 ) , 40 , 1 , 10 , 50 , _0xSTR ( 12 ) , function ( v ) FarmConfig . MaxCoins = v end ) UI_Sections . farmSec : Slider ( _0xSTR ( 373 ) , 22 , 1 , 1 , 30 , _0xSTR ( 12 ) , function ( v ) FarmConfig . TweenSpeed = v end ) UI_Sections . farmSec : Label ( _0xSTR ( 374 ) ) UI_Sections . farmSec : Dropdown ( _0xSTR ( 375 ) , { _0xSTR ( 1 ) } , { _0xSTR ( 239 ) , _0xSTR ( 1 ) } , false , function ( val ) FarmConfig . FarmMethod = ( type ( val ) == _0xSTR ( 62 ) and val [ 1 ] ) or val or _0xSTR ( 1 ) end ) UI_Sections . smartFarmSec : Toggle ( _0xSTR ( 376 ) , false , function ( state ) FarmConfig . SmartAutoFarm = state end ) UI_Sections . smartFarmSec : Toggle ( _0xSTR ( 377 ) , false , function ( state ) FarmConfig . EvadeMurderer = state end ) UI_Sections . smartFarmSec : Toggle ( _0xSTR ( 378 ) , false , function ( state ) FarmConfig . EvadeSheriff = state end ) UI_Sections . smartFarmSec : Slider ( _0xSTR ( 379 ) , 25 , 1 , 10 , 50 , _0xSTR ( 380 ) , function ( v ) FarmConfig . EvadeRadius = v end ) end win : AddSettingsTab ( _0xSTR ( 381 ) ) task . spawn ( function ( ) task . wait ( 0.4 ) pcall ( function ( ) if Lib and type ( Lib . LoadConfig ) == _0xSTR ( 236 ) then Lib : LoadConfig ( _0xSTR ( 69 ) ) end end ) task . wait ( 0.2 ) isScriptLoading = false end ) print ( _0xSTR ( 13 ) ) print ( _0xSTR ( 382 ) ) print ( _0xSTR ( 13 ) ) Lib : Notify ( _0xSTR ( 383 ) , _0xSTR ( 384 ) .. tostring ( LocalPlayer . Name ) .. _0xSTR ( 385 ) , 5 , _0xSTR ( 150 ) ) 
end
local success, err = pcall(_0xRUN)
if not success and err then
  warn("[256HUB Alert]: " .. tostring(err))
end